tarih,fonKodu,toplam_skor
2026-08-31,AAL,7.2368421052631575
2026-08-31,AAS,60.34482758620689
2026-08-31,AAV,40.604026845637584
2026-08-31,ABG,79.93920972644378
2026-08-31,ABJ,
2026-08-31,ABU,39.30817610062893
2026-08-31,AC1,41.139240506329116
2026-08-31,AC2,95.74468085106383
2026-08-31,AC3,47.53039513677811
2026-08-31,AC4,77.63157894736841
2026-08-31,AC5,57.52279635258359
2026-08-31,AC6,56.15501519756839
2026-08-31,AC7,9.27051671732523
2026-08-31,AC8,65.88145896656535
2026-08-31,ACC,31.879194630872483
2026-08-31,ACD,65.72327044025158
2026-08-31,ACN,46.61854103343465
2026-08-31,ACU,31.99088145896657
2026-08-31,ADE,33.33333333333333
2026-08-31,ADP,55.033557046979865
2026-08-31,AED,81.76100628930817
2026-08-31,AES,10.344827586206897
2026-08-31,AEV,
2026-08-31,AFA,64.09395973154362
2026-08-31,AFO,59.589041095890416
2026-08-31,AFS,80.53691275167785
2026-08-31,AFT,50.33557046979866
2026-08-31,AFV,43.624161073825505
2026-08-31,AGC,7.232704402515724
2026-08-31,AHH,58.548632218844986
2026-08-31,AHI,57.38255033557047
2026-08-31,AHN,48.17629179331307
2026-08-31,AHU,35.44303797468354
2026-08-31,AHV,55.172413793103445
2026-08-31,AHZ,40.229885057471265
2026-08-31,AI1,57.44680851063829
2026-08-31,AIH,
2026-08-31,AII,
2026-08-31,AIM,
2026-08-31,AIR,
2026-08-31,AIS,50.98684210526316
2026-08-31,AJ1,22.56838905775076
2026-08-31,AJE,18.693009118541035
2026-08-31,AJK,55.547112462006076
2026-08-31,AJL,18.31306990881459
2026-08-31,AJN,18.2370820668693
2026-08-31,AK2,93.67088607594937
2026-08-31,AK3,87.58389261744966
2026-08-31,AKE,28.481012658227847
2026-08-31,AKU,61.74496644295303
2026-08-31,AL4,50.474683544303794
2026-08-31,AL5,22.468354430379748
2026-08-31,AL6,50.15822784810126
2026-08-31,AL7,61.07594936708861
2026-08-31,ALC,72.48322147651007
2026-08-31,ALE,33.55263157894737
2026-08-31,AN1,58.17610062893081
2026-08-31,ANL,67.43421052631578
2026-08-31,ANZ,29.25531914893617
2026-08-31,AOJ,59.194528875379945
2026-08-31,AOY,16.442953020134226
2026-08-31,AP2,58.054711246200604
2026-08-31,AP4,74.7340425531915
2026-08-31,AP5,
2026-08-31,AP6,32.19178082191781
2026-08-31,AP7,31.610942249240125
2026-08-31,APJ,56.32183908045977
2026-08-31,APP,
2026-08-31,APT,90.50632911392405
2026-08-31,ARE,81.20805369127518
2026-08-31,ARF,
2026-08-31,ARL,32.183908045977006
2026-08-31,ARM,13.2183908045977
2026-08-31,ARP,
2026-08-31,AS1,
2026-08-31,AS3,62.5
2026-08-31,ASJ,52.348993288590606
2026-08-31,ATJ,
2026-08-31,AU1,68.4931506849315
2026-08-31,AUV,29.48328267477204
2026-08-31,AVC,35.22036474164134
2026-08-31,AVT,60.12658227848102
2026-08-31,AVZ,
2026-08-31,AY6,68.65501519756839
2026-08-31,AY7,68.27507598784194
2026-08-31,AYA,42.281879194630875
2026-08-31,AYR,33.54430379746836
2026-08-31,AZF,
2026-08-31,AZJ,76.3677811550152
2026-08-31,AZV,
2026-08-31,AZZ,
2026-08-31,BA1,81.83890577507599
2026-08-31,BAC,41.41337386018237
2026-08-31,BAG,60.0
2026-08-31,BAI,73.97260273972603
2026-08-31,BAL,
2026-08-31,BAO,
2026-08-31,BAS,
2026-08-31,BBF,62.0253164556962
2026-08-31,BBI,
2026-08-31,BBN,35.52431610942249
2026-08-31,BBO,69.64285714285714
2026-08-31,BBP,39.24050632911393
2026-08-31,BBS,78.49544072948328
2026-08-31,BCC,
2026-08-31,BCK,44.9685534591195
2026-08-31,BCO,97.78481012658227
2026-08-31,BDA,70.25316455696202
2026-08-31,BDC,51.51975683890577
2026-08-31,BDI,71.88449848024315
2026-08-31,BDO,49.088145896656535
2026-08-31,BDS,5.033557046979865
2026-08-31,BDY,59.395973154362416
2026-08-31,BFE,60.34482758620689
2026-08-31,BFO,
2026-08-31,BFS,93.10344827586206
2026-08-31,BFT,41.61073825503356
2026-08-31,BGH,
2026-08-31,BGP,45.06578947368421
2026-08-31,BGR,59.060402684563755
2026-08-31,BHA,85.23489932885906
2026-08-31,BHE,63.06990881458967
2026-08-31,BHF,38.0503144654088
2026-08-31,BHH,72.3404255319149
2026-08-31,BHI,66.94528875379939
2026-08-31,BHL,61.55015197568389
2026-08-31,BHN,22.948328267477205
2026-08-31,BHO,
2026-08-31,BI5,33.09270516717325
2026-08-31,BIA,
2026-08-31,BID,59.060402684563755
2026-08-31,BIG,51.006711409395976
2026-08-31,BIH,59.73154362416108
2026-08-31,BIK,37.537993920972646
2026-08-31,BIO,22.483221476510067
2026-08-31,BIP,87.5
2026-08-31,BIS,38.221884498480236
2026-08-31,BIY,44.966442953020135
2026-08-31,BJD,14.209726443768997
2026-08-31,BKO,
2026-08-31,BKY,50.949367088607595
2026-08-31,BLA,32.180851063829785
2026-08-31,BLD,34.650455927051674
2026-08-31,BLT,69.17808219178083
2026-08-31,BMU,37.08206686930091
2026-08-31,BNC,41.94528875379939
2026-08-31,BNH,87.31003039513678
2026-08-31,BOH,34.08054711246201
2026-08-31,BOL,84.81012658227849
2026-08-31,BON,50.0
2026-08-31,BOP,65.04559270516718
2026-08-31,BOS,26.71232876712329
2026-08-31,BP5,6.306990881458966
2026-08-31,BPD,60.82826747720365
2026-08-31,BPZ,94.07894736842105
2026-08-31,BRB,6.534954407294833
2026-08-31,BRC,32.90273556231003
2026-08-31,BRF,47.12643678160919
2026-08-31,BRG,61.184210526315795
2026-08-31,BRH,59.72644376899696
2026-08-31,BRR,86.70886075949366
2026-08-31,BRT,18.84498480243161
2026-08-31,BRZ,
2026-08-31,BS1,96.50455927051672
2026-08-31,BSA,
2026-08-31,BSC,25.455927051671733
2026-08-31,BSD,58.7386018237082
2026-08-31,BSE,28.87537993920973
2026-08-31,BSF,
2026-08-31,BSH,
2026-08-31,BSM,45.440729483282674
2026-08-31,BSN,33.548632218844986
2026-08-31,BST,45.21276595744681
2026-08-31,BTE,48.42767295597484
2026-08-31,BTJ,41.109422492401215
2026-08-31,BTK,79.74683544303798
2026-08-31,BTP,51.973684210526315
2026-08-31,BTY,
2026-08-31,BTZ,
2026-08-31,BUB,45.97701149425287
2026-08-31,BUC,55.547112462006076
2026-08-31,BUP,
2026-08-31,BUT,
2026-08-31,BUV,37.61398176291793
2026-08-31,BUY,52.013422818791945
2026-08-31,BV1,87.58389261744966
2026-08-31,BVB,
2026-08-31,BVC,
2026-08-31,BVD,44.33962264150943
2026-08-31,BVF,63.15789473684211
2026-08-31,BVH,76.40577507598783
2026-08-31,BVI,58.662613981762924
2026-08-31,BVK,
2026-08-31,BVM,9.27051671732523
2026-08-31,BVT,67.74316109422492
2026-08-31,BVV,79.24528301886792
2026-08-31,BVZ,70.13677811550151
2026-08-31,BYZ,28.267477203647417
2026-08-31,CAH,7.142857142857143
2026-08-31,CBD,49.620060790273556
2026-08-31,CBN,
2026-08-31,CBO,
2026-08-31,CEY,
2026-08-31,CFO,27.302631578947366
2026-08-31,CGD,
2026-08-31,CHY,82.67477203647417
2026-08-31,CIN,46.20060790273557
2026-08-31,CJD,82.52279635258358
2026-08-31,CJF,
2026-08-31,CJG,
2026-08-31,CJH,37.993920972644375
2026-08-31,CKF,58.22784810126582
2026-08-31,CKL,77.35849056603774
2026-08-31,CKS,43.037974683544306
2026-08-31,COT,68.2370820668693
2026-08-31,CPT,20.12578616352201
2026-08-31,CPU,81.64556962025316
2026-08-31,CRL,
2026-08-31,CSD,
2026-08-31,CSH,26.671732522796354
2026-08-31,CTF,
2026-08-31,CTG,
2026-08-31,CTM,
2026-08-31,CTP,
2026-08-31,CTV,
2026-08-31,CVA,
2026-08-31,CVB,
2026-08-31,CVC,
2026-08-31,CVD,
2026-08-31,CVE,
2026-08-31,CVF,
2026-08-31,CVK,52.84810126582279
2026-08-31,CVL,99.36708860759492
2026-08-31,CYD,67.17325227963525
2026-08-31,DA1,
2026-08-31,DAC,
2026-08-31,DAE,
2026-08-31,DAH,54.69798657718121
2026-08-31,DAI,
2026-08-31,DAL,
2026-08-31,DAP,51.31578947368421
2026-08-31,DAS,24.848024316109424
2026-08-31,DAT,
2026-08-31,DAV,69.14893617021276
2026-08-31,DAZ,
2026-08-31,DB2,
2026-08-31,DBA,45.89041095890411
2026-08-31,DBB,46.83544303797468
2026-08-31,DBG,
2026-08-31,DBH,15.822784810126581
2026-08-31,DBK,46.835443037974684
2026-08-31,DBP,45.283018867924525
2026-08-31,DBZ,15.189873417721518
2026-08-31,DCB,50.32894736842105
2026-08-31,DCD,
2026-08-31,DCE,
2026-08-31,DCN,66.44736842105263
2026-08-31,DCP,
2026-08-31,DCV,31.0790273556231
2026-08-31,DDA,86.09422492401217
2026-08-31,DDC,10.94224924012158
2026-08-31,DDE,
2026-08-31,DDF,89.66565349544072
2026-08-31,DDP,
2026-08-31,DEF,52.05167173252279
2026-08-31,DEH,50.67114093959732
2026-08-31,DEI,
2026-08-31,DFC,5.660377358490566
2026-08-31,DFD,62.006079027355625
2026-08-31,DFI,50.83586626139818
2026-08-31,DFO,
2026-08-31,DGF,49.685534591194966
2026-08-31,DGH,68.75
2026-08-31,DHI,52.659574468085104
2026-08-31,DHJ,81.87919463087249
2026-08-31,DHM,21.264367816091955
2026-08-31,DHP,
2026-08-31,DHS,
2026-08-31,DHT,68.55345911949686
2026-08-31,DHV,53.57142857142857
2026-08-31,DID,47.79874213836478
2026-08-31,DIH,79.74924012158056
2026-08-31,DIM,
2026-08-31,DIP,49.01315789473684
2026-08-31,DK1,46.51898734177215
2026-08-31,DK8,55.16717325227964
2026-08-31,DKA,44.49088145896657
2026-08-31,DKC,69.52887537993922
2026-08-31,DKH,57.278481012658226
2026-08-31,DKL,30.379746835443036
2026-08-31,DKP,26.519756838905774
2026-08-31,DKR,27.811550151975688
2026-08-31,DKS,
2026-08-31,DL2,36.18421052631579
2026-08-31,DLD,57.04697986577182
2026-08-31,DLG,
2026-08-31,DLN,87.53799392097264
2026-08-31,DLY,28.618421052631582
2026-08-31,DLZ,59.04255319148936
2026-08-31,DMG,77.58620689655173
2026-08-31,DMI,
2026-08-31,DMR,
2026-08-31,DMV,
2026-08-31,DMZ,
2026-08-31,DNA,
2026-08-31,DNF,94.82758620689654
2026-08-31,DNH,47.03647416413374
2026-08-31,DNK,66.77215189873418
2026-08-31,DNL,
2026-08-31,DNM,76.74772036474164
2026-08-31,DNP,78.61842105263158
2026-08-31,DNU,39.62765957446808
2026-08-31,DOC,33.586626139817625
2026-08-31,DOD,31.231003039513677
2026-08-31,DOH,99.24012158054711
2026-08-31,DOL,56.99088145896657
2026-08-31,DOR,
2026-08-31,DOS,
2026-08-31,DOV,44.984802431610944
2026-08-31,DP1,
2026-08-31,DP2,59.118541033434646
2026-08-31,DP3,
2026-08-31,DP4,
2026-08-31,DP5,
2026-08-31,DP6,30.091185410334347
2026-08-31,DP7,
2026-08-31,DP8,37.328767123287676
2026-08-31,DP9,39.171732522796354
2026-08-31,DPB,29.10334346504559
2026-08-31,DPC,
2026-08-31,DPE,
2026-08-31,DPG,
2026-08-31,DPI,45.36474164133739
2026-08-31,DPK,37.0253164556962
2026-08-31,DPL,
2026-08-31,DPN,
2026-08-31,DPP,
2026-08-31,DPT,53.691275167785236
2026-08-31,DPZ,
2026-08-31,DRA,45.36474164133739
2026-08-31,DRD,51.975683890577514
2026-08-31,DRH,73.70820668693008
2026-08-31,DRT,71.38364779874215
2026-08-31,DSC,
2026-08-31,DSD,35.33434650455927
2026-08-31,DSH,77.20364741641338
2026-08-31,DSP,40.229885057471265
2026-08-31,DSV,16.261398176291795
2026-08-31,DTH,56.04026845637584
2026-08-31,DTL,45.97315436241611
2026-08-31,DTM,41.19496855345912
2026-08-31,DTO,32.52279635258359
2026-08-31,DTP,
2026-08-31,DTV,
2026-08-31,DTZ,77.98742138364781
2026-08-31,DUC,
2026-08-31,DUD,78.419452887538
2026-08-31,DUH,49.77203647416413
2026-08-31,DUT,38.14589665653495
2026-08-31,DUV,77.21518987341773
2026-08-31,DVC,
2026-08-31,DVI,
2026-08-31,DVN,
2026-08-31,DVO,
2026-08-31,DVS,75.15197568389058
2026-08-31,DVT,70.75471698113208
2026-08-31,DVU,
2026-08-31,DVZ,
2026-08-31,DXP,54.697986577181204
2026-08-31,DYJ,54.67325227963526
2026-08-31,DYN,35.84905660377358
2026-08-31,DYS,51.63373860182371
2026-08-31,DZ2,
2026-08-31,DZE,50.0
2026-08-31,DZM,30.471124620060788
2026-08-31,DZP,
2026-08-31,DZS,47.796352583586625
2026-08-31,EBD,22.0125786163522
2026-08-31,EBI,64.13373860182371
2026-08-31,EBS,55.3951367781155
2026-08-31,EC2,54.36241610738255
2026-08-31,ECA,85.84905660377359
2026-08-31,ECB,45.06578947368421
2026-08-31,ECV,48.734177215189874
2026-08-31,EDD,75.15723270440252
2026-08-31,EDN,69.18238993710692
2026-08-31,EDP,82.23684210526315
2026-08-31,EDT,35.56231003039514
2026-08-31,EDU,42.76729559748428
2026-08-31,EES,
2026-08-31,EGP,44.642857142857146
2026-08-31,EGR,83.9622641509434
2026-08-31,EHS,
2026-08-31,EIB,25.78616352201258
2026-08-31,EID,56.04026845637584
2026-08-31,EIL,49.01315789473684
2026-08-31,EJG,
2026-08-31,EKF,32.911392405063296
2026-08-31,EKL,8.223684210526315
2026-08-31,ELZ,37.025316455696206
2026-08-31,EME,27.0516717325228
2026-08-31,EML,27.9874213836478
2026-08-31,ENA,88.36477987421384
2026-08-31,ENJ,44.29530201342282
2026-08-31,ENO,53.79939209726444
2026-08-31,ENR,81.90789473684211
2026-08-31,ENS,72.95597484276729
2026-08-31,EP1,42.10526315789474
2026-08-31,EPA,32.23684210526316
2026-08-31,EPI,64.24050632911393
2026-08-31,EPK,52.73972602739727
2026-08-31,EPO,
2026-08-31,EPP,53.61842105263158
2026-08-31,EPT,75.98684210526315
2026-08-31,ESG,39.741641337386014
2026-08-31,ESN,65.919452887538
2026-08-31,ESP,16.109422492401215
2026-08-31,ETN,
2026-08-31,EUN,48.17629179331307
2026-08-31,EUZ,63.37386018237083
2026-08-31,EVM,87.73584905660377
2026-08-31,EYT,55.747126436781606
2026-08-31,EZM,
2026-08-31,FAK,16.438356164383563
2026-08-31,FAL,52.054794520547944
2026-08-31,FBC,50.949367088607595
2026-08-31,FBI,56.68693009118541
2026-08-31,FBN,72.34042553191489
2026-08-31,FBV,61.85410334346504
2026-08-31,FBZ,86.24620060790274
2026-08-31,FCK,52.53164556962025
2026-08-31,FCS,32.066869300911854
2026-08-31,FD1,43.71069182389937
2026-08-31,FDE,29.939209726443767
2026-08-31,FDG,2.830188679245283
2026-08-31,FDO,
2026-08-31,FDV,
2026-08-31,FDZ,35.068389057750764
2026-08-31,FFD,64.80263157894737
2026-08-31,FFF,
2026-08-31,FFH,48.10126582278481
2026-08-31,FFO,
2026-08-31,FFP,35.632183908045974
2026-08-31,FHI,32.598784194528875
2026-08-31,FHP,36.8421052631579
2026-08-31,FHZ,
2026-08-31,FI3,71.51898734177215
2026-08-31,FI5,50.65789473684211
2026-08-31,FIB,64.38356164383562
2026-08-31,FID,52.83018867924529
2026-08-31,FIL,48.026315789473685
2026-08-31,FIT,89.87341772151899
2026-08-31,FJB,57.82674772036474
2026-08-31,FJC,42.8951367781155
2026-08-31,FJM,18.693009118541035
2026-08-31,FJN,41.22340425531915
2026-08-31,FJZ,34.80243161094225
2026-08-31,FKE,63.981762917933125
2026-08-31,FKV,27.35562310030395
2026-08-31,FLS,75.98784194528875
2026-08-31,FLY,74.84276729559748
2026-08-31,FMG,70.06079027355624
2026-08-31,FMS,
2026-08-31,FMV,59.11854103343465
2026-08-31,FNO,51.886792452830186
2026-08-31,FNT,89.209726443769
2026-08-31,FP4,5.091185410334346
2026-08-31,FPE,25.949367088607595
2026-08-31,FPG,60.25835866261398
2026-08-31,FPH,67.4496644295302
2026-08-31,FPI,39.47368421052632
2026-08-31,FPK,25.31645569620253
2026-08-31,FPR,57.066869300911854
2026-08-31,FPZ,21.80851063829787
2026-08-31,FR1,32.256838905775076
2026-08-31,FRA,
2026-08-31,FRC,39.741641337386014
2026-08-31,FRZ,
2026-08-31,FS1,10.25835866261398
2026-08-31,FS2,89.89361702127658
2026-08-31,FS3,28.955696202531644
2026-08-31,FS4,30.357142857142858
2026-08-31,FS5,94.98480243161094
2026-08-31,FS6,84.87841945288753
2026-08-31,FSF,36.84210526315789
2026-08-31,FSG,51.443768996960486
2026-08-31,FSH,39.08045977011494
2026-08-31,FSK,75.0
2026-08-31,FSM,83.58662613981762
2026-08-31,FSP,
2026-08-31,FSR,31.534954407294833
2026-08-31,FSU,94.82758620689654
2026-08-31,FSV,41.869300911854104
2026-08-31,FTL,10.197368421052632
2026-08-31,FTY,31.382978723404253
2026-08-31,FUA,70.80536912751678
2026-08-31,FUB,44.30379746835443
2026-08-31,FUM,
2026-08-31,FUN,62.1580547112462
2026-08-31,FUP,
2026-08-31,FVL,49.468085106382986
2026-08-31,FYA,35.86626139817629
2026-08-31,FYB,
2026-08-31,FYD,57.382550335570464
2026-08-31,FYF,39.96960486322188
2026-08-31,FYG,
2026-08-31,FYH,55.3951367781155
2026-08-31,FYI,46.20060790273556
2026-08-31,FYM,49.27811550151976
2026-08-31,FYO,48.734177215189874
2026-08-31,FYT,43.037974683544306
2026-08-31,FYZ,
2026-08-31,FZJ,42.52873563218391
2026-08-31,FZP,37.31003039513678
2026-08-31,GA1,67.72151898734177
2026-08-31,GAC,
2026-08-31,GAE,56.375838926174495
2026-08-31,GAF,54.02684563758389
2026-08-31,GAG,54.55927051671732
2026-08-31,GAH,38.0503144654088
2026-08-31,GAJ,
2026-08-31,GAL,66.44736842105263
2026-08-31,GAN,71.08662613981764
2026-08-31,GAS,52.05167173252279
2026-08-31,GAU,
2026-08-31,GAV,
2026-08-31,GBC,65.1006711409396
2026-08-31,GBG,49.99999999999999
2026-08-31,GBH,59.650455927051674
2026-08-31,GBJ,85.1823708206687
2026-08-31,GBL,25.949367088607595
2026-08-31,GBN,45.8966565349544
2026-08-31,GBP,
2026-08-31,GBV,13.836477987421382
2026-08-31,GBZ,89.08045977011494
2026-08-31,GCA,
2026-08-31,GCC,
2026-08-31,GCD,94.52887537993921
2026-08-31,GCI,
2026-08-31,GCZ,
2026-08-31,GDJ,
2026-08-31,GDP,
2026-08-31,GEC,
2026-08-31,GEI,30.28115501519757
2026-08-31,GEZ,
2026-08-31,GFB,
2026-08-31,GFD,
2026-08-31,GFI,
2026-08-31,GFL,
2026-08-31,GFN,
2026-08-31,GFY,
2026-08-31,GGA,
2026-08-31,GGC,
2026-08-31,GGD,
2026-08-31,GGK,37.67123287671233
2026-08-31,GGM,
2026-08-31,GGN,
2026-08-31,GGP,
2026-08-31,GGR,
2026-08-31,GHS,44.966442953020135
2026-08-31,GID,47.651006711409394
2026-08-31,GIE,56.711409395973156
2026-08-31,GIH,
2026-08-31,GJA,
2026-08-31,GJB,43.103448275862064
2026-08-31,GJD,
2026-08-31,GJE,
2026-08-31,GJF,
2026-08-31,GJH,9.868421052631579
2026-08-31,GJM,57.370820668693
2026-08-31,GJO,
2026-08-31,GKF,61.07594936708861
2026-08-31,GKG,43.624161073825505
2026-08-31,GKH,28.618421052631582
2026-08-31,GKK,
2026-08-31,GKL,
2026-08-31,GKM,42.36322188449848
2026-08-31,GKV,73.41772151898735
2026-08-31,GL1,90.26845637583892
2026-08-31,GLC,74.13793103448276
2026-08-31,GLG,49.848024316109424
2026-08-31,GLL,47.26027397260274
2026-08-31,GLM,
2026-08-31,GLP,
2026-08-31,GLS,35.44303797468354
2026-08-31,GLV,74.01215805471125
2026-08-31,GMA,67.29559748427673
2026-08-31,GMC,71.83908045977012
2026-08-31,GMD,62.643678160919535
2026-08-31,GME,
2026-08-31,GMI,89.66565349544072
2026-08-31,GMM,43.42705167173253
2026-08-31,GMN,27.302631578947366
2026-08-31,GMO,
2026-08-31,GMP,
2026-08-31,GMR,14.76510067114094
2026-08-31,GMZ,
2026-08-31,GNH,
2026-08-31,GNK,
2026-08-31,GNL,
2026-08-31,GNP,61.51315789473685
2026-08-31,GNS,40.26845637583893
2026-08-31,GNZ,
2026-08-31,GO1,60.34482758620689
2026-08-31,GO3,53.44827586206897
2026-08-31,GO4,46.55172413793103
2026-08-31,GO6,67.10526315789474
2026-08-31,GO9,32.214765100671144
2026-08-31,GOF,80.69908814589665
2026-08-31,GOH,45.97315436241611
2026-08-31,GOL,50.68493150684932
2026-08-31,GOP,75.6578947368421
2026-08-31,GP1,
2026-08-31,GP3,74.08814589665653
2026-08-31,GPA,65.18987341772153
2026-08-31,GPB,40.56603773584906
2026-08-31,GPC,36.32218844984803
2026-08-31,GPF,75.31645569620252
2026-08-31,GPG,58.176100628930826
2026-08-31,GPH,
2026-08-31,GPI,44.65408805031446
2026-08-31,GPJ,
2026-08-31,GPL,30.623100303951368
2026-08-31,GPM,
2026-08-31,GPN,66.44736842105263
2026-08-31,GPT,38.679245283018865
2026-08-31,GPU,49.05660377358491
2026-08-31,GPV,
2026-08-31,GPZ,89.80263157894737
2026-08-31,GRL,44.680851063829785
2026-08-31,GRO,29.483282674772035
2026-08-31,GRT,43.624161073825505
2026-08-31,GSE,54.10334346504559
2026-08-31,GSG,
2026-08-31,GSL,
2026-08-31,GSO,
2026-08-31,GSP,68.12080536912752
2026-08-31,GSR,
2026-08-31,GTA,65.75342465753425
2026-08-31,GTF,41.139240506329116
2026-08-31,GTH,41.61073825503356
2026-08-31,GTK,
2026-08-31,GTL,50.986842105263165
2026-08-31,GTM,37.58389261744966
2026-08-31,GTN,
2026-08-31,GTY,48.17629179331308
2026-08-31,GTZ,62.068965517241374
2026-08-31,GUA,
2026-08-31,GUB,50.63291139240506
2026-08-31,GUC,
2026-08-31,GUF,90.22988505747126
2026-08-31,GUH,49.328859060402685
2026-08-31,GUK,76.26582278481013
2026-08-31,GUM,60.0
2026-08-31,GUV,89.24050632911391
2026-08-31,GVA,36.79245283018868
2026-08-31,GVB,
2026-08-31,GVC,
2026-08-31,GVD,
2026-08-31,GVI,54.59770114942529
2026-08-31,GVL,
2026-08-31,GVZ,
2026-08-31,GYC,
2026-08-31,GYG,
2026-08-31,GYK,45.56962025316456
2026-08-31,GYL,16.455696202531648
2026-08-31,GYN,
2026-08-31,GYR,
2026-08-31,GZB,
2026-08-31,GZD,
2026-08-31,GZE,55.16717325227963
2026-08-31,GZG,84.59119496855345
2026-08-31,GZH,12.89308176100629
2026-08-31,GZJ,39.6551724137931
2026-08-31,GZL,41.19496855345912
2026-08-31,GZM,83.8145896656535
2026-08-31,GZN,52.58358662613982
2026-08-31,GZO,
2026-08-31,GZP,40.229885057471265
2026-08-31,GZR,50.33557046979866
2026-08-31,GZU,
2026-08-31,GZV,54.02298850574712
2026-08-31,GZY,6.918238993710691
2026-08-31,GZZ,29.87421383647799
2026-08-31,HAE,46.50455927051672
2026-08-31,HAG,41.67933130699088
2026-08-31,HAI,60.27397260273973
2026-08-31,HAM,63.013698630136986
2026-08-31,HAR,46.808510638297875
2026-08-31,HAT,
2026-08-31,HB1,18.009118541033434
2026-08-31,HB2,35.790273556231
2026-08-31,HBF,42.465753424657535
2026-08-31,HBJ,
2026-08-31,HBN,20.689655172413794
2026-08-31,HBU,65.43624161073825
2026-08-31,HBV,56.00303951367781
2026-08-31,HCV,89.87341772151899
2026-08-31,HDA,16.869300911854104
2026-08-31,HDD,85.53459119496856
2026-08-31,HDE,64.8176291793313
2026-08-31,HDH,25.455927051671733
2026-08-31,HDJ,52.84954407294833
2026-08-31,HDK,28.799392097264437
2026-08-31,HDS,52.3936170212766
2026-08-31,HDV,61.09422492401215
2026-08-31,HEH,18.085106382978722
2026-08-31,HFA,
2026-08-31,HFI,78.79746835443038
2026-08-31,HFO,
2026-08-31,HFR,15.100671140939598
2026-08-31,HFV,33.28267477203647
2026-08-31,HFY,18.987341772151897
2026-08-31,HGC,50.911854103343465
2026-08-31,HGH,34.72644376899696
2026-08-31,HGJ,79.97720364741642
2026-08-31,HGM,50.67114093959732
2026-08-31,HGR,76.9756838905775
2026-08-31,HGT,49.12613981762918
2026-08-31,HGU,
2026-08-31,HGV,35.94224924012158
2026-08-31,HIA,63.29787234042553
2026-08-31,HIF,74.77203647416414
2026-08-31,HIH,16.44295302013423
2026-08-31,HII,
2026-08-31,HIM,33.28267477203647
2026-08-31,HIP,36.51315789473684
2026-08-31,HIS,
2026-08-31,HIZ,64.46540880503144
2026-08-31,HJA,32.63677811550152
2026-08-31,HJB,43.71069182389937
2026-08-31,HKG,88.36477987421384
2026-08-31,HKH,42.721518987341774
2026-08-31,HKJ,77.30263157894737
2026-08-31,HKM,47.26443768996961
2026-08-31,HKP,38.607594936708864
2026-08-31,HKR,48.86018237082067
2026-08-31,HKV,58.22784810126582
2026-08-31,HLA,68.08510638297872
2026-08-31,HLL,61.51315789473685
2026-08-31,HLR,49.46808510638298
2026-08-31,HMC,86.85410334346506
2026-08-31,HME,50.75987841945289
2026-08-31,HMG,64.74164133738603
2026-08-31,HMK,33.58662613981763
2026-08-31,HML,58.54430379746836
2026-08-31,HMS,22.483221476510067
2026-08-31,HMT,52.735562310030396
2026-08-31,HMV,33.472644376899694
2026-08-31,HNS,54.7112462006079
2026-08-31,HOA,80.50314465408806
2026-08-31,HOY,10.0
2026-08-31,HP3,62.8419452887538
2026-08-31,HPC,
2026-08-31,HPD,44.65408805031446
2026-08-31,HPF,63.1838905775076
2026-08-31,HPH,1.9736842105263157
2026-08-31,HPI,31.57294832826748
2026-08-31,HPJ,
2026-08-31,HPL,30.737082066869302
2026-08-31,HPO,25.786163522012576
2026-08-31,HPT,60.75949367088607
2026-08-31,HPV,28.48101265822785
2026-08-31,HPZ,
2026-08-31,HRZ,19.12751677852349
2026-08-31,HSA,43.08176100628931
2026-08-31,HSL,28.289473684210527
2026-08-31,HSP,44.90881458966565
2026-08-31,HST,51.89873417721519
2026-08-31,HTF,22.039473684210527
2026-08-31,HTJ,96.54088050314465
2026-08-31,HTK,52.87356321839081
2026-08-31,HTS,51.369863013698634
2026-08-31,HTZ,34.764437689969604
2026-08-31,HUI,
2026-08-31,HUS,
2026-08-31,HVA,6.382978723404255
2026-08-31,HVB,37.61398176291793
2026-08-31,HVC,64.51367781155015
2026-08-31,HVI,31.20805369127517
2026-08-31,HVK,3.1645569620253164
2026-08-31,HVL,
2026-08-31,HVN,
2026-08-31,HVS,51.006711409395976
2026-08-31,HVT,75.65789473684211
2026-08-31,HVU,40.25157232704402
2026-08-31,HVV,
2026-08-31,HVZ,20.134228187919465
2026-08-31,HYK,77.73556231003039
2026-08-31,HYP,65.19756838905775
2026-08-31,HYU,36.17021276595745
2026-08-31,HYV,30.592105263157897
2026-08-31,HYY,
2026-08-31,HZV,
2026-08-31,IAC,
2026-08-31,IAE,80.8176100628931
2026-08-31,IAI,
2026-08-31,IAJ,
2026-08-31,IAM,34.48275862068966
2026-08-31,IAR,58.358662613981764
2026-08-31,IAS,45.25075987841946
2026-08-31,IAT,47.46835443037975
2026-08-31,IAU,27.58358662613982
2026-08-31,IAY,34.24657534246575
2026-08-31,IBB,11.0062893081761
2026-08-31,IBC,
2026-08-31,IBE,32.33282674772037
2026-08-31,IBG,61.66413373860182
2026-08-31,IBJ,64.62765957446808
2026-08-31,IBK,32.278481012658226
2026-08-31,IBM,44.37689969604864
2026-08-31,IBP,
2026-08-31,IBR,73.6322188449848
2026-08-31,ICA,45.205479452054796
2026-08-31,ICC,25.157232704402517
2026-08-31,ICD,11.949685534591195
2026-08-31,ICE,51.31578947368421
2026-08-31,ICF,68.79194630872483
2026-08-31,ICG,
2026-08-31,ICH,94.65408805031447
2026-08-31,ICN,80.85106382978724
2026-08-31,ICS,20.820668693009118
2026-08-31,ICV,
2026-08-31,ICZ,68.45637583892618
2026-08-31,IDD,58.73860182370821
2026-08-31,IDF,26.823708206686927
2026-08-31,IDH,46.308724832214764
2026-08-31,IDI,98.3221476510067
2026-08-31,IDL,79.93421052631578
2026-08-31,IDO,64.36170212765958
2026-08-31,IDP,51.74772036474164
2026-08-31,IDV,
2026-08-31,IDY,20.440251572327043
2026-08-31,IED,43.71069182389937
2026-08-31,IEN,41.26139817629179
2026-08-31,IEV,55.9748427672956
2026-08-31,IEZ,
2026-08-31,IFD,
2026-08-31,IFN,
2026-08-31,IFV,72.78481012658227
2026-08-31,IFY,
2026-08-31,IGF,
2026-08-31,IGL,51.973684210526315
2026-08-31,IGM,
2026-08-31,IGZ,
2026-08-31,IH1,76.51006711409397
2026-08-31,IHA,
2026-08-31,IHC,83.51063829787233
2026-08-31,IHK,42.281879194630875
2026-08-31,IHP,61.85410334346504
2026-08-31,IHT,32.88590604026846
2026-08-31,IHV,76.51975683890578
2026-08-31,IHY,
2026-08-31,IHZ,
2026-08-31,IIA,31.04103343465046
2026-08-31,IIC,
2026-08-31,IIE,10.258358662613983
2026-08-31,IIF,64.70364741641338
2026-08-31,IIH,52.348993288590606
2026-08-31,IIN,54.93421052631578
2026-08-31,IIS,16.337386018237083
2026-08-31,IJA,27.9874213836478
2026-08-31,IJB,81.25
2026-08-31,IJC,26.41509433962264
2026-08-31,IJE,
2026-08-31,IJF,
2026-08-31,IJH,10.344827586206897
2026-08-31,IJI,90.5775075987842
2026-08-31,IJK,
2026-08-31,IJL,62.120060790273556
2026-08-31,IJP,43.75
2026-08-31,IJT,85.1063829787234
2026-08-31,IJV,65.78947368421053
2026-08-31,IJZ,80.18867924528303
2026-08-31,IK2,43.95896656534954
2026-08-31,IKL,62.5
2026-08-31,IKP,6.25
2026-08-31,IKV,36.70886075949367
2026-08-31,ILC,42.819148936170215
2026-08-31,ILE,
2026-08-31,ILH,56.25
2026-08-31,ILI,64.51367781155015
2026-08-31,ILM,67.81914893617022
2026-08-31,ILP,
2026-08-31,ILU,
2026-08-31,ILZ,45.97701149425287
2026-08-31,IMB,
2026-08-31,IMF,64.4756838905775
2026-08-31,IMG,40.995440729483285
2026-08-31,IMH,
2026-08-31,IML,40.604026845637584
2026-08-31,IMO,
2026-08-31,IMS,
2026-08-31,IMT,
2026-08-31,IMY,
2026-08-31,IMZ,
2026-08-31,INH,41.19496855345912
2026-08-31,INV,
2026-08-31,INZ,67.78115501519757
2026-08-31,IOG,60.48632218844985
2026-08-31,IOH,23.328267477203646
2026-08-31,IOJ,42.743161094224924
2026-08-31,IOL,
2026-08-31,IOM,19.224924012158052
2026-08-31,ION,75.11398176291794
2026-08-31,IOO,90.46052631578948
2026-08-31,IOP,51.973684210526315
2026-08-31,IOT,
2026-08-31,IOV,
2026-08-31,IPA,70.40273556231003
2026-08-31,IPB,42.45283018867924
2026-08-31,IPC,
2026-08-31,IPE,
2026-08-31,IPF,57.33282674772036
2026-08-31,IPG,33.333333333333336
2026-08-31,IPJ,25.0
2026-08-31,IPK,
2026-08-31,IPO,
2026-08-31,IPP,43.54103343465046
2026-08-31,IPR,
2026-08-31,IPU,
2026-08-31,IPV,16.455696202531648
2026-08-31,IRB,73.6322188449848
2026-08-31,IRE,28.799392097264437
2026-08-31,IRF,19.54022988505747
2026-08-31,IRL,60.182370820668694
2026-08-31,IRO,20.66869300911854
2026-08-31,IRT,57.23270440251573
2026-08-31,IRV,81.38297872340425
2026-08-31,IRY,47.368421052631575
2026-08-31,ISR,
2026-08-31,ISS,
2026-08-31,IST,63.291139240506325
2026-08-31,ITA,
2026-08-31,ITC,35.57046979865772
2026-08-31,ITD,
2026-08-31,ITJ,51.0258358662614
2026-08-31,ITL,
2026-08-31,ITP,62.5
2026-08-31,ITR,
2026-08-31,ITV,38.6986301369863
2026-08-31,ITZ,
2026-08-31,IUA,26.671732522796354
2026-08-31,IUB,
2026-08-31,IUC,
2026-08-31,IUF,74.3920972644377
2026-08-31,IUH,39.08045977011494
2026-08-31,IUM,
2026-08-31,IUN,
2026-08-31,IUV,36.170212765957444
2026-08-31,IUZ,65.13157894736841
2026-08-31,IV2,31.4209726443769
2026-08-31,IV6,
2026-08-31,IV7,
2026-08-31,IV8,53.164556962025316
2026-08-31,IVF,43.67088607594937
2026-08-31,IVS,78.11550151975683
2026-08-31,IVY,73.27044025157232
2026-08-31,IYB,67.61006289308176
2026-08-31,IYP,
2026-08-31,IYR,
2026-08-31,IYS,57.75075987841946
2026-08-31,IYV,49.77203647416414
2026-08-31,IZA,
2026-08-31,IZB,24.71264367816092
2026-08-31,IZE,
2026-08-31,IZL,38.44984802431611
2026-08-31,IZS,55.47945205479452
2026-08-31,IZV,
2026-08-31,IZY,43.73100303951368
2026-08-31,JET,53.77358490566038
2026-08-31,JOT,
2026-08-31,JUP,33.358662613981764
2026-08-31,KAC,24.050632911392405
2026-08-31,KAN,79.45205479452055
2026-08-31,KAV,19.178082191780824
2026-08-31,KBJ,46.35258358662614
2026-08-31,KBP,
2026-08-31,KBZ,
2026-08-31,KCL,67.72151898734177
2026-08-31,KCR,65.06849315068493
2026-08-31,KCV,47.151898734177216
2026-08-31,KDE,71.83544303797468
2026-08-31,KDI,34.954407294832826
2026-08-31,KDK,
2026-08-31,KDL,24.050632911392405
2026-08-31,KDO,56.64556962025316
2026-08-31,KDS,17.40506329113924
2026-08-31,KDT,32.59493670886076
2026-08-31,KDV,9.81012658227848
2026-08-31,KDZ,39.87341772151899
2026-08-31,KEI,
2026-08-31,KEO,
2026-08-31,KEU,38.607594936708864
2026-08-31,KFZ,
2026-08-31,KGM,69.30379746835443
2026-08-31,KH1,71.51898734177216
2026-08-31,KHA,98.3221476510067
2026-08-31,KHB,8.053691275167786
2026-08-31,KHC,43.67088607594937
2026-08-31,KHD,76.42405063291139
2026-08-31,KHF,
2026-08-31,KHJ,62.34177215189873
2026-08-31,KHP,90.13157894736842
2026-08-31,KHT,
2026-08-31,KHU,
2026-08-31,KIA,
2026-08-31,KIB,84.27672955974843
2026-08-31,KIE,89.80263157894737
2026-08-31,KIH,44.376899696048625
2026-08-31,KIK,49.36708860759494
2026-08-31,KIS,29.430379746835442
2026-08-31,KJK,
2026-08-31,KKB,
2026-08-31,KKC,59.17721518987342
2026-08-31,KKE,
2026-08-31,KKH,19.540229885057474
2026-08-31,KKL,61.708860759493675
2026-08-31,KKO,29.635258358662615
2026-08-31,KKP,33.890577507598785
2026-08-31,KKT,36.708860759493675
2026-08-31,KLH,12.025316455696203
2026-08-31,KLI,67.43421052631578
2026-08-31,KLL,
2026-08-31,KLM,
2026-08-31,KLS,
2026-08-31,KLU,34.53947368421053
2026-08-31,KMA,
2026-08-31,KME,40.82278481012658
2026-08-31,KMF,56.16438356164383
2026-08-31,KMN,81.5068493150685
2026-08-31,KMT,
2026-08-31,KNC,45.17477203647417
2026-08-31,KNI,41.44736842105263
2026-08-31,KNJ,90.82278481012658
2026-08-31,KNN,44.90881458966565
2026-08-31,KNP,
2026-08-31,KNS,
2026-08-31,KNT,
2026-08-31,KNV,
2026-08-31,KNZ,
2026-08-31,KO4,39.51367781155015
2026-08-31,KOB,46.51898734177215
2026-08-31,KOD,70.44025157232704
2026-08-31,KOP,37.120060790273556
2026-08-31,KOT,51.34228187919463
2026-08-31,KOZ,
2026-08-31,KP3,30.547112462006076
2026-08-31,KPA,79.1139240506329
2026-08-31,KPB,
2026-08-31,KPC,81.32911392405063
2026-08-31,KPD,12.025316455696203
2026-08-31,KPF,19.072948328267476
2026-08-31,KPH,37.919463087248324
2026-08-31,KPI,50.0
2026-08-31,KPK,
2026-08-31,KPM,
2026-08-31,KPP,48.684210526315795
2026-08-31,KPR,16.776315789473685
2026-08-31,KPS,36.588145896656535
2026-08-31,KPU,56.01265822784811
2026-08-31,KRC,51.89873417721519
2026-08-31,KRF,30.50314465408805
2026-08-31,KRH,71.80851063829788
2026-08-31,KRO,27.58358662613982
2026-08-31,KRR,56.25
2026-08-31,KRS,49.620060790273556
2026-08-31,KRT,28.87537993920973
2026-08-31,KRV,31.506849315068493
2026-08-31,KSA,69.75683890577508
2026-08-31,KSC,
2026-08-31,KSK,34.21052631578947
2026-08-31,KSL,46.20253164556962
2026-08-31,KSM,19.93670886075949
2026-08-31,KSP,50.64589665653496
2026-08-31,KSR,65.50632911392405
2026-08-31,KST,
2026-08-31,KSV,58.860759493670884
2026-08-31,KSY,69.68085106382979
2026-08-31,KTE,
2026-08-31,KTI,81.0126582278481
2026-08-31,KTJ,75.9493670886076
2026-08-31,KTM,64.24050632911393
2026-08-31,KTN,15.189873417721518
2026-08-31,KTR,41.139240506329116
2026-08-31,KTS,65.50632911392404
2026-08-31,KTT,44.936708860759495
2026-08-31,KTU,
2026-08-31,KTV,37.34177215189874
2026-08-31,KU3,53.79746835443038
2026-08-31,KUA,45.25316455696203
2026-08-31,KUB,42.45283018867924
2026-08-31,KUD,82.9113924050633
2026-08-31,KUP,57.598784194528875
2026-08-31,KUT,68.4931506849315
2026-08-31,KVA,
2026-08-31,KVK,58.54430379746835
2026-08-31,KVR,30.696202531645575
2026-08-31,KVS,41.33738601823708
2026-08-31,KVT,27.516778523489933
2026-08-31,KYA,38.92617449664429
2026-08-31,KYR,33.85258358662614
2026-08-31,KYS,36.8161094224924
2026-08-31,KZL,51.369863013698634
2026-08-31,KZO,
2026-08-31,KZU,75.34246575342465
2026-08-31,LAI,50.379939209726444
2026-08-31,LET,
2026-08-31,LFD,
2026-08-31,LGK,
2026-08-31,LGO,79.14133738601824
2026-08-31,LHM,
2026-08-31,LHP,21.580547112462007
2026-08-31,LKF,67.8082191780822
2026-08-31,LKT,68.42105263157895
2026-08-31,LLA,26.74772036474164
2026-08-31,LPH,76.51975683890578
2026-08-31,LRT,71.20060790273556
2026-08-31,LTC,37.006079027355625
2026-08-31,LTL,1.342281879194631
2026-08-31,LTS,83.35866261398176
2026-08-31,LZV,
2026-08-31,MAC,20.134228187919465
2026-08-31,MAD,45.911949685534594
2026-08-31,MAS,41.109422492401215
2026-08-31,MAV,
2026-08-31,MBL,37.42138364779874
2026-08-31,MBR,81.0126582278481
2026-08-31,MCU,66.1854103343465
2026-08-31,MD1,80.50314465408805
2026-08-31,MD2,57.861635220125784
2026-08-31,MDF,48.275862068965516
2026-08-31,MET,45.911949685534594
2026-08-31,MGB,13.905775075987842
2026-08-31,MGD,
2026-08-31,MGE,38.75379939209726
2026-08-31,MGH,69.30091185410335
2026-08-31,MHF,16.44295302013423
2026-08-31,MIK,55.24316109422492
2026-08-31,MJB,63.793103448275865
2026-08-31,MJE,25.632911392405063
2026-08-31,MJG,60.91954022988506
2026-08-31,MJH,39.589665653495445
2026-08-31,MJK,54.483282674772035
2026-08-31,MJL,68.61702127659575
2026-08-31,MKA,16.455696202531644
2026-08-31,MKG,44.52054794520548
2026-08-31,MKL,
2026-08-31,MLS,
2026-08-31,MLT,47.036474164133736
2026-08-31,MMH,54.697986577181204
2026-08-31,MOD,
2026-08-31,MOZ,60.258358662613986
2026-08-31,MP2,31.876899696048632
2026-08-31,MP4,85.1823708206687
2026-08-31,MPD,56.610942249240125
2026-08-31,MPE,24.013157894736842
2026-08-31,MPF,54.74683544303797
2026-08-31,MPI,57.75075987841945
2026-08-31,MPK,25.632911392405063
2026-08-31,MPL,45.065789473684205
2026-08-31,MPN,36.246200607902736
2026-08-31,MPP,43.00911854103343
2026-08-31,MPS,48.10126582278481
2026-08-31,MRI,62.993920972644375
2026-08-31,MSK,
2026-08-31,MSO,
2026-08-31,MSR,10.866261398176292
2026-08-31,MT1,23.328267477203646
2026-08-31,MT2,49.671052631578945
2026-08-31,MT5,28.19148936170213
2026-08-31,MT6,47.26027397260274
2026-08-31,MT7,32.02887537993921
2026-08-31,MT8,6.306990881458967
2026-08-31,MT9,84.57446808510639
2026-08-31,MTD,76.72955974842768
2026-08-31,MTE,
2026-08-31,MTF,30.091185410334347
2026-08-31,MTG,83.89057750759878
2026-08-31,MTH,88.25503355704697
2026-08-31,MTI,
2026-08-31,MTK,98.10126582278481
2026-08-31,MTL,55.3951367781155
2026-08-31,MTS,16.091954022988507
2026-08-31,MTU,37.765957446808514
2026-08-31,MTV,41.19496855345912
2026-08-31,MTX,36.79245283018868
2026-08-31,MUL,91.2613981762918
2026-08-31,MUT,47.796352583586625
2026-08-31,NAK,46.57534246575342
2026-08-31,NAL,54.10958904109589
2026-08-31,NAU,20.54794520547945
2026-08-31,NAV,87.1580547112462
2026-08-31,NBE,79.17933130699089
2026-08-31,NBH,81.0790273556231
2026-08-31,NBO,52.87356321839081
2026-08-31,NBZ,54.33130699088146
2026-08-31,NCS,56.68693009118542
2026-08-31,NCU,30.015197568389056
2026-08-31,NDL,
2026-08-31,NDS,54.40729483282675
2026-08-31,NES,
2026-08-31,NFF,7.471264367816093
2026-08-31,NFH,57.90273556231003
2026-08-31,NFK,63.60182370820669
2026-08-31,NHP,33.9080459770115
2026-08-31,NHT,
2026-08-31,NHV,
2026-08-31,NHY,7.718120805369128
2026-08-31,NIG,40.5015197568389
2026-08-31,NIS,62.158054711246194
2026-08-31,NJF,42.465753424657535
2026-08-31,NJG,58.70060790273556
2026-08-31,NJR,72.78481012658227
2026-08-31,NJY,32.59493670886076
2026-08-31,NKA,8.860759493670885
2026-08-31,NKC,19.12751677852349
2026-08-31,NKH,65.12158054711246
2026-08-31,NKJ,
2026-08-31,NKK,41.79331306990882
2026-08-31,NKL,70.13677811550153
2026-08-31,NKM,51.582278481012665
2026-08-31,NKP,43.710691823899374
2026-08-31,NKS,42.24924012158055
2026-08-31,NKT,90.82278481012659
2026-08-31,NKV,
2026-08-31,NLC,38.013698630136986
2026-08-31,NLD,
2026-08-31,NLE,50.335570469798654
2026-08-31,NLK,73.32826747720365
2026-08-31,NLL,67.629179331307
2026-08-31,NME,38.607594936708864
2026-08-31,NMG,52.92553191489362
2026-08-31,NMP,50.6578947368421
2026-08-31,NMU,79.33130699088146
2026-08-31,NNF,26.51006711409396
2026-08-31,NOA,50.87386018237082
2026-08-31,NOI,69.68085106382978
2026-08-31,NOV,
2026-08-31,NP1,16.869300911854104
2026-08-31,NPH,45.97315436241611
2026-08-31,NPK,
2026-08-31,NRC,19.496855345911946
2026-08-31,NRG,48.68421052631579
2026-08-31,NRM,68.5030395136778
2026-08-31,NSA,35.85526315789474
2026-08-31,NSD,55.547112462006076
2026-08-31,NSH,75.45592705167174
2026-08-31,NSK,54.33130699088146
2026-08-31,NSP,38.815789473684205
2026-08-31,NSS,
2026-08-31,NST,36.57718120805369
2026-08-31,NSY,38.90577507598784
2026-08-31,NTB,
2026-08-31,NTD,
2026-08-31,NTF,52.317629179331306
2026-08-31,NTI,71.06918238993711
2026-08-31,NTO,
2026-08-31,NTS,57.484802431610944
2026-08-31,NUB,40.653495440729486
2026-08-31,NUG,4.10958904109589
2026-08-31,NUH,16.10738255033557
2026-08-31,NVB,34.21052631578947
2026-08-31,NVC,94.22492401215806
2026-08-31,NVK,32.91139240506329
2026-08-31,NVP,
2026-08-31,NVT,35.1063829787234
2026-08-31,NVZ,45.972644376899694
2026-08-31,NYH,
2026-08-31,NZH,53.45911949685535
2026-08-31,NZT,45.723684210526315
2026-08-31,NZU,17.08860759493671
2026-08-31,OAB,
2026-08-31,OAO,52.515723270440255
2026-08-31,OBI,62.025316455696206
2026-08-31,OBN,33.358662613981764
2026-08-31,OBP,53.77358490566038
2026-08-31,OBR,22.18844984802432
2026-08-31,OCM,
2026-08-31,OCN,
2026-08-31,OCT,
2026-08-31,ODD,60.03039513677811
2026-08-31,ODG,37.106918238993714
2026-08-31,ODN,66.64133738601824
2026-08-31,ODP,60.86626139817629
2026-08-31,ODS,30.319148936170212
2026-08-31,ODV,24.71264367816092
2026-08-31,OFA,30.696202531645568
2026-08-31,OFB,43.99696048632219
2026-08-31,OFI,56.89655172413793
2026-08-31,OFK,11.708860759493671
2026-08-31,OFO,
2026-08-31,OFS,62.64367816091954
2026-08-31,OGD,48.630136986301366
2026-08-31,OGF,55.69620253164557
2026-08-31,OGV,
2026-08-31,OHB,76.84563758389262
2026-08-31,OHI,49.46808510638298
2026-08-31,OHK,81.64556962025316
2026-08-31,OIL,74.65753424657535
2026-08-31,OIR,60.344827586206904
2026-08-31,OIS,
2026-08-31,OJB,16.869300911854104
2026-08-31,OJH,44.98480243161094
2026-08-31,OJK,61.64383561643836
2026-08-31,OJT,70.11494252873564
2026-08-31,OJU,
2026-08-31,OJY,
2026-08-31,OKD,50.62893081761006
2026-08-31,OKF,54.21732522796353
2026-08-31,OKP,46.20253164556962
2026-08-31,OKT,16.455696202531644
2026-08-31,OLA,36.70212765957447
2026-08-31,OLD,16.666666666666664
2026-08-31,OLE,25.28735632183908
2026-08-31,OMB,
2026-08-31,OMC,
2026-08-31,OME,65.27355623100304
2026-08-31,OMG,45.63758389261745
2026-08-31,OMT,44.078947368421055
2026-08-31,ONB,20.364741641337385
2026-08-31,OND,24.54407294832827
2026-08-31,ONE,83.35866261398175
2026-08-31,ONF,45.89041095890411
2026-08-31,ONK,40.80547112462006
2026-08-31,ONN,78.87537993920972
2026-08-31,ONS,28.267477203647417
2026-08-31,ONT,14.285714285714285
2026-08-31,ONY,39.36170212765957
2026-08-31,OPB,66.98113207547169
2026-08-31,OPD,57.826747720364736
2026-08-31,OPF,60.37735849056604
2026-08-31,OPH,60.06711409395973
2026-08-31,OPI,54.36241610738255
2026-08-31,OPJ,52.30263157894737
2026-08-31,OPL,51.257861635220124
2026-08-31,OPZ,
2026-08-31,ORC,78.419452887538
2026-08-31,ORI,
2026-08-31,OSD,34.81012658227848
2026-08-31,OSF,30.319148936170215
2026-08-31,OSH,73.13829787234042
2026-08-31,OSL,41.139240506329116
2026-08-31,OSN,47.796352583586625
2026-08-31,OTE,
2026-08-31,OTF,53.79746835443038
2026-08-31,OTJ,58.21917808219178
2026-08-31,OTK,
2026-08-31,OTM,46.855345911949684
2026-08-31,OTZ,
2026-08-31,OUB,60.52431610942249
2026-08-31,OUD,37.1580547112462
2026-08-31,OUN,32.52279635258358
2026-08-31,OUR,44.110942249240125
2026-08-31,OUY,
2026-08-31,OVD,82.183908045977
2026-08-31,OVR,
2026-08-31,OYL,50.65789473684211
2026-08-31,OYS,17.24924012158055
2026-08-31,OYT,71.73252279635258
2026-08-31,OZC,
2026-08-31,P1A,52.30263157894737
2026-08-31,PA2,61.64383561643836
2026-08-31,PAB,85.85526315789474
2026-08-31,PAC,
2026-08-31,PAF,46.57534246575342
2026-08-31,PAI,30.81761006289308
2026-08-31,PAL,12.32876712328767
2026-08-31,PAO,39.96960486322188
2026-08-31,PAU,41.26139817629179
2026-08-31,PBE,45.89665653495441
2026-08-31,PBF,
2026-08-31,PBH,85.25835866261397
2026-08-31,PBI,82.183908045977
2026-08-31,PBK,18.037974683544302
2026-08-31,PBN,60.25835866261398
2026-08-31,PBR,0.3144654088050315
2026-08-31,PBS,56.80091185410335
2026-08-31,PBY,69.45288753799392
2026-08-31,PCE,36.17021276595745
2026-08-31,PCH,70.66869300911854
2026-08-31,PCN,51.329787234042556
2026-08-31,PCS,94.68085106382978
2026-08-31,PDC,28.039513677811552
2026-08-31,PDD,26.265822784810126
2026-08-31,PDE,6.962025316455696
2026-08-31,PDF,30.851063829787236
2026-08-31,PDG,2.811550151975684
2026-08-31,PDH,28.647416413373858
2026-08-31,PDR,
2026-08-31,PDS,25.303951367781156
2026-08-31,PEA,65.06849315068493
2026-08-31,PFO,44.252873563218394
2026-08-31,PFS,63.79310344827586
2026-08-31,PGD,20.12578616352201
2026-08-31,PGE,66.71732522796353
2026-08-31,PGH,38.37386018237082
2026-08-31,PGS,52.348993288590606
2026-08-31,PHB,53.723404255319146
2026-08-31,PHE,32.88590604026846
2026-08-31,PHF,79.67325227963525
2026-08-31,PHI,54.02684563758389
2026-08-31,PHK,70.56962025316456
2026-08-31,PHN,91.33738601823708
2026-08-31,PHS,46.42857142857143
2026-08-31,PHY,15.501519756838904
2026-08-31,PID,42.45283018867924
2026-08-31,PIL,33.9080459770115
2026-08-31,PIP,13.157894736842106
2026-08-31,PIR,28.767123287671232
2026-08-31,PIS,78.49544072948328
2026-08-31,PJL,33.55263157894737
2026-08-31,PJP,22.264437689969604
2026-08-31,PK1,
2026-08-31,PKD,89.55696202531647
2026-08-31,PKF,36.986301369863014
2026-08-31,PKH,39.24050632911393
2026-08-31,PKL,12.974683544303797
2026-08-31,PKM,76.97368421052632
2026-08-31,PKN,47.036474164133736
2026-08-31,PKP,70.72368421052632
2026-08-31,PKR,19.736842105263158
2026-08-31,PKT,44.407894736842096
2026-08-31,PKU,57.294832826747715
2026-08-31,PKV,78.49544072948329
2026-08-31,PKZ,55.92705167173252
2026-08-31,PLA,
2026-08-31,PLR,69.07894736842104
2026-08-31,PLS,
2026-08-31,PMG,
2026-08-31,PMH,
2026-08-31,PMP,8.358662613981764
2026-08-31,PNU,92.4342105263158
2026-08-31,PO7,35.03039513677811
2026-08-31,PO8,43.389057750759875
2026-08-31,PO9,88.44984802431611
2026-08-31,POB,70.28875379939211
2026-08-31,POD,32.90273556231003
2026-08-31,POF,40.41095890410959
2026-08-31,POH,
2026-08-31,POI,27.583586626139812
2026-08-31,POS,53.495440729483285
2026-08-31,POU,59.27051671732522
2026-08-31,PP1,51.265822784810126
2026-08-31,PPB,40.604026845637584
2026-08-31,PPD,53.11550151975684
2026-08-31,PPE,45.21276595744681
2026-08-31,PPF,34.49848024316109
2026-08-31,PPG,16.776315789473685
2026-08-31,PPH,26.845637583892618
2026-08-31,PPI,73.35526315789474
2026-08-31,PPJ,63.15789473684211
2026-08-31,PPK,39.14473684210527
2026-08-31,PPM,25.455927051671733
2026-08-31,PPN,58.223684210526315
2026-08-31,PPO,72.87234042553192
2026-08-31,PPP,21.05263157894737
2026-08-31,PPS,9.27051671732523
2026-08-31,PPT,82.56578947368422
2026-08-31,PPU,58.89057750759878
2026-08-31,PPV,71.38157894736842
2026-08-31,PPZ,42.10526315789474
2026-08-31,PRD,70.39473684210526
2026-08-31,PRF,
2026-08-31,PRH,20.065789473684212
2026-08-31,PRR,17.763157894736842
2026-08-31,PRU,39.51367781155015
2026-08-31,PRV,44.73684210526316
2026-08-31,PRY,66.44736842105263
2026-08-31,PSD,
2026-08-31,PSE,57.236842105263165
2026-08-31,PSG,36.62613981762918
2026-08-31,PSH,15.771812080536915
2026-08-31,PSL,11.55015197568389
2026-08-31,PSO,
2026-08-31,PSR,79.17933130699089
2026-08-31,PSS,27.659574468085108
2026-08-31,PST,47.796352583586625
2026-08-31,PTC,48.06231003039514
2026-08-31,PTE,69.40789473684211
2026-08-31,PTF,40.577507598784194
2026-08-31,PTG,
2026-08-31,PTL,53.28947368421053
2026-08-31,PTN,62.328767123287676
2026-08-31,PTO,19.463087248322147
2026-08-31,PTP,22.69736842105263
2026-08-31,PTS,53.618421052631575
2026-08-31,PUA,
2026-08-31,PUC,28.57142857142857
2026-08-31,PUH,48.556231003039514
2026-08-31,PUK,69.9367088607595
2026-08-31,PUR,36.18421052631579
2026-08-31,PUT,
2026-08-31,PUV,
2026-08-31,PVK,58.22784810126582
2026-08-31,PYB,25.0
2026-08-31,PYD,26.975683890577507
2026-08-31,PYF,80.24316109422493
2026-08-31,PYH,9.493670886075948
2026-08-31,PYI,41.869300911854104
2026-08-31,PYL,36.892097264437695
2026-08-31,PYR,13.677811550151976
2026-08-31,PYS,30.851063829787233
2026-08-31,RAF,13.6986301369863
2026-08-31,RAI,
2026-08-31,RAN,
2026-08-31,RAV,68.95896656534954
2026-08-31,RAY,
2026-08-31,RBA,50.0
2026-08-31,RBB,36.70886075949367
2026-08-31,RBE,56.57294832826748
2026-08-31,RBF,85.44303797468353
2026-08-31,RBH,59.810126582278485
2026-08-31,RBI,13.5258358662614
2026-08-31,RBK,13.60759493670886
2026-08-31,RBL,51.59574468085107
2026-08-31,RBN,43.00911854103343
2026-08-31,RBP,77.30263157894737
2026-08-31,RBR,77.21518987341773
2026-08-31,RBT,58.54430379746836
2026-08-31,RBV,65.50632911392405
2026-08-31,RCL,
2026-08-31,RCS,
2026-08-31,RCV,75.0
2026-08-31,RD1,66.35220125786162
2026-08-31,RDF,48.25227963525836
2026-08-31,RDH,31.117021276595747
2026-08-31,RDK,
2026-08-31,RDS,58.43465045592705
2026-08-31,RDT,72.26443768996961
2026-08-31,RDZ,36.170212765957444
2026-08-31,RE6,49.31506849315068
2026-08-31,RE7,
2026-08-31,RE8,45.440729483282674
2026-08-31,RFM,80.45977011494253
2026-08-31,RGD,45.59748427672956
2026-08-31,RGH,55.16717325227964
2026-08-31,RHD,69.49088145896657
2026-08-31,RHI,77.85234899328859
2026-08-31,RHS,39.597315436241615
2026-08-31,RIA,17.70516717325228
2026-08-31,RIH,89.8936170212766
2026-08-31,RIK,3.1446540880503147
2026-08-31,RJG,40.41095890410959
2026-08-31,RKC,28.930817610062892
2026-08-31,RKH,
2026-08-31,RKL,
2026-08-31,RKS,35.44303797468355
2026-08-31,RKV,59.81012658227848
2026-08-31,RLH,76.3677811550152
2026-08-31,RO1,20.065789473684212
2026-08-31,ROD,11.930091185410333
2026-08-31,ROF,85.63829787234042
2026-08-31,ROY,55.537974683544306
2026-08-31,RPC,31.132075471698116
2026-08-31,RPD,14.779874213836479
2026-08-31,RPG,58.21917808219178
2026-08-31,RPI,44.936708860759495
2026-08-31,RPK,
2026-08-31,RPL,50.91185410334347
2026-08-31,RPM,92.45283018867924
2026-08-31,RPN,34.308510638297875
2026-08-31,RPO,
2026-08-31,RPP,46.05263157894737
2026-08-31,RPS,30.775075987841944
2026-08-31,RPT,57.598784194528875
2026-08-31,RPU,47.94303797468354
2026-08-31,RPX,24.316109422492403
2026-08-31,RRA,30.921052631578945
2026-08-31,RRP,25.657894736842106
2026-08-31,RS1,34.346504559270514
2026-08-31,RSF,64.28571428571428
2026-08-31,RSK,32.21884498480243
2026-08-31,RSY,70.55471124620061
2026-08-31,RSZ,17.933130699088146
2026-08-31,RTA,76.63373860182371
2026-08-31,RTB,27.35562310030395
2026-08-31,RTD,65.09433962264151
2026-08-31,RTG,57.54716981132076
2026-08-31,RTH,17.325227963525833
2026-08-31,RTI,72.15189873417721
2026-08-31,RTP,14.893617021276595
2026-08-31,RUH,73.40425531914894
2026-08-31,RUT,86.7924528301887
2026-08-31,RVI,77.73972602739727
2026-08-31,RVS,66.7933130699088
2026-08-31,RYA,
2026-08-31,RYB,
2026-08-31,RYD,37.80395136778115
2026-08-31,RYF,48.40425531914893
2026-08-31,RYU,64.74164133738603
2026-08-31,RZR,
2026-08-31,SAP,45.065789473684205
2026-08-31,SAR,
2026-08-31,SAS,57.04697986577182
2026-08-31,SAT,
2026-08-31,SBH,12.613981762917934
2026-08-31,SBI,65.08358662613982
2026-08-31,SBR,53.68541033434651
2026-08-31,SBS,
2026-08-31,SCZ,46.27659574468085
2026-08-31,SD1,80.18867924528303
2026-08-31,SDA,34.650455927051674
2026-08-31,SEH,72.87234042553192
2026-08-31,SER,35.03039513677812
2026-08-31,SFA,83.7386018237082
2026-08-31,SFS,60.91954022988506
2026-08-31,SGK,34.59119496855346
2026-08-31,SGT,84.90566037735849
2026-08-31,SHC,62.75167785234899
2026-08-31,SHE,61.9496855345912
2026-08-31,SHI,68.9969604863222
2026-08-31,SHU,92.40121580547113
2026-08-31,SIA,
2026-08-31,SIS,55.16717325227963
2026-08-31,SJP,36.32218844984803
2026-08-31,SKL,24.342105263157894
2026-08-31,SKO,26.174496644295303
2026-08-31,SKS,
2026-08-31,SKT,65.82278481012658
2026-08-31,SKZ,47.340425531914896
2026-08-31,SLF,53.28947368421052
2026-08-31,SLG,63.422818791946305
2026-08-31,SLR,
2026-08-31,SLS,
2026-08-31,SMP,
2026-08-31,SNY,46.6565349544073
2026-08-31,SOS,96.85534591194968
2026-08-31,SPA,54.40729483282675
2026-08-31,SPD,
2026-08-31,SPE,65.19756838905775
2026-08-31,SPN,25.835866261398177
2026-08-31,SPP,35.85526315789474
2026-08-31,SPR,
2026-08-31,SPT,46.20253164556962
2026-08-31,SRA,
2026-08-31,SRE,
2026-08-31,SRL,2.348993288590604
2026-08-31,SRO,
2026-08-31,SSD,
2026-08-31,SSE,42.32522796352583
2026-08-31,SSF,
2026-08-31,SSK,66.66666666666666
2026-08-31,SSN,
2026-08-31,SSO,
2026-08-31,SSS,19.798657718120808
2026-08-31,SST,
2026-08-31,ST1,43.288590604026844
2026-08-31,STI,62.91793313069908
2026-08-31,STM,
2026-08-31,STS,47.30243161094225
2026-08-31,STZ,62.006079027355625
2026-08-31,SUA,39.30817610062893
2026-08-31,SUB,54.71698113207547
2026-08-31,SUC,60.0
2026-08-31,SUR,68.12080536912751
2026-08-31,SVB,43.08176100628931
2026-08-31,SVS,
2026-08-31,SVY,
2026-08-31,SYF,
2026-08-31,SYL,
2026-08-31,SYR,47.758358662613986
2026-08-31,SYS,37.424012158054715
2026-08-31,T3B,86.55015197568389
2026-08-31,TAL,76.7123287671233
2026-08-31,TAO,
2026-08-31,TAR,14.465408805031448
2026-08-31,TAU,87.91946308724832
2026-08-31,TAZ,
2026-08-31,TB9,47.64437689969605
2026-08-31,TBP,36.7816091954023
2026-08-31,TBT,87.34177215189874
2026-08-31,TBV,22.78481012658228
2026-08-31,TCA,52.73972602739726
2026-08-31,TCB,47.03947368421052
2026-08-31,TCC,47.264437689969604
2026-08-31,TCD,60.0
2026-08-31,TCF,11.49425287356322
2026-08-31,TCG,
2026-08-31,TCH,44.680851063829785
2026-08-31,TCI,46.27659574468085
2026-08-31,TCS,58.51063829787234
2026-08-31,TDG,25.949367088607595
2026-08-31,TDP,40.38753799392097
2026-08-31,TE3,57.54716981132076
2026-08-31,TE4,49.37106918238994
2026-08-31,TEJ,82.18390804597702
2026-08-31,TFE,28.164556962025316
2026-08-31,TFF,46.55172413793103
2026-08-31,TFU,1.89873417721519
2026-08-31,TGA,39.937106918238996
2026-08-31,TGE,31.03448275862069
2026-08-31,TGN,32.56578947368421
2026-08-31,TGR,26.10062893081761
2026-08-31,TGT,76.58227848101265
2026-08-31,TGV,37.68996960486322
2026-08-31,TGZ,61.8161094224924
2026-08-31,THD,
2026-08-31,THF,99.32885906040268
2026-08-31,THG,47.64437689969604
2026-08-31,THH,
2026-08-31,THO,56.04103343465046
2026-08-31,THS,
2026-08-31,THT,92.5531914893617
2026-08-31,THV,37.76595744680851
2026-08-31,TI1,66.11842105263158
2026-08-31,TI2,36.91275167785235
2026-08-31,TI3,25.16778523489933
2026-08-31,TI4,20.12578616352201
2026-08-31,TI6,44.936708860759495
2026-08-31,TI7,33.9622641509434
2026-08-31,TIE,64.76510067114094
2026-08-31,TIL,68.9873417721519
2026-08-31,TIP,59.95440729483282
2026-08-31,TIV,73.41772151898735
2026-08-31,TJB,
2026-08-31,TJF,40.229885057471265
2026-08-31,TJI,61.49425287356321
2026-08-31,TJL,
2026-08-31,TJT,26.027397260273972
2026-08-31,TKF,68.12080536912752
2026-08-31,TKH,
2026-08-31,TKK,33.33333333333333
2026-08-31,TKM,37.17105263157895
2026-08-31,TLC,60.06289308176101
2026-08-31,TLE,55.696202531645575
2026-08-31,TLH,48.322147651006716
2026-08-31,TLK,36.18421052631579
2026-08-31,TLT,
2026-08-31,TLU,39.47568389057751
2026-08-31,TLV,61.513157894736835
2026-08-31,TLY,90.12158054711247
2026-08-31,TLZ,83.86075949367088
2026-08-31,TMC,48.742138364779876
2026-08-31,TMG,59.395973154362416
2026-08-31,TMM,83.1306990881459
2026-08-31,TMR,
2026-08-31,TMS,83.96656534954408
2026-08-31,TMU,22.988505747126432
2026-08-31,TMV,95.74468085106383
2026-08-31,TMZ,63.2183908045977
2026-08-31,TNB,22.64437689969605
2026-08-31,TND,33.0188679245283
2026-08-31,TNF,
2026-08-31,TNH,
2026-08-31,TNI,30.503144654088047
2026-08-31,TNK,51.89873417721519
2026-08-31,TNS,68.42705167173253
2026-08-31,TO8,65.34954407294833
2026-08-31,TOK,62.68996960486322
2026-08-31,TOT,17.721518987341774
2026-08-31,TP1,
2026-08-31,TP2,82.23684210526315
2026-08-31,TPC,76.02739726027397
2026-08-31,TPE,12.658227848101264
2026-08-31,TPF,50.0
2026-08-31,TPJ,26.51975683890577
2026-08-31,TPL,20.253164556962027
2026-08-31,TPO,
2026-08-31,TPP,51.06382978723404
2026-08-31,TPR,
2026-08-31,TPV,
2026-08-31,TPZ,53.164556962025316
2026-08-31,TRJ,73.41772151898734
2026-08-31,TRN,
2026-08-31,TRO,22.602739726027398
2026-08-31,TRR,39.58966565349544
2026-08-31,TRU,34.17721518987342
2026-08-31,TSI,56.32911392405063
2026-08-31,TSP,
2026-08-31,TTA,39.726027397260275
2026-08-31,TTE,46.308724832214764
2026-08-31,TTL,52.735562310030396
2026-08-31,TTP,32.75075987841946
2026-08-31,TTS,
2026-08-31,TTV,36.170212765957444
2026-08-31,TTZ,
2026-08-31,TUA,58.21917808219178
2026-08-31,TVE,36.075949367088604
2026-08-31,TVN,76.4367816091954
2026-08-31,TYH,48.65771812080537
2026-08-31,TZC,71.38364779874215
2026-08-31,TZD,69.46308724832215
2026-08-31,TZH,
2026-08-31,TZL,40.78947368421053
2026-08-31,TZP,49.69604863221885
2026-08-31,TZT,67.72151898734177
2026-08-31,TZV,67.08860759493672
2026-08-31,UAB,
2026-08-31,UAP,
2026-08-31,UCN,
2026-08-31,UCP,14.144736842105264
2026-08-31,UFH,
2026-08-31,UHL,
2026-08-31,UHS,71.01063829787233
2026-08-31,ULH,51.13981762917933
2026-08-31,ULL,
2026-08-31,UNT,41.41337386018237
2026-08-31,UP1,58.21917808219178
2026-08-31,UP2,64.47368421052632
2026-08-31,UPD,33.96656534954407
2026-08-31,UPH,10.738255033557046
2026-08-31,UPP,37.82894736842105
2026-08-31,UPS,
2026-08-31,URA,54.716981132075475
2026-08-31,URC,22.568389057750757
2026-08-31,URD,32.911392405063296
2026-08-31,URG,
2026-08-31,URM,
2026-08-31,URS,
2026-08-31,URV,
2026-08-31,USS,
2026-08-31,UST,
2026-08-31,USY,41.48936170212767
2026-08-31,UYH,41.565349544072944
2026-08-31,UZY,76.51975683890578
2026-08-31,VAY,66.44295302013423
2026-08-31,VCD,31.15501519756839
2026-08-31,VCG,48.86018237082067
2026-08-31,VCY,39.30817610062893
2026-08-31,VFK,48.10126582278481
2026-08-31,VFO,69.86301369863014
2026-08-31,VFS,
2026-08-31,VHS,71.51898734177215
2026-08-31,VK6,40.78947368421052
2026-08-31,VKI,15.822784810126583
2026-08-31,VKK,72.15189873417722
2026-08-31,VKT,71.51898734177215
2026-08-31,VKV,71.51898734177215
2026-08-31,VLT,65.06849315068493
2026-08-31,VMV,73.93617021276596
2026-08-31,VNK,78.49544072948328
2026-08-31,VPA,9.868421052631579
2026-08-31,VPP,72.87234042553192
2026-08-31,VPS,20.820668693009118
2026-08-31,VRK,44.936708860759495
2026-08-31,VTF,
2026-08-31,VTL,67.40506329113924
2026-08-31,YA1,73.6322188449848
2026-08-31,YAC,51.724137931034484
2026-08-31,YAE,19.62025316455696
2026-08-31,YAK,62.5
2026-08-31,YAN,36.20689655172414
2026-08-31,YAR,
2026-08-31,YAS,61.07382550335571
2026-08-31,YAY,55.70469798657718
2026-08-31,YBE,32.278481012658226
2026-08-31,YBH,39.285714285714285
2026-08-31,YBJ,
2026-08-31,YBP,38.679245283018865
2026-08-31,YBR,64.58966565349544
2026-08-31,YBS,17.088607594936708
2026-08-31,YCG,
2026-08-31,YCH,45.40229885057471
2026-08-31,YCK,76.59574468085106
2026-08-31,YCL,9.80243161094225
2026-08-31,YCP,83.28267477203647
2026-08-31,YCY,71.83544303797468
2026-08-31,YDH,
2026-08-31,YDI,76.17449664429529
2026-08-31,YDK,51.89873417721519
2026-08-31,YDL,
2026-08-31,YDM,
2026-08-31,YDP,85.22012578616352
2026-08-31,YDZ,28.267477203647417
2026-08-31,YEF,90.93959731543625
2026-08-31,YFV,52.21518987341772
2026-08-31,YGM,52.96352583586626
2026-08-31,YHB,66.44295302013423
2026-08-31,YHI,49.84802431610942
2026-08-31,YHK,47.15189873417722
2026-08-31,YHP,
2026-08-31,YHS,60.73825503355704
2026-08-31,YHT,61.39240506329114
2026-08-31,YHY,36.51215805471125
2026-08-31,YHZ,80.20134228187919
2026-08-31,YIK,10.855263157894736
2026-08-31,YIS,
2026-08-31,YIT,26.10062893081761
2026-08-31,YIV,
2026-08-31,YJA,
2026-08-31,YJH,17.61006289308176
2026-08-31,YJK,51.72413793103449
2026-08-31,YJU,
2026-08-31,YJY,30.47112462006079
2026-08-31,YKS,50.22796352583586
2026-08-31,YKT,54.10958904109589
2026-08-31,YLB,50.0
2026-08-31,YLC,14.465408805031446
2026-08-31,YLE,42.95302013422819
2026-08-31,YLO,33.33333333333333
2026-08-31,YLR,
2026-08-31,YLY,26.845637583892618
2026-08-31,YLZ,47.41641337386018
2026-08-31,YMD,47.94832826747721
2026-08-31,YMH,24.012158054711247
2026-08-31,YMP,82.89473684210526
2026-08-31,YNF,
2026-08-31,YNK,55.851063829787236
2026-08-31,YNL,
2026-08-31,YOA,24.050632911392402
2026-08-31,YOS,36.246200607902736
2026-08-31,YOT,72.78481012658227
2026-08-31,YOZ,55.3951367781155
2026-08-31,YP1,
2026-08-31,YP2,
2026-08-31,YP4,26.975683890577507
2026-08-31,YPC,41.82389937106918
2026-08-31,YPD,
2026-08-31,YPF,51.82370820668693
2026-08-31,YPI,46.42857142857143
2026-08-31,YPK,50.0
2026-08-31,YPL,54.33130699088146
2026-08-31,YPN,67.40121580547113
2026-08-31,YPP,
2026-08-31,YPR,56.375838926174495
2026-08-31,YPT,36.18421052631579
2026-08-31,YPU,68.00911854103343
2026-08-31,YPV,71.83908045977012
2026-08-31,YRZ,28.495440729483285
2026-08-31,YSA,81.0030395136778
2026-08-31,YSH,81.44654088050314
2026-08-31,YSL,32.27848101265823
2026-08-31,YSO,91.7933130699088
2026-08-31,YSU,52.83018867924528
2026-08-31,YTD,70.11494252873564
2026-08-31,YTJ,
2026-08-31,YTO,
2026-08-31,YTR,
2026-08-31,YTV,17.29559748427673
2026-08-31,YTY,69.52887537993921
2026-08-31,YUB,56.68693009118542
2026-08-31,YUD,
2026-08-31,YUI,
2026-08-31,YUK,30.3951367781155
2026-08-31,YUN,53.19148936170213
2026-08-31,YUY,
2026-08-31,YVB,82.27848101265823
2026-08-31,YVD,51.31578947368421
2026-08-31,YVF,
2026-08-31,YVG,64.43768996960488
2026-08-31,YVO,
2026-08-31,YVS,
2026-08-31,YZC,77.67295597484276
2026-08-31,YZF,
2026-08-31,YZG,67.24137931034483
2026-08-31,YZH,87.91946308724832
2026-08-31,YZK,31.15501519756839
2026-08-31,YZL,56.68693009118542
2026-08-31,YZT,95.28301886792453
2026-08-31,ZA2,51.64473684210526
2026-08-31,ZAD,46.835443037974684
2026-08-31,ZAV,37.31003039513678
2026-08-31,ZAY,9.210526315789473
2026-08-31,ZBD,57.86163522012579
2026-08-31,ZBI,36.70886075949367
2026-08-31,ZBJ,77.96052631578948
2026-08-31,ZBN,31.15501519756839
2026-08-31,ZBO,64.36170212765957
2026-08-31,ZBZ,
2026-08-31,ZCA,
2026-08-31,ZCB,
2026-08-31,ZCC,
2026-08-31,ZCD,33.56164383561644
2026-08-31,ZCE,
2026-08-31,ZCF,
2026-08-31,ZCG,76.51975683890578
2026-08-31,ZCH,
2026-08-31,ZCK,79.43037974683544
2026-08-31,ZCN,88.50574712643677
2026-08-31,ZDD,53.459119496855344
2026-08-31,ZDK,
2026-08-31,ZDZ,65.72327044025157
2026-08-31,ZFB,39.937106918238996
2026-08-31,ZFZ,
2026-08-31,ZHH,64.76510067114094
2026-08-31,ZIH,50.31446540880503
2026-08-31,ZJB,32.066869300911854
2026-08-31,ZJH,
2026-08-31,ZJI,34.19452887537994
2026-08-31,ZJL,51.67785234899329
2026-08-31,ZJT,
2026-08-31,ZJV,60.06711409395973
2026-08-31,ZK1,44.30379746835443
2026-08-31,ZK2,20.88607594936709
2026-08-31,ZKK,
2026-08-31,ZLB,29.711246200607903
2026-08-31,ZLG,
2026-08-31,ZLH,42.28187919463087
2026-08-31,ZMT,69.6048632218845
2026-08-31,ZMU,57.52279635258358
2026-08-31,ZMY,67.29559748427673
2026-08-31,ZNF,
2026-08-31,ZOS,66.45136778115503
2026-08-31,ZP1,
2026-08-31,ZP2,
2026-08-31,ZP3,
2026-08-31,ZP6,13.291139240506329
2026-08-31,ZP7,
2026-08-31,ZP8,42.10526315789474
2026-08-31,ZP9,50.31645569620253
2026-08-31,ZPA,59.726443768996965
2026-08-31,ZPC,71.83908045977012
2026-08-31,ZPE,72.15189873417722
2026-08-31,ZPF,37.34177215189873
2026-08-31,ZPG,34.810126582278485
2026-08-31,ZPH,50.65789473684211
2026-08-31,ZPJ,53.48101265822785
2026-08-31,ZPK,66.13924050632912
2026-08-31,ZPN,
2026-08-31,ZPO,84.21052631578948
2026-08-31,ZPR,78.28947368421052
2026-08-31,ZR2,
2026-08-31,ZR3,37.006079027355625
2026-08-31,ZSB,79.55927051671732
2026-08-31,ZSF,47.31543624161074
2026-08-31,ZSG,55.74712643678161
2026-08-31,ZSK,
2026-08-31,ZSN,
2026-08-31,ZTF,
2026-08-31,ZTG,27.586206896551726
2026-08-31,ZTV,56.375838926174495
2026-08-31,ZUD,
2026-08-31,ZUE,
2026-08-31,ZUS,21.6565349544073
2026-08-31,ZVB,37.38601823708207
2026-08-31,ZVO,30.54711246200608
2026-08-31,ZYC,
2026-08-31,ZYD,
2026-08-31,ZZL,62.19604863221885
2026-08-31,FDY,
2026-08-31,ZJR,
2026-08-31,DKY,36.20820668693009
2026-08-31,FKH,
2026-09-01,AAL,0.3289473684210526
2026-09-01,AAS,40.804597701149426
2026-09-01,AAV,48.65771812080537
2026-09-01,ABG,78.79939209726444
2026-09-01,ABJ,
2026-09-01,ABU,81.44654088050315
2026-09-01,AC1,59.81012658227848
2026-09-01,AC2,38.67781155015197
2026-09-01,AC3,17.857142857142858
2026-09-01,AC4,93.0921052631579
2026-09-01,AC5,86.55015197568389
2026-09-01,AC6,50.98784194528876
2026-09-01,AC7,3.723404255319149
2026-09-01,AC8,25.91185410334346
2026-09-01,ACC,34.56375838926174
2026-09-01,ACD,73.27044025157232
2026-09-01,ACN,59.650455927051674
2026-09-01,ACU,56.00303951367781
2026-09-01,ADE,50.62893081761006
2026-09-01,ADP,13.758389261744966
2026-09-01,AED,96.54088050314465
2026-09-01,AES,6.321839080459771
2026-09-01,AEV,
2026-09-01,AFA,89.59731543624162
2026-09-01,AFO,56.849315068493155
2026-09-01,AFS,92.28187919463086
2026-09-01,AFT,9.731543624161073
2026-09-01,AFV,82.21476510067114
2026-09-01,AGC,71.38364779874213
2026-09-01,AHH,89.74164133738601
2026-09-01,AHI,45.97315436241611
2026-09-01,AHN,66.64133738601824
2026-09-01,AHU,28.48101265822785
2026-09-01,AHV,79.88505747126436
2026-09-01,AHZ,90.22988505747126
2026-09-01,AI1,93.9969604863222
2026-09-01,AIH,
2026-09-01,AII,
2026-09-01,AIM,
2026-09-01,AIR,
2026-09-01,AIS,70.72368421052632
2026-09-01,AJ1,70.74468085106383
2026-09-01,AJE,74.3920972644377
2026-09-01,AJK,92.17325227963525
2026-09-01,AJL,45.66869300911854
2026-09-01,AJN,37.31003039513678
2026-09-01,AK2,66.45569620253164
2026-09-01,AK3,74.16107382550335
2026-09-01,AKE,10.759493670886076
2026-09-01,AKU,62.08053691275168
2026-09-01,AL4,70.56962025316456
2026-09-01,AL5,21.202531645569618
2026-09-01,AL6,69.30379746835443
2026-09-01,AL7,76.89873417721519
2026-09-01,ALC,84.22818791946308
2026-09-01,ALE,30.592105263157894
2026-09-01,AN1,80.18867924528303
2026-09-01,ANL,77.96052631578947
2026-09-01,ANZ,44.30091185410334
2026-09-01,AOJ,40.65349544072948
2026-09-01,AOY,4.3624161073825505
2026-09-01,AP2,14.209726443768997
2026-09-01,AP4,9.954407294832828
2026-09-01,AP5,
2026-09-01,AP6,8.904109589041095
2026-09-01,AP7,76.67173252279636
2026-09-01,APJ,23.563218390804597
2026-09-01,APP,
2026-09-01,APT,75.31645569620254
2026-09-01,ARE,96.30872483221476
2026-09-01,ARF,
2026-09-01,ARL,21.26436781609195
2026-09-01,ARM,1.7241379310344827
2026-09-01,ARP,
2026-09-01,AS1,
2026-09-01,AS3,17.705167173252278
2026-09-01,ASJ,69.46308724832215
2026-09-01,ATJ,
2026-09-01,AU1,99.31506849315068
2026-09-01,AUV,29.711246200607906
2026-09-01,AVC,6.914893617021277
2026-09-01,AVT,80.37974683544303
2026-09-01,AVZ,
2026-09-01,AY6,59.04255319148937
2026-09-01,AY7,75.75987841945289
2026-09-01,AYA,14.429530201342283
2026-09-01,AYR,55.06329113924051
2026-09-01,AZF,
2026-09-01,AZJ,92.02127659574468
2026-09-01,AZV,
2026-09-01,AZZ,
2026-09-01,BA1,93.2370820668693
2026-09-01,BAC,0.8358662613981762
2026-09-01,BAG,90.0
2026-09-01,BAI,66.43835616438356
2026-09-01,BAL,
2026-09-01,BAO,
2026-09-01,BAS,
2026-09-01,BBF,44.936708860759495
2026-09-01,BBI,
2026-09-01,BBN,14.513677811550153
2026-09-01,BBO,4.635258358662614
2026-09-01,BBP,57.59493670886076
2026-09-01,BBS,97.3404255319149
2026-09-01,BCC,
2026-09-01,BCK,38.05031446540881
2026-09-01,BCO,99.68354430379746
2026-09-01,BDA,14.873417721518987
2026-09-01,BDC,25.455927051671733
2026-09-01,BDI,9.498480243161096
2026-09-01,BDO,14.969604863221885
2026-09-01,BDS,3.0201342281879198
2026-09-01,BDY,94.96644295302013
2026-09-01,BFE,37.35632183908046
2026-09-01,BFO,
2026-09-01,BFS,85.63218390804597
2026-09-01,BFT,3.691275167785235
2026-09-01,BGH,
2026-09-01,BGP,33.223684210526315
2026-09-01,BGR,62.751677852349
2026-09-01,BHA,95.63758389261746
2026-09-01,BHE,32.902735562310035
2026-09-01,BHF,11.0062893081761
2026-09-01,BHH,5.395136778115502
2026-09-01,BHI,93.38905775075987
2026-09-01,BHL,29.407294832826747
2026-09-01,BHN,3.2674772036474162
2026-09-01,BHO,
2026-09-01,BI5,10.410334346504559
2026-09-01,BIA,
2026-09-01,BID,60.738255033557046
2026-09-01,BIG,64.76510067114094
2026-09-01,BIH,97.6510067114094
2026-09-01,BIK,2.2036474164133737
2026-09-01,BIO,12.416107382550337
2026-09-01,BIP,66.11842105263158
2026-09-01,BIS,75.91185410334347
2026-09-01,BIY,80.20134228187919
2026-09-01,BJD,33.20668693009118
2026-09-01,BKO,
2026-09-01,BKY,61.70886075949367
2026-09-01,BLA,1.2917933130699089
2026-09-01,BLD,90.80547112462007
2026-09-01,BLT,97.94520547945206
2026-09-01,BMU,71.65653495440729
2026-09-01,BNC,78.19148936170212
2026-09-01,BNH,62.38601823708206
2026-09-01,BOH,5.547112462006079
2026-09-01,BOL,65.18987341772153
2026-09-01,BON,36.075949367088604
2026-09-01,BOP,82.59878419452887
2026-09-01,BOS,6.164383561643835
2026-09-01,BP5,9.650455927051672
2026-09-01,BPD,88.52583586626139
2026-09-01,BPZ,99.67105263157895
2026-09-01,BRB,2.3556231003039514
2026-09-01,BRC,73.63221884498479
2026-09-01,BRF,60.3448275862069
2026-09-01,BRG,69.4078947368421
2026-09-01,BRH,41.413373860182375
2026-09-01,BRR,96.83544303797468
2026-09-01,BRT,5.851063829787234
2026-09-01,BRZ,
2026-09-01,BS1,95.51671732522796
2026-09-01,BSA,
2026-09-01,BSC,4.787234042553192
2026-09-01,BSD,61.474164133738604
2026-09-01,BSE,4.179331306990881
2026-09-01,BSF,
2026-09-01,BSH,
2026-09-01,BSM,97.49240121580547
2026-09-01,BSN,2.0516717325227964
2026-09-01,BST,23.17629179331307
2026-09-01,BTE,58.80503144654088
2026-09-01,BTJ,79.86322188449849
2026-09-01,BTK,49.68354430379747
2026-09-01,BTP,4.934210526315789
2026-09-01,BTY,
2026-09-01,BTZ,
2026-09-01,BUB,89.08045977011494
2026-09-01,BUC,5.699088145896656
2026-09-01,BUP,
2026-09-01,BUT,
2026-09-01,BUV,18.161094224924014
2026-09-01,BUY,52.013422818791945
2026-09-01,BV1,71.47651006711409
2026-09-01,BVB,
2026-09-01,BVC,
2026-09-01,BVD,64.46540880503144
2026-09-01,BVF,77.30263157894737
2026-09-01,BVH,65.27355623100304
2026-09-01,BVI,19.07294832826748
2026-09-01,BVK,
2026-09-01,BVM,16.48936170212766
2026-09-01,BVT,65.12158054711246
2026-09-01,BVV,41.82389937106918
2026-09-01,BVZ,93.08510638297872
2026-09-01,BYZ,13.905775075987842
2026-09-01,CAH,4.331306990881459
2026-09-01,CBD,12.537993920972646
2026-09-01,CBN,
2026-09-01,CBO,
2026-09-01,CEY,
2026-09-01,CFO,17.434210526315788
2026-09-01,CGD,
2026-09-01,CHY,19.52887537993921
2026-09-01,CIN,43.08510638297872
2026-09-01,CJD,79.7112462006079
2026-09-01,CJF,
2026-09-01,CJG,
2026-09-01,CJH,26.063829787234045
2026-09-01,CKF,69.9367088607595
2026-09-01,CKL,72.64150943396226
2026-09-01,CKS,62.34177215189873
2026-09-01,COT,49.92401215805471
2026-09-01,CPT,9.119496855345911
2026-09-01,CPU,72.46835443037975
2026-09-01,CRL,
2026-09-01,CSD,
2026-09-01,CSH,6.306990881458967
2026-09-01,CTF,
2026-09-01,CTG,
2026-09-01,CTM,
2026-09-01,CTP,
2026-09-01,CTV,
2026-09-01,CVA,
2026-09-01,CVB,
2026-09-01,CVC,
2026-09-01,CVD,
2026-09-01,CVE,
2026-09-01,CVF,
2026-09-01,CVK,56.0126582278481
2026-09-01,CVL,99.0506329113924
2026-09-01,CYD,55.69908814589666
2026-09-01,DA1,
2026-09-01,DAC,
2026-09-01,DAE,
2026-09-01,DAH,46.644295302013425
2026-09-01,DAI,
2026-09-01,DAL,
2026-09-01,DAP,31.25
2026-09-01,DAS,53.57142857142857
2026-09-01,DAT,
2026-09-01,DAV,50.6838905775076
2026-09-01,DAZ,
2026-09-01,DB2,
2026-09-01,DBA,47.26027397260274
2026-09-01,DBB,39.87341772151899
2026-09-01,DBG,
2026-09-01,DBH,12.025316455696203
2026-09-01,DBK,85.44303797468355
2026-09-01,DBP,75.15723270440252
2026-09-01,DBZ,29.746835443037973
2026-09-01,DCB,39.80263157894737
2026-09-01,DCD,
2026-09-01,DCE,
2026-09-01,DCN,89.14473684210526
2026-09-01,DCP,
2026-09-01,DCV,60.71428571428571
2026-09-01,DDA,62.537993920972646
2026-09-01,DDC,7.37082066869301
2026-09-01,DDE,
2026-09-01,DDF,87.46200607902736
2026-09-01,DDP,
2026-09-01,DEF,73.48024316109422
2026-09-01,DEH,82.88590604026845
2026-09-01,DEI,
2026-09-01,DFC,1.5723270440251573
2026-09-01,DFD,79.25531914893617
2026-09-01,DFI,87.31003039513678
2026-09-01,DFO,
2026-09-01,DGF,54.40251572327044
2026-09-01,DGH,72.69736842105263
2026-09-01,DHI,11.018237082066868
2026-09-01,DHJ,47.31543624161073
2026-09-01,DHM,17.81609195402299
2026-09-01,DHP,
2026-09-01,DHS,
2026-09-01,DHT,11.635220125786164
2026-09-01,DHV,19.984802431610944
2026-09-01,DID,40.56603773584906
2026-09-01,DIH,56.45896656534954
2026-09-01,DIM,
2026-09-01,DIP,41.118421052631575
2026-09-01,DK1,63.60759493670886
2026-09-01,DK8,33.66261398176292
2026-09-01,DKA,69.68085106382979
2026-09-01,DKC,75.30395136778115
2026-09-01,DKH,30.063291139240505
2026-09-01,DKL,43.35443037974683
2026-09-01,DKP,42.02127659574468
2026-09-01,DKR,36.246200607902736
2026-09-01,DKS,
2026-09-01,DL2,6.907894736842106
2026-09-01,DLD,81.54362416107382
2026-09-01,DLG,
2026-09-01,DLN,97.79635258358662
2026-09-01,DLY,41.776315789473685
2026-09-01,DLZ,39.285714285714285
2026-09-01,DMG,29.310344827586203
2026-09-01,DMI,
2026-09-01,DMR,
2026-09-01,DMV,
2026-09-01,DMZ,
2026-09-01,DNA,
2026-09-01,DNF,63.793103448275865
2026-09-01,DNH,30.47112462006079
2026-09-01,DNK,39.55696202531646
2026-09-01,DNL,
2026-09-01,DNM,73.17629179331307
2026-09-01,DNP,76.64473684210526
2026-09-01,DNU,62.68996960486323
2026-09-01,DOC,33.05471124620061
2026-09-01,DOD,59.80243161094225
2026-09-01,DOH,96.12462006079028
2026-09-01,DOL,83.05471124620061
2026-09-01,DOR,
2026-09-01,DOS,
2026-09-01,DOV,26.671732522796354
2026-09-01,DP1,
2026-09-01,DP2,53.11550151975683
2026-09-01,DP3,
2026-09-01,DP4,
2026-09-01,DP5,
2026-09-01,DP6,30.319148936170215
2026-09-01,DP7,
2026-09-01,DP8,78.76712328767124
2026-09-01,DP9,26.82370820668693
2026-09-01,DPB,45.21276595744681
2026-09-01,DPC,
2026-09-01,DPE,
2026-09-01,DPG,
2026-09-01,DPI,75.15197568389058
2026-09-01,DPK,65.50632911392405
2026-09-01,DPL,
2026-09-01,DPN,
2026-09-01,DPP,
2026-09-01,DPT,45.302013422818796
2026-09-01,DPZ,
2026-09-01,DRA,28.3434650455927
2026-09-01,DRD,24.39209726443769
2026-09-01,DRH,58.58662613981763
2026-09-01,DRT,66.98113207547169
2026-09-01,DSC,
2026-09-01,DSD,44.90881458966565
2026-09-01,DSH,97.94832826747721
2026-09-01,DSP,87.93103448275862
2026-09-01,DSV,25.0
2026-09-01,DTH,37.919463087248324
2026-09-01,DTL,66.77852348993288
2026-09-01,DTM,32.38993710691824
2026-09-01,DTO,63.297872340425535
2026-09-01,DTP,
2026-09-01,DTV,
2026-09-01,DTZ,46.855345911949684
2026-09-01,DUC,
2026-09-01,DUD,80.01519756838906
2026-09-01,DUH,12.386018237082066
2026-09-01,DUT,64.36170212765957
2026-09-01,DUV,24.68354430379747
2026-09-01,DVC,
2026-09-01,DVI,
2026-09-01,DVN,
2026-09-01,DVO,
2026-09-01,DVS,99.62006079027356
2026-09-01,DVT,70.12578616352201
2026-09-01,DVU,
2026-09-01,DVZ,
2026-09-01,DXP,75.50335570469798
2026-09-01,DYJ,60.258358662613986
2026-09-01,DYN,33.64779874213836
2026-09-01,DYS,90.65349544072949
2026-09-01,DZ2,
2026-09-01,DZE,68.12080536912751
2026-09-01,DZM,54.17933130699089
2026-09-01,DZP,
2026-09-01,DZS,81.0790273556231
2026-09-01,EBD,37.42138364779874
2026-09-01,EBI,40.80547112462006
2026-09-01,EBS,47.64437689969605
2026-09-01,EC2,39.261744966442954
2026-09-01,ECA,95.9119496855346
2026-09-01,ECB,49.67105263157895
2026-09-01,ECV,62.65822784810127
2026-09-01,EDD,98.42767295597484
2026-09-01,EDN,85.22012578616352
2026-09-01,EDP,84.53947368421053
2026-09-01,EDT,86.70212765957447
2026-09-01,EDU,75.78616352201259
2026-09-01,EES,
2026-09-01,EGP,63.14589665653495
2026-09-01,EGR,80.81761006289308
2026-09-01,EHS,
2026-09-01,EIB,62.57861635220125
2026-09-01,EID,67.4496644295302
2026-09-01,EIL,75.98684210526315
2026-09-01,EJG,
2026-09-01,EKF,51.58227848101266
2026-09-01,EKL,3.618421052631579
2026-09-01,ELZ,8.544303797468354
2026-09-01,EME,10.25835866261398
2026-09-01,EML,49.37106918238994
2026-09-01,ENA,99.05660377358491
2026-09-01,ENJ,43.288590604026844
2026-09-01,ENO,91.41337386018236
2026-09-01,ENR,97.03947368421053
2026-09-01,ENS,86.47798742138365
2026-09-01,EP1,27.960526315789476
2026-09-01,EPA,13.486842105263158
2026-09-01,EPI,29.430379746835445
2026-09-01,EPK,4.794520547945205
2026-09-01,EPO,
2026-09-01,EPP,43.75
2026-09-01,EPT,49.01315789473684
2026-09-01,ESG,71.20060790273556
2026-09-01,ESN,54.93920972644377
2026-09-01,ESP,8.434650455927052
2026-09-01,ETN,
2026-09-01,EUN,32.598784194528875
2026-09-01,EUZ,50.379939209726444
2026-09-01,EVM,78.30188679245283
2026-09-01,EYT,61.49425287356321
2026-09-01,EZM,
2026-09-01,FAK,0.684931506849315
2026-09-01,FAL,51.369863013698634
2026-09-01,FBC,6.645569620253164
2026-09-01,FBI,87.61398176291793
2026-09-01,FBN,42.47720364741641
2026-09-01,FBV,72.56838905775076
2026-09-01,FBZ,85.03039513677811
2026-09-01,FCK,7.9113924050632916
2026-09-01,FCS,88.98176291793312
2026-09-01,FD1,45.59748427672956
2026-09-01,FDE,38.82978723404255
2026-09-01,FDG,8.49056603773585
2026-09-01,FDO,
2026-09-01,FDV,
2026-09-01,FDZ,10.106382978723403
2026-09-01,FFD,78.61842105263158
2026-09-01,FFF,
2026-09-01,FFH,45.88607594936709
2026-09-01,FFO,
2026-09-01,FFP,53.44827586206896
2026-09-01,FHI,20.74468085106383
2026-09-01,FHP,19.407894736842106
2026-09-01,FHZ,
2026-09-01,FI3,32.278481012658226
2026-09-01,FI5,63.48684210526315
2026-09-01,FIB,28.08219178082192
2026-09-01,FID,43.710691823899374
2026-09-01,FIL,32.56578947368421
2026-09-01,FIT,25.949367088607595
2026-09-01,FJB,49.16413373860182
2026-09-01,FJC,73.32826747720364
2026-09-01,FJM,56.762917933130694
2026-09-01,FJN,72.11246200607903
2026-09-01,FJZ,62.8419452887538
2026-09-01,FKE,46.88449848024316
2026-09-01,FKV,34.57446808510639
2026-09-01,FLS,74.24012158054711
2026-09-01,FLY,7.861635220125786
2026-09-01,FMG,30.167173252279632
2026-09-01,FMS,
2026-09-01,FMV,93.69300911854104
2026-09-01,FNO,47.48427672955975
2026-09-01,FNT,78.03951367781154
2026-09-01,FP4,1.8996960486322187
2026-09-01,FPE,6.962025316455696
2026-09-01,FPG,49.77203647416413
2026-09-01,FPH,68.79194630872483
2026-09-01,FPI,18.092105263157894
2026-09-01,FPK,18.354430379746837
2026-09-01,FPR,38.22188449848024
2026-09-01,FPZ,63.90577507598785
2026-09-01,FR1,7.218844984802432
2026-09-01,FRA,
2026-09-01,FRC,15.577507598784193
2026-09-01,FRZ,
2026-09-01,FS1,2.9635258358662613
2026-09-01,FS2,65.88145896656535
2026-09-01,FS3,0.31645569620253167
2026-09-01,FS4,0.5319148936170213
2026-09-01,FS5,58.43465045592705
2026-09-01,FS6,89.13373860182371
2026-09-01,FSF,44.40789473684211
2026-09-01,FSG,38.06990881458967
2026-09-01,FSH,8.620689655172415
2026-09-01,FSK,64.14473684210526
2026-09-01,FSM,22.56838905775076
2026-09-01,FSP,
2026-09-01,FSR,37.765957446808514
2026-09-01,FSU,99.42528735632183
2026-09-01,FSV,26.51975683890577
2026-09-01,FTL,25.32894736842105
2026-09-01,FTY,37.61398176291793
2026-09-01,FUA,58.7248322147651
2026-09-01,FUB,3.1645569620253164
2026-09-01,FUM,
2026-09-01,FUN,86.39817629179332
2026-09-01,FUP,
2026-09-01,FVL,85.94224924012158
2026-09-01,FYA,18.465045592705167
2026-09-01,FYB,
2026-09-01,FYD,35.23489932885906
2026-09-01,FYF,49.620060790273556
2026-09-01,FYG,
2026-09-01,FYH,28.495440729483285
2026-09-01,FYI,84.27051671732522
2026-09-01,FYM,70.13677811550151
2026-09-01,FYO,61.39240506329114
2026-09-01,FYT,90.50632911392405
2026-09-01,FYZ,
2026-09-01,FZJ,75.28735632183908
2026-09-01,FZP,69.83282674772036
2026-09-01,GA1,50.0
2026-09-01,GAC,
2026-09-01,GAE,55.369127516778526
2026-09-01,GAF,21.812080536912752
2026-09-01,GAG,77.58358662613982
2026-09-01,GAH,70.75471698113208
2026-09-01,GAJ,
2026-09-01,GAL,33.881578947368425
2026-09-01,GAN,26.21580547112462
2026-09-01,GAS,72.72036474164135
2026-09-01,GAU,
2026-09-01,GAV,
2026-09-01,GBC,25.838926174496645
2026-09-01,GBG,65.43624161073825
2026-09-01,GBH,40.5015197568389
2026-09-01,GBJ,60.56231003039514
2026-09-01,GBL,38.607594936708864
2026-09-01,GBN,80.16717325227964
2026-09-01,GBP,
2026-09-01,GBV,9.748427672955975
2026-09-01,GBZ,74.13793103448276
2026-09-01,GCA,
2026-09-01,GCC,
2026-09-01,GCD,80.47112462006079
2026-09-01,GCI,
2026-09-01,GCZ,
2026-09-01,GDJ,
2026-09-01,GDP,
2026-09-01,GEC,
2026-09-01,GEI,0.22796352583586624
2026-09-01,GEZ,
2026-09-01,GFB,
2026-09-01,GFD,
2026-09-01,GFI,
2026-09-01,GFL,
2026-09-01,GFN,
2026-09-01,GFY,
2026-09-01,GGA,
2026-09-01,GGC,
2026-09-01,GGD,
2026-09-01,GGK,54.109589041095894
2026-09-01,GGM,
2026-09-01,GGN,
2026-09-01,GGP,
2026-09-01,GGR,
2026-09-01,GHS,30.536912751677853
2026-09-01,GID,86.24161073825503
2026-09-01,GIE,80.87248322147651
2026-09-01,GIH,
2026-09-01,GJA,
2026-09-01,GJB,28.160919540229884
2026-09-01,GJD,
2026-09-01,GJE,
2026-09-01,GJF,
2026-09-01,GJH,9.539473684210527
2026-09-01,GJM,44.756838905775076
2026-09-01,GJO,
2026-09-01,GKF,35.12658227848101
2026-09-01,GKG,66.10738255033557
2026-09-01,GKH,23.355263157894736
2026-09-01,GKK,
2026-09-01,GKL,
2026-09-01,GKM,57.82674772036474
2026-09-01,GKV,80.69620253164557
2026-09-01,GL1,61.40939597315436
2026-09-01,GLC,67.24137931034483
2026-09-01,GLG,36.85410334346504
2026-09-01,GLL,58.21917808219178
2026-09-01,GLM,
2026-09-01,GLP,
2026-09-01,GLS,54.74683544303798
2026-09-01,GLV,35.48632218844985
2026-09-01,GMA,59.43396226415094
2026-09-01,GMC,12.068965517241379
2026-09-01,GMD,86.7816091954023
2026-09-01,GME,
2026-09-01,GMI,54.63525835866262
2026-09-01,GMM,55.243161094224924
2026-09-01,GMN,24.671052631578945
2026-09-01,GMO,
2026-09-01,GMP,
2026-09-01,GMR,18.456375838926174
2026-09-01,GMZ,
2026-09-01,GNH,
2026-09-01,GNK,
2026-09-01,GNL,
2026-09-01,GNP,36.51315789473684
2026-09-01,GNS,33.89261744966443
2026-09-01,GNZ,
2026-09-01,GO1,94.82758620689656
2026-09-01,GO3,66.0919540229885
2026-09-01,GO4,39.6551724137931
2026-09-01,GO6,83.22368421052632
2026-09-01,GO9,25.16778523489933
2026-09-01,GOF,66.03343465045593
2026-09-01,GOH,78.18791946308725
2026-09-01,GOL,23.972602739726025
2026-09-01,GOP,83.88157894736842
2026-09-01,GP1,
2026-09-01,GP3,74.08814589665653
2026-09-01,GPA,14.556962025316455
2026-09-01,GPB,82.70440251572327
2026-09-01,GPC,47.340425531914896
2026-09-01,GPF,71.83544303797468
2026-09-01,GPG,36.79245283018868
2026-09-01,GPH,
2026-09-01,GPI,74.52830188679245
2026-09-01,GPJ,
2026-09-01,GPL,57.06686930091185
2026-09-01,GPM,
2026-09-01,GPN,92.43421052631578
2026-09-01,GPT,29.874213836477985
2026-09-01,GPU,69.49685534591194
2026-09-01,GPV,
2026-09-01,GPZ,97.69736842105263
2026-09-01,GRL,39.43768996960486
2026-09-01,GRO,67.85714285714286
2026-09-01,GRT,26.51006711409396
2026-09-01,GSE,73.78419452887537
2026-09-01,GSG,
2026-09-01,GSL,
2026-09-01,GSO,
2026-09-01,GSP,39.93288590604027
2026-09-01,GSR,
2026-09-01,GTA,40.41095890410959
2026-09-01,GTF,17.088607594936708
2026-09-01,GTH,83.55704697986577
2026-09-01,GTK,
2026-09-01,GTL,70.06578947368422
2026-09-01,GTM,37.24832214765101
2026-09-01,GTN,
2026-09-01,GTY,47.796352583586625
2026-09-01,GTZ,9.770114942528735
2026-09-01,GUA,
2026-09-01,GUB,79.11392405063292
2026-09-01,GUC,
2026-09-01,GUF,47.701149425287355
2026-09-01,GUH,31.879194630872483
2026-09-01,GUK,11.708860759493671
2026-09-01,GUM,10.0
2026-09-01,GUV,27.21518987341772
2026-09-01,GVA,14.779874213836477
2026-09-01,GVB,
2026-09-01,GVC,
2026-09-01,GVD,
2026-09-01,GVI,36.206896551724135
2026-09-01,GVL,
2026-09-01,GVZ,
2026-09-01,GYC,
2026-09-01,GYG,
2026-09-01,GYK,63.92405063291139
2026-09-01,GYL,48.734177215189874
2026-09-01,GYN,
2026-09-01,GYR,
2026-09-01,GZB,
2026-09-01,GZD,
2026-09-01,GZE,61.62613981762918
2026-09-01,GZG,88.36477987421384
2026-09-01,GZH,0.3144654088050315
2026-09-01,GZJ,46.55172413793103
2026-09-01,GZL,44.339622641509436
2026-09-01,GZM,99.3161094224924
2026-09-01,GZN,79.55927051671733
2026-09-01,GZO,
2026-09-01,GZP,82.18390804597702
2026-09-01,GZR,38.59060402684564
2026-09-01,GZU,
2026-09-01,GZV,52.29885057471264
2026-09-01,GZY,5.345911949685535
2026-09-01,GZZ,34.90566037735849
2026-09-01,HAE,68.3130699088146
2026-09-01,HAG,64.209726443769
2026-09-01,HAI,69.17808219178082
2026-09-01,HAM,85.61643835616438
2026-09-01,HAR,34.11854103343465
2026-09-01,HAT,
2026-09-01,HB1,51.29179331306991
2026-09-01,HB2,16.185410334346503
2026-09-01,HBF,62.328767123287676
2026-09-01,HBJ,
2026-09-01,HBN,13.218390804597702
2026-09-01,HBU,56.711409395973156
2026-09-01,HBV,31.231003039513677
2026-09-01,HCV,18.670886075949365
2026-09-01,HDA,63.44984802431611
2026-09-01,HDD,90.88050314465409
2026-09-01,HDE,51.59574468085106
2026-09-01,HDH,8.738601823708207
2026-09-01,HDJ,90.95744680851064
2026-09-01,HDK,41.109422492401215
2026-09-01,HDS,68.00911854103343
2026-09-01,HDV,58.28267477203647
2026-09-01,HEH,55.09118541033434
2026-09-01,HFA,
2026-09-01,HFI,67.40506329113924
2026-09-01,HFO,
2026-09-01,HFR,1.006711409395973
2026-09-01,HFV,54.78723404255319
2026-09-01,HFY,61.07594936708861
2026-09-01,HGC,77.43161094224924
2026-09-01,HGH,9.80243161094225
2026-09-01,HGJ,59.34650455927052
2026-09-01,HGM,52.68456375838926
2026-09-01,HGR,46.27659574468085
2026-09-01,HGT,69.07294832826749
2026-09-01,HGU,
2026-09-01,HGV,18.9209726443769
2026-09-01,HIA,87.91793313069908
2026-09-01,HIF,22.720364741641337
2026-09-01,HIH,9.060402684563758
2026-09-01,HII,
2026-09-01,HIM,66.94528875379939
2026-09-01,HIP,51.64473684210527
2026-09-01,HIS,
2026-09-01,HIZ,36.16352201257861
2026-09-01,HJA,9.346504559270517
2026-09-01,HJB,48.742138364779876
2026-09-01,HKG,94.0251572327044
2026-09-01,HKH,12.341772151898734
2026-09-01,HKJ,73.35526315789474
2026-09-01,HKM,37.1580547112462
2026-09-01,HKP,6.012658227848101
2026-09-01,HKR,16.033434650455927
2026-09-01,HKV,95.56962025316456
2026-09-01,HLA,23.632218844984802
2026-09-01,HLL,75.32894736842105
2026-09-01,HLR,12.993920972644377
2026-09-01,HMC,71.80851063829788
2026-09-01,HME,85.790273556231
2026-09-01,HMG,84.57446808510637
2026-09-01,HMK,7.522796352583587
2026-09-01,HML,31.962025316455694
2026-09-01,HMS,10.40268456375839
2026-09-01,HMT,39.13373860182371
2026-09-01,HMV,10.714285714285714
2026-09-01,HNS,66.33738601823708
2026-09-01,HOA,24.842767295597483
2026-09-01,HOY,30.0
2026-09-01,HP3,91.71732522796353
2026-09-01,HPC,
2026-09-01,HPD,16.037735849056602
2026-09-01,HPF,14.361702127659576
2026-09-01,HPH,2.9605263157894735
2026-09-01,HPI,6.6109422492401215
2026-09-01,HPJ,
2026-09-01,HPL,1.1398176291793314
2026-09-01,HPO,55.0314465408805
2026-09-01,HPT,81.64556962025317
2026-09-01,HPV,88.29113924050634
2026-09-01,HPZ,
2026-09-01,HRZ,20.469798657718123
2026-09-01,HSA,17.92452830188679
2026-09-01,HSL,25.986842105263158
2026-09-01,HSP,21.200607902735563
2026-09-01,HST,37.34177215189873
2026-09-01,HTF,16.776315789473685
2026-09-01,HTJ,52.51572327044025
2026-09-01,HTK,0.5747126436781609
2026-09-01,HTS,36.3013698630137
2026-09-01,HTZ,6.7629179331307
2026-09-01,HUI,
2026-09-01,HUS,
2026-09-01,HVA,11.626139817629179
2026-09-01,HVB,18.31306990881459
2026-09-01,HVC,13.753799392097266
2026-09-01,HVI,24.496644295302016
2026-09-01,HVK,0.6329113924050633
2026-09-01,HVL,
2026-09-01,HVN,
2026-09-01,HVS,27.181208053691275
2026-09-01,HVT,91.11842105263158
2026-09-01,HVU,48.113207547169814
2026-09-01,HVV,
2026-09-01,HVZ,7.046979865771812
2026-09-01,HYK,66.1854103343465
2026-09-01,HYP,97.64437689969606
2026-09-01,HYU,81.99088145896657
2026-09-01,HYV,14.802631578947366
2026-09-01,HYY,
2026-09-01,HZV,
2026-09-01,IAC,
2026-09-01,IAE,82.0754716981132
2026-09-01,IAI,
2026-09-01,IAJ,
2026-09-01,IAM,32.758620689655174
2026-09-01,IAR,17.24924012158055
2026-09-01,IAS,11.778115501519757
2026-09-01,IAT,73.73417721518987
2026-09-01,IAU,57.21884498480243
2026-09-01,IAY,39.04109589041096
2026-09-01,IBB,22.32704402515723
2026-09-01,IBC,
2026-09-01,IBE,3.571428571428571
2026-09-01,IBG,53.87537993920972
2026-09-01,IBJ,70.2887537993921
2026-09-01,IBK,77.84810126582279
2026-09-01,IBM,74.54407294832826
2026-09-01,IBP,
2026-09-01,IBR,94.6048632218845
2026-09-01,ICA,19.863013698630137
2026-09-01,ICC,31.761006289308174
2026-09-01,ICD,61.32075471698113
2026-09-01,ICE,58.223684210526315
2026-09-01,ICF,85.57046979865773
2026-09-01,ICG,
2026-09-01,ICH,99.68553459119497
2026-09-01,ICN,89.28571428571429
2026-09-01,ICS,31.534954407294833
2026-09-01,ICV,
2026-09-01,ICZ,51.34228187919463
2026-09-01,IDD,55.85106382978723
2026-09-01,IDF,68.46504559270517
2026-09-01,IDH,79.53020134228188
2026-09-01,IDI,98.3221476510067
2026-09-01,IDL,95.72368421052632
2026-09-01,IDO,49.46808510638298
2026-09-01,IDP,11.322188449848024
2026-09-01,IDV,
2026-09-01,IDY,17.29559748427673
2026-09-01,IED,79.55974842767296
2026-09-01,IEN,22.112462006079028
2026-09-01,IEV,28.61635220125786
2026-09-01,IEZ,
2026-09-01,IFD,
2026-09-01,IFN,
2026-09-01,IFV,87.9746835443038
2026-09-01,IFY,
2026-09-01,IGF,
2026-09-01,IGL,57.56578947368421
2026-09-01,IGM,
2026-09-01,IGZ,
2026-09-01,IH1,54.69798657718121
2026-09-01,IHA,
2026-09-01,IHC,72.87234042553192
2026-09-01,IHK,41.2751677852349
2026-09-01,IHP,36.702127659574465
2026-09-01,IHT,49.328859060402685
2026-09-01,IHV,21.656534954407295
2026-09-01,IHY,
2026-09-01,IHZ,
2026-09-01,IIA,1.4437689969604863
2026-09-01,IIC,
2026-09-01,IIE,1.5957446808510638
2026-09-01,IIF,93.84498480243161
2026-09-01,IIH,59.395973154362416
2026-09-01,IIN,68.75
2026-09-01,IIS,0.3799392097264438
2026-09-01,IJA,26.729559748427672
2026-09-01,IJB,68.75
2026-09-01,IJC,2.20125786163522
2026-09-01,IJE,
2026-09-01,IJF,
2026-09-01,IJH,55.74712643678161
2026-09-01,IJI,96.73252279635258
2026-09-01,IJK,
2026-09-01,IJL,30.015197568389056
2026-09-01,IJP,43.75
2026-09-01,IJT,88.06990881458967
2026-09-01,IJV,91.77631578947368
2026-09-01,IJZ,72.0125786163522
2026-09-01,IK2,74.84802431610942
2026-09-01,IKL,56.25
2026-09-01,IKP,6.25
2026-09-01,IKV,67.72151898734177
2026-09-01,ILC,64.96960486322189
2026-09-01,ILE,
2026-09-01,ILH,58.88157894736842
2026-09-01,ILI,84.72644376899696
2026-09-01,ILM,31.838905775075986
2026-09-01,ILP,
2026-09-01,ILU,
2026-09-01,ILZ,92.52873563218391
2026-09-01,IMB,
2026-09-01,IMF,52.81155015197568
2026-09-01,IMG,54.027355623100306
2026-09-01,IMH,
2026-09-01,IML,53.355704697986575
2026-09-01,IMO,
2026-09-01,IMS,
2026-09-01,IMT,
2026-09-01,IMY,
2026-09-01,IMZ,
2026-09-01,INH,68.23899371069182
2026-09-01,INV,
2026-09-01,INZ,88.37386018237082
2026-09-01,IOG,32.4468085106383
2026-09-01,IOH,39.589665653495445
2026-09-01,IOJ,68.16109422492401
2026-09-01,IOL,
2026-09-01,IOM,6.003039513677812
2026-09-01,ION,27.43161094224924
2026-09-01,IOO,96.38157894736842
2026-09-01,IOP,82.56578947368422
2026-09-01,IOT,
2026-09-01,IOV,
2026-09-01,IPA,23.93617021276596
2026-09-01,IPB,39.937106918238996
2026-09-01,IPC,
2026-09-01,IPE,
2026-09-01,IPF,48.70820668693009
2026-09-01,IPG,43.103448275862064
2026-09-01,IPJ,18.75
2026-09-01,IPK,
2026-09-01,IPO,
2026-09-01,IPP,34.422492401215806
2026-09-01,IPR,
2026-09-01,IPU,
2026-09-01,IPV,15.822784810126583
2026-09-01,IRB,97.18844984802432
2026-09-01,IRE,58.890577507598785
2026-09-01,IRF,93.67816091954023
2026-09-01,IRL,43.693009118541035
2026-09-01,IRO,25.759878419452885
2026-09-01,IRT,50.0
2026-09-01,IRV,98.10030395136778
2026-09-01,IRY,37.82894736842105
2026-09-01,ISR,
2026-09-01,ISS,
2026-09-01,IST,82.91139240506328
2026-09-01,ITA,
2026-09-01,ITC,23.154362416107382
2026-09-01,ITD,
2026-09-01,ITJ,70.8966565349544
2026-09-01,ITL,
2026-09-01,ITP,31.25
2026-09-01,ITR,
2026-09-01,ITV,76.02739726027397
2026-09-01,ITZ,
2026-09-01,IUA,28.951367781155014
2026-09-01,IUB,
2026-09-01,IUC,
2026-09-01,IUF,70.59270516717325
2026-09-01,IUH,27.011494252873565
2026-09-01,IUM,
2026-09-01,IUN,
2026-09-01,IUV,77.88753799392097
2026-09-01,IUZ,90.46052631578947
2026-09-01,IV2,18.009118541033434
2026-09-01,IV6,
2026-09-01,IV7,
2026-09-01,IV8,92.08860759493672
2026-09-01,IVF,54.11392405063291
2026-09-01,IVS,62.08206686930091
2026-09-01,IVY,61.94968553459119
2026-09-01,IYB,51.886792452830186
2026-09-01,IYP,
2026-09-01,IYR,
2026-09-01,IYS,28.799392097264437
2026-09-01,IYV,33.96656534954408
2026-09-01,IZA,
2026-09-01,IZB,78.73563218390804
2026-09-01,IZE,
2026-09-01,IZL,62.23404255319149
2026-09-01,IZS,71.91780821917808
2026-09-01,IZV,
2026-09-01,IZY,60.1063829787234
2026-09-01,JET,13.522012578616351
2026-09-01,JOT,
2026-09-01,JUP,64.66565349544074
2026-09-01,KAC,42.08860759493671
2026-09-01,KAN,80.13698630136986
2026-09-01,KAV,29.45205479452055
2026-09-01,KBJ,34.878419452887535
2026-09-01,KBP,
2026-09-01,KBZ,
2026-09-01,KCL,42.721518987341774
2026-09-01,KCR,96.57534246575342
2026-09-01,KCV,75.0
2026-09-01,KDE,95.88607594936708
2026-09-01,KDI,30.927051671732524
2026-09-01,KDK,
2026-09-01,KDL,28.79746835443038
2026-09-01,KDO,20.569620253164558
2026-09-01,KDS,23.734177215189874
2026-09-01,KDT,44.620253164556964
2026-09-01,KDV,17.405063291139243
2026-09-01,KDZ,23.10126582278481
2026-09-01,KEI,
2026-09-01,KEO,
2026-09-01,KEU,12.974683544303797
2026-09-01,KFZ,
2026-09-01,KGM,28.164556962025316
2026-09-01,KH1,55.379746835443036
2026-09-01,KHA,99.66442953020133
2026-09-01,KHB,40.604026845637584
2026-09-01,KHC,34.49367088607595
2026-09-01,KHD,33.860759493670884
2026-09-01,KHF,
2026-09-01,KHJ,19.303797468354432
2026-09-01,KHP,54.93421052631579
2026-09-01,KHT,
2026-09-01,KHU,
2026-09-01,KIA,
2026-09-01,KIB,73.89937106918238
2026-09-01,KIE,94.4078947368421
2026-09-01,KIH,92.93313069908815
2026-09-01,KIK,16.77215189873418
2026-09-01,KIS,27.531645569620256
2026-09-01,KJK,
2026-09-01,KKB,
2026-09-01,KKC,15.50632911392405
2026-09-01,KKE,
2026-09-01,KKH,69.54022988505747
2026-09-01,KKL,87.65822784810126
2026-09-01,KKO,23.78419452887538
2026-09-01,KKP,42.62917933130699
2026-09-01,KKT,50.9493670886076
2026-09-01,KLH,4.113924050632911
2026-09-01,KLI,67.43421052631578
2026-09-01,KLL,
2026-09-01,KLM,
2026-09-01,KLS,
2026-09-01,KLU,26.644736842105267
2026-09-01,KMA,
2026-09-01,KME,71.20253164556962
2026-09-01,KMF,92.46575342465754
2026-09-01,KMN,50.0
2026-09-01,KMT,
2026-09-01,KNC,61.32218844984803
2026-09-01,KNI,12.828947368421053
2026-09-01,KNJ,90.82278481012658
2026-09-01,KNN,36.09422492401216
2026-09-01,KNP,
2026-09-01,KNS,
2026-09-01,KNT,
2026-09-01,KNV,
2026-09-01,KNZ,
2026-09-01,KO4,27.279635258358663
2026-09-01,KOB,77.53164556962025
2026-09-01,KOD,53.144654088050316
2026-09-01,KOP,29.25531914893617
2026-09-01,KOT,31.20805369127517
2026-09-01,KOZ,
2026-09-01,KP3,19.376899696048632
2026-09-01,KPA,62.9746835443038
2026-09-01,KPB,
2026-09-01,KPC,87.0253164556962
2026-09-01,KPD,11.075949367088606
2026-09-01,KPF,48.40425531914894
2026-09-01,KPH,28.523489932885905
2026-09-01,KPI,59.539473684210535
2026-09-01,KPK,
2026-09-01,KPM,
2026-09-01,KPP,42.43421052631579
2026-09-01,KPR,12.171052631578947
2026-09-01,KPS,54.483282674772035
2026-09-01,KPU,48.41772151898734
2026-09-01,KRC,34.810126582278485
2026-09-01,KRF,44.9685534591195
2026-09-01,KRH,74.69604863221885
2026-09-01,KRO,38.37386018237082
2026-09-01,KRR,81.25
2026-09-01,KRS,42.78115501519757
2026-09-01,KRT,59.49848024316109
2026-09-01,KRV,67.8082191780822
2026-09-01,KSA,98.70820668693008
2026-09-01,KSC,
2026-09-01,KSK,5.592105263157895
2026-09-01,KSL,10.443037974683545
2026-09-01,KSM,21.835443037974684
2026-09-01,KSP,33.51063829787234
2026-09-01,KSR,57.27848101265823
2026-09-01,KST,
2026-09-01,KSV,78.16455696202532
2026-09-01,KSY,87.00607902735563
2026-09-01,KTE,
2026-09-01,KTI,59.17721518987342
2026-09-01,KTJ,56.64556962025317
2026-09-01,KTM,83.86075949367088
2026-09-01,KTN,52.21518987341772
2026-09-01,KTR,68.67088607594937
2026-09-01,KTS,53.48101265822785
2026-09-01,KTT,43.9873417721519
2026-09-01,KTU,
2026-09-01,KTV,80.0632911392405
2026-09-01,KU3,66.13924050632912
2026-09-01,KUA,35.75949367088608
2026-09-01,KUB,39.308176100628934
2026-09-01,KUD,97.15189873417721
2026-09-01,KUP,25.60790273556231
2026-09-01,KUT,21.232876712328768
2026-09-01,KVA,
2026-09-01,KVK,45.25316455696203
2026-09-01,KVR,64.87341772151899
2026-09-01,KVS,91.10942249240122
2026-09-01,KVT,36.577181208053695
2026-09-01,KYA,11.073825503355705
2026-09-01,KYR,3.419452887537994
2026-09-01,KYS,58.130699088145896
2026-09-01,KZL,30.82191780821918
2026-09-01,KZO,
2026-09-01,KZU,48.63013698630137
2026-09-01,LAI,23.32826747720365
2026-09-01,LET,
2026-09-01,LFD,
2026-09-01,LGK,
2026-09-01,LGO,52.0516717325228
2026-09-01,LHM,
2026-09-01,LHP,51.44376899696048
2026-09-01,LKF,95.2054794520548
2026-09-01,LKT,85.85526315789474
2026-09-01,LLA,17.401215805471125
2026-09-01,LPH,99.01215805471124
2026-09-01,LRT,94.75683890577507
2026-09-01,LTC,67.24924012158054
2026-09-01,LTL,13.087248322147651
2026-09-01,LTS,45.82066869300912
2026-09-01,LZV,
2026-09-01,MAC,1.6778523489932886
2026-09-01,MAD,19.81132075471698
2026-09-01,MAS,20.592705167173253
2026-09-01,MAV,
2026-09-01,MBL,90.25157232704403
2026-09-01,MBR,68.9873417721519
2026-09-01,MCU,89.8936170212766
2026-09-01,MD1,88.9937106918239
2026-09-01,MD2,66.35220125786164
2026-09-01,MDF,4.022988505747127
2026-09-01,MET,38.67924528301887
2026-09-01,MGB,14.665653495440731
2026-09-01,MGD,
2026-09-01,MGE,0.6838905775075987
2026-09-01,MGH,61.93009118541033
2026-09-01,MHF,16.44295302013423
2026-09-01,MIK,84.4224924012158
2026-09-01,MJB,25.862068965517242
2026-09-01,MJE,3.481012658227848
2026-09-01,MJG,14.367816091954023
2026-09-01,MJH,21.808510638297875
2026-09-01,MJK,19.680851063829788
2026-09-01,MJL,57.97872340425532
2026-09-01,MKA,4.746835443037975
2026-09-01,MKG,81.5068493150685
2026-09-01,MKL,
2026-09-01,MLS,
2026-09-01,MLT,30.775075987841944
2026-09-01,MMH,54.0268456375839
2026-09-01,MOD,
2026-09-01,MOZ,52.963525835866264
2026-09-01,MP2,0.9878419452887538
2026-09-01,MP4,27.583586626139816
2026-09-01,MPD,79.40729483282675
2026-09-01,MPE,53.61842105263158
2026-09-01,MPF,88.92405063291139
2026-09-01,MPI,94.90881458966565
2026-09-01,MPK,68.0379746835443
2026-09-01,MPL,21.38157894736842
2026-09-01,MPN,46.12462006079027
2026-09-01,MPP,20.440729483282674
2026-09-01,MPS,19.936708860759495
2026-09-01,MRI,31.990881458966562
2026-09-01,MSK,
2026-09-01,MSO,
2026-09-01,MSR,8.130699088145898
2026-09-01,MT1,57.370820668693014
2026-09-01,MT2,60.19736842105263
2026-09-01,MT5,16.337386018237083
2026-09-01,MT6,2.054794520547945
2026-09-01,MT7,20.13677811550152
2026-09-01,MT8,0.07598784194528875
2026-09-01,MT9,15.729483282674773
2026-09-01,MTD,43.08176100628931
2026-09-01,MTE,
2026-09-01,MTF,43.84498480243161
2026-09-01,MTG,94.45288753799392
2026-09-01,MTH,94.29530201342283
2026-09-01,MTI,
2026-09-01,MTK,91.45569620253164
2026-09-01,MTL,10.866261398176292
2026-09-01,MTS,16.666666666666664
2026-09-01,MTU,8.282674772036474
2026-09-01,MTV,30.50314465408805
2026-09-01,MTX,12.264150943396226
2026-09-01,MUL,77.12765957446808
2026-09-01,MUT,52.35562310030395
2026-09-01,NAK,60.95890410958904
2026-09-01,NAL,11.643835616438356
2026-09-01,NAU,37.67123287671233
2026-09-01,NAV,82.90273556231003
2026-09-01,NBE,78.34346504559271
2026-09-01,NBH,99.92401215805471
2026-09-01,NBO,95.97701149425288
2026-09-01,NBZ,85.1823708206687
2026-09-01,NCS,89.43768996960486
2026-09-01,NCU,15.121580547112462
2026-09-01,NDL,
2026-09-01,NDS,38.525835866261396
2026-09-01,NES,
2026-09-01,NFF,54.59770114942529
2026-09-01,NFH,37.91793313069909
2026-09-01,NFK,24.088145896656535
2026-09-01,NHP,68.39080459770115
2026-09-01,NHT,
2026-09-01,NHV,
2026-09-01,NHY,23.825503355704697
2026-09-01,NIG,41.869300911854104
2026-09-01,NIS,96.27659574468085
2026-09-01,NJF,89.72602739726028
2026-09-01,NJG,76.9756838905775
2026-09-01,NJR,89.24050632911393
2026-09-01,NJY,85.75949367088607
2026-09-01,NKA,26.265822784810126
2026-09-01,NKC,19.12751677852349
2026-09-01,NKH,37.00607902735562
2026-09-01,NKJ,
2026-09-01,NKK,18.768996960486323
2026-09-01,NKL,87.7659574468085
2026-09-01,NKM,7.2784810126582276
2026-09-01,NKP,5.9748427672955975
2026-09-01,NKS,75.6079027355623
2026-09-01,NKT,97.78481012658227
2026-09-01,NKV,
2026-09-01,NLC,82.87671232876713
2026-09-01,NLD,
2026-09-01,NLE,93.6241610738255
2026-09-01,NLK,98.40425531914893
2026-09-01,NLL,47.03647416413374
2026-09-01,NME,9.177215189873419
2026-09-01,NMG,80.31914893617021
2026-09-01,NMP,20.065789473684212
2026-09-01,NMU,90.19756838905775
2026-09-01,NNF,11.74496644295302
2026-09-01,NOA,16.945288753799392
2026-09-01,NOI,96.42857142857143
2026-09-01,NOV,
2026-09-01,NP1,7.674772036474165
2026-09-01,NPH,8.389261744966444
2026-09-01,NPK,
2026-09-01,NRC,4.088050314465408
2026-09-01,NRG,46.381578947368425
2026-09-01,NRM,82.29483282674772
2026-09-01,NSA,56.9078947368421
2026-09-01,NSD,78.49544072948328
2026-09-01,NSH,92.47720364741642
2026-09-01,NSK,91.26139817629179
2026-09-01,NSP,64.80263157894737
2026-09-01,NSS,
2026-09-01,NST,58.053691275167786
2026-09-01,NSY,32.29483282674772
2026-09-01,NTB,
2026-09-01,NTD,
2026-09-01,NTF,82.14285714285714
2026-09-01,NTI,10.377358490566039
2026-09-01,NTO,
2026-09-01,NTS,92.78115501519757
2026-09-01,NUB,29.86322188449848
2026-09-01,NUG,26.71232876712329
2026-09-01,NUH,7.718120805369128
2026-09-01,NVB,38.48684210526316
2026-09-01,NVC,35.03039513677811
2026-09-01,NVK,36.392405063291136
2026-09-01,NVP,
2026-09-01,NVT,82.75075987841946
2026-09-01,NVZ,60.86626139817629
2026-09-01,NYH,
2026-09-01,NZH,56.289308176100626
2026-09-01,NZT,28.618421052631575
2026-09-01,NZU,25.0
2026-09-01,OAB,
2026-09-01,OAO,97.16981132075472
2026-09-01,OBI,19.62025316455696
2026-09-01,OBN,55.547112462006076
2026-09-01,OBP,93.39622641509435
2026-09-01,OBR,67.70516717325228
2026-09-01,OCM,
2026-09-01,OCN,
2026-09-01,OCT,
2026-09-01,ODD,81.38297872340425
2026-09-01,ODG,22.955974842767297
2026-09-01,ODN,95.06079027355622
2026-09-01,ODP,66.48936170212765
2026-09-01,ODS,64.51367781155015
2026-09-01,ODV,2.8735632183908044
2026-09-01,OFA,5.379746835443038
2026-09-01,OFB,86.24620060790274
2026-09-01,OFI,62.643678160919535
2026-09-01,OFK,13.60759493670886
2026-09-01,OFO,
2026-09-01,OFS,76.4367816091954
2026-09-01,OGD,70.54794520547945
2026-09-01,OGF,74.0506329113924
2026-09-01,OGV,
2026-09-01,OHB,72.81879194630872
2026-09-01,OHI,25.303951367781153
2026-09-01,OHK,85.12658227848101
2026-09-01,OIL,86.98630136986301
2026-09-01,OIR,97.12643678160919
2026-09-01,OIS,
2026-09-01,OJB,42.933130699088146
2026-09-01,OJH,25.151975683890576
2026-09-01,OJK,74.65753424657534
2026-09-01,OJT,31.60919540229885
2026-09-01,OJU,
2026-09-01,OJY,
2026-09-01,OKD,65.72327044025157
2026-09-01,OKF,81.83890577507599
2026-09-01,OKP,58.86075949367089
2026-09-01,OKT,53.79746835443038
2026-09-01,OLA,23.480243161094226
2026-09-01,OLD,5.172413793103448
2026-09-01,OLE,83.33333333333334
2026-09-01,OMB,
2026-09-01,OMC,
2026-09-01,OME,75.0
2026-09-01,OMG,35.90604026845637
2026-09-01,OMT,2.302631578947368
2026-09-01,ONB,40.045592705167174
2026-09-01,OND,42.32522796352583
2026-09-01,ONE,49.01215805471125
2026-09-01,ONF,77.3972602739726
2026-09-01,ONK,21.960486322188448
2026-09-01,ONN,99.77203647416414
2026-09-01,ONS,71.50455927051672
2026-09-01,ONT,43.54103343465046
2026-09-01,ONY,43.38905775075988
2026-09-01,OPB,89.62264150943396
2026-09-01,OPD,94.30091185410335
2026-09-01,OPF,41.19496855345912
2026-09-01,OPH,43.95973154362416
2026-09-01,OPI,29.194630872483224
2026-09-01,OPJ,50.98684210526315
2026-09-01,OPL,77.04402515723271
2026-09-01,OPZ,
2026-09-01,ORC,59.954407294832826
2026-09-01,ORI,
2026-09-01,OSD,46.20253164556962
2026-09-01,OSF,54.33130699088146
2026-09-01,OSH,46.42857142857143
2026-09-01,OSL,70.25316455696202
2026-09-01,OSN,72.26443768996961
2026-09-01,OTE,
2026-09-01,OTF,79.43037974683544
2026-09-01,OTJ,18.493150684931507
2026-09-01,OTK,
2026-09-01,OTM,19.18238993710692
2026-09-01,OTZ,
2026-09-01,OUB,81.53495440729483
2026-09-01,OUD,78.64741641337386
2026-09-01,OUN,61.018237082066875
2026-09-01,OUR,68.76899696048632
2026-09-01,OUY,
2026-09-01,OVD,72.98850574712644
2026-09-01,OVR,
2026-09-01,OYL,43.09210526315789
2026-09-01,OYS,7.826747720364742
2026-09-01,OYT,95.36474164133737
2026-09-01,OZC,
2026-09-01,P1A,79.27631578947368
2026-09-01,PA2,93.83561643835617
2026-09-01,PAB,87.82894736842105
2026-09-01,PAC,
2026-09-01,PAF,73.28767123287672
2026-09-01,PAI,25.471698113207548
2026-09-01,PAL,52.73972602739726
2026-09-01,PAO,24.848024316109424
2026-09-01,PAU,31.0790273556231
2026-09-01,PBE,83.96656534954407
2026-09-01,PBF,
2026-09-01,PBH,12.8419452887538
2026-09-01,PBI,98.27586206896551
2026-09-01,PBK,24.367088607594937
2026-09-01,PBN,43.237082066869306
2026-09-01,PBR,4.716981132075472
2026-09-01,PBS,68.9209726443769
2026-09-01,PBY,6.155015197568389
2026-09-01,PCE,64.8176291793313
2026-09-01,PCH,57.52279635258358
2026-09-01,PCN,36.39817629179331
2026-09-01,PCS,75.45592705167174
2026-09-01,PDC,4.4832826747720365
2026-09-01,PDD,47.78481012658228
2026-09-01,PDE,2.2151898734177213
2026-09-01,PDF,51.139817629179326
2026-09-01,PDG,8.890577507598785
2026-09-01,PDH,17.09726443768997
2026-09-01,PDR,
2026-09-01,PDS,7.9787234042553195
2026-09-01,PEA,44.52054794520548
2026-09-01,PFO,35.05747126436782
2026-09-01,PFS,30.45977011494253
2026-09-01,PGD,46.22641509433962
2026-09-01,PGE,69.98480243161094
2026-09-01,PGH,11.170212765957446
2026-09-01,PGS,15.100671140939598
2026-09-01,PHB,28.191489361702125
2026-09-01,PHE,84.8993288590604
2026-09-01,PHF,33.81458966565349
2026-09-01,PHI,70.13422818791946
2026-09-01,PHK,37.65822784810127
2026-09-01,PHN,58.7386018237082
2026-09-01,PHS,46.73252279635258
2026-09-01,PHY,9.19452887537994
2026-09-01,PID,55.660377358490564
2026-09-01,PIL,7.471264367816093
2026-09-01,PIP,4.276315789473684
2026-09-01,PIR,17.123287671232877
2026-09-01,PIS,98.86018237082067
2026-09-01,PJL,22.697368421052634
2026-09-01,PJP,45.516717325227965
2026-09-01,PK1,
2026-09-01,PKD,26.89873417721519
2026-09-01,PKF,34.93150684931507
2026-09-01,PKH,0.949367088607595
2026-09-01,PKL,40.822784810126585
2026-09-01,PKM,98.35526315789474
2026-09-01,PKN,37.462006079027354
2026-09-01,PKP,80.5921052631579
2026-09-01,PKR,0.9868421052631579
2026-09-01,PKT,37.17105263157895
2026-09-01,PKU,53.72340425531915
2026-09-01,PKV,99.16413373860182
2026-09-01,PKZ,29.103343465045594
2026-09-01,PLA,
2026-09-01,PLR,74.67105263157895
2026-09-01,PLS,
2026-09-01,PMG,
2026-09-01,PMH,
2026-09-01,PMP,2.507598784194529
2026-09-01,PNU,88.48684210526315
2026-09-01,PO7,17.5531914893617
2026-09-01,PO8,19.224924012158056
2026-09-01,PO9,51.747720364741646
2026-09-01,POB,21.35258358662614
2026-09-01,POD,27.127659574468083
2026-09-01,POF,3.4246575342465753
2026-09-01,POH,
2026-09-01,POI,1.7477203647416413
2026-09-01,POS,29.559270516717323
2026-09-01,POU,71.04863221884499
2026-09-01,PP1,33.22784810126582
2026-09-01,PPB,6.375838926174497
2026-09-01,PPD,35.94224924012158
2026-09-01,PPE,48.10030395136778
2026-09-01,PPF,41.56534954407295
2026-09-01,PPG,7.565789473684211
2026-09-01,PPH,41.946308724832214
2026-09-01,PPI,14.144736842105262
2026-09-01,PPJ,52.960526315789465
2026-09-01,PPK,62.82894736842105
2026-09-01,PPM,64.05775075987842
2026-09-01,PPN,79.93421052631578
2026-09-01,PPO,50.07598784194529
2026-09-01,PPP,1.644736842105263
2026-09-01,PPS,2.811550151975684
2026-09-01,PPT,81.25
2026-09-01,PPU,5.091185410334346
2026-09-01,PPV,71.38157894736842
2026-09-01,PPZ,68.0921052631579
2026-09-01,PRD,85.19736842105263
2026-09-01,PRF,
2026-09-01,PRH,29.276315789473685
2026-09-01,PRR,6.25
2026-09-01,PRU,88.82978723404256
2026-09-01,PRV,22.039473684210524
2026-09-01,PRY,86.51315789473685
2026-09-01,PSD,
2026-09-01,PSE,66.77631578947368
2026-09-01,PSG,8.58662613981763
2026-09-01,PSH,60.06711409395973
2026-09-01,PSL,55.39513677811551
2026-09-01,PSO,
2026-09-01,PSR,20.89665653495441
2026-09-01,PSS,60.410334346504555
2026-09-01,PST,4.939209726443769
2026-09-01,PTC,56.15501519756839
2026-09-01,PTE,52.30263157894737
2026-09-01,PTF,91.56534954407294
2026-09-01,PTG,
2026-09-01,PTL,61.51315789473685
2026-09-01,PTN,43.15068493150685
2026-09-01,PTO,88.25503355704699
2026-09-01,PTP,16.11842105263158
2026-09-01,PTS,65.46052631578947
2026-09-01,PUA,
2026-09-01,PUC,83.2066869300912
2026-09-01,PUH,49.316109422492396
2026-09-01,PUK,83.22784810126582
2026-09-01,PUR,35.19736842105263
2026-09-01,PUT,
2026-09-01,PUV,
2026-09-01,PVK,84.49367088607595
2026-09-01,PYB,20.723684210526315
2026-09-01,PYD,2.6595744680851063
2026-09-01,PYF,88.67781155015197
2026-09-01,PYH,1.5822784810126582
2026-09-01,PYI,12.082066869300911
2026-09-01,PYL,33.358662613981764
2026-09-01,PYR,3.875379939209726
2026-09-01,PYS,50.22796352583586
2026-09-01,RAF,22.602739726027394
2026-09-01,RAI,
2026-09-01,RAN,
2026-09-01,RAV,67.5531914893617
2026-09-01,RAY,
2026-09-01,RBA,41.78082191780822
2026-09-01,RBB,41.139240506329116
2026-09-01,RBE,84.11854103343465
2026-09-01,RBF,31.0126582278481
2026-09-01,RBH,57.91139240506329
2026-09-01,RBI,18.617021276595743
2026-09-01,RBK,47.151898734177216
2026-09-01,RBL,45.972644376899694
2026-09-01,RBN,20.288753799392097
2026-09-01,RBP,87.17105263157895
2026-09-01,RBR,90.18987341772153
2026-09-01,RBT,81.9620253164557
2026-09-01,RBV,95.25316455696202
2026-09-01,RCL,
2026-09-01,RCS,
2026-09-01,RCV,74.36708860759494
2026-09-01,RD1,78.9308176100629
2026-09-01,RDF,47.49240121580547
2026-09-01,RDH,9.042553191489363
2026-09-01,RDK,
2026-09-01,RDS,48.556231003039514
2026-09-01,RDT,34.72644376899696
2026-09-01,RDZ,69.22492401215806
2026-09-01,RE6,7.534246575342466
2026-09-01,RE7,
2026-09-01,RE8,11.4741641337386
2026-09-01,RFM,33.90804597701149
2026-09-01,RGD,26.10062893081761
2026-09-01,RGH,62.99392097264438
2026-09-01,RHD,53.419452887538
2026-09-01,RHI,96.97986577181209
2026-09-01,RHS,17.78523489932886
2026-09-01,RIA,47.9483282674772
2026-09-01,RIH,77.73556231003039
2026-09-01,RIK,0.9433962264150944
2026-09-01,RJG,63.6986301369863
2026-09-01,RKC,87.73584905660378
2026-09-01,RKH,
2026-09-01,RKL,
2026-09-01,RKS,37.0253164556962
2026-09-01,RKV,86.39240506329115
2026-09-01,RLH,83.8145896656535
2026-09-01,RO1,11.513157894736842
2026-09-01,ROD,35.638297872340424
2026-09-01,ROF,50.53191489361703
2026-09-01,ROY,66.77215189873418
2026-09-01,RPC,58.17610062893082
2026-09-01,RPD,14.150943396226415
2026-09-01,RPG,33.56164383561644
2026-09-01,RPI,32.594936708860764
2026-09-01,RPK,
2026-09-01,RPL,56.610942249240125
2026-09-01,RPM,97.79874213836479
2026-09-01,RPN,7.066869300911854
2026-09-01,RPO,
2026-09-01,RPP,48.35526315789473
2026-09-01,RPS,50.83586626139818
2026-09-01,RPT,87.15805471124621
2026-09-01,RPU,64.24050632911393
2026-09-01,RPX,48.860182370820674
2026-09-01,RRA,31.907894736842106
2026-09-01,RRP,8.881578947368421
2026-09-01,RS1,76.82370820668693
2026-09-01,RSF,88.22188449848024
2026-09-01,RSK,41.26139817629179
2026-09-01,RSY,47.18844984802432
2026-09-01,RSZ,12.23404255319149
2026-09-01,RTA,40.349544072948326
2026-09-01,RTB,81.23100303951368
2026-09-01,RTD,21.069182389937108
2026-09-01,RTG,33.0188679245283
2026-09-01,RTH,16.793313069908812
2026-09-01,RTI,89.55696202531645
2026-09-01,RTP,15.273556231003038
2026-09-01,RUH,67.40121580547113
2026-09-01,RUT,42.45283018867924
2026-09-01,RVI,32.19178082191781
2026-09-01,RVS,28.64741641337386
2026-09-01,RYA,
2026-09-01,RYB,
2026-09-01,RYD,14.817629179331307
2026-09-01,RYF,14.05775075987842
2026-09-01,RYU,35.790273556231
2026-09-01,RZR,
2026-09-01,SAP,55.5921052631579
2026-09-01,SAR,
2026-09-01,SAS,63.42281879194631
2026-09-01,SAT,
2026-09-01,SBH,13.145896656534955
2026-09-01,SBI,30.623100303951368
2026-09-01,SBR,35.33434650455927
2026-09-01,SBS,
2026-09-01,SCZ,95.66869300911854
2026-09-01,SD1,83.9622641509434
2026-09-01,SDA,76.36778115501521
2026-09-01,SEH,61.77811550151976
2026-09-01,SER,68.61702127659575
2026-09-01,SFA,80.92705167173251
2026-09-01,SFS,50.0
2026-09-01,SGK,6.60377358490566
2026-09-01,SGT,60.062893081761004
2026-09-01,SHC,77.51677852348993
2026-09-01,SHE,18.553459119496853
2026-09-01,SHI,16.641337386018236
2026-09-01,SHU,81.6869300911854
2026-09-01,SIA,
2026-09-01,SIS,15.881458966565349
2026-09-01,SJP,67.09726443768997
2026-09-01,SKL,35.85526315789473
2026-09-01,SKO,27.85234899328859
2026-09-01,SKS,
2026-09-01,SKT,76.58227848101265
2026-09-01,SKZ,77.27963525835865
2026-09-01,SLF,47.69736842105263
2026-09-01,SLG,50.0
2026-09-01,SLR,
2026-09-01,SLS,
2026-09-01,SMP,
2026-09-01,SNY,22.264437689969604
2026-09-01,SOS,91.50943396226415
2026-09-01,SPA,92.32522796352583
2026-09-01,SPD,
2026-09-01,SPE,95.82066869300911
2026-09-01,SPN,38.98176291793313
2026-09-01,SPP,45.06578947368421
2026-09-01,SPR,
2026-09-01,SPT,58.54430379746836
2026-09-01,SRA,
2026-09-01,SRE,
2026-09-01,SRL,72.14765100671141
2026-09-01,SRO,
2026-09-01,SSD,
2026-09-01,SSE,11.930091185410333
2026-09-01,SSF,
2026-09-01,SSK,77.67295597484278
2026-09-01,SSN,
2026-09-01,SSO,
2026-09-01,SSS,5.033557046979865
2026-09-01,SST,
2026-09-01,ST1,19.798657718120804
2026-09-01,STI,44.148936170212764
2026-09-01,STM,
2026-09-01,STS,63.60182370820668
2026-09-01,STZ,36.55015197568389
2026-09-01,SUA,87.10691823899371
2026-09-01,SUB,29.245283018867923
2026-09-01,SUC,50.0
2026-09-01,SUR,56.04026845637584
2026-09-01,SVB,21.69811320754717
2026-09-01,SVS,
2026-09-01,SVY,
2026-09-01,SYF,
2026-09-01,SYL,
2026-09-01,SYR,24.696048632218844
2026-09-01,SYS,22.872340425531913
2026-09-01,T3B,12.689969604863222
2026-09-01,TAL,65.06849315068493
2026-09-01,TAO,
2026-09-01,TAR,27.358490566037734
2026-09-01,TAU,42.61744966442953
2026-09-01,TAZ,
2026-09-01,TB9,79.1033434650456
2026-09-01,TBP,58.04597701149425
2026-09-01,TBT,33.54430379746836
2026-09-01,TBV,47.46835443037975
2026-09-01,TCA,14.383561643835616
2026-09-01,TCB,47.03947368421053
2026-09-01,TCC,28.039513677811552
2026-09-01,TCD,70.0
2026-09-01,TCF,59.195402298850574
2026-09-01,TCG,
2026-09-01,TCH,72.41641337386018
2026-09-01,TCI,86.09422492401215
2026-09-01,TCS,26.975683890577507
2026-09-01,TDG,4.430379746835443
2026-09-01,TDP,63.753799392097264
2026-09-01,TE3,60.691823899371066
2026-09-01,TE4,94.65408805031447
2026-09-01,TEJ,41.95402298850575
2026-09-01,TFE,78.79746835443038
2026-09-01,TFF,24.71264367816092
2026-09-01,TFU,20.88607594936709
2026-09-01,TGA,35.53459119496855
2026-09-01,TGE,10.919540229885058
2026-09-01,TGN,56.25
2026-09-01,TGR,34.276729559748425
2026-09-01,TGT,99.36708860759494
2026-09-01,TGV,3.115501519756839
2026-09-01,TGZ,76.06382978723404
2026-09-01,THD,
2026-09-01,THF,98.99328859060402
2026-09-01,THG,92.62917933130699
2026-09-01,THH,
2026-09-01,THO,40.95744680851064
2026-09-01,THS,
2026-09-01,THT,31.382978723404253
2026-09-01,THV,13.601823708206688
2026-09-01,TI1,89.80263157894737
2026-09-01,TI2,17.114093959731544
2026-09-01,TI3,0.33557046979865773
2026-09-01,TI4,63.20754716981132
2026-09-01,TI6,22.151898734177212
2026-09-01,TI7,65.09433962264151
2026-09-01,TIE,64.09395973154362
2026-09-01,TIL,38.924050632911396
2026-09-01,TIP,85.48632218844985
2026-09-01,TIV,93.0379746835443
2026-09-01,TJB,
2026-09-01,TJF,18.96551724137931
2026-09-01,TJI,44.252873563218394
2026-09-01,TJL,
2026-09-01,TJT,59.589041095890416
2026-09-01,TKF,86.91275167785236
2026-09-01,TKH,
2026-09-01,TKK,51.14942528735632
2026-09-01,TKM,24.013157894736842
2026-09-01,TLC,95.28301886792453
2026-09-01,TLE,5.69620253164557
2026-09-01,TLH,5.704697986577181
2026-09-01,TLK,27.302631578947366
2026-09-01,TLT,
2026-09-01,TLU,56.306990881458965
2026-09-01,TLV,62.17105263157895
2026-09-01,TLY,96.580547112462
2026-09-01,TLZ,93.35443037974683
2026-09-01,TMC,67.61006289308176
2026-09-01,TMG,91.61073825503355
2026-09-01,TMM,99.46808510638297
2026-09-01,TMR,
2026-09-01,TMS,89.58966565349544
2026-09-01,TMU,70.6896551724138
2026-09-01,TMV,97.03647416413374
2026-09-01,TMZ,91.37931034482759
2026-09-01,TNB,19.832826747720365
2026-09-01,TND,83.33333333333334
2026-09-01,TNF,
2026-09-01,TNH,
2026-09-01,TNI,84.59119496855347
2026-09-01,TNK,84.17721518987342
2026-09-01,TNS,73.93617021276596
2026-09-01,TO8,40.19756838905775
2026-09-01,TOK,31.68693009118541
2026-09-01,TOT,43.67088607594937
2026-09-01,TP1,
2026-09-01,TP2,93.75
2026-09-01,TPC,10.273972602739725
2026-09-01,TPE,13.291139240506327
2026-09-01,TPF,52.53164556962025
2026-09-01,TPJ,85.33434650455926
2026-09-01,TPL,1.89873417721519
2026-09-01,TPO,
2026-09-01,TPP,52.659574468085104
2026-09-01,TPR,
2026-09-01,TPV,
2026-09-01,TPZ,82.59493670886076
2026-09-01,TRJ,86.70886075949366
2026-09-01,TRN,
2026-09-01,TRO,45.89041095890411
2026-09-01,TRR,82.4468085106383
2026-09-01,TRU,18.037974683544302
2026-09-01,TSI,72.78481012658227
2026-09-01,TSP,
2026-09-01,TTA,13.013698630136986
2026-09-01,TTE,21.140939597315437
2026-09-01,TTL,41.71732522796353
2026-09-01,TTP,57.67477203647417
2026-09-01,TTS,
2026-09-01,TTV,43.99696048632219
2026-09-01,TTZ,
2026-09-01,TUA,55.47945205479452
2026-09-01,TVE,9.81012658227848
2026-09-01,TVN,84.48275862068965
2026-09-01,TYH,15.771812080536913
2026-09-01,TZC,68.86792452830188
2026-09-01,TZD,74.83221476510067
2026-09-01,TZH,
2026-09-01,TZL,40.46052631578947
2026-09-01,TZP,90.34954407294833
2026-09-01,TZT,56.32911392405063
2026-09-01,TZV,91.77215189873418
2026-09-01,UAB,
2026-09-01,UAP,
2026-09-01,UCN,
2026-09-01,UCP,15.460526315789474
2026-09-01,UFH,
2026-09-01,UHL,
2026-09-01,UHS,52.50759878419453
2026-09-01,ULH,24.240121580547115
2026-09-01,ULL,
2026-09-01,UNT,70.44072948328267
2026-09-01,UP1,84.24657534246576
2026-09-01,UP2,72.03947368421053
2026-09-01,UPD,45.36474164133739
2026-09-01,UPH,2.348993288590604
2026-09-01,UPP,39.14473684210527
2026-09-01,UPS,
2026-09-01,URA,27.9874213836478
2026-09-01,URC,39.8936170212766
2026-09-01,URD,40.189873417721515
2026-09-01,URG,
2026-09-01,URM,
2026-09-01,URS,
2026-09-01,URV,
2026-09-01,USS,
2026-09-01,UST,
2026-09-01,USY,65.5775075987842
2026-09-01,UYH,73.0243161094225
2026-09-01,UZY,90.04559270516718
2026-09-01,VAY,76.84563758389261
2026-09-01,VCD,83.51063829787235
2026-09-01,VCG,85.63829787234043
2026-09-01,VCY,51.257861635220124
2026-09-01,VFK,81.32911392405063
2026-09-01,VFO,91.0958904109589
2026-09-01,VFS,
2026-09-01,VHS,46.51898734177215
2026-09-01,VK6,74.01315789473685
2026-09-01,VKI,41.45569620253164
2026-09-01,VKK,98.41772151898735
2026-09-01,VKT,98.10126582278481
2026-09-01,VKV,92.72151898734177
2026-09-01,VLT,88.35616438356165
2026-09-01,VMV,91.8693009118541
2026-09-01,VNK,46.58054711246201
2026-09-01,VPA,10.855263157894738
2026-09-01,VPP,96.88449848024317
2026-09-01,VPS,5.243161094224924
2026-09-01,VRK,38.291139240506325
2026-09-01,VTF,
2026-09-01,VTL,96.51898734177216
2026-09-01,YA1,94.14893617021278
2026-09-01,YAC,38.50574712643678
2026-09-01,YAE,23.417721518987342
2026-09-01,YAK,93.75
2026-09-01,YAN,81.03448275862068
2026-09-01,YAR,
2026-09-01,YAS,29.86577181208054
2026-09-01,YAY,22.483221476510067
2026-09-01,YBE,8.227848101265822
2026-09-01,YBH,65.42553191489363
2026-09-01,YBJ,
2026-09-01,YBP,57.54716981132076
2026-09-01,YBR,93.54103343465046
2026-09-01,YBS,71.51898734177216
2026-09-01,YCG,
2026-09-01,YCH,71.83908045977012
2026-09-01,YCK,24.544072948328267
2026-09-01,YCL,4.027355623100304
2026-09-01,YCP,51.899696048632215
2026-09-01,YCY,93.9873417721519
2026-09-01,YDH,
2026-09-01,YDI,88.9261744966443
2026-09-01,YDK,60.12658227848101
2026-09-01,YDL,
2026-09-01,YDM,
2026-09-01,YDP,92.76729559748428
2026-09-01,YDZ,80.62310030395136
2026-09-01,YEF,92.9530201342282
2026-09-01,YFV,76.26582278481013
2026-09-01,YGM,69.52887537993921
2026-09-01,YHB,87.58389261744966
2026-09-01,YHI,35.18237082066869
2026-09-01,YHK,50.31645569620253
2026-09-01,YHP,
2026-09-01,YHS,73.48993288590604
2026-09-01,YHT,94.30379746835443
2026-09-01,YHY,6.458966565349544
2026-09-01,YHZ,47.98657718120805
2026-09-01,YIK,8.223684210526317
2026-09-01,YIS,
2026-09-01,YIT,2.8301886792452833
2026-09-01,YIV,
2026-09-01,YJA,
2026-09-01,YJH,7.232704402515723
2026-09-01,YJK,15.517241379310345
2026-09-01,YJU,
2026-09-01,YJY,69.37689969604864
2026-09-01,YKS,95.2127659574468
2026-09-01,YKT,25.34246575342466
2026-09-01,YLB,54.276315789473685
2026-09-01,YLC,20.440251572327046
2026-09-01,YLE,70.80536912751678
2026-09-01,YLO,16.666666666666664
2026-09-01,YLR,
2026-09-01,YLY,50.671140939597315
2026-09-01,YLZ,13.449848024316111
2026-09-01,YMD,78.95136778115501
2026-09-01,YMH,71.96048632218846
2026-09-01,YMP,95.06578947368422
2026-09-01,YNF,
2026-09-01,YNK,66.7933130699088
2026-09-01,YNL,
2026-09-01,YOA,9.49367088607595
2026-09-01,YOS,23.024316109422493
2026-09-01,YOT,51.26582278481012
2026-09-01,YOZ,83.35866261398176
2026-09-01,YP1,
2026-09-01,YP2,
2026-09-01,YP4,52.20364741641338
2026-09-01,YPC,76.41509433962264
2026-09-01,YPD,
2026-09-01,YPF,83.66261398176292
2026-09-01,YPI,32.75075987841946
2026-09-01,YPK,76.21580547112463
2026-09-01,YPL,80.77507598784194
2026-09-01,YPN,65.72948328267478
2026-09-01,YPP,
2026-09-01,YPR,44.63087248322148
2026-09-01,YPT,45.723684210526315
2026-09-01,YPU,71.35258358662614
2026-09-01,YPV,22.413793103448278
2026-09-01,YRZ,27.887537993920976
2026-09-01,YSA,76.51975683890578
2026-09-01,YSH,23.58490566037736
2026-09-01,YSL,25.63291139240506
2026-09-01,YSO,98.25227963525836
2026-09-01,YSU,92.13836477987421
2026-09-01,YTD,48.85057471264368
2026-09-01,YTJ,
2026-09-01,YTO,
2026-09-01,YTR,
2026-09-01,YTV,24.21383647798742
2026-09-01,YTY,53.26747720364742
2026-09-01,YUB,45.06079027355623
2026-09-01,YUD,
2026-09-01,YUI,
2026-09-01,YUK,22.416413373860184
2026-09-01,YUN,86.85410334346506
2026-09-01,YUY,
2026-09-01,YVB,42.405063291139236
2026-09-01,YVD,18.75
2026-09-01,YVF,
2026-09-01,YVG,48.25227963525836
2026-09-01,YVO,
2026-09-01,YVS,
2026-09-01,YZC,56.91823899371069
2026-09-01,YZF,
2026-09-01,YZG,20.114942528735632
2026-09-01,YZH,33.22147651006711
2026-09-01,YZK,39.74164133738602
2026-09-01,YZL,44.6048632218845
2026-09-01,YZT,63.83647798742138
2026-09-01,ZA2,60.85526315789473
2026-09-01,ZAD,31.329113924050635
2026-09-01,ZAV,26.367781155015198
2026-09-01,ZAY,10.197368421052632
2026-09-01,ZBD,53.77358490566038
2026-09-01,ZBI,73.10126582278481
2026-09-01,ZBJ,81.9078947368421
2026-09-01,ZBN,27.735562310030392
2026-09-01,ZBO,61.170212765957444
2026-09-01,ZBZ,
2026-09-01,ZCA,
2026-09-01,ZCB,
2026-09-01,ZCC,
2026-09-01,ZCD,15.753424657534246
2026-09-01,ZCE,
2026-09-01,ZCF,
2026-09-01,ZCG,98.55623100303951
2026-09-01,ZCH,
2026-09-01,ZCK,75.63291139240506
2026-09-01,ZCN,77.58620689655173
2026-09-01,ZDD,85.84905660377359
2026-09-01,ZDK,
2026-09-01,ZDZ,31.132075471698112
2026-09-01,ZFB,12.89308176100629
2026-09-01,ZFZ,
2026-09-01,ZHH,76.1744966442953
2026-09-01,ZIH,3.459119496855346
2026-09-01,ZJB,15.425531914893616
2026-09-01,ZJH,
2026-09-01,ZJI,13.297872340425531
2026-09-01,ZJL,90.26845637583892
2026-09-01,ZJT,
2026-09-01,ZJV,57.38255033557047
2026-09-01,ZK1,30.69620253164557
2026-09-01,ZK2,2.848101265822785
2026-09-01,ZKK,
2026-09-01,ZLB,56.91489361702128
2026-09-01,ZLG,
2026-09-01,ZLH,32.5503355704698
2026-09-01,ZMT,44.452887537993924
2026-09-01,ZMU,42.17325227963526
2026-09-01,ZMY,15.40880503144654
2026-09-01,ZNF,
2026-09-01,ZOS,59.19452887537994
2026-09-01,ZP1,
2026-09-01,ZP2,
2026-09-01,ZP3,
2026-09-01,ZP6,22.468354430379748
2026-09-01,ZP7,
2026-09-01,ZP8,34.53947368421053
2026-09-01,ZP9,16.139240506329113
2026-09-01,ZPA,90.50151975683892
2026-09-01,ZPC,45.40229885057471
2026-09-01,ZPE,49.050632911392405
2026-09-01,ZPF,52.84810126582279
2026-09-01,ZPG,60.44303797468354
2026-09-01,ZPH,29.93421052631579
2026-09-01,ZPJ,14.240506329113925
2026-09-01,ZPK,94.62025316455697
2026-09-01,ZPN,
2026-09-01,ZPO,99.01315789473685
2026-09-01,ZPR,50.32894736842105
2026-09-01,ZR2,
2026-09-01,ZR3,10.562310030395135
2026-09-01,ZSB,95.9726443768997
2026-09-01,ZSF,78.85906040268456
2026-09-01,ZSG,56.896551724137936
2026-09-01,ZSK,
2026-09-01,ZSN,
2026-09-01,ZTF,
2026-09-01,ZTG,64.9425287356322
2026-09-01,ZTV,90.93959731543623
2026-09-01,ZUD,
2026-09-01,ZUE,
2026-09-01,ZUS,32.142857142857146
2026-09-01,ZVB,34.27051671732523
2026-09-01,ZVO,21.048632218844983
2026-09-01,ZYC,
2026-09-01,ZYD,
2026-09-01,ZZL,84.87841945288754
2026-09-01,FDY,
2026-09-01,ZJR,
2026-09-01,DKY,21.50455927051672
2026-09-01,FKH,
2026-09-02,AAL,0.9868421052631579
2026-09-02,AAS,78.48837209302324
2026-09-02,AAV,72.14765100671141
2026-09-02,ABG,50.99085365853659
2026-09-02,ABJ,
2026-09-02,ABU,89.6875
2026-09-02,AC1,82.59493670886076
2026-09-02,AC2,28.125
2026-09-02,AC3,28.88719512195122
2026-09-02,AC4,85.85526315789474
2026-09-02,AC5,83.61280487804879
2026-09-02,AC6,47.94207317073171
2026-09-02,AC7,1.4481707317073171
2026-09-02,AC8,11.356707317073171
2026-09-02,ACC,24.496644295302016
2026-09-02,ACD,69.0625
2026-09-02,ACN,51.60060975609756
2026-09-02,ACU,68.97865853658537
2026-09-02,ADE,61.5625
2026-09-02,ADP,32.5503355704698
2026-09-02,AED,76.5625
2026-09-02,AES,44.76744186046512
2026-09-02,AEV,
2026-09-02,AFA,96.30872483221476
2026-09-02,AFO,39.04109589041096
2026-09-02,AFS,97.6510067114094
2026-09-02,AFT,27.181208053691275
2026-09-02,AFV,85.57046979865773
2026-09-02,AGC,83.4375
2026-09-02,AHH,91.84451219512195
2026-09-02,AHI,59.395973154362416
2026-09-02,AHN,48.704268292682926
2026-09-02,AHU,15.822784810126583
2026-09-02,AHV,88.95348837209302
2026-09-02,AHZ,99.4186046511628
2026-09-02,AI1,95.19817073170732
2026-09-02,AIH,
2026-09-02,AII,
2026-09-02,AIM,
2026-09-02,AIR,
2026-09-02,AIS,89.14473684210526
2026-09-02,AJ1,54.80182926829268
2026-09-02,AJE,80.25914634146342
2026-09-02,AJK,92.14939024390245
2026-09-02,AJL,58.46036585365854
2026-09-02,AJN,47.484756097560975
2026-09-02,AK2,55.06329113924051
2026-09-02,AK3,62.751677852349
2026-09-02,AKE,10.759493670886076
2026-09-02,AKU,82.21476510067114
2026-09-02,AL4,80.69620253164557
2026-09-02,AL5,32.594936708860764
2026-09-02,AL6,78.16455696202532
2026-09-02,AL7,73.73417721518987
2026-09-02,ALC,84.8993288590604
2026-09-02,ALE,40.46052631578947
2026-09-02,AN1,84.0625
2026-09-02,ANL,83.88157894736842
2026-09-02,ANZ,49.3140243902439
2026-09-02,AOJ,21.265243902439025
2026-09-02,AOY,5.704697986577181
2026-09-02,AP2,22.484756097560975
2026-09-02,AP4,12.728658536585366
2026-09-02,AP5,
2026-09-02,AP6,0.684931506849315
2026-09-02,AP7,84.375
2026-09-02,APJ,8.720930232558139
2026-09-02,APP,
2026-09-02,APT,76.58227848101265
2026-09-02,ARE,99.66442953020133
2026-09-02,ARF,
2026-09-02,ARL,47.093023255813954
2026-09-02,ARM,12.209302325581394
2026-09-02,ARP,
2026-09-02,AS1,
2026-09-02,AS3,15.625
2026-09-02,ASJ,70.13422818791946
2026-09-02,ATJ,
2026-09-02,AU1,97.94520547945206
2026-09-02,AUV,28.429878048780488
2026-09-02,AVC,8.003048780487806
2026-09-02,AVT,75.31645569620254
2026-09-02,AVZ,
2026-09-02,AY6,41.082317073170735
2026-09-02,AY7,75.22865853658537
2026-09-02,AYA,30.536912751677853
2026-09-02,AYR,62.65822784810127
2026-09-02,AZF,
2026-09-02,AZJ,93.52134146341463
2026-09-02,AZV,
2026-09-02,AZZ,
2026-09-02,BA1,93.21646341463415
2026-09-02,BAC,1.753048780487805
2026-09-02,BAG,70.0
2026-09-02,BAI,21.232876712328768
2026-09-02,BAL,
2026-09-02,BAO,
2026-09-02,BAS,
2026-09-02,BBF,56.32911392405063
2026-09-02,BBI,
2026-09-02,BBN,2.8201219512195124
2026-09-02,BBO,18.978658536585368
2026-09-02,BBP,57.59493670886076
2026-09-02,BBS,99.00914634146342
2026-09-02,BCC,
2026-09-02,BCK,39.6875
2026-09-02,BCO,87.0253164556962
2026-09-02,BDA,30.69620253164557
2026-09-02,BDC,23.551829268292682
2026-09-02,BDI,14.10060975609756
2026-09-02,BDO,8.917682926829269
2026-09-02,BDS,0.33557046979865773
2026-09-02,BDY,96.97986577181209
2026-09-02,BFE,43.604651162790695
2026-09-02,BFO,
2026-09-02,BFS,61.04651162790697
2026-09-02,BFT,45.302013422818796
2026-09-02,BGH,
2026-09-02,BGP,47.69736842105263
2026-09-02,BGR,18.456375838926174
2026-09-02,BHA,76.1744966442953
2026-09-02,BHE,43.368902439024396
2026-09-02,BHF,10.3125
2026-09-02,BHH,5.411585365853658
2026-09-02,BHI,95.96036585365853
2026-09-02,BHL,27.057926829268293
2026-09-02,BHN,4.649390243902439
2026-09-02,BHO,
2026-09-02,BI5,3.5823170731707314
2026-09-02,BIA,
2026-09-02,BID,34.56375838926174
2026-09-02,BIG,74.16107382550335
2026-09-02,BIH,94.96644295302013
2026-09-02,BIK,3.125
2026-09-02,BIO,8.389261744966444
2026-09-02,BIP,85.19736842105263
2026-09-02,BIS,78.27743902439023
2026-09-02,BIY,54.69798657718121
2026-09-02,BJD,67.91158536585365
2026-09-02,BKO,
2026-09-02,BKY,73.10126582278481
2026-09-02,BLA,2.3628048780487805
2026-09-02,BLD,91.08231707317073
2026-09-02,BLT,80.13698630136986
2026-09-02,BMU,26.753048780487802
2026-09-02,BNC,80.41158536585365
2026-09-02,BNH,61.8140243902439
2026-09-02,BOH,6.63109756097561
2026-09-02,BOL,67.72151898734177
2026-09-02,BON,39.87341772151899
2026-09-02,BOP,81.78353658536585
2026-09-02,BOS,2.054794520547945
2026-09-02,BP5,6.021341463414634
2026-09-02,BPD,90.3201219512195
2026-09-02,BPZ,99.67105263157895
2026-09-02,BRB,5.86890243902439
2026-09-02,BRC,62.881097560975604
2026-09-02,BRF,57.55813953488372
2026-09-02,BRG,75.98684210526315
2026-09-02,BRH,25.381097560975608
2026-09-02,BRR,95.56962025316456
2026-09-02,BRT,4.954268292682927
2026-09-02,BRZ,
2026-09-02,BS1,95.35060975609755
2026-09-02,BSA,
2026-09-02,BSC,34.375
2026-09-02,BSD,75.6859756097561
2026-09-02,BSE,3.7347560975609753
2026-09-02,BSF,
2026-09-02,BSH,
2026-09-02,BSM,94.74085365853658
2026-09-02,BSN,3.277439024390244
2026-09-02,BST,24.161585365853657
2026-09-02,BTE,42.8125
2026-09-02,BTJ,56.631097560975604
2026-09-02,BTK,43.9873417721519
2026-09-02,BTP,4.934210526315789
2026-09-02,BTY,
2026-09-02,BTZ,
2026-09-02,BUB,51.74418604651163
2026-09-02,BUC,
2026-09-02,BUP,
2026-09-02,BUT,
2026-09-02,BUV,17.301829268292682
2026-09-02,BUY,17.114093959731544
2026-09-02,BV1,66.10738255033557
2026-09-02,BVB,
2026-09-02,BVC,
2026-09-02,BVD,63.4375
2026-09-02,BVF,92.43421052631578
2026-09-02,BVH,52.97256097560976
2026-09-02,BVI,14.710365853658535
2026-09-02,BVK,
2026-09-02,BVM,18.216463414634145
2026-09-02,BVT,58.612804878048784
2026-09-02,BVV,37.1875
2026-09-02,BVZ,98.85670731707317
2026-09-02,BYZ,34.07012195121951
2026-09-02,CAH,5.716463414634147
2026-09-02,CBD,0.22865853658536583
2026-09-02,CBN,
2026-09-02,CBO,
2026-09-02,CEY,
2026-09-02,CFO,12.171052631578947
2026-09-02,CGD,
2026-09-02,CHY,15.015243902439025
2026-09-02,CIN,42.75914634146341
2026-09-02,CJD,78.4298780487805
2026-09-02,CJF,
2026-09-02,CJG,
2026-09-02,CJH,33.61280487804878
2026-09-02,CKF,58.54430379746836
2026-09-02,CKL,70.9375
2026-09-02,CKS,61.07594936708861
2026-09-02,COT,46.57012195121951
2026-09-02,CPT,8.4375
2026-09-02,CPU,61.70886075949367
2026-09-02,CRL,
2026-09-02,CSD,
2026-09-02,CSH,10.59451219512195
2026-09-02,CTF,
2026-09-02,CTG,
2026-09-02,CTM,
2026-09-02,CTP,
2026-09-02,CTV,
2026-09-02,CVA,
2026-09-02,CVB,
2026-09-02,CVC,
2026-09-02,CVD,
2026-09-02,CVE,
2026-09-02,CVF,
2026-09-02,CVK,51.58227848101266
2026-09-02,CVL,99.0506329113924
2026-09-02,CYD,56.32621951219512
2026-09-02,DA1,
2026-09-02,DAC,
2026-09-02,DAE,
2026-09-02,DAH,15.771812080536913
2026-09-02,DAI,
2026-09-02,DAL,
2026-09-02,DAP,37.17105263157895
2026-09-02,DAS,65.9298780487805
2026-09-02,DAT,
2026-09-02,DAV,53.42987804878049
2026-09-02,DAZ,
2026-09-02,DB2,
2026-09-02,DBA,50.0
2026-09-02,DBB,61.39240506329114
2026-09-02,DBG,
2026-09-02,DBH,13.291139240506327
2026-09-02,DBK,68.9873417721519
2026-09-02,DBP,77.1875
2026-09-02,DBZ,43.67088607594937
2026-09-02,DCB,50.32894736842105
2026-09-02,DCD,
2026-09-02,DCE,
2026-09-02,DCN,62.82894736842105
2026-09-02,DCP,
2026-09-02,DCV,44.89329268292683
2026-09-02,DDA,61.96646341463414
2026-09-02,DDC,11.814024390243901
2026-09-02,DDE,
2026-09-02,DDF,79.4969512195122
2026-09-02,DDP,
2026-09-02,DEF,56.47865853658537
2026-09-02,DEH,9.731543624161073
2026-09-02,DEI,
2026-09-02,DFC,30.9375
2026-09-02,DFD,80.10670731707317
2026-09-02,DFI,80.71646341463415
2026-09-02,DFO,
2026-09-02,DGF,68.4375
2026-09-02,DGH,58.223684210526315
2026-09-02,DHI,2.057926829268293
2026-09-02,DHJ,23.825503355704697
2026-09-02,DHM,19.186046511627907
2026-09-02,DHP,
2026-09-02,DHS,
2026-09-02,DHT,10.9375
2026-09-02,DHV,10.746951219512194
2026-09-02,DID,51.5625
2026-09-02,DIH,60.4420731707317
2026-09-02,DIM,
2026-09-02,DIP,24.671052631578945
2026-09-02,DK1,80.0632911392405
2026-09-02,DK8,57.545731707317074
2026-09-02,DKA,47.17987804878049
2026-09-02,DKC,63.03353658536586
2026-09-02,DKH,21.835443037974684
2026-09-02,DKL,49.68354430379747
2026-09-02,DKP,53.125
2026-09-02,DKR,20.65548780487805
2026-09-02,DKS,
2026-09-02,DL2,8.881578947368421
2026-09-02,DLD,83.55704697986577
2026-09-02,DLG,
2026-09-02,DLN,97.9420731707317
2026-09-02,DLY,38.48684210526316
2026-09-02,DLZ,58.3079268292683
2026-09-02,DMG,22.674418604651162
2026-09-02,DMI,
2026-09-02,DMR,
2026-09-02,DMV,
2026-09-02,DMZ,
2026-09-02,DNA,
2026-09-02,DNF,75.0
2026-09-02,DNH,20.35060975609756
2026-09-02,DNK,14.873417721518987
2026-09-02,DNL,
2026-09-02,DNM,70.19817073170732
2026-09-02,DNP,82.56578947368422
2026-09-02,DNU,49.46646341463415
2026-09-02,DOC,45.045731707317074
2026-09-02,DOD,61.05182926829268
2026-09-02,DOH,97.02743902439023
2026-09-02,DOL,74.3140243902439
2026-09-02,DOR,
2026-09-02,DOS,
2026-09-02,DOV,33.30792682926829
2026-09-02,DP1,
2026-09-02,DP2,62.42378048780488
2026-09-02,DP3,
2026-09-02,DP4,
2026-09-02,DP5,
2026-09-02,DP6,42.454268292682926
2026-09-02,DP7,
2026-09-02,DP8,92.46575342465754
2026-09-02,DP9,38.795731707317074
2026-09-02,DPB,50.07621951219512
2026-09-02,DPC,
2026-09-02,DPE,
2026-09-02,DPG,
2026-09-02,DPI,64.71036585365853
2026-09-02,DPK,68.0379746835443
2026-09-02,DPL,
2026-09-02,DPN,
2026-09-02,DPP,
2026-09-02,DPT,88.25503355704699
2026-09-02,DPZ,
2026-09-02,DRA,18.36890243902439
2026-09-02,DRD,29.192073170731707
2026-09-02,DRH,32.85060975609756
2026-09-02,DRT,20.9375
2026-09-02,DSC,
2026-09-02,DSD,46.875
2026-09-02,DSH,99.16158536585365
2026-09-02,DSP,90.11627906976744
2026-09-02,DSV,30.259146341463417
2026-09-02,DTH,11.74496644295302
2026-09-02,DTL,39.261744966442954
2026-09-02,DTM,55.3125
2026-09-02,DTO,56.02134146341463
2026-09-02,DTP,
2026-09-02,DTV,
2026-09-02,DTZ,40.9375
2026-09-02,DUC,
2026-09-02,DUD,70.96036585365853
2026-09-02,DUH,13.185975609756099
2026-09-02,DUT,52.66768292682927
2026-09-02,DUV,28.48101265822785
2026-09-02,DVC,
2026-09-02,DVI,
2026-09-02,DVN,
2026-09-02,DVO,
2026-09-02,DVS,99.77134146341463
2026-09-02,DVT,54.6875
2026-09-02,DVU,
2026-09-02,DVZ,
2026-09-02,DXP,50.0
2026-09-02,DYJ,57.69817073170732
2026-09-02,DYN,45.3125
2026-09-02,DYS,92.60670731707317
2026-09-02,DZ2,
2026-09-02,DZE,54.0268456375839
2026-09-02,DZM,55.5640243902439
2026-09-02,DZP,
2026-09-02,DZS,83.46036585365853
2026-09-02,EBD,41.5625
2026-09-02,EBI,46.417682926829265
2026-09-02,EBS,74.92378048780488
2026-09-02,EC2,70.80536912751678
2026-09-02,ECA,90.9375
2026-09-02,ECB,51.64473684210527
2026-09-02,ECV,89.24050632911393
2026-09-02,EDD,97.8125
2026-09-02,EDN,89.0625
2026-09-02,EDP,74.01315789473685
2026-09-02,EDT,88.94817073170732
2026-09-02,EDU,80.9375
2026-09-02,EES,
2026-09-02,EGP,77.21036585365853
2026-09-02,EGR,75.3125
2026-09-02,EHS,
2026-09-02,EIB,80.3125
2026-09-02,EID,60.06711409395973
2026-09-02,EIL,88.48684210526315
2026-09-02,EJG,
2026-09-02,EKF,64.24050632911393
2026-09-02,EKL,4.276315789473684
2026-09-02,ELZ,11.708860759493671
2026-09-02,EME,15.167682926829269
2026-09-02,EML,53.43750000000001
2026-09-02,ENA,96.5625
2026-09-02,ENJ,58.7248322147651
2026-09-02,ENO,93.97865853658537
2026-09-02,ENR,98.35526315789474
2026-09-02,ENS,87.1875
2026-09-02,EP1,41.118421052631575
2026-09-02,EPA,14.144736842105262
2026-09-02,EPI,10.443037974683545
2026-09-02,EPK,11.643835616438356
2026-09-02,EPO,
2026-09-02,EPP,61.51315789473685
2026-09-02,EPT,31.25
2026-09-02,ESG,77.0579268292683
2026-09-02,ESN,50.838414634146346
2026-09-02,ESP,9.679878048780488
2026-09-02,ETN,98.4375
2026-09-02,EUN,32.08841463414634
2026-09-02,EUZ,53.27743902439024
2026-09-02,EVM,72.1875
2026-09-02,EYT,42.44186046511628
2026-09-02,EZM,
2026-09-02,FAK,4.794520547945205
2026-09-02,FAL,23.972602739726025
2026-09-02,FBC,4.113924050632911
2026-09-02,FBI,91.23475609756098
2026-09-02,FBN,88.49085365853658
2026-09-02,FBV,43.21646341463415
2026-09-02,FBZ,83.0030487804878
2026-09-02,FCK,3.481012658227848
2026-09-02,FCS,90.47256097560977
2026-09-02,FD1,60.9375
2026-09-02,FDE,51.44817073170732
2026-09-02,FDG,23.4375
2026-09-02,FDO,
2026-09-02,FDV,
2026-09-02,FDZ,12.88109756097561
2026-09-02,FFD,26.644736842105267
2026-09-02,FFF,
2026-09-02,FFH,50.31645569620253
2026-09-02,FFO,
2026-09-02,FFP,38.95348837209303
2026-09-02,FHI,18.0640243902439
2026-09-02,FHP,20.723684210526315
2026-09-02,FHZ,
2026-09-02,FI3,37.34177215189873
2026-09-02,FI5,57.56578947368421
2026-09-02,FIB,34.93150684931507
2026-09-02,FID,32.8125
2026-09-02,FIL,42.43421052631579
2026-09-02,FIT,25.949367088607595
2026-09-02,FJB,43.82621951219512
2026-09-02,FJC,78.73475609756098
2026-09-02,FJM,68.82621951219512
2026-09-02,FJN,79.1920731707317
2026-09-02,FJZ,45.198170731707314
2026-09-02,FKE,38.49085365853659
2026-09-02,FKV,48.39939024390244
2026-09-02,FLS,65.625
2026-09-02,FLY,3.4375000000000004
2026-09-02,FMG,39.71036585365854
2026-09-02,FMS,
2026-09-02,FMV,95.04573170731707
2026-09-02,FNO,40.3125
2026-09-02,FNT,29.496951219512198
2026-09-02,FP4,0.9908536585365854
2026-09-02,FPE,5.69620253164557
2026-09-02,FPG,26.29573170731707
2026-09-02,FPH,67.4496644295302
2026-09-02,FPI,24.013157894736842
2026-09-02,FPK,22.151898734177212
2026-09-02,FPR,29.64939024390244
2026-09-02,FPZ,74.00914634146342
2026-09-02,FR1,13.948170731707318
2026-09-02,FRA,
2026-09-02,FRC,16.38719512195122
2026-09-02,FRZ,
2026-09-02,FS1,6.478658536585366
2026-09-02,FS2,46.11280487804878
2026-09-02,FS3,0.31645569620253167
2026-09-02,FS4,0.6859756097560976
2026-09-02,FS5,65.16768292682927
2026-09-02,FS6,90.77743902439023
2026-09-02,FSF,48.35526315789473
2026-09-02,FSG,25.990853658536583
2026-09-02,FSH,13.372093023255813
2026-09-02,FSK,73.35526315789474
2026-09-02,FSM,6.173780487804878
2026-09-02,FSP,
2026-09-02,FSR,44.74085365853659
2026-09-02,FSU,94.76744186046511
2026-09-02,FSV,33.765243902439025
2026-09-02,FTL,32.56578947368421
2026-09-02,FTY,49.92378048780488
2026-09-02,FUA,33.22147651006711
2026-09-02,FUB,4.430379746835443
2026-09-02,FUM,
2026-09-02,FUN,89.71036585365853
2026-09-02,FUP,
2026-09-02,FVL,87.27134146341463
2026-09-02,FYA,16.234756097560975
2026-09-02,FYB,
2026-09-02,FYD,21.140939597315437
2026-09-02,FYF,56.78353658536586
2026-09-02,FYG,
2026-09-02,FYH,25.53353658536585
2026-09-02,FYI,84.98475609756098
2026-09-02,FYM,74.16158536585365
2026-09-02,FYO,66.45569620253164
2026-09-02,FYT,96.83544303797468
2026-09-02,FYZ,
2026-09-02,FZJ,49.41860465116279
2026-09-02,FZP,64.2530487804878
2026-09-02,GA1,38.607594936708864
2026-09-02,GAC,
2026-09-02,GAE,79.53020134228188
2026-09-02,GAF,20.469798657718123
2026-09-02,GAG,81.47865853658537
2026-09-02,GAH,59.06249999999999
2026-09-02,GAJ,
2026-09-02,GAL,35.85526315789473
2026-09-02,GAN,36.8140243902439
2026-09-02,GAS,78.88719512195121
2026-09-02,GAU,
2026-09-02,GAV,
2026-09-02,GBC,52.013422818791945
2026-09-02,GBG,89.59731543624162
2026-09-02,GBH,28.58231707317073
2026-09-02,GBJ,62.72865853658537
2026-09-02,GBL,42.405063291139236
2026-09-02,GBN,89.86280487804879
2026-09-02,GBP,
2026-09-02,GBV,9.0625
2026-09-02,GBZ,81.97674418604652
2026-09-02,GCA,
2026-09-02,GCC,
2026-09-02,GCD,66.9969512195122
2026-09-02,GCI,
2026-09-02,GCZ,
2026-09-02,GDJ,
2026-09-02,GDP,
2026-09-02,GEC,
2026-09-02,GEI,0.5335365853658537
2026-09-02,GEZ,
2026-09-02,GFB,
2026-09-02,GFD,
2026-09-02,GFI,
2026-09-02,GFL,
2026-09-02,GFN,
2026-09-02,GFY,
2026-09-02,GGA,
2026-09-02,GGC,
2026-09-02,GGD,
2026-09-02,GGK,54.109589041095894
2026-09-02,GGM,
2026-09-02,GGN,
2026-09-02,GGP,
2026-09-02,GGR,
2026-09-02,GHS,28.523489932885905
2026-09-02,GID,37.919463087248324
2026-09-02,GIE,80.20134228187919
2026-09-02,GIH,
2026-09-02,GJA,
2026-09-02,GJB,14.534883720930234
2026-09-02,GJD,
2026-09-02,GJE,
2026-09-02,GJF,
2026-09-02,GJH,10.197368421052632
2026-09-02,GJM,60.137195121951216
2026-09-02,GJO,
2026-09-02,GKF,13.60759493670886
2026-09-02,GKG,88.9261744966443
2026-09-02,GKH,16.776315789473685
2026-09-02,GKK,
2026-09-02,GKL,
2026-09-02,GKM,68.3689024390244
2026-09-02,GKV,41.45569620253164
2026-09-02,GL1,55.369127516778526
2026-09-02,GLC,36.627906976744185
2026-09-02,GLG,24.61890243902439
2026-09-02,GLL,22.602739726027394
2026-09-02,GLM,
2026-09-02,GLP,
2026-09-02,GLS,69.9367088607595
2026-09-02,GLV,36.66158536585366
2026-09-02,GMA,84.6875
2026-09-02,GMC,7.55813953488372
2026-09-02,GMD,80.81395348837209
2026-09-02,GME,
2026-09-02,GMI,57.85060975609756
2026-09-02,GMM,66.38719512195121
2026-09-02,GMN,25.986842105263158
2026-09-02,GMO,
2026-09-02,GMP,
2026-09-02,GMR,9.060402684563758
2026-09-02,GMZ,
2026-09-02,GNH,
2026-09-02,GNK,
2026-09-02,GNL,
2026-09-02,GNP,30.592105263157894
2026-09-02,GNS,35.90604026845637
2026-09-02,GNZ,
2026-09-02,GO1,72.67441860465115
2026-09-02,GO3,16.86046511627907
2026-09-02,GO4,11.046511627906977
2026-09-02,GO6,74.67105263157895
2026-09-02,GO9,11.073825503355705
2026-09-02,GOF,65.01524390243902
2026-09-02,GOH,49.328859060402685
2026-09-02,GOL,32.19178082191781
2026-09-02,GOP,83.22368421052632
2026-09-02,GP1,
2026-09-02,GP3,61.204268292682926
2026-09-02,GPA,12.025316455696203
2026-09-02,GPB,87.8125
2026-09-02,GPC,52.0579268292683
2026-09-02,GPF,52.21518987341772
2026-09-02,GPG,52.1875
2026-09-02,GPH,
2026-09-02,GPI,67.8125
2026-09-02,GPJ,
2026-09-02,GPL,67.30182926829268
2026-09-02,GPM,
2026-09-02,GPN,89.80263157894737
2026-09-02,GPT,16.5625
2026-09-02,GPU,49.0625
2026-09-02,GPV,
2026-09-02,GPZ,97.03947368421053
2026-09-02,GRL,37.42378048780488
2026-09-02,GRO,82.39329268292683
2026-09-02,GRT,22.483221476510067
2026-09-02,GSE,89.40548780487805
2026-09-02,GSG,
2026-09-02,GSL,
2026-09-02,GSO,
2026-09-02,GSP,64.09395973154362
2026-09-02,GSR,
2026-09-02,GTA,29.45205479452055
2026-09-02,GTF,31.0126582278481
2026-09-02,GTH,64.76510067114094
2026-09-02,GTK,
2026-09-02,GTL,68.75
2026-09-02,GTM,73.48993288590604
2026-09-02,GTN,
2026-09-02,GTY,40.32012195121951
2026-09-02,GTZ,2.9069767441860463
2026-09-02,GUA,
2026-09-02,GUB,84.17721518987342
2026-09-02,GUC,
2026-09-02,GUF,27.325581395348834
2026-09-02,GUH,41.946308724832214
2026-09-02,GUK,8.544303797468354
2026-09-02,GUM,10.0
2026-09-02,GUV,29.746835443037973
2026-09-02,GVA,12.1875
2026-09-02,GVB,
2026-09-02,GVC,
2026-09-02,GVD,
2026-09-02,GVI,15.69767441860465
2026-09-02,GVL,
2026-09-02,GVZ,
2026-09-02,GYC,
2026-09-02,GYG,
2026-09-02,GYK,72.78481012658227
2026-09-02,GYL,77.84810126582279
2026-09-02,GYN,
2026-09-02,GYR,
2026-09-02,GZB,
2026-09-02,GZD,
2026-09-02,GZE,70.65548780487805
2026-09-02,GZG,82.8125
2026-09-02,GZH,0.9375
2026-09-02,GZJ,35.46511627906977
2026-09-02,GZL,79.6875
2026-09-02,GZM,95.65548780487805
2026-09-02,GZN,71.26524390243902
2026-09-02,GZO,
2026-09-02,GZP,76.16279069767442
2026-09-02,GZR,56.04026845637584
2026-09-02,GZU,
2026-09-02,GZV,66.86046511627907
2026-09-02,GZY,2.8125
2026-09-02,GZZ,32.1875
2026-09-02,HAE,64.10060975609755
2026-09-02,HAG,72.78963414634147
2026-09-02,HAI,19.863013698630137
2026-09-02,HAM,76.02739726027397
2026-09-02,HAR,23.85670731707317
2026-09-02,HAT,
2026-09-02,HB1,59.22256097560976
2026-09-02,HB2,22.942073170731707
2026-09-02,HBF,36.3013698630137
2026-09-02,HBJ,
2026-09-02,HBN,23.837209302325583
2026-09-02,HBU,78.85906040268456
2026-09-02,HBV,27.820121951219512
2026-09-02,HCV,7.9113924050632916
2026-09-02,HDA,50.6859756097561
2026-09-02,HDD,95.9375
2026-09-02,HDE,53.58231707317073
2026-09-02,HDH,8.307926829268293
2026-09-02,HDJ,91.9969512195122
2026-09-02,HDK,53.887195121951216
2026-09-02,HDS,72.48475609756098
2026-09-02,HDV,63.795731707317074
2026-09-02,HEH,66.23475609756098
2026-09-02,HFA,
2026-09-02,HFI,30.063291139240505
2026-09-02,HFO,
2026-09-02,HFR,1.6778523489932886
2026-09-02,HFV,72.1798780487805
2026-09-02,HFY,88.29113924050634
2026-09-02,HGC,77.97256097560977
2026-09-02,HGH,16.84451219512195
2026-09-02,HGJ,33.0030487804878
2026-09-02,HGM,43.95973154362416
2026-09-02,HGR,65.3201219512195
2026-09-02,HGT,71.11280487804879
2026-09-02,HGU,
2026-09-02,HGV,11.051829268292684
2026-09-02,HIA,88.79573170731707
2026-09-02,HIF,38.948170731707314
2026-09-02,HIH,39.93288590604027
2026-09-02,HII,
2026-09-02,HIM,76.44817073170732
2026-09-02,HIP,45.06578947368421
2026-09-02,HIS,
2026-09-02,HIZ,50.9375
2026-09-02,HJA,11.966463414634147
2026-09-02,HJB,49.6875
2026-09-02,HKG,77.8125
2026-09-02,HKH,9.81012658227848
2026-09-02,HKJ,77.96052631578947
2026-09-02,HKM,10.13719512195122
2026-09-02,HKP,5.379746835443038
2026-09-02,HKR,18.521341463414632
2026-09-02,HKV,90.50632911392405
2026-09-02,HLA,14.86280487804878
2026-09-02,HLL,71.38157894736842
2026-09-02,HLR,8.61280487804878
2026-09-02,HMC,59.07012195121951
2026-09-02,HME,87.8810975609756
2026-09-02,HMG,86.66158536585365
2026-09-02,HMK,2.667682926829268
2026-09-02,HML,47.78481012658228
2026-09-02,HMS,29.194630872483224
2026-09-02,HMT,41.234756097560975
2026-09-02,HMV,19.588414634146343
2026-09-02,HNS,69.4359756097561
2026-09-02,HOA,24.0625
2026-09-02,HOY,50.0
2026-09-02,HP3,84.6798780487805
2026-09-02,HPC,
2026-09-02,HPD,35.9375
2026-09-02,HPF,4.801829268292683
2026-09-02,HPH,2.9605263157894735
2026-09-02,HPI,8.460365853658537
2026-09-02,HPJ,
2026-09-02,HPL,1.600609756097561
2026-09-02,HPO,64.6875
2026-09-02,HPT,82.91139240506328
2026-09-02,HPV,83.86075949367088
2026-09-02,HPZ,
2026-09-02,HRZ,3.691275167785235
2026-09-02,HSA,27.187499999999996
2026-09-02,HSL,27.302631578947366
2026-09-02,HSP,30.71646341463415
2026-09-02,HST,48.734177215189874
2026-09-02,HTF,14.802631578947366
2026-09-02,HTJ,57.1875
2026-09-02,HTK,0.5813953488372093
2026-09-02,HTS,86.98630136986301
2026-09-02,HTZ,7.088414634146341
2026-09-02,HUI,
2026-09-02,HUS,
2026-09-02,HVA,13.338414634146343
2026-09-02,HVB,20.807926829268293
2026-09-02,HVC,17.60670731707317
2026-09-02,HVI,71.47651006711409
2026-09-02,HVK,0.6329113924050633
2026-09-02,HVL,
2026-09-02,HVN,
2026-09-02,HVS,46.644295302013425
2026-09-02,HVT,91.77631578947368
2026-09-02,HVU,36.5625
2026-09-02,HVV,
2026-09-02,HVZ,16.44295302013423
2026-09-02,HYK,58.765243902439025
2026-09-02,HYP,98.55182926829268
2026-09-02,HYU,85.4420731707317
2026-09-02,HYV,12.828947368421053
2026-09-02,HYY,
2026-09-02,HZV,
2026-09-02,IAC,
2026-09-02,IAE,62.81250000000001
2026-09-02,IAI,
2026-09-02,IAJ,
2026-09-02,IAM,55.23255813953488
2026-09-02,IAR,22.027439024390244
2026-09-02,IAS,14.405487804878048
2026-09-02,IAT,81.9620253164557
2026-09-02,IAU,57.088414634146346
2026-09-02,IAY,47.26027397260274
2026-09-02,IBB,45.9375
2026-09-02,IBC,
2026-09-02,IBE,5.259146341463414
2026-09-02,IBG,62.118902439024396
2026-09-02,IBJ,50.22865853658537
2026-09-02,IBK,65.18987341772153
2026-09-02,IBM,47.332317073170735
2026-09-02,IBP,
2026-09-02,IBR,96.41768292682927
2026-09-02,ICA,18.493150684931507
2026-09-02,ICC,35.3125
2026-09-02,ICD,74.0625
2026-09-02,ICE,56.9078947368421
2026-09-02,ICF,76.84563758389261
2026-09-02,ICG,
2026-09-02,ICH,99.6875
2026-09-02,ICN,91.53963414634147
2026-09-02,ICS,33.917682926829265
2026-09-02,ICV,
2026-09-02,ICZ,29.86577181208054
2026-09-02,IDD,42.301829268292686
2026-09-02,IDF,72.9420731707317
2026-09-02,IDH,81.54362416107382
2026-09-02,IDI,94.29530201342283
2026-09-02,IDL,90.46052631578947
2026-09-02,IDO,40.015243902439025
2026-09-02,IDP,21.722560975609756
2026-09-02,IDV,
2026-09-02,IDY,38.4375
2026-09-02,IED,64.0625
2026-09-02,IEN,16.692073170731707
2026-09-02,IEV,15.937499999999998
2026-09-02,IEZ,
2026-09-02,IFD,
2026-09-02,IFN,
2026-09-02,IFV,52.53164556962025
2026-09-02,IFY,
2026-09-02,IGF,
2026-09-02,IGL,53.61842105263158
2026-09-02,IGM,
2026-09-02,IGZ,
2026-09-02,IH1,63.42281879194631
2026-09-02,IHA,
2026-09-02,IHC,82.69817073170732
2026-09-02,IHK,43.288590604026844
2026-09-02,IHP,22.179878048780488
2026-09-02,IHT,41.2751677852349
2026-09-02,IHV,23.39939024390244
2026-09-02,IHY,
2026-09-02,IHZ,
2026-09-02,IIA,3.8871951219512195
2026-09-02,IIC,
2026-09-02,IIE,0.8384146341463415
2026-09-02,IIF,98.70426829268293
2026-09-02,IIH,69.46308724832215
2026-09-02,IIN,70.06578947368422
2026-09-02,IIS,0.38109756097560976
2026-09-02,IJA,25.937500000000004
2026-09-02,IJB,93.75
2026-09-02,IJC,4.0625
2026-09-02,IJE,
2026-09-02,IJF,
2026-09-02,IJH,65.69767441860465
2026-09-02,IJI,81.9359756097561
2026-09-02,IJK,
2026-09-02,IJL,43.0640243902439
2026-09-02,IJP,43.75
2026-09-02,IJT,82.08841463414635
2026-09-02,IJV,95.72368421052632
2026-09-02,IJZ,69.6875
2026-09-02,IK2,79.34451219512195
2026-09-02,IKL,81.25
2026-09-02,IKP,6.25
2026-09-02,IKV,27.21518987341772
2026-09-02,ILC,76.29573170731707
2026-09-02,ILE,
2026-09-02,ILH,72.69736842105263
2026-09-02,ILI,86.20426829268293
2026-09-02,ILM,27.210365853658537
2026-09-02,ILP,
2026-09-02,ILU,
2026-09-02,ILZ,95.93023255813954
2026-09-02,IMB,
2026-09-02,IMF,41.84451219512195
2026-09-02,IMG,49.00914634146341
2026-09-02,IMH,
2026-09-02,IML,68.12080536912751
2026-09-02,IMO,
2026-09-02,IMS,
2026-09-02,IMT,
2026-09-02,IMY,
2026-09-02,IMZ,
2026-09-02,INH,50.31250000000001
2026-09-02,INV,
2026-09-02,INZ,82.24085365853658
2026-09-02,IOG,25.228658536585364
2026-09-02,IOH,54.954268292682926
2026-09-02,IOJ,77.51524390243902
2026-09-02,IOL,
2026-09-02,IOM,5.564024390243903
2026-09-02,ION,24.771341463414632
2026-09-02,IOO,94.4078947368421
2026-09-02,IOP,76.64473684210526
2026-09-02,IOT,
2026-09-02,IOV,
2026-09-02,IPA,24.009146341463413
2026-09-02,IPB,17.1875
2026-09-02,IPC,
2026-09-02,IPE,
2026-09-02,IPF,52.82012195121951
2026-09-02,IPG,56.395348837209305
2026-09-02,IPJ,18.75
2026-09-02,IPK,
2026-09-02,IPO,
2026-09-02,IPP,44.131097560975604
2026-09-02,IPR,
2026-09-02,IPU,
2026-09-02,IPV,19.62025316455696
2026-09-02,IRB,89.2530487804878
2026-09-02,IRE,58.00304878048781
2026-09-02,IRF,92.44186046511628
2026-09-02,IRL,47.78963414634146
2026-09-02,IRO,24.923780487804876
2026-09-02,IRT,37.8125
2026-09-02,IRV,98.09451219512195
2026-09-02,IRY,59.539473684210535
2026-09-02,ISR,
2026-09-02,ISS,
2026-09-02,IST,70.25316455696202
2026-09-02,ITA,
2026-09-02,ITC,44.63087248322148
2026-09-02,ITD,
2026-09-02,ITJ,70.35060975609755
2026-09-02,ITL,
2026-09-02,ITP,31.25
2026-09-02,ITR,
2026-09-02,ITV,89.72602739726028
2026-09-02,ITZ,
2026-09-02,IUA,44.58841463414634
2026-09-02,IUB,
2026-09-02,IUC,
2026-09-02,IUF,65.47256097560977
2026-09-02,IUH,28.488372093023255
2026-09-02,IUM,
2026-09-02,IUN,
2026-09-02,IUV,75.99085365853658
2026-09-02,IUZ,87.82894736842105
2026-09-02,IV2,23.09451219512195
2026-09-02,IV6,
2026-09-02,IV7,
2026-09-02,IV8,96.51898734177216
2026-09-02,IVF,25.63291139240506
2026-09-02,IVS,38.64329268292683
2026-09-02,IVY,47.8125
2026-09-02,IYB,60.3125
2026-09-02,IYP,
2026-09-02,IYR,
2026-09-02,IYS,24.466463414634145
2026-09-02,IYV,21.570121951219512
2026-09-02,IZA,
2026-09-02,IZB,84.30232558139535
2026-09-02,IZE,
2026-09-02,IZL,63.49085365853659
2026-09-02,IZS,95.2054794520548
2026-09-02,IZV,
2026-09-02,IZY,60.74695121951219
2026-09-02,JET,6.5625
2026-09-02,JOT,
2026-09-02,JUP,76.7530487804878
2026-09-02,KAC,54.11392405063291
2026-09-02,KAN,58.21917808219178
2026-09-02,KAV,81.5068493150685
2026-09-02,KBJ,24.3140243902439
2026-09-02,KBP,
2026-09-02,KBZ,
2026-09-02,KCL,29.430379746835445
2026-09-02,KCR,99.31506849315068
2026-09-02,KCV,62.34177215189873
2026-09-02,KDE,90.82278481012658
2026-09-02,KDI,35.44207317073171
2026-09-02,KDK,
2026-09-02,KDL,40.822784810126585
2026-09-02,KDO,35.75949367088608
2026-09-02,KDS,33.860759493670884
2026-09-02,KDT,54.74683544303798
2026-09-02,KDV,31.329113924050635
2026-09-02,KDZ,53.48101265822785
2026-09-02,KEI,
2026-09-02,KEO,
2026-09-02,KEU,34.49367088607595
2026-09-02,KFZ,
2026-09-02,KGM,16.77215189873418
2026-09-02,KH1,38.924050632911396
2026-09-02,KHA,98.99328859060402
2026-09-02,KHB,23.154362416107382
2026-09-02,KHC,17.405063291139243
2026-09-02,KHD,19.303797468354432
2026-09-02,KHF,
2026-09-02,KHJ,11.075949367088606
2026-09-02,KHP,54.276315789473685
2026-09-02,KHT,
2026-09-02,KHU,
2026-09-02,KIA,
2026-09-02,KIB,47.1875
2026-09-02,KIE,95.06578947368422
2026-09-02,KIH,94.1310975609756
2026-09-02,KIK,12.341772151898734
2026-09-02,KIS,38.291139240506325
2026-09-02,KJK,
2026-09-02,KKB,
2026-09-02,KKC,24.367088607594937
2026-09-02,KKE,
2026-09-02,KKH,83.13953488372093
2026-09-02,KKL,86.39240506329115
2026-09-02,KKO,36.96646341463415
2026-09-02,KKP,51.295731707317074
2026-09-02,KKT,59.17721518987342
2026-09-02,KLH,2.848101265822785
2026-09-02,KLI,77.30263157894737
2026-09-02,KLL,
2026-09-02,KLM,
2026-09-02,KLS,
2026-09-02,KLU,25.32894736842105
2026-09-02,KMA,
2026-09-02,KME,63.60759493670886
2026-09-02,KMF,69.17808219178082
2026-09-02,KMN,84.24657534246576
2026-09-02,KMT,
2026-09-02,KNC,71.41768292682927
2026-09-02,KNI,15.460526315789474
2026-09-02,KNJ,98.41772151898735
2026-09-02,KNN,47.63719512195122
2026-09-02,KNP,
2026-09-02,KNS,
2026-09-02,KNT,
2026-09-02,KNV,
2026-09-02,KNZ,
2026-09-02,KO4,35.89939024390244
2026-09-02,KOB,93.35443037974683
2026-09-02,KOD,33.4375
2026-09-02,KOP,25.07621951219512
2026-09-02,KOT,86.24161073825503
2026-09-02,KOZ,
2026-09-02,KP3,32.39329268292683
2026-09-02,KPA,55.379746835443036
2026-09-02,KPB,
2026-09-02,KPC,60.44303797468354
2026-09-02,KPD,19.936708860759495
2026-09-02,KPF,48.2469512195122
2026-09-02,KPH,48.65771812080537
2026-09-02,KPI,58.88157894736842
2026-09-02,KPK,
2026-09-02,KPM,
2026-09-02,KPP,47.03947368421053
2026-09-02,KPR,3.618421052631579
2026-09-02,KPS,69.74085365853658
2026-09-02,KPU,26.265822784810126
2026-09-02,KRC,18.354430379746837
2026-09-02,KRF,78.4375
2026-09-02,KRH,48.85670731707317
2026-09-02,KRO,36.204268292682926
2026-09-02,KRR,56.25
2026-09-02,KRS,37.881097560975604
2026-09-02,KRT,92.91158536585365
2026-09-02,KRV,91.0958904109589
2026-09-02,KSA,97.63719512195121
2026-09-02,KSC,
2026-09-02,KSK,9.539473684210527
2026-09-02,KSL,20.569620253164558
2026-09-02,KSM,52.84810126582279
2026-09-02,KSP,42.91158536585366
2026-09-02,KSR,48.41772151898734
2026-09-02,KST,
2026-09-02,KSV,88.92405063291139
2026-09-02,KSY,96.11280487804879
2026-09-02,KTE,
2026-09-02,KTI,31.962025316455694
2026-09-02,KTJ,46.51898734177215
2026-09-02,KTM,70.56962025316456
2026-09-02,KTN,64.87341772151899
2026-09-02,KTR,79.43037974683544
2026-09-02,KTS,69.30379746835443
2026-09-02,KTT,49.050632911392405
2026-09-02,KTU,
2026-09-02,KTV,87.65822784810126
2026-09-02,KU3,42.08860759493671
2026-09-02,KUA,18.037974683544302
2026-09-02,KUB,58.4375
2026-09-02,KUD,92.08860759493672
2026-09-02,KUP,27.36280487804878
2026-09-02,KUT,43.15068493150685
2026-09-02,KVA,
2026-09-02,KVK,59.81012658227848
2026-09-02,KVR,77.53164556962025
2026-09-02,KVS,91.38719512195121
2026-09-02,KVT,42.61744966442953
2026-09-02,KYA,13.758389261744966
2026-09-02,KYR,4.3445121951219505
2026-09-02,KYS,68.21646341463415
2026-09-02,KZL,28.08219178082192
2026-09-02,KZO,
2026-09-02,KZU,45.89041095890411
2026-09-02,LAI,31.021341463414636
2026-09-02,LET,
2026-09-02,LFD,
2026-09-02,LGK,
2026-09-02,LGO,33.15548780487805
2026-09-02,LHM,
2026-09-02,LHP,64.5579268292683
2026-09-02,LKF,59.589041095890416
2026-09-02,LKT,39.80263157894737
2026-09-02,LLA,11.509146341463415
2026-09-02,LPH,98.2469512195122
2026-09-02,LRT,92.30182926829268
2026-09-02,LTC,73.55182926829268
2026-09-02,LTL,25.16778523489933
2026-09-02,LTS,30.106707317073173
2026-09-02,LZV,
2026-09-02,MAC,4.3624161073825505
2026-09-02,MAD,20.3125
2026-09-02,MAS,17.14939024390244
2026-09-02,MAV,
2026-09-02,MBL,94.0625
2026-09-02,MBR,60.12658227848101
2026-09-02,MCU,93.67378048780488
2026-09-02,MD1,59.68750000000001
2026-09-02,MD2,52.81249999999999
2026-09-02,MDF,41.27906976744186
2026-09-02,MET,29.6875
2026-09-02,MGB,17.759146341463413
2026-09-02,MGD,
2026-09-02,MGE,1.1432926829268293
2026-09-02,MGH,54.64939024390244
2026-09-02,MHF,5.033557046979865
2026-09-02,MIK,66.53963414634147
2026-09-02,MJB,20.348837209302324
2026-09-02,MJE,12.974683544303797
2026-09-02,MJG,6.395348837209303
2026-09-02,MJH,27.972560975609756
2026-09-02,MJK,19.4359756097561
2026-09-02,MJL,63.338414634146346
2026-09-02,MKA,6.012658227848101
2026-09-02,MKG,48.63013698630137
2026-09-02,MKL,
2026-09-02,MLS,
2026-09-02,MLT,20.198170731707318
2026-09-02,MMH,84.22818791946308
2026-09-02,MOD,
2026-09-02,MOZ,58.91768292682927
2026-09-02,MP2,2.972560975609756
2026-09-02,MP4,39.86280487804878
2026-09-02,MPD,83.91768292682927
2026-09-02,MPE,64.80263157894737
2026-09-02,MPF,95.25316455696202
2026-09-02,MPI,81.32621951219512
2026-09-02,MPK,84.49367088607595
2026-09-02,MPL,33.223684210526315
2026-09-02,MPN,48.09451219512195
2026-09-02,MPP,21.11280487804878
2026-09-02,MPS,16.139240506329113
2026-09-02,MRI,39.40548780487805
2026-09-02,MSK,
2026-09-02,MSO,
2026-09-02,MSR,9.070121951219512
2026-09-02,MT1,63.94817073170732
2026-09-02,MT2,56.25
2026-09-02,MT5,1.9054878048780488
2026-09-02,MT6,6.164383561643835
2026-09-02,MT7,2.2103658536585367
2026-09-02,MT8,0.07621951219512195
2026-09-02,MT9,20.045731707317074
2026-09-02,MTD,24.6875
2026-09-02,MTE,
2026-09-02,MTF,62.57621951219512
2026-09-02,MTG,66.6920731707317
2026-09-02,MTH,82.88590604026845
2026-09-02,MTI,
2026-09-02,MTK,66.13924050632912
2026-09-02,MTL,36.051829268292686
2026-09-02,MTS,48.25581395348838
2026-09-02,MTU,7.545731707317073
2026-09-02,MTV,28.4375
2026-09-02,MTX,21.5625
2026-09-02,MUL,57.393292682926834
2026-09-02,MUT,39.2530487804878
2026-09-02,NAK,65.06849315068493
2026-09-02,NAL,37.67123287671233
2026-09-02,NAU,26.71232876712329
2026-09-02,NAV,53.734756097560975
2026-09-02,NBE,57.24085365853659
2026-09-02,NBH,99.6189024390244
2026-09-02,NBO,98.25581395348837
2026-09-02,NBZ,87.1189024390244
2026-09-02,NCS,91.6920731707317
2026-09-02,NCU,25.83841463414634
2026-09-02,NDL,
2026-09-02,NDS,19.89329268292683
2026-09-02,NES,
2026-09-02,NFF,59.883720930232556
2026-09-02,NFH,21.41768292682927
2026-09-02,NFK,8.765243902439025
2026-09-02,NHP,58.720930232558146
2026-09-02,NHT,
2026-09-02,NHV,
2026-09-02,NHY,36.577181208053695
2026-09-02,NIG,40.625
2026-09-02,NIS,75.07621951219512
2026-09-02,NJF,74.65753424657534
2026-09-02,NJG,78.58231707317073
2026-09-02,NJR,91.77215189873418
2026-09-02,NJY,92.72151898734177
2026-09-02,NKA,37.65822784810127
2026-09-02,NKC,12.416107382550337
2026-09-02,NKH,61.661585365853654
2026-09-02,NKJ,
2026-09-02,NKK,23.246951219512198
2026-09-02,NKL,90.01524390243902
2026-09-02,NKM,4.746835443037975
2026-09-02,NKP,0.3125
2026-09-02,NKS,79.95426829268293
2026-09-02,NKT,75.0
2026-09-02,NKV,
2026-09-02,NLC,93.83561643835617
2026-09-02,NLD,
2026-09-02,NLE,92.9530201342282
2026-09-02,NLK,93.0640243902439
2026-09-02,NLL,27.66768292682927
2026-09-02,NME,18.670886075949365
2026-09-02,NMG,77.66768292682927
2026-09-02,NMP,18.75
2026-09-02,NMU,71.875
2026-09-02,NNF,1.006711409395973
2026-09-02,NOA,17.454268292682926
2026-09-02,NOI,97.33231707317073
2026-09-02,NOV,
2026-09-02,NP1,7.698170731707317
2026-09-02,NPH,10.40268456375839
2026-09-02,NPK,
2026-09-02,NRC,4.6875
2026-09-02,NRG,43.75
2026-09-02,NRM,80.8689024390244
2026-09-02,NSA,49.01315789473684
2026-09-02,NSD,81.6310975609756
2026-09-02,NSH,84.83231707317073
2026-09-02,NSK,85.89939024390245
2026-09-02,NSP,67.43421052631578
2026-09-02,NSS,
2026-09-02,NST,51.34228187919463
2026-09-02,NSY,40.92987804878049
2026-09-02,NTB,
2026-09-02,NTD,
2026-09-02,NTF,84.52743902439023
2026-09-02,NTI,15.312500000000002
2026-09-02,NTO,
2026-09-02,NTS,94.28353658536585
2026-09-02,NUB,36.50914634146341
2026-09-02,NUG,73.28767123287672
2026-09-02,NUH,15.100671140939598
2026-09-02,NVB,36.51315789473684
2026-09-02,NVC,28.277439024390244
2026-09-02,NVK,67.40506329113924
2026-09-02,NVP,
2026-09-02,NVT,79.64939024390245
2026-09-02,NVZ,60.89939024390244
2026-09-02,NYH,
2026-09-02,NZH,18.4375
2026-09-02,NZT,17.434210526315788
2026-09-02,NZU,45.88607594936709
2026-09-02,OAB,
2026-09-02,OAO,99.0625
2026-09-02,OBI,23.417721518987342
2026-09-02,OBN,59.984756097560975
2026-09-02,OBP,92.1875
2026-09-02,OBR,51.75304878048781
2026-09-02,OCM,
2026-09-02,OCN,
2026-09-02,OCT,
2026-09-02,ODD,69.89329268292683
2026-09-02,ODG,31.5625
2026-09-02,ODN,96.26524390243902
2026-09-02,ODP,64.86280487804879
2026-09-02,ODS,67.75914634146342
2026-09-02,ODV,4.069767441860465
2026-09-02,OFA,14.240506329113925
2026-09-02,OFB,88.33841463414635
2026-09-02,OFI,62.2093023255814
2026-09-02,OFK,25.0
2026-09-02,OFO,
2026-09-02,OFS,71.51162790697676
2026-09-02,OGD,70.54794520547945
2026-09-02,OGF,74.0506329113924
2026-09-02,OGV,
2026-09-02,OHB,65.43624161073825
2026-09-02,OHI,29.039634146341463
2026-09-02,OHK,71.83544303797468
2026-09-02,OIL,66.43835616438356
2026-09-02,OIR,69.18604651162791
2026-09-02,OIS,
2026-09-02,OJB,55.71646341463414
2026-09-02,OJH,23.704268292682926
2026-09-02,OJK,56.849315068493155
2026-09-02,OJT,30.813953488372093
2026-09-02,OJU,
2026-09-02,OJY,
2026-09-02,OKD,67.1875
2026-09-02,OKF,83.3079268292683
2026-09-02,OKP,51.26582278481012
2026-09-02,OKT,50.0
2026-09-02,OLA,44.4359756097561
2026-09-02,OLD,1.744186046511628
2026-09-02,OLE,79.65116279069767
2026-09-02,OMB,
2026-09-02,OMC,
2026-09-02,OME,27.515243902439025
2026-09-02,OMG,52.68456375838926
2026-09-02,OMT,5.592105263157895
2026-09-02,ONB,52.515243902439025
2026-09-02,OND,54.03963414634146
2026-09-02,ONE,55.868902439024396
2026-09-02,ONF,96.57534246575342
2026-09-02,ONK,37.57621951219512
2026-09-02,ONN,99.92378048780488
2026-09-02,ONS,79.03963414634147
2026-09-02,ONT,55.25914634146341
2026-09-02,ONY,49.771341463414636
2026-09-02,OPB,85.9375
2026-09-02,OPD,97.78963414634147
2026-09-02,OPF,44.0625
2026-09-02,OPH,37.24832214765101
2026-09-02,OPI,53.355704697986575
2026-09-02,OPJ,33.881578947368425
2026-09-02,OPL,44.6875
2026-09-02,OPZ,
2026-09-02,ORC,39.55792682926829
2026-09-02,ORI,
2026-09-02,OSD,58.86075949367089
2026-09-02,OSF,59.52743902439024
2026-09-02,OSH,36.35670731707317
2026-09-02,OSL,85.44303797468355
2026-09-02,OSN,79.80182926829268
2026-09-02,OTE,
2026-09-02,OTF,89.55696202531645
2026-09-02,OTJ,41.78082191780822
2026-09-02,OTK,
2026-09-02,OTM,27.8125
2026-09-02,OTZ,
2026-09-02,OUB,68.52134146341463
2026-09-02,OUD,92.75914634146342
2026-09-02,OUN,66.08231707317073
2026-09-02,OUR,74.6189024390244
2026-09-02,OUY,
2026-09-02,OVD,97.09302325581395
2026-09-02,OVR,
2026-09-02,OYL,44.40789473684211
2026-09-02,OYS,1.295731707317073
2026-09-02,OYT,95.8079268292683
2026-09-02,OZC,
2026-09-02,P1A,96.38157894736842
2026-09-02,PA2,82.87671232876713
2026-09-02,PAB,91.11842105263158
2026-09-02,PAC,
2026-09-02,PAF,60.95890410958904
2026-09-02,PAI,34.0625
2026-09-02,PAL,77.3972602739726
2026-09-02,PAO,6.935975609756098
2026-09-02,PAU,41.38719512195122
2026-09-02,PBE,82.85060975609755
2026-09-02,PBF,
2026-09-02,PBH,13.033536585365853
2026-09-02,PBI,87.79069767441861
2026-09-02,PBK,26.89873417721519
2026-09-02,PBN,63.643292682926834
2026-09-02,PBR,1.5625
2026-09-02,PBS,68.0640243902439
2026-09-02,PBY,7.850609756097561
2026-09-02,PCE,37.728658536585364
2026-09-02,PCH,61.356707317073166
2026-09-02,PCN,41.9969512195122
2026-09-02,PCS,30.868902439024392
2026-09-02,PDC,11.204268292682928
2026-09-02,PDD,62.9746835443038
2026-09-02,PDE,2.2151898734177213
2026-09-02,PDF,49.16158536585366
2026-09-02,PDG,10.442073170731707
2026-09-02,PDH,22.33231707317073
2026-09-02,PDR,
2026-09-02,PDS,12.271341463414634
2026-09-02,PEA,55.47945205479452
2026-09-02,PFO,70.34883720930233
2026-09-02,PFS,40.116279069767444
2026-09-02,PGD,70.3125
2026-09-02,PGE,73.39939024390245
2026-09-02,PGH,6.326219512195122
2026-09-02,PGS,14.429530201342283
2026-09-02,PHB,26.448170731707314
2026-09-02,PHE,2.348993288590604
2026-09-02,PHF,40.77743902439025
2026-09-02,PHI,47.31543624161073
2026-09-02,PHK,15.50632911392405
2026-09-02,PHN,56.17378048780488
2026-09-02,PHS,38.33841463414634
2026-09-02,PHY,16.08231707317073
2026-09-02,PID,72.8125
2026-09-02,PIL,5.232558139534884
2026-09-02,PIP,2.302631578947368
2026-09-02,PIR,14.383561643835616
2026-09-02,PIS,99.3140243902439
2026-09-02,PJL,18.092105263157894
2026-09-02,PJP,59.83231707317073
2026-09-02,PK1,
2026-09-02,PKD,28.164556962025316
2026-09-02,PKF,52.73972602739726
2026-09-02,PKH,1.5822784810126582
2026-09-02,PKL,83.22784810126582
2026-09-02,PKM,97.69736842105263
2026-09-02,PKN,44.28353658536585
2026-09-02,PKP,81.9078947368421
2026-09-02,PKR,0.3289473684210526
2026-09-02,PKT,66.77631578947368
2026-09-02,PKU,37.118902439024396
2026-09-02,PKV,96.72256097560977
2026-09-02,PKZ,21.875
2026-09-02,PLA,
2026-09-02,PLR,79.93421052631578
2026-09-02,PLS,
2026-09-02,PMG,
2026-09-02,PMH,
2026-09-02,PMP,2.5152439024390247
2026-09-02,PNU,75.32894736842105
2026-09-02,PO7,11.661585365853659
2026-09-02,PO8,25.685975609756095
2026-09-02,PO9,15.320121951219512
2026-09-02,POB,20.960365853658537
2026-09-02,POD,38.1859756097561
2026-09-02,POF,3.4246575342465753
2026-09-02,POH,
2026-09-02,POI,3.429878048780488
2026-09-02,POS,19.740853658536587
2026-09-02,POU,77.36280487804879
2026-09-02,PP1,21.202531645569618
2026-09-02,PPB,13.087248322147651
2026-09-02,PPD,26.60060975609756
2026-09-02,PPE,45.80792682926829
2026-09-02,PPF,42.60670731707317
2026-09-02,PPG,6.25
2026-09-02,PPH,6.375838926174497
2026-09-02,PPI,11.513157894736842
2026-09-02,PPJ,55.5921052631579
2026-09-02,PPK,65.46052631578947
2026-09-02,PPM,71.5701219512195
2026-09-02,PPN,84.53947368421053
2026-09-02,PPO,29.95426829268293
2026-09-02,PPP,1.644736842105263
2026-09-02,PPS,31.78353658536585
2026-09-02,PPT,69.4078947368421
2026-09-02,PPU,9.222560975609756
2026-09-02,PPV,72.03947368421053
2026-09-02,PPZ,63.48684210526315
2026-09-02,PRD,87.17105263157895
2026-09-02,PRF,
2026-09-02,PRH,21.38157894736842
2026-09-02,PRR,16.11842105263158
2026-09-02,PRU,88.64329268292683
2026-09-02,PRV,27.960526315789476
2026-09-02,PRY,86.51315789473685
2026-09-02,PSD,
2026-09-02,PSE,60.19736842105263
2026-09-02,PSG,18.673780487804876
2026-09-02,PSH,33.89261744966443
2026-09-02,PSL,75.53353658536585
2026-09-02,PSO,
2026-09-02,PSR,17.911585365853657
2026-09-02,PSS,67.60670731707317
2026-09-02,PST,6.783536585365854
2026-09-02,PTC,70.04573170731707
2026-09-02,PTE,46.381578947368425
2026-09-02,PTF,81.17378048780488
2026-09-02,PTG,
2026-09-02,PTL,22.697368421052634
2026-09-02,PTN,88.35616438356165
2026-09-02,PTO,90.26845637583892
2026-09-02,PTP,37.82894736842105
2026-09-02,PTS,78.61842105263158
2026-09-02,PUA,
2026-09-02,PUC,86.35670731707317
2026-09-02,PUH,37.271341463414636
2026-09-02,PUK,43.35443037974683
2026-09-02,PUR,39.14473684210527
2026-09-02,PUT,
2026-09-02,PUV,
2026-09-02,PVK,85.12658227848101
2026-09-02,PYB,20.065789473684212
2026-09-02,PYD,4.496951219512195
2026-09-02,PYF,84.0701219512195
2026-09-02,PYH,0.949367088607595
2026-09-02,PYI,18.826219512195124
2026-09-02,PYL,31.32621951219512
2026-09-02,PYR,4.192073170731708
2026-09-02,PYS,60.28963414634146
2026-09-02,RAF,63.6986301369863
2026-09-02,RAI,
2026-09-02,RAN,
2026-09-02,RAV,54.1920731707317
2026-09-02,RAY,
2026-09-02,RBA,30.82191780821918
2026-09-02,RBB,36.075949367088604
2026-09-02,RBE,86.05182926829268
2026-09-02,RBF,32.278481012658226
2026-09-02,RBH,23.10126582278481
2026-09-02,RBI,32.24085365853659
2026-09-02,RBK,56.0126582278481
2026-09-02,RBL,34.22256097560975
2026-09-02,RBN,13.795731707317074
2026-09-02,RBP,70.72368421052632
2026-09-02,RBR,91.45569620253164
2026-09-02,RBT,76.26582278481013
2026-09-02,RBV,94.62025316455697
2026-09-02,RCL,
2026-09-02,RCS,
2026-09-02,RCV,66.77215189873418
2026-09-02,RD1,65.9375
2026-09-02,RDF,20.503048780487802
2026-09-02,RDH,15.777439024390244
2026-09-02,RDK,
2026-09-02,RDS,59.67987804878049
2026-09-02,RDT,42.14939024390244
2026-09-02,RDZ,76.60060975609755
2026-09-02,RE6,7.534246575342466
2026-09-02,RE7,
2026-09-02,RE8,9.375
2026-09-02,RFM,73.83720930232558
2026-09-02,RGD,30.312499999999996
2026-09-02,RGH,54.49695121951219
2026-09-02,RHD,43.521341463414636
2026-09-02,RHI,92.28187919463086
2026-09-02,RHS,17.78523489932886
2026-09-02,RIA,46.265243902439025
2026-09-02,RIH,35.28963414634146
2026-09-02,RIK,2.1875
2026-09-02,RJG,62.328767123287676
2026-09-02,RKC,82.1875
2026-09-02,RKH,
2026-09-02,RKL,
2026-09-02,RKS,57.91139240506329
2026-09-02,RKV,93.9873417721519
2026-09-02,RLH,76.90548780487805
2026-09-02,RO1,13.486842105263158
2026-09-02,ROD,52.21036585365854
2026-09-02,ROF,35.59451219512195
2026-09-02,ROY,74.36708860759494
2026-09-02,RPC,65.3125
2026-09-02,RPD,13.4375
2026-09-02,RPG,40.41095890410959
2026-09-02,RPI,28.79746835443038
2026-09-02,RPK,
2026-09-02,RPL,58.15548780487805
2026-09-02,RPM,94.6875
2026-09-02,RPN,10.289634146341463
2026-09-02,RPO,
2026-09-02,RPP,52.30263157894737
2026-09-02,RPS,63.1859756097561
2026-09-02,RPT,90.16768292682927
2026-09-02,RPU,76.89873417721519
2026-09-02,RPX,68.67378048780488
2026-09-02,RRA,34.53947368421053
2026-09-02,RRP,8.223684210526317
2026-09-02,RS1,80.5640243902439
2026-09-02,RSF,85.28963414634147
2026-09-02,RSK,35.13719512195122
2026-09-02,RSY,31.478658536585364
2026-09-02,RSZ,19.283536585365855
2026-09-02,RTA,32.698170731707314
2026-09-02,RTB,85.13719512195121
2026-09-02,RTD,22.1875
2026-09-02,RTG,25.3125
2026-09-02,RTH,10.899390243902438
2026-09-02,RTI,78.79746835443038
2026-09-02,RTP,14.253048780487804
2026-09-02,RUH,35.7469512195122
2026-09-02,RUT,42.1875
2026-09-02,RVI,10.273972602739725
2026-09-02,RVS,30.41158536585366
2026-09-02,RYA,
2026-09-02,RYB,
2026-09-02,RYD,13.490853658536587
2026-09-02,RYF,19.13109756097561
2026-09-02,RYU,43.978658536585364
2026-09-02,RZR,
2026-09-02,SAP,35.19736842105263
2026-09-02,SAR,
2026-09-02,SAS,66.77852348993288
2026-09-02,SAT,
2026-09-02,SBH,9.984756097560975
2026-09-02,SBI,22.63719512195122
2026-09-02,SBR,26.143292682926827
2026-09-02,SBS,
2026-09-02,SCZ,90.625
2026-09-02,SD1,34.6875
2026-09-02,SDA,76.14329268292683
2026-09-02,SEH,46.72256097560975
2026-09-02,SER,69.28353658536585
2026-09-02,SFA,86.96646341463415
2026-09-02,SFS,50.58139534883721
2026-09-02,SGK,26.5625
2026-09-02,SGT,56.56250000000001
2026-09-02,SHC,91.61073825503355
2026-09-02,SHE,11.5625
2026-09-02,SHI,22.789634146341463
2026-09-02,SHU,81.02134146341463
2026-09-02,SIA,
2026-09-02,SIS,16.996951219512198
2026-09-02,SJP,72.02743902439023
2026-09-02,SKL,29.93421052631579
2026-09-02,SKO,40.604026845637584
2026-09-02,SKS,
2026-09-02,SKT,80.37974683544303
2026-09-02,SKZ,75.3810975609756
2026-09-02,SLF,68.0921052631579
2026-09-02,SLG,25.838926174496645
2026-09-02,SLR,
2026-09-02,SLS,
2026-09-02,SMP,
2026-09-02,SNY,9.527439024390244
2026-09-02,SOS,88.4375
2026-09-02,SPA,94.58841463414635
2026-09-02,SPD,
2026-09-02,SPE,96.875
2026-09-02,SPN,86.50914634146342
2026-09-02,SPP,60.85526315789473
2026-09-02,SPR,
2026-09-02,SPT,50.9493670886076
2026-09-02,SRA,
2026-09-02,SRE,
2026-09-02,SRL,86.91275167785236
2026-09-02,SRO,
2026-09-02,SSD,
2026-09-02,SSE,8.15548780487805
2026-09-02,SSF,
2026-09-02,SSK,90.3125
2026-09-02,SSN,
2026-09-02,SSO,
2026-09-02,SSS,31.20805369127517
2026-09-02,SST,
2026-09-02,ST1,7.718120805369128
2026-09-02,STI,45.96036585365854
2026-09-02,STM,
2026-09-02,STS,69.58841463414635
2026-09-02,STZ,28.734756097560975
2026-09-02,SUA,91.5625
2026-09-02,SUB,17.8125
2026-09-02,SUC,90.0
2026-09-02,SUR,62.08053691275168
2026-09-02,SVB,9.6875
2026-09-02,SVS,
2026-09-02,SVY,
2026-09-02,SYF,
2026-09-02,SYL,
2026-09-02,SYR,38.03353658536585
2026-09-02,SYS,34.984756097560975
2026-09-02,T3B,16.539634146341463
2026-09-02,TAL,25.34246575342466
2026-09-02,TAO,
2026-09-02,TAR,46.5625
2026-09-02,TAU,56.711409395973156
2026-09-02,TAZ,
2026-09-02,TB9,70.5030487804878
2026-09-02,TBP,64.53488372093024
2026-09-02,TBT,33.54430379746836
2026-09-02,TBV,53.79746835443038
2026-09-02,TCA,8.904109589041095
2026-09-02,TCB,52.960526315789465
2026-09-02,TCC,29.34451219512195
2026-09-02,TCD,30.0
2026-09-02,TCF,68.02325581395348
2026-09-02,TCG,
2026-09-02,TCH,64.40548780487805
2026-09-02,TCI,87.42378048780488
2026-09-02,TCS,12.11890243902439
2026-09-02,TDG,3.1645569620253164
2026-09-02,TDP,72.63719512195121
2026-09-02,TE3,57.8125
2026-09-02,TE4,95.3125
2026-09-02,TEJ,26.16279069767442
2026-09-02,TFE,85.75949367088607
2026-09-02,TFF,37.7906976744186
2026-09-02,TFU,20.88607594936709
2026-09-02,TGA,19.0625
2026-09-02,TGE,63.372093023255815
2026-09-02,TGN,62.17105263157895
2026-09-02,TGR,12.812499999999998
2026-09-02,TGT,99.36708860759494
2026-09-02,TGV,4.039634146341464
2026-09-02,TGZ,67.14939024390245
2026-09-02,THD,
2026-09-02,THF,98.3221476510067
2026-09-02,THG,93.82621951219512
2026-09-02,THH,
2026-09-02,THO,41.53963414634146
2026-09-02,THS,
2026-09-02,THT,
2026-09-02,THV,12.423780487804878
2026-09-02,TI1,79.27631578947368
2026-09-02,TI2,31.879194630872483
2026-09-02,TI3,3.0201342281879198
2026-09-02,TI4,74.6875
2026-09-02,TI6,14.556962025316455
2026-09-02,TI7,73.4375
2026-09-02,TIE,77.51677852348993
2026-09-02,TIL,33.22784810126582
2026-09-02,TIP,88.1859756097561
2026-09-02,TIV,93.0379746835443
2026-09-02,TJB,
2026-09-02,TJF,29.651162790697676
2026-09-02,TJI,33.13953488372093
2026-09-02,TJL,
2026-09-02,TJT,78.76712328767124
2026-09-02,TKF,57.38255033557047
2026-09-02,TKH,
2026-09-02,TKK,45.93023255813954
2026-09-02,TKM,28.618421052631575
2026-09-02,TLC,97.1875
2026-09-02,TLE,1.89873417721519
2026-09-02,TLH,7.046979865771812
2026-09-02,TLK,29.276315789473685
2026-09-02,TLT,
2026-09-02,TLU,67.45426829268293
2026-09-02,TLV,81.25
2026-09-02,TLY,85.59451219512195
2026-09-02,TLZ,45.25316455696203
2026-09-02,TMC,71.5625
2026-09-02,TMG,95.63758389261746
2026-09-02,TMM,99.46646341463415
2026-09-02,TMR,
2026-09-02,TMS,39.10060975609756
2026-09-02,TMU,77.32558139534885
2026-09-02,TMV,97.48475609756098
2026-09-02,TMZ,93.6046511627907
2026-09-02,TNB,31.935975609756095
2026-09-02,TND,86.5625
2026-09-02,TNF,
2026-09-02,TNH,
2026-09-02,TNI,92.8125
2026-09-02,TNK,71.51898734177216
2026-09-02,TNS,56.9359756097561
2026-09-02,TO8,45.35060975609756
2026-09-02,TOK,40.47256097560975
2026-09-02,TOT,46.20253164556962
2026-09-02,TP1,
2026-09-02,TP2,93.0921052631579
2026-09-02,TPC,13.013698630136986
2026-09-02,TPE,17.088607594936708
2026-09-02,TPF,34.810126582278485
2026-09-02,TPJ,86.8140243902439
2026-09-02,TPL,8.227848101265822
2026-09-02,TPO,
2026-09-02,TPP,51.143292682926834
2026-09-02,TPR,
2026-09-02,TPV,
2026-09-02,TPZ,81.32911392405063
2026-09-02,TRJ,87.9746835443038
2026-09-02,TRN,
2026-09-02,TRO,33.56164383561644
2026-09-02,TRR,84.22256097560977
2026-09-02,TRU,47.151898734177216
2026-09-02,TSI,86.70886075949366
2026-09-02,TSP,
2026-09-02,TTA,17.123287671232877
2026-09-02,TTE,21.812080536912752
2026-09-02,TTL,26.90548780487805
2026-09-02,TTP,66.84451219512195
2026-09-02,TTS,
2026-09-02,TTV,41.69207317073171
2026-09-02,TTZ,
2026-09-02,TUA,44.52054794520548
2026-09-02,TVE,7.2784810126582276
2026-09-02,TVN,
2026-09-02,TYH,19.798657718120804
2026-09-02,TZC,43.4375
2026-09-02,TZD,58.053691275167786
2026-09-02,TZH,
2026-09-02,TZL,43.09210526315789
2026-09-02,TZP,88.03353658536585
2026-09-02,TZT,41.139240506329116
2026-09-02,TZV,79.11392405063292
2026-09-02,UAB,
2026-09-02,UAP,
2026-09-02,UCN,
2026-09-02,UCP,6.907894736842106
2026-09-02,UFH,
2026-09-02,UHL,
2026-09-02,UHS,74.46646341463415
2026-09-02,ULH,30.564024390243905
2026-09-02,ULL,
2026-09-02,UNT,97.1798780487805
2026-09-02,UP1,85.61643835616438
2026-09-02,UP2,54.93421052631579
2026-09-02,UPD,60.59451219512195
2026-09-02,UPH,19.12751677852349
2026-09-02,UPP,22.039473684210524
2026-09-02,UPS,
2026-09-02,URA,7.8125
2026-09-02,URC,50.53353658536586
2026-09-02,URD,57.27848101265823
2026-09-02,URG,
2026-09-02,URM,
2026-09-02,URS,
2026-09-02,URV,
2026-09-02,USS,
2026-09-02,UST,
2026-09-02,USY,73.09451219512195
2026-09-02,UYH,73.70426829268293
2026-09-02,UZY,89.10060975609755
2026-09-02,VAY,87.58389261744966
2026-09-02,VCD,87.72865853658537
2026-09-02,VCG,85.7469512195122
2026-09-02,VCY,39.0625
2026-09-02,VFK,90.18987341772153
2026-09-02,VFO,67.8082191780822
2026-09-02,VFS,
2026-09-02,VHS,22.468354430379748
2026-09-02,VK6,66.11842105263158
2026-09-02,VKI,65.50632911392405
2026-09-02,VKK,99.68354430379746
2026-09-02,VKR,
2026-09-02,VKT,98.10126582278481
2026-09-02,VKV,97.15189873417721
2026-09-02,VLT,71.91780821917808
2026-09-02,VMV,98.39939024390245
2026-09-02,VNK,43.67378048780488
2026-09-02,VPA,49.67105263157895
2026-09-02,VPP,94.4359756097561
2026-09-02,VPS,5.1067073170731705
2026-09-02,VRK,23.734177215189874
2026-09-02,VTF,
2026-09-02,VTL,97.78481012658227
2026-09-02,YA1,94.89329268292683
2026-09-02,YAC,31.976744186046513
2026-09-02,YAE,24.68354430379747
2026-09-02,YAK,68.75
2026-09-02,YAN,85.46511627906976
2026-09-02,YAR,
2026-09-02,YAS,80.87248322147651
2026-09-02,YAY,35.23489932885906
2026-09-02,YBE,6.962025316455696
2026-09-02,YBH,61.50914634146341
2026-09-02,YBJ,
2026-09-02,YBP,75.9375
2026-09-02,YBR,90.9298780487805
2026-09-02,YBS,81.64556962025317
2026-09-02,YCG,
2026-09-02,YCH,54.06976744186046
2026-09-02,YCK,29.801829268292686
2026-09-02,YCL,7.393292682926829
2026-09-02,YCP,50.381097560975604
2026-09-02,YCY,75.63291139240506
2026-09-02,YDH,
2026-09-02,YDI,72.81879194630872
2026-09-02,YDK,63.92405063291139
2026-09-02,YDL,
2026-09-02,YDM,
2026-09-02,YDP,79.0625
2026-09-02,YDZ,82.54573170731707
2026-09-02,YEF,93.6241610738255
2026-09-02,YFV,72.46835443037975
2026-09-02,YGM,73.85670731707317
2026-09-02,YHB,68.79194630872483
2026-09-02,YHI,31.17378048780488
2026-09-02,YHK,37.0253164556962
2026-09-02,YHP,
2026-09-02,YHS,45.97315436241611
2026-09-02,YHT,94.30379746835443
2026-09-02,YHY,7.240853658536585
2026-09-02,YHZ,38.59060402684564
2026-09-02,YIK,7.565789473684211
2026-09-02,YIS,
2026-09-02,YIT,5.3125
2026-09-02,YIV,
2026-09-02,YJA,
2026-09-02,YJH,7.187499999999999
2026-09-02,YJK,21.511627906976745
2026-09-02,YJU,
2026-09-02,YJY,83.76524390243902
2026-09-02,YKS,93.3689024390244
2026-09-02,YKT,15.753424657534246
2026-09-02,YLB,45.723684210526315
2026-09-02,YLC,62.18749999999999
2026-09-02,YLE,78.18791946308725
2026-09-02,YLO,19.6875
2026-09-02,YLR,
2026-09-02,YLY,74.83221476510067
2026-09-02,YLZ,9.832317073170731
2026-09-02,YMD,83.15548780487805
2026-09-02,YMH,78.125
2026-09-02,YMP,93.75
2026-09-02,YNF,
2026-09-02,YNK,72.33231707317073
2026-09-02,YNL,
2026-09-02,YOA,9.49367088607595
2026-09-02,YOS,32.545731707317074
2026-09-02,YOT,44.936708860759495
2026-09-02,YOZ,87.57621951219512
2026-09-02,YP1,
2026-09-02,YP2,
2026-09-02,YP4,65.77743902439023
2026-09-02,YPC,81.5625
2026-09-02,YPD,
2026-09-02,YPF,71.72256097560977
2026-09-02,YPI,34.52743902439025
2026-09-02,YPK,73.2469512195122
2026-09-02,YPL,62.27134146341463
2026-09-02,YPN,69.1310975609756
2026-09-02,YPP,
2026-09-02,YPR,61.40939597315436
2026-09-02,YPT,23.355263157894736
2026-09-02,YPU,75.83841463414635
2026-09-02,YPV,18.023255813953487
2026-09-02,YRZ,40.167682926829265
2026-09-02,YSA,49.618902439024396
2026-09-02,YSH,29.062500000000004
2026-09-02,YSL,39.55696202531646
2026-09-02,YSO,96.5701219512195
2026-09-02,YSU,93.4375
2026-09-02,YTD,34.30232558139535
2026-09-02,YTJ,
2026-09-02,YTO,
2026-09-02,YTR,
2026-09-02,YTV,66.5625
2026-09-02,YTY,54.34451219512195
2026-09-02,YUB,33.46036585365854
2026-09-02,YUD,
2026-09-02,YUI,
2026-09-02,YUK,34.832317073170735
2026-09-02,YUN,89.5579268292683
2026-09-02,YUY,
2026-09-02,YVB,47.46835443037975
2026-09-02,YVD,31.907894736842106
2026-09-02,YVF,
2026-09-02,YVG,51.90548780487805
2026-09-02,YVO,
2026-09-02,YVS,
2026-09-02,YZC,55.93749999999999
2026-09-02,YZF,
2026-09-02,YZG,9.883720930232558
2026-09-02,YZH,50.671140939597315
2026-09-02,YZK,55.106707317073166
2026-09-02,YZL,48.551829268292686
2026-09-02,YZT,54.0625
2026-09-02,ZA2,64.14473684210526
2026-09-02,ZAD,27.531645569620256
2026-09-02,ZAV,34.67987804878049
2026-09-02,ZAY,10.855263157894738
2026-09-02,ZBD,48.4375
2026-09-02,ZBI,68.67088607594937
2026-09-02,ZBJ,80.5921052631579
2026-09-02,ZBN,14.557926829268292
2026-09-02,ZBO,55.411585365853654
2026-09-02,ZBZ,
2026-09-02,ZCA,
2026-09-02,ZCB,
2026-09-02,ZCC,
2026-09-02,ZCD,51.369863013698634
2026-09-02,ZCE,
2026-09-02,ZCF,
2026-09-02,ZCG,95.5030487804878
2026-09-02,ZCH,
2026-09-02,ZCK,42.721518987341774
2026-09-02,ZCN,86.62790697674419
2026-09-02,ZDD,85.3125
2026-09-02,ZDK,
2026-09-02,ZDZ,14.0625
2026-09-02,ZFB,14.6875
2026-09-02,ZFZ,
2026-09-02,ZHH,75.50335570469798
2026-09-02,ZIH,5.9375
2026-09-02,ZJB,15.472560975609756
2026-09-02,ZJH,
2026-09-02,ZJI,15.929878048780488
2026-09-02,ZJL,60.738255033557046
2026-09-02,ZJT,
2026-09-02,ZJV,47.98657718120805
2026-09-02,ZK1,44.620253164556964
2026-09-02,ZK2,9.177215189873419
2026-09-02,ZKK,
2026-09-02,ZLB,70.8079268292683
2026-09-02,ZLG,
2026-09-02,ZLH,27.85234899328859
2026-09-02,ZMT,59.375
2026-09-02,ZMU,52.362804878048784
2026-09-02,ZMY,22.8125
2026-09-02,ZNF,
2026-09-02,ZOS,45.5030487804878
2026-09-02,ZP1,
2026-09-02,ZP2,
2026-09-02,ZP3,
2026-09-02,ZP6,36.392405063291136
2026-09-02,ZP7,
2026-09-02,ZP8,41.776315789473685
2026-09-02,ZP9,40.189873417721515
2026-09-02,ZPA,92.45426829268293
2026-09-02,ZPC,25.0
2026-09-02,ZPE,35.12658227848101
2026-09-02,ZPF,56.64556962025317
2026-09-02,ZPG,71.20253164556962
2026-09-02,ZPH,19.407894736842106
2026-09-02,ZPJ,6.645569620253164
2026-09-02,ZPK,95.88607594936708
2026-09-02,ZPN,
2026-09-02,ZPO,99.01315789473685
2026-09-02,ZPR,50.98684210526315
2026-09-02,ZR2,
2026-09-02,ZR3,13.64329268292683
2026-09-02,ZSB,74.77134146341463
2026-09-02,ZSF,90.93959731543623
2026-09-02,ZSG,52.90697674418605
2026-09-02,ZSK,
2026-09-02,ZSN,
2026-09-02,ZTF,
2026-09-02,ZTG,91.27906976744185
2026-09-02,ZTV,26.51006711409396
2026-09-02,ZUD,
2026-09-02,ZUE,
2026-09-02,ZUS,45.65548780487805
2026-09-02,ZVB,47.02743902439025
2026-09-02,ZVO,12.576219512195122
2026-09-02,ZYC,
2026-09-02,ZYD,
2026-09-02,ZZL,77.8201219512195
2026-09-02,FDY,
2026-09-02,ZJR,
2026-09-02,DKY,31.631097560975608
2026-09-02,FKH,
2026-09-08,AAL,27.77777777777778
2026-09-08,AAS,92.61363636363636
2026-09-08,AAV,70.33333333333334
2026-09-08,ABG,55.75153374233128
2026-09-08,ABJ,
2026-09-08,ABU,90.49079754601227
2026-09-08,AC1,97.16981132075472
2026-09-08,AC2,31.671779141104295
2026-09-08,AC3,32.5920245398773
2026-09-08,AC4,61.111111111111114
2026-09-08,AC5,85.35276073619632
2026-09-08,AC6,60.966257668711656
2026-09-08,AC7,2.377300613496933
2026-09-08,AC8,11.579754601226993
2026-09-08,ACC,22.333333333333332
2026-09-08,ACD,80.67484662576688
2026-09-08,ACN,56.21165644171779
2026-09-08,ACU,71.3957055214724
2026-09-08,ADE,53.68098159509203
2026-09-08,ADP,61.66666666666667
2026-09-08,AED,64.11042944785275
2026-09-08,AES,82.38636363636364
2026-09-08,AEV,
2026-09-08,AFA,96.33333333333334
2026-09-08,AFO,36.3013698630137
2026-09-08,AFS,98.33333333333333
2026-09-08,AFT,38.333333333333336
2026-09-08,AFV,82.33333333333334
2026-09-08,AGC,72.69938650306749
2026-09-08,AHH,91.4877300613497
2026-09-08,AHI,23.0
2026-09-08,AHN,73.2361963190184
2026-09-08,AHU,14.556962025316455
2026-09-08,AHV,89.20454545454545
2026-09-08,AHZ,99.43181818181817
2026-09-08,AI1,95.16871165644172
2026-09-08,AIH,
2026-09-08,AII,
2026-09-08,AIM,
2026-09-08,AIR,
2026-09-08,AIS,94.44444444444444
2026-09-08,AJ1,60.50613496932515
2026-09-08,AJE,67.25460122699386
2026-09-08,AJK,71.54907975460122
2026-09-08,AJL,62.0398773006135
2026-09-08,AJN,51.61042944785276
2026-09-08,AK2,38.607594936708864
2026-09-08,AK3,45.0
2026-09-08,AKE,9.49367088607595
2026-09-08,AKU,83.0
2026-09-08,AL4,83.33333333333334
2026-09-08,AL5,32.38993710691824
2026-09-08,AL6,77.04402515723271
2026-09-08,AL7,68.23899371069182
2026-09-08,ALC,78.33333333333333
2026-09-08,ALE,65.0326797385621
2026-09-08,AN1,75.15337423312883
2026-09-08,ANL,85.29411764705883
2026-09-08,ANZ,57.438650306748464
2026-09-08,AOJ,39.18711656441718
2026-09-08,AOY,19.0
2026-09-08,AP2,31.36503067484663
2026-09-08,AP4,12.960122699386503
2026-09-08,AP5,
2026-09-08,AP6,3.4246575342465753
2026-09-08,AP7,73.84969325153375
2026-09-08,APJ,6.25
2026-09-08,APP,
2026-09-08,APT,61.39240506329114
2026-09-08,ARE,99.0
2026-09-08,ARF,
2026-09-08,ARL,50.56818181818182
2026-09-08,ARM,16.477272727272727
2026-09-08,ARP,
2026-09-08,AS1,
2026-09-08,AS3,18.021472392638035
2026-09-08,ASJ,67.66666666666666
2026-09-08,ATJ,
2026-09-08,AU1,76.02739726027397
2026-09-08,AUV,28.60429447852761
2026-09-08,AVC,9.432515337423313
2026-09-08,AVT,87.9746835443038
2026-09-08,AVZ,
2026-09-08,AY6,42.56134969325153
2026-09-08,AY7,76.15030674846625
2026-09-08,AYA,21.0
2026-09-08,AYR,60.12658227848101
2026-09-08,AZF,
2026-09-08,AZJ,96.08895705521472
2026-09-08,AZV,
2026-09-08,AZZ,
2026-09-08,BA1,87.0398773006135
2026-09-08,BAC,0.6901840490797546
2026-09-08,BAG,43.25153374233129
2026-09-08,BAI,25.34246575342466
2026-09-08,BAL,
2026-09-08,BAO,
2026-09-08,BAS,
2026-09-08,BBF,84.17721518987342
2026-09-08,BBI,
2026-09-08,BBN,2.223926380368098
2026-09-08,BBO,
2026-09-08,BBP,66.45569620253164
2026-09-08,BBS,93.63496932515338
2026-09-08,BCC,
2026-09-08,BCK,69.6319018404908
2026-09-08,BCO,85.84905660377359
2026-09-08,BDA,31.132075471698112
2026-09-08,BDC,23.849693251533743
2026-09-08,BDI,24.15644171779141
2026-09-08,BDO,4.064417177914111
2026-09-08,BDS,1.0
2026-09-08,BDY,97.0
2026-09-08,BFE,42.61363636363637
2026-09-08,BFO,
2026-09-08,BFS,67.61363636363636
2026-09-08,BFT,40.33333333333333
2026-09-08,BGH,
2026-09-08,BGP,83.33333333333334
2026-09-08,BGR,5.666666666666666
2026-09-08,BHA,56.99999999999999
2026-09-08,BHE,36.11963190184049
2026-09-08,BHF,1.5337423312883436
2026-09-08,BHH,21.549079754601227
2026-09-08,BHI,85.65950920245399
2026-09-08,BHL,23.542944785276074
2026-09-08,BHN,25.690184049079758
2026-09-08,BHO,
2026-09-08,BI5,
2026-09-08,BIA,
2026-09-08,BID,63.66666666666667
2026-09-08,BIG,77.0
2026-09-08,BIH,95.66666666666667
2026-09-08,BIK,5.904907975460123
2026-09-08,BIO,9.0
2026-09-08,BIP,72.87581699346404
2026-09-08,BIS,78.6042944785276
2026-09-08,BIY,34.333333333333336
2026-09-08,BJD,82.43865030674846
2026-09-08,BKO,
2026-09-08,BKY,78.30188679245283
2026-09-08,BLA,8.052147239263803
2026-09-08,BLD,91.9478527607362
2026-09-08,BLT,43.15068493150685
2026-09-08,BMU,17.101226993865033
2026-09-08,BNC,83.20552147239265
2026-09-08,BNH,33.97239263803681
2026-09-08,BOH,8.205521472392638
2026-09-08,BOL,31.0126582278481
2026-09-08,BON,70.25316455696202
2026-09-08,BOP,81.36503067484662
2026-09-08,BOS,0.684931506849315
2026-09-08,BP5,13.726993865030677
2026-09-08,BPD,95.93558282208589
2026-09-08,BPZ,99.01960784313727
2026-09-08,BRB,16.027607361963188
2026-09-08,BRC,65.87423312883436
2026-09-08,BRF,84.6590909090909
2026-09-08,BRG,68.30065359477125
2026-09-08,BRH,14.800613496932517
2026-09-08,BRR,82.91139240506328
2026-09-08,BRT,5.138036809815951
2026-09-08,BRZ,
2026-09-08,BS1,96.24233128834356
2026-09-08,BSA,
2026-09-08,BSC,83.35889570552148
2026-09-08,BSD,56.05828220858896
2026-09-08,BSE,5.598159509202454
2026-09-08,BSF,
2026-09-08,BSH,
2026-09-08,BSM,92.10122699386503
2026-09-08,BSN,3.2975460122699385
2026-09-08,BST,22.7760736196319
2026-09-08,BTE,42.02453987730061
2026-09-08,BTJ,70.93558282208589
2026-09-08,BTK,65.09433962264151
2026-09-08,BTP,2.287581699346405
2026-09-08,BTY,
2026-09-08,BTZ,
2026-09-08,BUB,40.340909090909086
2026-09-08,BUC,
2026-09-08,BUP,
2026-09-08,BUT,
2026-09-08,BUV,15.874233128834355
2026-09-08,BUY,3.0
2026-09-08,BV1,41.66666666666667
2026-09-08,BVB,
2026-09-08,BVC,
2026-09-08,BVD,58.58895705521472
2026-09-08,BVF,98.36601307189542
2026-09-08,BVH,47.7760736196319
2026-09-08,BVI,17.71472392638037
2026-09-08,BVK,
2026-09-08,BVM,19.708588957055216
2026-09-08,BVT,65.10736196319019
2026-09-08,BVV,31.595092024539877
2026-09-08,BVZ,98.84969325153375
2026-09-08,BYZ,44.70858895705521
2026-09-08,CAH,10.04601226993865
2026-09-08,CBD,2.5306748466257667
2026-09-08,CBN,
2026-09-08,CBO,
2026-09-08,CEY,
2026-09-08,CFO,15.359477124183007
2026-09-08,CGD,
2026-09-08,CHY,18.788343558282207
2026-09-08,CIN,64.34049079754601
2026-09-08,CJD,81.21165644171779
2026-09-08,CJF,
2026-09-08,CJG,
2026-09-08,CJH,37.193251533742334
2026-09-08,CKF,66.35220125786164
2026-09-08,CKL,82.51533742331289
2026-09-08,CKS,51.257861635220124
2026-09-08,COT,40.41411042944785
2026-09-08,CPT,19.938650306748464
2026-09-08,CPU,50.62893081761006
2026-09-08,CRL,
2026-09-08,CSD,
2026-09-08,CSH,5.4447852760736195
2026-09-08,CTF,
2026-09-08,CTG,
2026-09-08,CTM,
2026-09-08,CTP,
2026-09-08,CTV,
2026-09-08,CVA,
2026-09-08,CVB,
2026-09-08,CVC,
2026-09-08,CVD,
2026-09-08,CVE,
2026-09-08,CVF,
2026-09-08,CVK,46.22641509433962
2026-09-08,CVL,90.88050314465409
2026-09-08,CYD,66.33435582822086
2026-09-08,DA1,
2026-09-08,DAC,
2026-09-08,DAE,
2026-09-08,DAH,25.666666666666664
2026-09-08,DAI,
2026-09-08,DAL,
2026-09-08,DAP,85.94771241830065
2026-09-08,DAS,90.10736196319019
2026-09-08,DAT,
2026-09-08,DAV,51.30368098159509
2026-09-08,DAZ,
2026-09-08,DB2,
2026-09-08,DBA,55.47945205479452
2026-09-08,DBB,72.78481012658227
2026-09-08,DBG,
2026-09-08,DBH,13.291139240506327
2026-09-08,DBK,89.24050632911393
2026-09-08,DBP,68.40490797546013
2026-09-08,DBZ,50.0
2026-09-08,DCB,37.58169934640523
2026-09-08,DCD,
2026-09-08,DCE,
2026-09-08,DCN,59.80392156862745
2026-09-08,DCP,
2026-09-08,DCV,50.07668711656442
2026-09-08,DDA,55.598159509202446
2026-09-08,DDC,4.524539877300613
2026-09-08,DDE,
2026-09-08,DDF,34.43251533742331
2026-09-08,DDP,
2026-09-08,DEF,44.24846625766871
2026-09-08,DEH,16.333333333333332
2026-09-08,DEI,
2026-09-08,DFC,55.52147239263804
2026-09-08,DFD,81.05828220858896
2026-09-08,DFI,87.65337423312883
2026-09-08,DFO,
2026-09-08,DGF,94.1717791411043
2026-09-08,DGH,34.31372549019608
2026-09-08,DHI,2.8374233128834354
2026-09-08,DHJ,23.666666666666668
2026-09-08,DHM,34.659090909090914
2026-09-08,DHP,
2026-09-08,DHS,
2026-09-08,DHT,10.736196319018406
2026-09-08,DHV,10.659509202453988
2026-09-08,DID,61.65644171779141
2026-09-08,DIH,69.70858895705521
2026-09-08,DIM,
2026-09-08,DIP,25.163398692810457
2026-09-08,DK1,79.55974842767296
2026-09-08,DK8,66.64110429447852
2026-09-08,DKA,49.463190184049076
2026-09-08,DKC,45.168711656441715
2026-09-08,DKH,23.58490566037736
2026-09-08,DKL,67.61006289308176
2026-09-08,DKP,54.67791411042945
2026-09-08,DKR,22.3159509202454
2026-09-08,DKS,
2026-09-08,DL2,17.320261437908496
2026-09-08,DLD,81.66666666666667
2026-09-08,DLG,
2026-09-08,DLN,96.8558282208589
2026-09-08,DLY,52.614379084967325
2026-09-08,DLZ,65.41411042944786
2026-09-08,DMG,10.795454545454545
2026-09-08,DMI,
2026-09-08,DMR,
2026-09-08,DMV,
2026-09-08,DMZ,
2026-09-08,DNA,
2026-09-08,DNF,93.75
2026-09-08,DNH,22.62269938650307
2026-09-08,DNK,5.345911949685535
2026-09-08,DNL,
2026-09-08,DNM,48.84969325153374
2026-09-08,DNP,86.60130718954248
2026-09-08,DNU,50.99693251533742
2026-09-08,DOC,44.555214723926376
2026-09-08,DOD,55.13803680981595
2026-09-08,DOH,98.38957055214725
2026-09-08,DOL,68.63496932515338
2026-09-08,DOR,
2026-09-08,DOS,
2026-09-08,DOV,62.65337423312884
2026-09-08,DP1,
2026-09-08,DP2,60.04601226993865
2026-09-08,DP3,
2026-09-08,DP4,
2026-09-08,DP5,
2026-09-08,DP6,51.76380368098159
2026-09-08,DP7,
2026-09-08,DP8,89.72602739726028
2026-09-08,DP9,37.806748466257666
2026-09-08,DPB,47.00920245398773
2026-09-08,DPC,
2026-09-08,DPE,
2026-09-08,DPG,
2026-09-08,DPI,62.193251533742334
2026-09-08,DPK,82.70440251572327
2026-09-08,DPL,
2026-09-08,DPN,
2026-09-08,DPP,
2026-09-08,DPT,80.33333333333333
2026-09-08,DPZ,
2026-09-08,DRA,19.86196319018405
2026-09-08,DRD,31.518404907975462
2026-09-08,DRH,13.113496932515337
2026-09-08,DRT,21.165644171779142
2026-09-08,DSC,
2026-09-08,DSD,50.38343558282209
2026-09-08,DSH,99.61656441717791
2026-09-08,DSP,90.3409090909091
2026-09-08,DSV,32.43865030674847
2026-09-08,DTH,11.0
2026-09-08,DTL,25.0
2026-09-08,DTM,69.01840490797547
2026-09-08,DTO,58.358895705521476
2026-09-08,DTP,
2026-09-08,DTV,
2026-09-08,DTZ,37.11656441717792
2026-09-08,DUC,
2026-09-08,DUD,45.93558282208589
2026-09-08,DUH,15.26073619631902
2026-09-08,DUT,47.92944785276074
2026-09-08,DUV,25.949367088607595
2026-09-08,DVC,
2026-09-08,DVI,
2026-09-08,DVN,
2026-09-08,DVO,
2026-09-08,DVS,99.76993865030674
2026-09-08,DVT,70.85889570552148
2026-09-08,DVU,
2026-09-08,DVZ,
2026-09-08,DXP,47.0
2026-09-08,DYJ,27.070552147239262
2026-09-08,DYN,46.31901840490797
2026-09-08,DYS,93.02147239263803
2026-09-08,DZ2,
2026-09-08,DZE,50.33333333333333
2026-09-08,DZM,54.52453987730061
2026-09-08,DZP,
2026-09-08,DZS,86.579754601227
2026-09-08,EBD,43.86503067484663
2026-09-08,EBI,53.29754601226993
2026-09-08,EBS,75.99693251533742
2026-09-08,EC2,62.33333333333333
2026-09-08,ECA,91.71779141104295
2026-09-08,ECB,51.307189542483655
2026-09-08,ECV,63.92405063291139
2026-09-08,EDD,97.85276073619632
2026-09-08,EDN,92.94478527607362
2026-09-08,EDP,90.52287581699346
2026-09-08,EDT,91.33435582822086
2026-09-08,EDU,84.96932515337423
2026-09-08,EES,
2026-09-08,EGP,79.21779141104295
2026-09-08,EGR,51.84049079754601
2026-09-08,EHS,
2026-09-08,EIB,80.06134969325154
2026-09-08,EID,81.0
2026-09-08,EIL,91.17647058823529
2026-09-08,EJG,
2026-09-08,EKF,62.57861635220125
2026-09-08,EKL,3.594771241830065
2026-09-08,ELZ,14.150943396226415
2026-09-08,EME,16.641104294478527
2026-09-08,EML,36.50306748466258
2026-09-08,ENA,97.23926380368098
2026-09-08,ENJ,57.666666666666664
2026-09-08,ENO,92.8680981595092
2026-09-08,ENR,97.7124183006536
2026-09-08,ENS,84.3558282208589
2026-09-08,EP1,58.496732026143796
2026-09-08,EPA,78.10457516339869
2026-09-08,EPI,7.861635220125786
2026-09-08,EPK,10.273972602739725
2026-09-08,EPO,
2026-09-08,EPP,40.19607843137255
2026-09-08,EPT,16.013071895424837
2026-09-08,ESG,81.82515337423312
2026-09-08,ESN,45.47546012269939
2026-09-08,ESP,11.11963190184049
2026-09-08,ETN,99.079754601227
2026-09-08,EUN,37.34662576687116
2026-09-08,EUZ,64.03374233128835
2026-09-08,EVM,72.08588957055214
2026-09-08,EYT,32.38636363636363
2026-09-08,EZM,
2026-09-08,FAK,6.164383561643835
2026-09-08,FAL,19.863013698630137
2026-09-08,FBC,4.088050314465408
2026-09-08,FBI,79.83128834355828
2026-09-08,FBN,87.80674846625767
2026-09-08,FBV,30.904907975460123
2026-09-08,FBZ,61.27300613496932
2026-09-08,FCK,3.459119496855346
2026-09-08,FCS,90.72085889570552
2026-09-08,FD1,62.26993865030674
2026-09-08,FDE,55.29141104294478
2026-09-08,FDG,30.368098159509206
2026-09-08,FDO,
2026-09-08,FDV,
2026-09-08,FDZ,15.414110429447852
2026-09-08,FFD,36.9281045751634
2026-09-08,FFF,
2026-09-08,FFH,66.98113207547169
2026-09-08,FFO,
2026-09-08,FFP,36.93181818181818
2026-09-08,FHI,20.93558282208589
2026-09-08,FHP,21.241830065359476
2026-09-08,FHZ,
2026-09-08,FI3,39.87341772151899
2026-09-08,FI5,62.41830065359477
2026-09-08,FIB,40.41095890410959
2026-09-08,FID,30.981595092024538
2026-09-08,FIL,54.57516339869281
2026-09-08,FIT,19.62025316455696
2026-09-08,FJB,39.64723926380368
2026-09-08,FJC,80.13803680981594
2026-09-08,FJM,71.70245398773007
2026-09-08,FJN,61.42638036809815
2026-09-08,FJZ,50.536809815950924
2026-09-08,FKE,37.65337423312884
2026-09-08,FKV,53.604294478527606
2026-09-08,FLS,72.46932515337423
2026-09-08,FLY,3.9877300613496933
2026-09-08,FMG,38.72699386503067
2026-09-08,FMS,
2026-09-08,FMV,97.00920245398773
2026-09-08,FNO,42.63803680981595
2026-09-08,FNT,19.24846625766871
2026-09-08,FP4,3.4509202453987733
2026-09-08,FPE,8.227848101265822
2026-09-08,FPG,25.84355828220859
2026-09-08,FPH,75.66666666666667
2026-09-08,FPI,23.856209150326798
2026-09-08,FPK,32.278481012658226
2026-09-08,FPR,35.04601226993865
2026-09-08,FPZ,77.2239263803681
2026-09-08,FR1,16.334355828220858
2026-09-08,FRA,
2026-09-08,FRC,13.88036809815951
2026-09-08,FRZ,
2026-09-08,FS1,7.285276073619632
2026-09-08,FS2,32.1319018404908
2026-09-08,FS3,0.9433962264150944
2026-09-08,FS4,1.1503067484662577
2026-09-08,FS5,47.62269938650307
2026-09-08,FS6,97.7760736196319
2026-09-08,FSF,67.64705882352942
2026-09-08,FSG,33.0521472392638
2026-09-08,FSH,22.15909090909091
2026-09-08,FSK,29.08496732026144
2026-09-08,FSM,3.604294478527607
2026-09-08,FSP,
2026-09-08,FSR,68.02147239263803
2026-09-08,FSU,96.02272727272727
2026-09-08,FSV,38.88036809815951
2026-09-08,FTL,33.66013071895425
2026-09-08,FTY,56.36503067484663
2026-09-08,FUA,24.333333333333336
2026-09-08,FUB,6.962025316455696
2026-09-08,FUM,
2026-09-08,FUN,89.49386503067484
2026-09-08,FUP,
2026-09-08,FVL,88.72699386503068
2026-09-08,FYA,10.352760736196318
2026-09-08,FYB,
2026-09-08,FYD,42.333333333333336
2026-09-08,FYF,47.16257668711656
2026-09-08,FYG,
2026-09-08,FYH,27.99079754601227
2026-09-08,FYI,96.54907975460122
2026-09-08,FYM,75.69018404907976
2026-09-08,FYO,74.0506329113924
2026-09-08,FYT,99.36708860759494
2026-09-08,FYZ,
2026-09-08,FZJ,49.43181818181818
2026-09-08,FZP,58.81901840490797
2026-09-08,GA1,41.139240506329116
2026-09-08,GAC,
2026-09-08,GAE,86.33333333333333
2026-09-08,GAF,31.0
2026-09-08,GAG,50.84355828220859
2026-09-08,GAH,54.29447852760736
2026-09-08,GAJ,
2026-09-08,GAL,5.555555555555555
2026-09-08,GAN,38.11349693251534
2026-09-08,GAS,87.19325153374233
2026-09-08,GAU,
2026-09-08,GAV,
2026-09-08,GBC,77.66666666666666
2026-09-08,GBG,95.0
2026-09-08,GBH,28.297546012269937
2026-09-08,GBJ,52.83742331288344
2026-09-08,GBL,47.46835443037975
2026-09-08,GBN,84.58588957055214
2026-09-08,GBP,
2026-09-08,GBV,38.95705521472393
2026-09-08,GBZ,57.38636363636363
2026-09-08,GCA,
2026-09-08,GCC,
2026-09-08,GCD,43.48159509202454
2026-09-08,GCI,
2026-09-08,GCZ,
2026-09-08,GDJ,
2026-09-08,GDP,
2026-09-08,GEC,
2026-09-08,GEI,0.843558282208589
2026-09-08,GEZ,
2026-09-08,GFB,
2026-09-08,GFD,
2026-09-08,GFI,
2026-09-08,GFL,
2026-09-08,GFN,
2026-09-08,GFY,
2026-09-08,GGA,
2026-09-08,GGC,
2026-09-08,GGD,
2026-09-08,GGK,48.63013698630137
2026-09-08,GGM,
2026-09-08,GGN,
2026-09-08,GGP,
2026-09-08,GGR,
2026-09-08,GHS,15.666666666666668
2026-09-08,GID,18.333333333333332
2026-09-08,GIE,87.0
2026-09-08,GIH,
2026-09-08,GJA,
2026-09-08,GJB,11.931818181818182
2026-09-08,GJD,
2026-09-08,GJE,
2026-09-08,GJF,
2026-09-08,GJH,46.07843137254902
2026-09-08,GJM,61.88650306748467
2026-09-08,GJO,
2026-09-08,GKF,13.522012578616351
2026-09-08,GKG,93.0
2026-09-08,GKH,42.810457516339866
2026-09-08,GKK,
2026-09-08,GKL,
2026-09-08,GKM,69.09509202453987
2026-09-08,GKV,33.0188679245283
2026-09-08,GL1,55.666666666666664
2026-09-08,GLC,26.704545454545453
2026-09-08,GLG,23.236196319018404
2026-09-08,GLL,11.643835616438356
2026-09-08,GLM,
2026-09-08,GLP,
2026-09-08,GLS,93.39622641509435
2026-09-08,GLV,33.512269938650306
2026-09-08,GMA,54.90797546012271
2026-09-08,GMC,3.977272727272727
2026-09-08,GMD,64.20454545454545
2026-09-08,GME,
2026-09-08,GMI,22.00920245398773
2026-09-08,GMM,67.10122699386503
2026-09-08,GMN,19.28104575163399
2026-09-08,GMO,
2026-09-08,GMP,
2026-09-08,GMR,4.333333333333334
2026-09-08,GMZ,
2026-09-08,GNH,
2026-09-08,GNK,
2026-09-08,GNL,
2026-09-08,GNP,23.202614379084967
2026-09-08,GNS,33.0
2026-09-08,GNZ,
2026-09-08,GO1,51.70454545454546
2026-09-08,GO3,19.886363636363637
2026-09-08,GO4,15.340909090909092
2026-09-08,GO6,89.86928104575163
2026-09-08,GO9,14.333333333333334
2026-09-08,GOF,67.4079754601227
2026-09-08,GOH,27.0
2026-09-08,GOK,53.77358490566038
2026-09-08,GOL,28.08219178082192
2026-09-08,GOP,84.640522875817
2026-09-08,GP1,
2026-09-08,GP3,61.73312883435583
2026-09-08,GPA,12.025316455696203
2026-09-08,GPB,87.42331288343557
2026-09-08,GPC,50.23006134969326
2026-09-08,GPF,55.0314465408805
2026-09-08,GPG,40.1840490797546
2026-09-08,GPH,
2026-09-08,GPI,65.33742331288343
2026-09-08,GPJ,
2026-09-08,GPL,83.97239263803681
2026-09-08,GPM,
2026-09-08,GPN,80.06535947712419
2026-09-08,GPT,23.619631901840492
2026-09-08,GPU,57.36196319018405
2026-09-08,GPV,
2026-09-08,GPZ,92.48366013071896
2026-09-08,GRL,21.70245398773006
2026-09-08,GRO,83.5122699386503
2026-09-08,GRT,10.333333333333334
2026-09-08,GSE,89.03374233128835
2026-09-08,GSG,
2026-09-08,GSL,
2026-09-08,GSO,
2026-09-08,GSP,59.0
2026-09-08,GSR,
2026-09-08,GTA,30.82191780821918
2026-09-08,GTF,29.746835443037973
2026-09-08,GTH,53.666666666666664
2026-09-08,GTK,
2026-09-08,GTL,68.95424836601308
2026-09-08,GTM,73.0
2026-09-08,GTN,
2026-09-08,GTY,36.88650306748466
2026-09-08,GTZ,5.113636363636364
2026-09-08,GUA,
2026-09-08,GUB,71.51898734177216
2026-09-08,GUC,
2026-09-08,GUF,25.568181818181817
2026-09-08,GUH,52.33333333333333
2026-09-08,GUK,10.377358490566039
2026-09-08,GUM,18.75
2026-09-08,GUV,17.088607594936708
2026-09-08,GVA,12.576687116564417
2026-09-08,GVB,
2026-09-08,GVC,
2026-09-08,GVD,
2026-09-08,GVI,14.204545454545455
2026-09-08,GVL,
2026-09-08,GVZ,
2026-09-08,GYC,
2026-09-08,GYG,
2026-09-08,GYK,85.44303797468355
2026-09-08,GYL,94.30379746835443
2026-09-08,GYN,
2026-09-08,GYR,
2026-09-08,GZB,
2026-09-08,GZD,
2026-09-08,GZE,75.23006134969326
2026-09-08,GZG,59.20245398773007
2026-09-08,GZH,5.214723926380368
2026-09-08,GZJ,31.25
2026-09-08,GZL,89.2638036809816
2026-09-08,GZM,97.16257668711657
2026-09-08,GZN,58.66564417177914
2026-09-08,GZO,
2026-09-08,GZP,72.1590909090909
2026-09-08,GZR,53.0
2026-09-08,GZU,
2026-09-08,GZV,52.84090909090909
2026-09-08,GZY,3.374233128834356
2026-09-08,GZZ,56.13496932515337
2026-09-08,HAE,63.72699386503068
2026-09-08,HAG,71.8558282208589
2026-09-08,HAI,15.753424657534246
2026-09-08,HAM,74.65753424657534
2026-09-08,HAR,41.641104294478524
2026-09-08,HAT,
2026-09-08,HB1,64.64723926380368
2026-09-08,HB2,25.996932515337424
2026-09-08,HBF,26.71232876712329
2026-09-08,HBJ,
2026-09-08,HBN,30.113636363636363
2026-09-08,HBU,85.66666666666667
2026-09-08,HBV,22.929447852760738
2026-09-08,HCV,9.748427672955975
2026-09-08,HDA,62.806748466257666
2026-09-08,HDD,86.1963190184049
2026-09-08,HDE,45.32208588957055
2026-09-08,HDH,4.3711656441717786
2026-09-08,HDJ,95.78220858895705
2026-09-08,HDK,52.53067484662577
2026-09-08,HDS,59.89263803680982
2026-09-08,HDV,65.56748466257669
2026-09-08,HEH,67.56134969325154
2026-09-08,HFA,
2026-09-08,HFI,29.245283018867923
2026-09-08,HFO,
2026-09-08,HFR,7.000000000000001
2026-09-08,HFV,71.24233128834356
2026-09-08,HFY,61.94968553459119
2026-09-08,HGC,78.75766871165644
2026-09-08,HGH,8.66564417177914
2026-09-08,HGJ,15.107361963190183
2026-09-08,HGM,68.33333333333333
2026-09-08,HGR,70.47546012269939
2026-09-08,HGT,72.16257668711657
2026-09-08,HGU,
2026-09-08,HGV,9.585889570552148
2026-09-08,HIA,88.88036809815951
2026-09-08,HIF,33.20552147239264
2026-09-08,HIH,46.33333333333333
2026-09-08,HII,
2026-09-08,HIM,61.579754601227
2026-09-08,HIP,61.76470588235294
2026-09-08,HIS,
2026-09-08,HIZ,44.47852760736196
2026-09-08,HJA,0.5368098159509203
2026-09-08,HJB,29.141104294478527
2026-09-08,HKG,74.5398773006135
2026-09-08,HKH,12.264150943396226
2026-09-08,HKJ,89.2156862745098
2026-09-08,HKM,7.898773006134969
2026-09-08,HKP,2.8301886792452833
2026-09-08,HKR,20.47546012269939
2026-09-08,HKV,75.31645569620254
2026-09-08,HLA,6.51840490797546
2026-09-08,HLL,81.37254901960785
2026-09-08,HLR,7.438650306748467
2026-09-08,HMC,38.420245398773005
2026-09-08,HME,87.34662576687117
2026-09-08,HMG,82.1319018404908
2026-09-08,HMK,1.763803680981595
2026-09-08,HML,50.0
2026-09-08,HMS,28.999999999999996
2026-09-08,HMT,40.107361963190186
2026-09-08,HMV,24.92331288343558
2026-09-08,HNS,72.7760736196319
2026-09-08,HOA,21.779141104294478
2026-09-08,HOY,43.75
2026-09-08,HP3,84.73926380368098
2026-09-08,HPC,
2026-09-08,HPD,29.754601226993866
2026-09-08,HPF,1.4570552147239262
2026-09-08,HPH,8.823529411764707
2026-09-08,HPI,8.97239263803681
2026-09-08,HPJ,
2026-09-08,HPL,2.0705521472392636
2026-09-08,HPO,67.79141104294479
2026-09-08,HPT,77.84810126582279
2026-09-08,HPV,86.47798742138365
2026-09-08,HPZ,
2026-09-08,HRZ,3.6666666666666665
2026-09-08,HSA,23.006134969325153
2026-09-08,HSL,31.045751633986928
2026-09-08,HSP,32.74539877300614
2026-09-08,HST,48.734177215189874
2026-09-08,HTF,6.862745098039216
2026-09-08,HTJ,65.95092024539878
2026-09-08,HTK,0.5681818181818182
2026-09-08,HTS,81.5068493150685
2026-09-08,HTZ,8.819018404907975
2026-09-08,HUI,
2026-09-08,HUS,
2026-09-08,HVA,11.733128834355828
2026-09-08,HVB,10.506134969325153
2026-09-08,HVC,22.469325153374236
2026-09-08,HVI,85.0
2026-09-08,HVK,0.6329113924050633
2026-09-08,HVL,
2026-09-08,HVN,
2026-09-08,HVS,41.0
2026-09-08,HVT,91.83006535947712
2026-09-08,HVU,35.88957055214724
2026-09-08,HVV,
2026-09-08,HVZ,35.0
2026-09-08,HYK,65.72085889570552
2026-09-08,HYP,95.32208588957054
2026-09-08,HYU,88.420245398773
2026-09-08,HYV,17.973856209150327
2026-09-08,HYY,
2026-09-08,HZV,
2026-09-08,IAC,
2026-09-08,IAE,70.24539877300614
2026-09-08,IAI,
2026-09-08,IAJ,
2026-09-08,IAM,66.47727272727273
2026-09-08,IAR,15.720858895705522
2026-09-08,IAS,12.193251533742332
2026-09-08,IAT,88.9937106918239
2026-09-08,IAU,74.46319018404908
2026-09-08,IAY,52.73972602739726
2026-09-08,IBB,49.38650306748466
2026-09-08,IBC,
2026-09-08,IBE,4.984662576687116
2026-09-08,IBG,48.69631901840491
2026-09-08,IBJ,49.309815950920246
2026-09-08,IBK,76.58227848101265
2026-09-08,IBM,34.12576687116564
2026-09-08,IBP,
2026-09-08,IBR,96.70245398773007
2026-09-08,ICA,18.493150684931507
2026-09-08,ICC,46.93251533742331
2026-09-08,ICD,76.99386503067484
2026-09-08,ICE,28.431372549019606
2026-09-08,ICF,76.33333333333333
2026-09-08,ICG,
2026-09-08,ICH,88.03680981595092
2026-09-08,ICN,93.48159509202453
2026-09-08,ICS,30.598159509202453
2026-09-08,ICV,
2026-09-08,ICZ,26.333333333333332
2026-09-08,IDD,47.3159509202454
2026-09-08,IDF,74.30981595092024
2026-09-08,IDH,43.666666666666664
2026-09-08,IDI,90.33333333333333
2026-09-08,IDL,63.725490196078425
2026-09-08,IDO,65.26073619631902
2026-09-08,IDP,29.83128834355828
2026-09-08,IDV,
2026-09-08,IDY,61.04294478527608
2026-09-08,IED,52.45398773006135
2026-09-08,IEN,13.420245398773007
2026-09-08,IEV,24.846625766871167
2026-09-08,IEZ,
2026-09-08,IFD,
2026-09-08,IFN,
2026-09-08,IFV,58.86075949367089
2026-09-08,IFY,
2026-09-08,IGF,
2026-09-08,IGL,57.18954248366013
2026-09-08,IGM,
2026-09-08,IGZ,
2026-09-08,IH1,58.333333333333336
2026-09-08,IHA,
2026-09-08,IHC,72.62269938650306
2026-09-08,IHK,19.666666666666664
2026-09-08,IHP,16.794478527607364
2026-09-08,IHT,36.333333333333336
2026-09-08,IHV,19.095092024539877
2026-09-08,IHY,
2026-09-08,IHZ,
2026-09-08,IIA,3.9110429447852764
2026-09-08,IIC,
2026-09-08,IIE,1.303680981595092
2026-09-08,IIF,98.6963190184049
2026-09-08,IIH,54.333333333333336
2026-09-08,IIN,82.6797385620915
2026-09-08,IIS,0.3834355828220859
2026-09-08,IJA,20.552147239263803
2026-09-08,IJB,68.75
2026-09-08,IJC,4.601226993865031
2026-09-08,IJE,
2026-09-08,IJF,
2026-09-08,IJH,58.52272727272727
2026-09-08,IJI,57.74539877300614
2026-09-08,IJK,
2026-09-08,IJL,52.6840490797546
2026-09-08,IJP,43.75
2026-09-08,IJT,85.81288343558282
2026-09-08,IJV,97.05882352941177
2026-09-08,IJZ,47.54601226993865
2026-09-08,IK2,78.29754601226993
2026-09-08,IKL,81.25
2026-09-08,IKP,18.75
2026-09-08,IKV,37.34177215189873
2026-09-08,ILC,75.53680981595092
2026-09-08,ILE,
2026-09-08,ILH,75.49019607843137
2026-09-08,ILI,95.62883435582822
2026-09-08,ILM,24.616564417177912
2026-09-08,ILP,
2026-09-08,ILU,
2026-09-08,ILZ,85.79545454545455
2026-09-08,IMB,
2026-09-08,IMF,46.54907975460122
2026-09-08,IMG,48.236196319018404
2026-09-08,IMH,
2026-09-08,IML,71.66666666666667
2026-09-08,IMO,
2026-09-08,IMS,
2026-09-08,IMT,
2026-09-08,IMY,
2026-09-08,IMZ,
2026-09-08,INH,48.77300613496933
2026-09-08,INV,
2026-09-08,INZ,76.3036809815951
2026-09-08,IOG,26.30368098159509
2026-09-08,IOH,69.86196319018406
2026-09-08,IOJ,76.7638036809816
2026-09-08,IOL,
2026-09-08,IOM,0.9969325153374233
2026-09-08,ION,24.46319018404908
2026-09-08,IOO,80.71895424836602
2026-09-08,IOP,76.1437908496732
2026-09-08,IOT,
2026-09-08,IOV,
2026-09-08,IPA,23.08282208588957
2026-09-08,IPB,2.7607361963190185
2026-09-08,IPC,
2026-09-08,IPE,
2026-09-08,IPF,59.43251533742331
2026-09-08,IPG,71.02272727272727
2026-09-08,IPJ,6.25
2026-09-08,IPK,
2026-09-08,IPO,
2026-09-08,IPP,66.02760736196319
2026-09-08,IPR,
2026-09-08,IPU,
2026-09-08,IPV,20.88607594936709
2026-09-08,IRB,84.89263803680981
2026-09-08,IRE,66.18098159509202
2026-09-08,IRF,86.93181818181817
2026-09-08,IRL,42.4079754601227
2026-09-08,IRO,30.13803680981595
2026-09-08,IRT,50.61349693251533
2026-09-08,IRV,97.62269938650306
2026-09-08,IRY,66.33986928104575
2026-09-08,ISR,
2026-09-08,ISS,
2026-09-08,IST,57.59493670886076
2026-09-08,ITA,
2026-09-08,ITC,39.666666666666664
2026-09-08,ITD,
2026-09-08,ITJ,52.99079754601227
2026-09-08,ITL,
2026-09-08,ITP,56.25
2026-09-08,ITR,
2026-09-08,ITV,92.46575342465754
2026-09-08,ITZ,
2026-09-08,IUA,42.25460122699386
2026-09-08,IUB,
2026-09-08,IUC,
2026-09-08,IUF,63.57361963190185
2026-09-08,IUH,39.20454545454545
2026-09-08,IUM,
2026-09-08,IUN,
2026-09-08,IUV,80.44478527607362
2026-09-08,IUZ,76.79738562091504
2026-09-08,IV2,16.947852760736197
2026-09-08,IV6,
2026-09-08,IV7,
2026-09-08,IV8,78.9308176100629
2026-09-08,IVF,17.29559748427673
2026-09-08,IVS,41.9478527607362
2026-09-08,IVY,57.97546012269939
2026-09-08,IYB,53.06748466257669
2026-09-08,IYP,
2026-09-08,IYR,
2026-09-08,IYS,21.395705521472394
2026-09-08,IYV,26.45705521472393
2026-09-08,IZA,
2026-09-08,IZB,88.06818181818183
2026-09-08,IZE,
2026-09-08,IZL,64.18711656441718
2026-09-08,IZS,99.31506849315068
2026-09-08,IZV,
2026-09-08,IZY,56.97852760736196
2026-09-08,JET,6.441717791411043
2026-09-08,JOT,
2026-09-08,JUP,60.65950920245399
2026-09-08,KAC,61.32075471698113
2026-09-08,KAN,47.26027397260274
2026-09-08,KAV,69.17808219178082
2026-09-08,KBJ,20.62883435582822
2026-09-08,KBP,
2026-09-08,KBZ,
2026-09-08,KCL,30.50314465408805
2026-09-08,KCR,97.94520547945206
2026-09-08,KCV,68.86792452830188
2026-09-08,KDE,84.59119496855347
2026-09-08,KDI,44.86196319018405
2026-09-08,KDK,
2026-09-08,KDL,38.67924528301887
2026-09-08,KDO,46.855345911949684
2026-09-08,KDS,38.05031446540881
2026-09-08,KDT,48.742138364779876
2026-09-08,KDV,56.289308176100626
2026-09-08,KDZ,54.40251572327044
2026-09-08,KEI,
2026-09-08,KEO,
2026-09-08,KEU,39.937106918238996
2026-09-08,KFZ,
2026-09-08,KGM,20.440251572327046
2026-09-08,KH1,41.19496855345912
2026-09-08,KHA,89.0
2026-09-08,KHB,17.666666666666668
2026-09-08,KHC,11.635220125786164
2026-09-08,KHD,21.069182389937108
2026-09-08,KHF,
2026-09-08,KHJ,8.49056603773585
2026-09-08,KHP,66.99346405228758
2026-09-08,KHT,
2026-09-08,KHU,
2026-09-08,KIA,
2026-09-08,KIB,39.57055214723926
2026-09-08,KIE,93.13725490196079
2026-09-08,KIH,91.79447852760735
2026-09-08,KIK,16.037735849056602
2026-09-08,KIS,37.42138364779874
2026-09-08,KJK,
2026-09-08,KKB,
2026-09-08,KKC,40.56603773584906
2026-09-08,KKE,
2026-09-08,KKH,78.97727272727273
2026-09-08,KKL,95.9119496855346
2026-09-08,KKO,39.95398773006135
2026-09-08,KKP,60.19938650306749
2026-09-08,KKT,58.17610062893082
2026-09-08,KLH,2.20125786163522
2026-09-08,KLI,83.98692810457517
2026-09-08,KLL,
2026-09-08,KLM,
2026-09-08,KLS,
2026-09-08,KLU,14.705882352941178
2026-09-08,KMA,
2026-09-08,KME,63.20754716981132
2026-09-08,KMF,91.0958904109589
2026-09-08,KMN,93.83561643835617
2026-09-08,KMT,
2026-09-08,KNC,64.49386503067484
2026-09-08,KNI,4.901960784313726
2026-09-08,KNJ,97.79874213836479
2026-09-08,KNN,54.37116564417178
2026-09-08,KNP,
2026-09-08,KNS,
2026-09-08,KNT,
2026-09-08,KNV,
2026-09-08,KNZ,
2026-09-08,KO4,39.80061349693251
2026-09-08,KOB,94.65408805031447
2026-09-08,KOD,50.0
2026-09-08,KOP,26.150306748466257
2026-09-08,KOT,79.66666666666666
2026-09-08,KOZ,
2026-09-08,KP3,35.966257668711656
2026-09-08,KPA,53.144654088050316
2026-09-08,KPB,
2026-09-08,KPC,56.91823899371069
2026-09-08,KPD,21.69811320754717
2026-09-08,KPF,49.15644171779141
2026-09-08,KPH,48.333333333333336
2026-09-08,KPI,49.34640522875817
2026-09-08,KPK,
2026-09-08,KPM,
2026-09-08,KPP,13.398692810457517
2026-09-08,KPR,0.9803921568627451
2026-09-08,KPS,76.91717791411043
2026-09-08,KPU,22.955974842767297
2026-09-08,KRC,22.151898734177212
2026-09-08,KRF,75.76687116564416
2026-09-08,KRH,46.395705521472394
2026-09-08,KRO,44.09509202453988
2026-09-08,KRR,31.25
2026-09-08,KRS,47.46932515337423
2026-09-08,KRT,89.64723926380368
2026-09-08,KRV,86.98630136986301
2026-09-08,KSA,95.01533742331289
2026-09-08,KSC,
2026-09-08,KSK,36.27450980392157
2026-09-08,KSL,18.553459119496853
2026-09-08,KSM,51.886792452830186
2026-09-08,KSP,43.63496932515337
2026-09-08,KSR,39.308176100628934
2026-09-08,KST,
2026-09-08,KSV,72.0125786163522
2026-09-08,KSY,91.02760736196319
2026-09-08,KTE,
2026-09-08,KTI,26.729559748427672
2026-09-08,KTJ,34.90566037735849
2026-09-08,KTM,72.64150943396226
2026-09-08,KTN,80.81761006289308
2026-09-08,KTR,73.89937106918238
2026-09-08,KTS,77.67295597484278
2026-09-08,KTT,43.08176100628931
2026-09-08,KTU,
2026-09-08,KTV,94.0251572327044
2026-09-08,KU3,45.59748427672956
2026-09-08,KUA,16.666666666666664
2026-09-08,KUB,67.17791411042946
2026-09-08,KUD,89.62264150943396
2026-09-08,KUP,26.763803680981596
2026-09-08,KUT,22.602739726027394
2026-09-08,KVA,
2026-09-08,KVK,60.691823899371066
2026-09-08,KVR,81.44654088050315
2026-09-08,KVS,79.37116564417178
2026-09-08,KVT,51.66666666666667
2026-09-08,KYA,21.666666666666668
2026-09-08,KYR,4.217791411042945
2026-09-08,KYS,59.58588957055214
2026-09-08,KZL,44.52054794520548
2026-09-08,KZO,
2026-09-08,KZU,34.93150684931507
2026-09-08,LAI,33.81901840490797
2026-09-08,LET,
2026-09-08,LFD,
2026-09-08,LGK,
2026-09-08,LGO,25.07668711656442
2026-09-08,LHM,
2026-09-08,LHP,49.61656441717792
2026-09-08,LKF,73.28767123287672
2026-09-08,LKT,65.68627450980392
2026-09-08,LLA,11.886503067484663
2026-09-08,LPH,97.46932515337423
2026-09-08,LRT,93.3282208588957
2026-09-08,LTC,79.67791411042946
2026-09-08,LTL,65.66666666666666
2026-09-08,LTS,41.79447852760736
2026-09-08,LZV,
2026-09-08,MAC,7.666666666666666
2026-09-08,MAD,35.2760736196319
2026-09-08,MAS,18.634969325153374
2026-09-08,MAV,
2026-09-08,MBL,96.0122699386503
2026-09-08,MBR,42.405063291139236
2026-09-08,MCU,92.25460122699386
2026-09-08,MD1,51.22699386503068
2026-09-08,MD2,40.79754601226993
2026-09-08,MDF,53.97727272727273
2026-09-08,MET,32.20858895705521
2026-09-08,MGB,19.55521472392638
2026-09-08,MGD,
2026-09-08,MGE,6.825153374233128
2026-09-08,MGH,63.11349693251533
2026-09-08,MHF,5.0
2026-09-08,MIK,57.898773006134974
2026-09-08,MJB,48.29545454545455
2026-09-08,MJE,36.79245283018868
2026-09-08,MJG,9.659090909090908
2026-09-08,MJH,27.530674846625768
2026-09-08,MJK,21.242331288343557
2026-09-08,MJL,64.80061349693251
2026-09-08,MKA,5.9748427672955975
2026-09-08,MKG,56.849315068493155
2026-09-08,MKL,
2026-09-08,MLS,
2026-09-08,MLT,24.76993865030675
2026-09-08,MMH,83.66666666666667
2026-09-08,MOD,
2026-09-08,MOZ,53.45092024539877
2026-09-08,MP2,12.346625766871165
2026-09-08,MP4,49.00306748466258
2026-09-08,MPD,82.89877300613497
2026-09-08,MPE,55.88235294117647
2026-09-08,MPF,98.42767295597484
2026-09-08,MPI,85.19938650306749
2026-09-08,MPK,87.73584905660378
2026-09-08,MPL,27.124183006535947
2026-09-08,MPN,43.941717791411044
2026-09-08,MPP,24.309815950920246
2026-09-08,MPS,12.89308176100629
2026-09-08,MRI,54.984662576687114
2026-09-08,MSK,
2026-09-08,MSO,
2026-09-08,MSR,14.64723926380368
2026-09-08,MT1,82.28527607361963
2026-09-08,MT2,51.9607843137255
2026-09-08,MT5,1.6104294478527608
2026-09-08,MT6,8.904109589041095
2026-09-08,MT7,2.6840490797546015
2026-09-08,MT8,0.23006134969325154
2026-09-08,MT9,16.180981595092025
2026-09-08,MTD,13.803680981595093
2026-09-08,MTE,
2026-09-08,MTF,76.45705521472392
2026-09-08,MTG,79.98466257668711
2026-09-08,MTH,66.33333333333333
2026-09-08,MTI,
2026-09-08,MTK,47.48427672955975
2026-09-08,MTL,33.66564417177914
2026-09-08,MTS,68.75
2026-09-08,MTU,9.125766871165645
2026-09-08,MTV,26.07361963190184
2026-09-08,MTX,25.4601226993865
2026-09-08,MUL,43.328220858895705
2026-09-08,MUT,32.285276073619634
2026-09-08,NAK,60.95890410958904
2026-09-08,NAL,50.0
2026-09-08,NAU,37.67123287671233
2026-09-08,NAV,46.08895705521473
2026-09-08,NBE,51.917177914110425
2026-09-08,NBH,99.15644171779141
2026-09-08,NBO,91.47727272727273
2026-09-08,NBZ,86.27300613496932
2026-09-08,NCS,84.12576687116564
2026-09-08,NCU,37.0398773006135
2026-09-08,NDL,
2026-09-08,NDS,21.855828220858893
2026-09-08,NES,
2026-09-08,NFF,69.88636363636364
2026-09-08,NFH,18.328220858895705
2026-09-08,NFK,7.592024539877301
2026-09-08,NHP,47.159090909090914
2026-09-08,NHT,
2026-09-08,NHV,
2026-09-08,NHY,13.666666666666666
2026-09-08,NIG,28.144171779141104
2026-09-08,NIS,83.66564417177914
2026-09-08,NJF,77.3972602739726
2026-09-08,NJG,80.75153374233128
2026-09-08,NJR,96.83544303797468
2026-09-08,NJY,95.28301886792453
2026-09-08,NKA,44.339622641509436
2026-09-08,NKC,17.0
2026-09-08,NKH,52.377300613496935
2026-09-08,NKJ,
2026-09-08,NKK,29.677914110429448
2026-09-08,NKL,97.3159509202454
2026-09-08,NKM,7.232704402515723
2026-09-08,NKP,0.9202453987730062
2026-09-08,NKS,80.59815950920245
2026-09-08,NKT,75.15723270440252
2026-09-08,NKV,
2026-09-08,NLC,95.2054794520548
2026-09-08,NLD,
2026-09-08,NLE,79.0
2026-09-08,NLK,93.17484662576688
2026-09-08,NLL,20.015337423312886
2026-09-08,NME,24.21383647798742
2026-09-08,NMG,62.9601226993865
2026-09-08,NMP,74.83660130718954
2026-09-08,NMU,48.54294478527607
2026-09-08,NNF,1.6666666666666667
2026-09-08,NOA,19.401840490797547
2026-09-08,NOI,92.4079754601227
2026-09-08,NOV,
2026-09-08,NP1,35.35276073619632
2026-09-08,NPH,12.333333333333334
2026-09-08,NPK,
2026-09-08,NRC,2.147239263803681
2026-09-08,NRG,22.54901960784314
2026-09-08,NRM,78.45092024539878
2026-09-08,NSA,56.5359477124183
2026-09-08,NSD,82.5920245398773
2026-09-08,NSH,94.24846625766872
2026-09-08,NSK,78.91104294478528
2026-09-08,NSP,69.6078431372549
2026-09-08,NSS,
2026-09-08,NST,31.666666666666664
2026-09-08,NSY,40.260736196319016
2026-09-08,NTB,
2026-09-08,NTD,
2026-09-08,NTF,80.90490797546013
2026-09-08,NTI,11.96319018404908
2026-09-08,NTO,
2026-09-08,NTS,93.78834355828221
2026-09-08,NUB,41.18098159509203
2026-09-08,NUG,58.21917808219178
2026-09-08,NUH,9.666666666666666
2026-09-08,NVB,9.477124183006536
2026-09-08,NVC,33.358895705521476
2026-09-08,NVK,70.12578616352201
2026-09-08,NVP,
2026-09-08,NVT,90.56748466257669
2026-09-08,NVZ,66.4877300613497
2026-09-08,NYH,
2026-09-08,NZH,15.030674846625766
2026-09-08,NZT,31.699346405228756
2026-09-08,NZU,49.37106918238994
2026-09-08,OAB,
2026-09-08,OAO,98.46625766871165
2026-09-08,OBI,34.810126582278485
2026-09-08,OBN,53.91104294478528
2026-09-08,OBP,91.1042944785276
2026-09-08,OBR,54.831288343558285
2026-09-08,OCM,
2026-09-08,OCN,
2026-09-08,OCT,
2026-09-08,ODD,66.79447852760735
2026-09-08,ODG,34.66257668711656
2026-09-08,ODN,94.86196319018406
2026-09-08,ODP,54.064417177914116
2026-09-08,ODS,63.420245398773
2026-09-08,ODV,2.840909090909091
2026-09-08,OFA,19.81132075471698
2026-09-08,OFB,91.64110429447852
2026-09-08,OFI,76.70454545454545
2026-09-08,OFK,34.276729559748425
2026-09-08,OFO,
2026-09-08,OFS,74.43181818181817
2026-09-08,OGD,70.54794520547945
2026-09-08,OGF,86.70886075949366
2026-09-08,OGV,
2026-09-08,OHB,56.333333333333336
2026-09-08,OHI,36.579754601226995
2026-09-08,OHK,75.78616352201259
2026-09-08,OIL,67.8082191780822
2026-09-08,OIR,55.11363636363637
2026-09-08,OIS,
2026-09-08,OJB,74.76993865030674
2026-09-08,OJH,25.383435582822084
2026-09-08,OJK,54.109589041095894
2026-09-08,OJT,17.613636363636363
2026-09-08,OJU,
2026-09-08,OJY,
2026-09-08,OKD,63.49693251533742
2026-09-08,OKF,85.04601226993866
2026-09-08,OKP,52.53164556962025
2026-09-08,OKT,53.79746835443038
2026-09-08,OLA,48.08282208588957
2026-09-08,OLD,1.7045454545454544
2026-09-08,OLE,97.1590909090909
2026-09-08,OMB,
2026-09-08,OMC,
2026-09-08,OME,16.487730061349694
2026-09-08,OMG,64.33333333333333
2026-09-08,OMT,0.32679738562091504
2026-09-08,ONB,55.44478527607362
2026-09-08,OND,54.217791411042946
2026-09-08,ONE,35.50613496932515
2026-09-08,ONF,82.87671232876713
2026-09-08,ONK,51.45705521472392
2026-09-08,ONN,99.92331288343557
2026-09-08,ONS,86.73312883435584
2026-09-08,ONT,71.08895705521472
2026-09-08,ONY,41.33435582822086
2026-09-08,OPB,64.7239263803681
2026-09-08,OPD,97.92944785276073
2026-09-08,OPF,48.15950920245399
2026-09-08,OPH,32.33333333333333
2026-09-08,OPI,37.0
2026-09-08,OPJ,12.745098039215685
2026-09-08,OPL,24.233128834355828
2026-09-08,OPZ,
2026-09-08,ORC,24.003067484662576
2026-09-08,ORI,
2026-09-08,OSD,81.64556962025317
2026-09-08,OSF,63.26687116564417
2026-09-08,OSH,28.450920245398777
2026-09-08,OSL,68.9873417721519
2026-09-08,OSN,84.27914110429448
2026-09-08,OTE,
2026-09-08,OTF,74.52830188679245
2026-09-08,OTJ,33.56164383561644
2026-09-08,OTK,
2026-09-08,OTM,32.82208588957055
2026-09-08,OTZ,
2026-09-08,OUB,57.59202453987729
2026-09-08,OUD,62.5
2026-09-08,OUN,70.16871165644172
2026-09-08,OUR,70.62883435582822
2026-09-08,OUY,
2026-09-08,OVD,94.88636363636364
2026-09-08,OVR,
2026-09-08,OYL,19.934640522875817
2026-09-08,OYS,7.131901840490798
2026-09-08,OYT,88.57361963190185
2026-09-08,OZC,
2026-09-08,P1A,95.09803921568627
2026-09-08,PA2,88.35616438356165
2026-09-08,PAB,96.40522875816994
2026-09-08,PAC,
2026-09-08,PAF,32.19178082191781
2026-09-08,PAI,33.43558282208589
2026-09-08,PAL,85.61643835616438
2026-09-08,PAO,
2026-09-08,PAU,72.92944785276073
2026-09-08,PBE,92.56134969325154
2026-09-08,PBF,
2026-09-08,PBH,10.199386503067483
2026-09-08,PBI,61.93181818181818
2026-09-08,PBK,25.471698113207548
2026-09-08,PBN,28.911042944785276
2026-09-08,PBR,0.3067484662576687
2026-09-08,PBS,68.3282208588957
2026-09-08,PBY,6.365030674846625
2026-09-08,PCE,45.782208588957054
2026-09-08,PCH,34.58588957055215
2026-09-08,PCN,42.714723926380366
2026-09-08,PCS,6.978527607361963
2026-09-08,PDC,4.677914110429448
2026-09-08,PDD,33.64779874213836
2026-09-08,PDE,0.3144654088050315
2026-09-08,PDF,50.690184049079754
2026-09-08,PDG,12.5
2026-09-08,PDH,29.984662576687114
2026-09-08,PDR,
2026-09-08,PDS,18.17484662576687
2026-09-08,PEA,45.89041095890411
2026-09-08,PFO,73.29545454545455
2026-09-08,PFS,21.022727272727273
2026-09-08,PGD,71.47239263803681
2026-09-08,PGE,77.07055214723927
2026-09-08,PGH,4.831288343558282
2026-09-08,PGS,27.666666666666668
2026-09-08,PHB,12.80674846625767
2026-09-08,PHE,0.33333333333333337
2026-09-08,PHF,46.855828220858896
2026-09-08,PHI,75.0
2026-09-08,PHK,14.779874213836477
2026-09-08,PHN,10.812883435582823
2026-09-08,PHS,39.033742331288344
2026-09-08,PHY,21.088957055214724
2026-09-08,PID,66.56441717791411
2026-09-08,PIL,7.386363636363637
2026-09-08,PIP,2.941176470588235
2026-09-08,PIR,29.45205479452055
2026-09-08,PIS,94.70858895705521
2026-09-08,PJL,16.666666666666664
2026-09-08,PJP,58.20552147239264
2026-09-08,PK1,53.92156862745098
2026-09-08,PKD,22.32704402515723
2026-09-08,PKF,62.328767123287676
2026-09-08,PKH,1.5723270440251573
2026-09-08,PKL,92.13836477987421
2026-09-08,PKM,87.25490196078431
2026-09-08,PKN,
2026-09-08,PKP,70.91503267973856
2026-09-08,PKR,32.35294117647059
2026-09-08,PKT,47.385620915032675
2026-09-08,PKU,17.254601226993866
2026-09-08,PKV,94.09509202453987
2026-09-08,PKZ,14.340490797546012
2026-09-08,PLA,
2026-09-08,PLR,72.22222222222221
2026-09-08,PLS,
2026-09-08,PMG,
2026-09-08,PMH,
2026-09-08,PMP,2.99079754601227
2026-09-08,PNU,48.03921568627451
2026-09-08,PO7,11.42638036809816
2026-09-08,PO8,45.62883435582822
2026-09-08,PO9,9.27914110429448
2026-09-08,POB,20.16871165644172
2026-09-08,POD,38.266871165644176
2026-09-08,POF,4.794520547945205
2026-09-08,POH,
2026-09-08,POI,5.291411042944786
2026-09-08,POS,10.966257668711657
2026-09-08,POU,79.06441717791411
2026-09-08,PP1,15.40880503144654
2026-09-08,PPB,29.666666666666668
2026-09-08,PPD,30.44478527607362
2026-09-08,PPE,37.5
2026-09-08,PPF,35.19938650306749
2026-09-08,PPG,6.209150326797386
2026-09-08,PPH,2.3333333333333335
2026-09-08,PPI,18.627450980392158
2026-09-08,PPJ,33.006535947712415
2026-09-08,PPK,71.56862745098039
2026-09-08,PPM,75.07668711656443
2026-09-08,PPN,87.90849673202614
2026-09-08,PPO,22.162576687116562
2026-09-08,PPP,1.6339869281045754
2026-09-08,PPS,27.837423312883438
2026-09-08,PPT,74.18300653594771
2026-09-08,PPU,17.868098159509202
2026-09-08,PPV,60.45751633986928
2026-09-08,PPZ,77.45098039215686
2026-09-08,PRD,82.02614379084967
2026-09-08,PRF,
2026-09-08,PRH,10.784313725490197
2026-09-08,PRR,25.816993464052292
2026-09-08,PRU,90.87423312883436
2026-09-08,PRV,21.895424836601308
2026-09-08,PRY,50.0
2026-09-08,PSD,
2026-09-08,PSE,59.150326797385624
2026-09-08,PSG,27.37730061349693
2026-09-08,PSH,61.0
2026-09-08,PSL,83.0521472392638
2026-09-08,PSO,
2026-09-08,PSR,14.18711656441718
2026-09-08,PSS,73.38957055214725
2026-09-08,PST,6.211656441717792
2026-09-08,PTC,70.01533742331289
2026-09-08,PTE,44.771241830065364
2026-09-08,PTF,77.53067484662577
2026-09-08,PTG,
2026-09-08,PTL,50.65359477124183
2026-09-08,PTN,96.57534246575342
2026-09-08,PTO,92.33333333333333
2026-09-08,PTP,24.509803921568626
2026-09-08,PTS,73.52941176470588
2026-09-08,PUA,
2026-09-08,PUC,96.3957055214724
2026-09-08,PUH,37.9601226993865
2026-09-08,PUK,6.60377358490566
2026-09-08,PUR,48.69281045751634
2026-09-08,PUT,
2026-09-08,PUV,
2026-09-08,PVK,58.80503144654088
2026-09-08,PYB,20.588235294117645
2026-09-08,PYD,6.058282208588957
2026-09-08,PYF,86.88650306748467
2026-09-08,PYH,4.716981132075472
2026-09-08,PYI,12.039877300613497
2026-09-08,PYL,36.42638036809816
2026-09-08,PYR,3.7576687116564416
2026-09-08,PYS,58.512269938650306
2026-09-08,RAF,71.91780821917808
2026-09-08,RAI,
2026-09-08,RAN,
2026-09-08,RAV,46.24233128834356
2026-09-08,RAY,
2026-09-08,RBA,39.04109589041096
2026-09-08,RBB,67.72151898734177
2026-09-08,RBE,88.11349693251533
2026-09-08,RBF,24.68354430379747
2026-09-08,RBH,24.842767295597483
2026-09-08,RBI,27.6840490797546
2026-09-08,RBK,59.43396226415094
2026-09-08,RBL,34.892638036809814
2026-09-08,RBN,14.033742331288343
2026-09-08,RBP,55.22875816993464
2026-09-08,RBR,91.50943396226415
2026-09-08,RBT,83.9622641509434
2026-09-08,RBV,85.22012578616352
2026-09-08,RCL,
2026-09-08,RCS,
2026-09-08,RCV,43.710691823899374
2026-09-08,RD1,59.8159509202454
2026-09-08,RDF,26.610429447852763
2026-09-08,RDH,1.9171779141104295
2026-09-08,RDK,
2026-09-08,RDS,53.144171779141104
2026-09-08,RDT,58.97239263803681
2026-09-08,RDZ,74.61656441717791
2026-09-08,RE6,2.054794520547945
2026-09-08,RE7,
2026-09-08,RE8,8.512269938650306
2026-09-08,RFM,81.25
2026-09-08,RGD,19.32515337423313
2026-09-08,RGH,29.371165644171782
2026-09-08,RHD,35.81288343558282
2026-09-08,RHI,89.66666666666666
2026-09-08,RHS,39.0
2026-09-08,RIA,60.35276073619632
2026-09-08,RIH,11.273006134969325
2026-09-08,RIK,7.668711656441718
2026-09-08,RJG,41.78082191780822
2026-09-08,RKC,79.4478527607362
2026-09-08,RKH,
2026-09-08,RKL,
2026-09-08,RKS,63.83647798742138
2026-09-08,RKV,69.49685534591194
2026-09-08,RLH,79.52453987730061
2026-09-08,RO1,8.169934640522875
2026-09-08,ROD,72.3159509202454
2026-09-08,ROF,29.06441717791411
2026-09-08,ROY,73.27044025157232
2026-09-08,RPC,60.42944785276073
2026-09-08,RPD,13.190184049079754
2026-09-08,RPG,59.589041095890416
2026-09-08,RPI,41.82389937106918
2026-09-08,RPK,
2026-09-08,RPL,56.825153374233125
2026-09-08,RPM,86.80981595092024
2026-09-08,RPN,14.493865030674847
2026-09-08,RPO,
2026-09-08,RPP,57.84313725490197
2026-09-08,RPS,56.51840490797546
2026-09-08,RPT,89.80061349693251
2026-09-08,RPU,82.0754716981132
2026-09-08,RPX,59.279141104294474
2026-09-08,RRA,42.15686274509804
2026-09-08,RRP,10.130718954248366
2026-09-08,RS1,92.71472392638037
2026-09-08,RSF,87.5
2026-09-08,RSK,32.89877300613497
2026-09-08,RSY,28.757668711656443
2026-09-08,RSZ,13.57361963190184
2026-09-08,RTA,31.97852760736196
2026-09-08,RTB,86.11963190184049
2026-09-08,RTD,15.644171779141105
2026-09-08,RTG,26.68711656441718
2026-09-08,RTH,9.739263803680982
2026-09-08,RTI,80.18867924528303
2026-09-08,RTP,17.561349693251536
2026-09-08,RUH,34.27914110429448
2026-09-08,RUT,18.711656441717793
2026-09-08,RVI,7.534246575342466
2026-09-08,RVS,34.739263803680984
2026-09-08,RYA,
2026-09-08,RYB,
2026-09-08,RYD,14.95398773006135
2026-09-08,RYF,23.38957055214724
2026-09-08,RYU,40.87423312883436
2026-09-08,RZR,
2026-09-08,SAP,79.41176470588235
2026-09-08,SAR,
2026-09-08,SAS,67.0
2026-09-08,SAT,
2026-09-08,SBH,9.892638036809815
2026-09-08,SBI,20.782208588957054
2026-09-08,SBR,29.217791411042942
2026-09-08,SBS,
2026-09-08,SCZ,91.18098159509202
2026-09-08,SD1,45.70552147239264
2026-09-08,SDA,75.38343558282209
2026-09-08,SEH,52.2239263803681
2026-09-08,SER,61.119631901840485
2026-09-08,SFA,90.41411042944786
2026-09-08,SFS,44.88636363636363
2026-09-08,SGK,27.914110429447852
2026-09-08,SGT,22.392638036809817
2026-09-08,SHC,94.33333333333334
2026-09-08,SHE,8.282208588957054
2026-09-08,SHI,23.696319018404907
2026-09-08,SHU,69.24846625766872
2026-09-08,SIA,
2026-09-08,SIS,18.481595092024538
2026-09-08,SJP,76.61042944785275
2026-09-08,SKL,30.392156862745097
2026-09-08,SKO,28.333333333333332
2026-09-08,SKS,
2026-09-08,SKT,55.06329113924051
2026-09-08,SKZ,73.08282208588957
2026-09-08,SLF,29.73856209150327
2026-09-08,SLG,15.0
2026-09-08,SLR,
2026-09-08,SLS,
2026-09-08,SMP,
2026-09-08,SNY,6.671779141104295
2026-09-08,SOS,76.38036809815951
2026-09-08,SPA,93.94171779141104
2026-09-08,SPD,
2026-09-08,SPE,95.47546012269939
2026-09-08,SPN,89.34049079754601
2026-09-08,SPP,41.50326797385621
2026-09-08,SPR,
2026-09-08,SPT,57.54716981132076
2026-09-08,SRA,
2026-09-08,SRE,
2026-09-08,SRL,93.66666666666667
2026-09-08,SRO,
2026-09-08,SSD,
2026-09-08,SSE,13.266871165644172
2026-09-08,SSF,
2026-09-08,SSK,83.74233128834356
2026-09-08,SSN,
2026-09-08,SSO,
2026-09-08,SSS,43.0
2026-09-08,SST,
2026-09-08,ST1,11.666666666666666
2026-09-08,STI,36.733128834355824
2026-09-08,STM,
2026-09-08,STS,67.8680981595092
2026-09-08,STZ,20.322085889570552
2026-09-08,SUA,93.55828220858896
2026-09-08,SUB,16.257668711656443
2026-09-08,SUC,41.41104294478527
2026-09-08,SUR,65.0
2026-09-08,SVB,8.895705521472392
2026-09-08,SVS,
2026-09-08,SVY,
2026-09-08,SYF,
2026-09-08,SYL,
2026-09-08,SYR,39.49386503067485
2026-09-08,SYS,40.56748466257669
2026-09-08,T3B,51.15030674846626
2026-09-08,TAL,21.232876712328768
2026-09-08,TAO,
2026-09-08,TAR,73.31288343558282
2026-09-08,TAU,63.0
2026-09-08,TAZ,
2026-09-08,TB9,81.97852760736197
2026-09-08,TBP,41.47727272727273
2026-09-08,TBT,27.21518987341772
2026-09-08,TBV,56.32911392405063
2026-09-08,TCA,13.013698630136986
2026-09-08,TCB,38.88888888888889
2026-09-08,TCC,31.82515337423313
2026-09-08,TCD,16.87116564417178
2026-09-08,TCF,75.56818181818183
2026-09-08,TCG,
2026-09-08,TCH,77.83742331288343
2026-09-08,TCI,90.26073619631902
2026-09-08,TCS,17.4079754601227
2026-09-08,TDG,3.1645569620253164
2026-09-08,TDP,67.71472392638037
2026-09-08,TE3,62.88343558282209
2026-09-08,TE4,96.62576687116564
2026-09-08,TEJ,38.06818181818182
2026-09-08,TFE,88.36477987421384
2026-09-08,TFF,27.84090909090909
2026-09-08,TFU,18.354430379746837
2026-09-08,TGA,17.484662576687114
2026-09-08,TGE,59.65909090909091
2026-09-08,TGN,35.62091503267974
2026-09-08,TGR,11.349693251533742
2026-09-08,TGT,98.10126582278481
2026-09-08,TGV,3.144171779141104
2026-09-08,TGZ,73.54294478527608
2026-09-08,THD,
2026-09-08,THF,99.66666666666667
2026-09-08,THG,94.55521472392638
2026-09-08,THH,
2026-09-08,THO,41.487730061349694
2026-09-08,THS,
2026-09-08,THT,
2026-09-08,THV,8.358895705521473
2026-09-08,TI1,70.26143790849673
2026-09-08,TI2,30.333333333333336
2026-09-08,TI3,8.333333333333332
2026-09-08,TI4,77.60736196319019
2026-09-08,TI6,36.075949367088604
2026-09-08,TI7,81.90184049079755
2026-09-08,TIE,87.66666666666667
2026-09-08,TIL,17.92452830188679
2026-09-08,TIP,77.37730061349694
2026-09-08,TIV,91.77215189873418
2026-09-08,TJB,
2026-09-08,TJF,28.97727272727273
2026-09-08,TJI,33.52272727272727
2026-09-08,TJL,
2026-09-08,TJT,80.13698630136986
2026-09-08,TKF,44.333333333333336
2026-09-08,TKH,
2026-09-08,TKK,46.02272727272727
2026-09-08,TKM,43.4640522875817
2026-09-08,TLC,99.69325153374233
2026-09-08,TLE,1.89873417721519
2026-09-08,TLH,6.333333333333334
2026-09-08,TLK,26.47058823529412
2026-09-08,TLT,
2026-09-08,TLU,42.10122699386503
2026-09-08,TLV,99.67320261437908
2026-09-08,TLY,88.26687116564416
2026-09-08,TLZ,27.358490566037734
2026-09-08,TMC,56.74846625766872
2026-09-08,TMG,97.66666666666667
2026-09-08,TMM,99.30981595092024
2026-09-08,TMR,
2026-09-08,TMS,57.1319018404908
2026-09-08,TMU,77.8409090909091
2026-09-08,TMV,99.46319018404908
2026-09-08,TMZ,83.52272727272727
2026-09-08,TNB,42.8680981595092
2026-09-08,TND,89.87730061349694
2026-09-08,TNF,
2026-09-08,TNH,
2026-09-08,TNI,95.39877300613497
2026-09-08,TNK,79.11392405063292
2026-09-08,TNS,58.05214723926381
2026-09-08,TO8,53.757668711656436
2026-09-08,TOK,45.015337423312886
2026-09-08,TOT,51.26582278481012
2026-09-08,TP1,
2026-09-08,TP2,95.75163398692811
2026-09-08,TPC,14.383561643835616
2026-09-08,TPE,15.822784810126583
2026-09-08,TPF,23.417721518987342
2026-09-08,TPJ,77.6840490797546
2026-09-08,TPL,5.69620253164557
2026-09-08,TPO,
2026-09-08,TPP,68.78834355828221
2026-09-08,TPR,
2026-09-08,TPV,
2026-09-08,TPZ,87.10691823899371
2026-09-08,TRJ,95.56962025316456
2026-09-08,TRN,
2026-09-08,TRO,65.06849315068493
2026-09-08,TRR,86.42638036809815
2026-09-08,TRU,48.113207547169814
2026-09-08,TSI,80.37974683544303
2026-09-08,TSP,
2026-09-08,TTA,23.972602739726025
2026-09-08,TTE,13.0
2026-09-08,TTL,29.524539877300615
2026-09-08,TTP,66.9478527607362
2026-09-08,TTS,
2026-09-08,TTV,41.02760736196319
2026-09-08,TTZ,
2026-09-08,TUA,51.369863013698634
2026-09-08,TVE,11.0062893081761
2026-09-08,TVN,
2026-09-08,TYH,20.333333333333332
2026-09-08,TZC,28.52760736196319
2026-09-08,TZD,60.333333333333336
2026-09-08,TZH,
2026-09-08,TZL,53.26797385620915
2026-09-08,TZP,89.95398773006134
2026-09-08,TZT,44.936708860759495
2026-09-08,TZV,65.18987341772153
2026-09-08,UAB,
2026-09-08,UAP,
2026-09-08,UCN,
2026-09-08,UCP,34.967320261437905
2026-09-08,UFH,
2026-09-08,UHL,
2026-09-08,UHS,75.84355828220859
2026-09-08,ULH,25.536809815950924
2026-09-08,ULL,
2026-09-08,UNT,70.32208588957054
2026-09-08,UP1,84.24657534246576
2026-09-08,UP2,45.42483660130719
2026-09-08,UPD,49.923312883435585
2026-09-08,UPH,35.66666666666667
2026-09-08,UPP,11.437908496732026
2026-09-08,UPS,
2026-09-08,URA,10.122699386503067
2026-09-08,URC,52.07055214723927
2026-09-08,URD,64.46540880503144
2026-09-08,URG,
2026-09-08,URM,
2026-09-08,URS,
2026-09-08,URV,
2026-09-08,USS,
2026-09-08,UST,
2026-09-08,USY,77.99079754601227
2026-09-08,UYH,82.74539877300614
2026-09-08,UZY,83.81901840490798
2026-09-08,VAY,74.33333333333333
2026-09-08,VCD,68.48159509202453
2026-09-08,VCG,85.96625766871165
2026-09-08,VCY,38.34355828220859
2026-09-08,VFK,90.25157232704403
2026-09-08,VFO,66.43835616438356
2026-09-08,VFS,
2026-09-08,VHK,
2026-09-08,VHS,28.61635220125786
2026-09-08,VK6,78.75816993464052
2026-09-08,VKI,55.660377358490564
2026-09-08,VKK,99.68553459119497
2026-09-08,VKR,
2026-09-08,VKT,93.0379746835443
2026-09-08,VKV,99.05660377358491
2026-09-08,VLT,78.76712328767124
2026-09-08,VMV,98.2361963190184
2026-09-08,VNK,31.21165644171779
2026-09-08,VPA,64.37908496732027
2026-09-08,VPH,84.33333333333334
2026-09-08,VPP,98.08282208588957
2026-09-08,VPS,5.751533742331288
2026-09-08,VRK,52.51572327044025
2026-09-08,VTF,
2026-09-08,VTL,96.54088050314465
2026-09-08,YA1,87.9601226993865
2026-09-08,YAC,35.79545454545455
2026-09-08,YAE,28.48101265822785
2026-09-08,YAK,93.75
2026-09-08,YAN,80.11363636363636
2026-09-08,YAR,
2026-09-08,YAS,69.0
2026-09-08,YAY,47.66666666666667
2026-09-08,YBE,4.430379746835443
2026-09-08,YBH,44.40184049079755
2026-09-08,YBJ,
2026-09-08,YBP,85.58282208588957
2026-09-08,YBR,84.43251533742331
2026-09-08,YBS,90.50632911392405
2026-09-08,YCG,
2026-09-08,YCH,56.25
2026-09-08,YCK,39.34049079754601
2026-09-08,YCL,18.94171779141104
2026-09-08,YCP,46.70245398773007
2026-09-08,YCY,71.38364779874213
2026-09-08,YDH,
2026-09-08,YDI,51.0
2026-09-08,YDK,33.54430379746836
2026-09-08,YDL,
2026-09-08,YDM,
2026-09-08,YDP,73.92638036809815
2026-09-08,YDZ,74.15644171779141
2026-09-08,YEF,91.66666666666666
2026-09-08,YFV,60.062893081761004
2026-09-08,YGM,68.94171779141104
2026-09-08,YHB,49.666666666666664
2026-09-08,YHI,43.788343558282214
2026-09-08,YHK,26.10062893081761
2026-09-08,YHP,
2026-09-08,YHS,45.666666666666664
2026-09-08,YHT,62.65822784810127
2026-09-08,YHY,7.745398773006134
2026-09-08,YHZ,37.666666666666664
2026-09-08,YIK,7.516339869281046
2026-09-08,YIS,
2026-09-08,YIT,7.05521472392638
2026-09-08,YIV,
2026-09-08,YJA,
2026-09-08,YJH,9.509202453987731
2026-09-08,YJK,24.431818181818183
2026-09-08,YJU,
2026-09-08,YJY,85.50613496932516
2026-09-08,YKS,99.00306748466258
2026-09-08,YKT,17.123287671232877
2026-09-08,YLB,46.73202614379085
2026-09-08,YLC,78.83435582822086
2026-09-08,YLE,72.33333333333334
2026-09-08,YLO,27.300613496932513
2026-09-08,YLR,
2026-09-08,YLY,71.0
2026-09-08,YLZ,0.07668711656441718
2026-09-08,YMD,63.880368098159515
2026-09-08,YMH,81.6717791411043
2026-09-08,YMP,88.56209150326796
2026-09-08,YNF,
2026-09-08,YNK,73.6963190184049
2026-09-08,YNL,
2026-09-08,YOA,10.759493670886076
2026-09-08,YOS,36.27300613496933
2026-09-08,YOT,43.67088607594937
2026-09-08,YOZ,89.18711656441718
2026-09-08,YP1,
2026-09-08,YP2,
2026-09-08,YP4,68.17484662576688
2026-09-08,YPC,94.78527607361963
2026-09-08,YPD,
2026-09-08,YPF,81.51840490797547
2026-09-08,YPI,30.291411042944787
2026-09-08,YPK,62.34662576687116
2026-09-08,YPL,69.40184049079755
2026-09-08,YPN,74.00306748466258
2026-09-08,YPP,
2026-09-08,YPR,73.66666666666667
2026-09-08,YPT,39.54248366013072
2026-09-08,YPU,72.00920245398773
2026-09-08,YPV,13.068181818181818
2026-09-08,YRZ,43.174846625766875
2026-09-08,YSA,48.38957055214724
2026-09-08,YSH,37.73006134969325
2026-09-08,YSL,29.874213836477985
2026-09-08,YSO,94.40184049079755
2026-09-08,YSU,92.33128834355828
2026-09-08,YTD,60.79545454545454
2026-09-08,YTJ,
2026-09-08,YTO,
2026-09-08,YTR,
2026-09-08,YTV,83.12883435582822
2026-09-08,YTY,59.739263803680984
2026-09-08,YUB,38.57361963190184
2026-09-08,YUD,
2026-09-08,YUI,
2026-09-08,YUK,43.02147239263804
2026-09-08,YUN,80.29141104294479
2026-09-08,YUY,
2026-09-08,YVB,46.20253164556962
2026-09-08,YVD,14.052287581699346
2026-09-08,YVF,
2026-09-08,YVG,59.12576687116564
2026-09-08,YVO,
2026-09-08,YVS,
2026-09-08,YZC,81.28834355828221
2026-09-08,YZF,
2026-09-08,YZG,8.522727272727272
2026-09-08,YZH,59.66666666666667
2026-09-08,YZK,35.65950920245399
2026-09-08,YZL,57.28527607361963
2026-09-08,YZT,78.22085889570552
2026-09-08,ZA2,40.849673202614376
2026-09-08,ZAD,27.9874213836478
2026-09-08,ZAV,40.72085889570552
2026-09-08,ZAY,4.248366013071895
2026-09-08,ZBD,45.0920245398773
2026-09-08,ZBI,70.75471698113208
2026-09-08,ZBJ,63.0718954248366
2026-09-08,ZBN,15.567484662576685
2026-09-08,ZBO,56.671779141104295
2026-09-08,ZBZ,
2026-09-08,ZCA,
2026-09-08,ZCB,
2026-09-08,ZCC,
2026-09-08,ZCD,63.6986301369863
2026-09-08,ZCE,
2026-09-08,ZCF,
2026-09-08,ZCG,98.54294478527608
2026-09-08,ZCH,
2026-09-08,ZCK,35.53459119496855
2026-09-08,ZCN,65.3409090909091
2026-09-08,ZDD,88.65030674846625
2026-09-08,ZDK,
2026-09-08,ZDZ,14.417177914110429
2026-09-08,ZFB,34.04907975460122
2026-09-08,ZFZ,
2026-09-08,ZHH,91.0
2026-09-08,ZIH,5.828220858895705
2026-09-08,ZJB,27.223926380368095
2026-09-08,ZJH,
2026-09-08,ZJI,25.23006134969325
2026-09-08,ZJL,55.00000000000001
2026-09-08,ZJT,
2026-09-08,ZJV,49.0
2026-09-08,ZK1,31.761006289308174
2026-09-08,ZK2,19.18238993710692
2026-09-08,ZKK,
2026-09-08,ZLB,60.81288343558282
2026-09-08,ZLG,
2026-09-08,ZLH,33.666666666666664
2026-09-08,ZMT,69.55521472392638
2026-09-08,ZMU,55.90490797546013
2026-09-08,ZMY,18.098159509202453
2026-09-08,ZNF,
2026-09-08,ZOS,31.058282208588956
2026-09-08,ZP1,
2026-09-08,ZP2,
2026-09-08,ZP3,
2026-09-08,ZP6,36.16352201257861
2026-09-08,ZP7,
2026-09-08,ZP8,38.23529411764706
2026-09-08,ZP9,44.9685534591195
2026-09-08,ZPA,78.1441717791411
2026-09-08,ZPC,23.295454545454543
2026-09-08,ZPE,42.45283018867924
2026-09-08,ZPF,65.72327044025157
2026-09-08,ZPG,76.41509433962264
2026-09-08,ZPH,12.091503267973856
2026-09-08,ZPJ,9.119496855345911
2026-09-08,ZPK,92.76729559748428
2026-09-08,ZPN,
2026-09-08,ZPO,93.79084967320262
2026-09-08,ZPR,44.11764705882353
2026-09-08,ZR2,
2026-09-08,ZR3,12.653374233128833
2026-09-08,ZSB,74.92331288343557
2026-09-08,ZSF,88.33333333333333
2026-09-08,ZSG,63.06818181818182
2026-09-08,ZSK,
2026-09-08,ZSN,
2026-09-08,ZTF,
2026-09-08,ZTG,98.29545454545455
2026-09-08,ZTV,69.66666666666667
2026-09-08,ZUD,
2026-09-08,ZUE,
2026-09-08,ZUS,49.76993865030675
2026-09-08,ZVB,70.78220858895705
2026-09-08,ZVO,26.91717791411043
2026-09-08,ZYC,
2026-09-08,ZYD,
2026-09-08,ZZL,64.95398773006134
2026-09-08,ZJR,
2026-09-08,DKY,30.75153374233129
2026-09-12,AAL,22.039473684210524
2026-09-12,AAS,62.35955056179775
2026-09-12,AAV,91.66666666666666
2026-09-12,ABG,82.84615384615385
2026-09-12,ABJ,
2026-09-12,ABU,85.58282208588957
2026-09-12,AC1,58.4375
2026-09-12,AC2,17.0
2026-09-12,AC3,28.076923076923077
2026-09-12,AC4,83.22368421052632
2026-09-12,AC5,90.84615384615384
2026-09-12,AC6,63.153846153846146
2026-09-12,AC7,29.923076923076923
2026-09-12,AC8,16.230769230769234
2026-09-12,ACC,15.666666666666668
2026-09-12,ACD,89.87730061349694
2026-09-12,ACN,40.38461538461539
2026-09-12,ACU,78.38461538461539
2026-09-12,ADE,31.595092024539877
2026-09-12,ADP,41.66666666666667
2026-09-12,AED,81.28834355828221
2026-09-12,AES,91.57303370786516
2026-09-12,AEV,
2026-09-12,AFA,73.0
2026-09-12,AFO,28.47222222222222
2026-09-12,AFS,73.66666666666667
2026-09-12,AFT,19.0
2026-09-12,AFV,47.66666666666667
2026-09-12,AGC,56.74846625766872
2026-09-12,AHH,92.38461538461539
2026-09-12,AHI,21.666666666666668
2026-09-12,AHN,40.53846153846154
2026-09-12,AHU,20.88607594936709
2026-09-12,AHV,92.69662921348315
2026-09-12,AHZ,93.82022471910112
2026-09-12,AI1,94.07692307692308
2026-09-12,AIH,
2026-09-12,AII,
2026-09-12,AIM,
2026-09-12,AIR,
2026-09-12,AIS,60.85526315789473
2026-09-12,AJ1,69.15384615384616
2026-09-12,AJE,62.846153846153854
2026-09-12,AJK,84.84615384615385
2026-09-12,AJL,55.15384615384615
2026-09-12,AJN,49.769230769230774
2026-09-12,AK2,53.79746835443038
2026-09-12,AK3,58.333333333333336
2026-09-12,AKE,12.025316455696203
2026-09-12,AKU,95.66666666666667
2026-09-12,AL4,74.0625
2026-09-12,AL5,21.5625
2026-09-12,AL6,63.4375
2026-09-12,AL7,50.9375
2026-09-12,ALC,79.66666666666666
2026-09-12,ALE,71.38157894736842
2026-09-12,AN1,96.62576687116564
2026-09-12,ANL,92.43421052631578
2026-09-12,ANZ,44.07692307692307
2026-09-12,AOJ,48.69230769230769
2026-09-12,AOY,5.666666666666666
2026-09-12,AP2,45.0
2026-09-12,AP4,12.230769230769232
2026-09-12,AP5,
2026-09-12,AP6,3.4722222222222223
2026-09-12,AP7,64.23076923076924
2026-09-12,APJ,28.651685393258425
2026-09-12,APP,
2026-09-12,APT,65.18987341772153
2026-09-12,ARE,85.0
2026-09-12,ARF,
2026-09-12,ARL,27.52808988764045
2026-09-12,ARM,9.550561797752808
2026-09-12,ARP,
2026-09-12,AS1,
2026-09-12,AS3,18.076923076923077
2026-09-12,ASJ,79.0
2026-09-12,ATJ,
2026-09-12,AU1,90.97222222222221
2026-09-12,AUV,13.923076923076923
2026-09-12,AVC,11.76923076923077
2026-09-12,AVT,84.17721518987342
2026-09-12,AVZ,
2026-09-12,AY6,58.84615384615385
2026-09-12,AY7,78.23076923076923
2026-09-12,AYA,23.0
2026-09-12,AYR,51.26582278481012
2026-09-12,AZF,
2026-09-12,AZJ,95.15384615384616
2026-09-12,AZV,
2026-09-12,AZZ,
2026-09-12,BA1,89.0
2026-09-12,BAC,0.5384615384615384
2026-09-12,BAG,47.54601226993865
2026-09-12,BAI,7.638888888888889
2026-09-12,BAL,
2026-09-12,BAO,
2026-09-12,BAS,
2026-09-12,BBF,61.39240506329114
2026-09-12,BBI,
2026-09-12,BBN,7.307692307692308
2026-09-12,BBO,
2026-09-12,BBP,85.44303797468355
2026-09-12,BBS,97.76923076923076
2026-09-12,BCC,
2026-09-12,BCK,59.8159509202454
2026-09-12,BCO,79.0625
2026-09-12,BDA,13.4375
2026-09-12,BDC,23.923076923076923
2026-09-12,BDI,19.0
2026-09-12,BDO,0.38461538461538464
2026-09-12,BDS,1.0
2026-09-12,BDY,88.33333333333333
2026-09-12,BFE,60.1123595505618
2026-09-12,BFO,
2026-09-12,BFS,76.96629213483146
2026-09-12,BFT,14.333333333333334
2026-09-12,BGH,
2026-09-12,BGP,55.5921052631579
2026-09-12,BGR,2.3333333333333335
2026-09-12,BHA,63.0
2026-09-12,BHE,69.61538461538461
2026-09-12,BHF,23.006134969325153
2026-09-12,BHH,17.153846153846153
2026-09-12,BHI,94.23076923076923
2026-09-12,BHL,25.92307692307692
2026-09-12,BHN,28.999999999999996
2026-09-12,BHO,
2026-09-12,BI5,
2026-09-12,BIA,44.230769230769226
2026-09-12,BID,48.333333333333336
2026-09-12,BIG,63.66666666666667
2026-09-12,BIH,87.66666666666667
2026-09-12,BIK,8.846153846153847
2026-09-12,BIO,11.666666666666666
2026-09-12,BIP,43.09210526315789
2026-09-12,BIS,84.07692307692308
2026-09-12,BIY,24.333333333333336
2026-09-12,BJD,42.07692307692308
2026-09-12,BKO,
2026-09-12,BKY,62.81250000000001
2026-09-12,BLA,4.6923076923076925
2026-09-12,BLD,91.3076923076923
2026-09-12,BLT,54.861111111111114
2026-09-12,BMU,14.538461538461538
2026-09-12,BNC,82.6923076923077
2026-09-12,BNH,34.84615384615385
2026-09-12,BOH,13.307692307692307
2026-09-12,BOL,48.734177215189874
2026-09-12,BON,79.11392405063292
2026-09-12,BOP,76.84615384615384
2026-09-12,BOS,0.6944444444444444
2026-09-12,BP5,5.153846153846154
2026-09-12,BPD,94.53846153846153
2026-09-12,BPZ,99.67105263157895
2026-09-12,BRB,18.384615384615387
2026-09-12,BRC,70.84615384615385
2026-09-12,BRF,61.23595505617978
2026-09-12,BRG,81.9078947368421
2026-09-12,BRH,6.384615384615384
2026-09-12,BRR,81.64556962025317
2026-09-12,BRT,7.000000000000001
2026-09-12,BRZ,
2026-09-12,BS1,86.38461538461539
2026-09-12,BSA,
2026-09-12,BSC,81.46153846153847
2026-09-12,BSD,29.76923076923077
2026-09-12,BSE,3.4615384615384617
2026-09-12,BSF,
2026-09-12,BSH,
2026-09-12,BSM,99.92307692307692
2026-09-12,BSN,5.615384615384615
2026-09-12,BST,38.69230769230769
2026-09-12,BTE,39.57055214723926
2026-09-12,BTJ,80.07692307692308
2026-09-12,BTK,53.43750000000001
2026-09-12,BTP,16.776315789473685
2026-09-12,BTY,
2026-09-12,BTZ,
2026-09-12,BUB,50.0
2026-09-12,BUC,
2026-09-12,BUP,
2026-09-12,BUT,
2026-09-12,BUV,10.538461538461538
2026-09-12,BUY,4.333333333333334
2026-09-12,BV1,64.33333333333333
2026-09-12,BVB,
2026-09-12,BVC,
2026-09-12,BVD,8.895705521472392
2026-09-12,BVF,99.01315789473685
2026-09-12,BVH,63.0
2026-09-12,BVI,39.30769230769231
2026-09-12,BVK,
2026-09-12,BVM,33.307692307692314
2026-09-12,BVT,82.07692307692308
2026-09-12,BVV,23.619631901840492
2026-09-12,BVZ,98.23076923076923
2026-09-12,BYZ,57.61538461538461
2026-09-12,CAH,13.0
2026-09-12,CBD,1.7692307692307692
2026-09-12,CBN,
2026-09-12,CBO,
2026-09-12,CEY,
2026-09-12,CFO,58.223684210526315
2026-09-12,CGD,
2026-09-12,CHY,21.307692307692307
2026-09-12,CIN,42.84615384615385
2026-09-12,CJD,83.15384615384616
2026-09-12,CJF,
2026-09-12,CJG,
2026-09-12,CJH,37.15384615384615
2026-09-12,CKF,81.5625
2026-09-12,CKL,73.92638036809815
2026-09-12,CKS,49.6875
2026-09-12,COT,19.923076923076923
2026-09-12,CPT,17.484662576687114
2026-09-12,CPU,37.8125
2026-09-12,CRL,
2026-09-12,CSD,
2026-09-12,CSH,1.0
2026-09-12,CTF,
2026-09-12,CTG,
2026-09-12,CTM,
2026-09-12,CTP,
2026-09-12,CTV,
2026-09-12,CVA,
2026-09-12,CVB,
2026-09-12,CVC,
2026-09-12,CVD,
2026-09-12,CVE,
2026-09-12,CVF,
2026-09-12,CVK,41.5625
2026-09-12,CVL,97.8125
2026-09-12,CYD,57.30769230769231
2026-09-12,DA1,
2026-09-12,DAC,
2026-09-12,DAE,
2026-09-12,DAH,43.666666666666664
2026-09-12,DAI,
2026-09-12,DAL,
2026-09-12,DAP,95.72368421052632
2026-09-12,DAS,72.6923076923077
2026-09-12,DAT,
2026-09-12,DAV,66.38461538461539
2026-09-12,DAZ,
2026-09-12,DB2,
2026-09-12,DBA,61.80555555555556
2026-09-12,DBB,56.32911392405063
2026-09-12,DBG,
2026-09-12,DBH,13.291139240506327
2026-09-12,DBK,96.83544303797468
2026-09-12,DBP,69.01840490797547
2026-09-12,DBZ,39.87341772151899
2026-09-12,DCB,31.907894736842106
2026-09-12,DCD,
2026-09-12,DCE,
2026-09-12,DCN,27.302631578947366
2026-09-12,DCP,
2026-09-12,DCV,50.84615384615384
2026-09-12,DDA,64.07692307692308
2026-09-12,DDC,5.0
2026-09-12,DDE,
2026-09-12,DDF,56.84615384615385
2026-09-12,DDP,
2026-09-12,DEF,64.38461538461539
2026-09-12,DEH,34.333333333333336
2026-09-12,DEI,
2026-09-12,DFC,45.70552147239264
2026-09-12,DFD,87.0
2026-09-12,DFI,91.76923076923077
2026-09-12,DFO,
2026-09-12,DGF,99.69325153374233
2026-09-12,DGH,46.381578947368425
2026-09-12,DHI,7.153846153846153
2026-09-12,DHJ,19.666666666666664
2026-09-12,DHM,23.03370786516854
2026-09-12,DHP,
2026-09-12,DHS,
2026-09-12,DHT,5.828220858895705
2026-09-12,DHV,13.76923076923077
2026-09-12,DID,34.66257668711656
2026-09-12,DIH,65.46153846153845
2026-09-12,DIM,
2026-09-12,DIP,19.407894736842106
2026-09-12,DK1,77.1875
2026-09-12,DK8,66.07692307692308
2026-09-12,DKA,46.38461538461539
2026-09-12,DKC,67.92307692307692
2026-09-12,DKH,25.3125
2026-09-12,DKL,48.4375
2026-09-12,DKP,45.15384615384615
2026-09-12,DKR,45.30769230769231
2026-09-12,DKS,
2026-09-12,DL2,74.67105263157895
2026-09-12,DLD,70.33333333333334
2026-09-12,DLG,
2026-09-12,DLN,96.53846153846153
2026-09-12,DLY,50.32894736842105
2026-09-12,DLZ,68.53846153846153
2026-09-12,DMG,10.674157303370785
2026-09-12,DMI,
2026-09-12,DMV,
2026-09-12,DMZ,
2026-09-12,DNA,
2026-09-12,DNF,87.07865168539325
2026-09-12,DNH,35.61538461538461
2026-09-12,DNK,15.937499999999998
2026-09-12,DNL,
2026-09-12,DNM,50.38461538461539
2026-09-12,DNP,82.56578947368422
2026-09-12,DNU,52.53846153846153
2026-09-12,DOC,37.30769230769231
2026-09-12,DOD,51.92307692307693
2026-09-12,DOH,99.76923076923076
2026-09-12,DOL,62.53846153846154
2026-09-12,DOR,
2026-09-12,DOS,
2026-09-12,DOV,37.0
2026-09-12,DP1,
2026-09-12,DP2,59.92307692307692
2026-09-12,DP3,
2026-09-12,DP4,
2026-09-12,DP5,
2026-09-12,DP6,34.07692307692308
2026-09-12,DP7,
2026-09-12,DP8,85.41666666666666
2026-09-12,DP9,25.30769230769231
2026-09-12,DPB,41.15384615384615
2026-09-12,DPC,
2026-09-12,DPE,
2026-09-12,DPG,
2026-09-12,DPI,83.76923076923077
2026-09-12,DPK,82.8125
2026-09-12,DPL,
2026-09-12,DPN,
2026-09-12,DPP,
2026-09-12,DPT,98.33333333333333
2026-09-12,DPZ,
2026-09-12,DRA,17.923076923076923
2026-09-12,DRD,29.153846153846153
2026-09-12,DRH,10.076923076923077
2026-09-12,DRT,24.846625766871167
2026-09-12,DSC,
2026-09-12,DSD,30.230769230769234
2026-09-12,DSH,99.46153846153845
2026-09-12,DSP,71.34831460674157
2026-09-12,DSV,7.615384615384616
2026-09-12,DTH,17.0
2026-09-12,DTL,22.333333333333332
2026-09-12,DTM,86.1963190184049
2026-09-12,DTO,61.0
2026-09-12,DTP,
2026-09-12,DTV,
2026-09-12,DTZ,37.73006134969325
2026-09-12,DUC,
2026-09-12,DUD,49.46153846153846
2026-09-12,DUH,24.384615384615387
2026-09-12,DUT,53.0
2026-09-12,DUV,28.48101265822785
2026-09-12,DVC,
2026-09-12,DVI,
2026-09-12,DVN,
2026-09-12,DVO,
2026-09-12,DVS,98.53846153846155
2026-09-12,DVT,66.56441717791411
2026-09-12,DVU,
2026-09-12,DVZ,
2026-09-12,DXP,56.333333333333336
2026-09-12,DYJ,16.692307692307693
2026-09-12,DYN,40.79754601226993
2026-09-12,DYS,93.0
2026-09-12,DZ2,
2026-09-12,DZE,65.0
2026-09-12,DZM,44.53846153846154
2026-09-12,DZP,
2026-09-12,DZS,69.0
2026-09-12,EBD,48.77300613496933
2026-09-12,EBI,42.23076923076923
2026-09-12,EBS,49.30769230769231
2026-09-12,EC2,75.0
2026-09-12,ECA,96.0122699386503
2026-09-12,ECB,41.118421052631575
2026-09-12,ECV,94.30379746835443
2026-09-12,EDD,88.03680981595092
2026-09-12,EDN,90.49079754601227
2026-09-12,EDP,83.88157894736842
2026-09-12,EDT,96.07692307692308
2026-09-12,EDU,71.47239263803681
2026-09-12,EES,
2026-09-12,EGP,54.69230769230769
2026-09-12,EGR,75.76687116564416
2026-09-12,EHS,
2026-09-12,EIB,68.40490797546013
2026-09-12,EID,80.33333333333333
2026-09-12,EIL,93.0921052631579
2026-09-12,EJG,
2026-09-12,EKF,51.5625
2026-09-12,EKL,4.934210526315789
2026-09-12,ELZ,42.1875
2026-09-12,EME,18.23076923076923
2026-09-12,EML,25.4601226993865
2026-09-12,ENA,98.46625766871165
2026-09-12,ENJ,81.0
2026-09-12,ENO,92.07692307692308
2026-09-12,ENR,97.69736842105263
2026-09-12,ENS,54.29447852760736
2026-09-12,EP1,20.065789473684212
2026-09-12,EPA,72.69736842105263
2026-09-12,EPI,9.6875
2026-09-12,EPK,9.027777777777777
2026-09-12,EPO,
2026-09-12,EPP,47.03947368421053
2026-09-12,EPT,67.43421052631578
2026-09-12,ESG,81.76923076923077
2026-09-12,ESN,80.23076923076923
2026-09-12,ESP,2.8461538461538463
2026-09-12,ETN,80.06134969325154
2026-09-12,EUN,30.846153846153847
2026-09-12,EUZ,52.69230769230769
2026-09-12,EVM,75.15337423312883
2026-09-12,EYT,37.640449438202246
2026-09-12,EZM,
2026-09-12,FAK,4.861111111111112
2026-09-12,FAL,17.36111111111111
2026-09-12,FBC,4.0625
2026-09-12,FBI,86.23076923076923
2026-09-12,FBN,85.92307692307692
2026-09-12,FBV,19.76923076923077
2026-09-12,FBZ,57.15384615384615
2026-09-12,FCK,5.3125
2026-09-12,FCS,90.38461538461539
2026-09-12,FD1,65.33742331288343
2026-09-12,FDE,41.76923076923077
2026-09-12,FDG,21.165644171779142
2026-09-12,FDO,
2026-09-12,FDV,
2026-09-12,FDZ,15.923076923076923
2026-09-12,FFD,62.82894736842105
2026-09-12,FFF,
2026-09-12,FFH,75.3125
2026-09-12,FFO,
2026-09-12,FFP,33.146067415730336
2026-09-12,FHI,
2026-09-12,FHP,18.75
2026-09-12,FHZ,
2026-09-12,FI3,32.278481012658226
2026-09-12,FI5,61.51315789473685
2026-09-12,FIB,11.805555555555555
2026-09-12,FID,53.06748466257669
2026-09-12,FIL,79.27631578947368
2026-09-12,FIT,29.746835443037973
2026-09-12,FJB,47.92307692307693
2026-09-12,FJC,75.92307692307692
2026-09-12,FJM,65.15384615384615
2026-09-12,FJN,68.84615384615384
2026-09-12,FJZ,41.46153846153846
2026-09-12,FKE,35.0
2026-09-12,FKV,37.92307692307692
2026-09-12,FLS,60.69230769230769
2026-09-12,FLY,8.282208588957054
2026-09-12,FMG,23.615384615384617
2026-09-12,FMS,
2026-09-12,FMV,96.23076923076923
2026-09-12,FNO,40.1840490797546
2026-09-12,FNT,9.307692307692307
2026-09-12,FP4,3.0
2026-09-12,FPE,8.227848101265822
2026-09-12,FPG,22.230769230769234
2026-09-12,FPH,76.33333333333333
2026-09-12,FPI,43.75
2026-09-12,FPK,42.405063291139236
2026-09-12,FPR,59.61538461538461
2026-09-12,FPZ,80.84615384615384
2026-09-12,FR1,12.692307692307692
2026-09-12,FRA,
2026-09-12,FRC,27.615384615384613
2026-09-12,FRZ,
2026-09-12,FS1,9.615384615384617
2026-09-12,FS2,48.38461538461539
2026-09-12,FS3,1.5625
2026-09-12,FS4,0.8461538461538461
2026-09-12,FS5,60.84615384615385
2026-09-12,FS6,99.3076923076923
2026-09-12,FSF,56.9078947368421
2026-09-12,FSG,53.307692307692314
2026-09-12,FSH,11.797752808988763
2026-09-12,FSK,54.276315789473685
2026-09-12,FSM,6.692307692307692
2026-09-12,FSP,
2026-09-12,FSR,76.6923076923077
2026-09-12,FSU,98.31460674157303
2026-09-12,FSV,33.61538461538461
2026-09-12,FTL,34.53947368421053
2026-09-12,FTY,41.92307692307693
2026-09-12,FUA,37.0
2026-09-12,FUB,6.962025316455696
2026-09-12,FUM,
2026-09-12,FUN,87.46153846153845
2026-09-12,FUP,
2026-09-12,FVL,88.23076923076924
2026-09-12,FYA,21.461538461538463
2026-09-12,FYB,
2026-09-12,FYD,44.333333333333336
2026-09-12,FYF,45.46153846153846
2026-09-12,FYG,
2026-09-12,FYH,17.307692307692307
2026-09-12,FYI,97.0
2026-09-12,FYM,68.23076923076923
2026-09-12,FYO,46.20253164556962
2026-09-12,FYT,98.10126582278481
2026-09-12,FYZ,
2026-09-12,FZJ,53.37078651685393
2026-09-12,FZP,68.38461538461539
2026-09-12,GA1,37.34177215189873
2026-09-12,GAC,
2026-09-12,GAE,95.0
2026-09-12,GAF,35.0
2026-09-12,GAG,69.46153846153847
2026-09-12,GAH,44.47852760736196
2026-09-12,GAJ,
2026-09-12,GAL,44.40789473684211
2026-09-12,GAN,18.846153846153847
2026-09-12,GAS,79.61538461538461
2026-09-12,GAU,
2026-09-12,GAV,
2026-09-12,GBC,56.99999999999999
2026-09-12,GBG,81.66666666666667
2026-09-12,GBH,78.07692307692308
2026-09-12,GBJ,41.30769230769231
2026-09-12,GBL,76.58227848101265
2026-09-12,GBN,84.6923076923077
2026-09-12,GBP,
2026-09-12,GBV,32.82208588957055
2026-09-12,GBZ,46.62921348314607
2026-09-12,GCA,
2026-09-12,GCC,
2026-09-12,GCD,21.923076923076923
2026-09-12,GCI,
2026-09-12,GCZ,
2026-09-12,GDJ,
2026-09-12,GDP,
2026-09-12,GEC,
2026-09-12,GEI,0.6923076923076923
2026-09-12,GEZ,
2026-09-12,GFB,
2026-09-12,GFD,
2026-09-12,GFI,
2026-09-12,GFL,
2026-09-12,GFN,
2026-09-12,GFY,
2026-09-12,GGA,
2026-09-12,GGC,
2026-09-12,GGD,
2026-09-12,GGK,42.36111111111111
2026-09-12,GGM,
2026-09-12,GGN,
2026-09-12,GGP,
2026-09-12,GGR,
2026-09-12,GHS,38.333333333333336
2026-09-12,GID,8.333333333333332
2026-09-12,GIE,92.33333333333333
2026-09-12,GIH,
2026-09-12,GJA,
2026-09-12,GJB,16.292134831460675
2026-09-12,GJD,
2026-09-12,GJE,
2026-09-12,GJF,
2026-09-12,GJH,5.592105263157895
2026-09-12,GJM,59.46153846153847
2026-09-12,GJO,
2026-09-12,GKF,19.6875
2026-09-12,GKG,97.66666666666667
2026-09-12,GKH,16.11842105263158
2026-09-12,GKK,
2026-09-12,GKL,
2026-09-12,GKM,63.76923076923077
2026-09-12,GKV,27.187499999999996
2026-09-12,GL1,69.66666666666667
2026-09-12,GLC,32.02247191011236
2026-09-12,GLG,31.92307692307692
2026-09-12,GLL,
2026-09-12,GLM,
2026-09-12,GLP,
2026-09-12,GLS,98.4375
2026-09-12,GLV,39.92307692307692
2026-09-12,GMA,80.67484662576688
2026-09-12,GMC,0.5617977528089888
2026-09-12,GMD,78.08988764044943
2026-09-12,GME,
2026-09-12,GMI,43.61538461538462
2026-09-12,GMM,62.07692307692307
2026-09-12,GMN,65.46052631578947
2026-09-12,GMO,
2026-09-12,GMP,
2026-09-12,GMR,3.0
2026-09-12,GMZ,
2026-09-12,GNH,
2026-09-12,GNK,
2026-09-12,GNL,
2026-09-12,GNP,51.64473684210527
2026-09-12,GNS,50.33333333333333
2026-09-12,GNZ,
2026-09-12,GO1,80.33707865168539
2026-09-12,GO3,19.662921348314608
2026-09-12,GO4,29.775280898876407
2026-09-12,GO6,91.77631578947368
2026-09-12,GO9,27.0
2026-09-12,GOF,47.15384615384615
2026-09-12,GOH,25.0
2026-09-12,GOK,52.1875
2026-09-12,GOL,21.52777777777778
2026-09-12,GOP,52.960526315789465
2026-09-12,GP1,
2026-09-12,GP3,20.692307692307693
2026-09-12,GPA,10.759493670886076
2026-09-12,GPB,87.42331288343557
2026-09-12,GPC,30.538461538461537
2026-09-12,GPF,31.5625
2026-09-12,GPG,2.7607361963190185
2026-09-12,GPH,
2026-09-12,GPI,58.58895705521472
2026-09-12,GPJ,
2026-09-12,GPL,65.3076923076923
2026-09-12,GPM,
2026-09-12,GPN,66.11842105263158
2026-09-12,GPT,30.368098159509206
2026-09-12,GPU,49.38650306748466
2026-09-12,GPV,
2026-09-12,GPZ,89.80263157894737
2026-09-12,GRL,27.153846153846157
2026-09-12,GRO,68.07692307692308
2026-09-12,GRT,28.999999999999996
2026-09-12,GSE,81.61538461538461
2026-09-12,GSG,
2026-09-12,GSL,
2026-09-12,GSO,
2026-09-12,GSP,67.0
2026-09-12,GSR,
2026-09-12,GTA,40.97222222222222
2026-09-12,GTF,25.949367088607595
2026-09-12,GTH,69.0
2026-09-12,GTK,
2026-09-12,GTL,59.539473684210535
2026-09-12,GTM,77.0
2026-09-12,GTN,
2026-09-12,GTY,53.61538461538462
2026-09-12,GTZ,5.056179775280898
2026-09-12,GUA,
2026-09-12,GUB,66.45569620253164
2026-09-12,GUC,
2026-09-12,GUF,15.168539325842698
2026-09-12,GUH,53.666666666666664
2026-09-12,GUK,0.9375
2026-09-12,GUM,12.921348314606742
2026-09-12,GUV,24.68354430379747
2026-09-12,GVA,7.668711656441718
2026-09-12,GVB,
2026-09-12,GVC,
2026-09-12,GVD,
2026-09-12,GVI,17.415730337078653
2026-09-12,GVL,
2026-09-12,GVZ,
2026-09-12,GYC,
2026-09-12,GYG,
2026-09-12,GYK,67.72151898734177
2026-09-12,GYL,72.78481012658227
2026-09-12,GYN,
2026-09-12,GYR,
2026-09-12,GZB,
2026-09-12,GZD,
2026-09-12,GZE,73.92307692307692
2026-09-12,GZG,52.45398773006135
2026-09-12,GZH,6.441717791411043
2026-09-12,GZJ,34.26966292134831
2026-09-12,GZL,89.2638036809816
2026-09-12,GZM,99.61538461538461
2026-09-12,GZN,61.92307692307693
2026-09-12,GZO,
2026-09-12,GZP,70.2247191011236
2026-09-12,GZR,61.66666666666667
2026-09-12,GZU,
2026-09-12,GZV,38.764044943820224
2026-09-12,GZY,1.5337423312883436
2026-09-12,GZZ,27.914110429447852
2026-09-12,HAE,74.07692307692308
2026-09-12,HAG,66.53846153846153
2026-09-12,HAI,13.194444444444445
2026-09-12,HAM,84.02777777777779
2026-09-12,HAR,74.84615384615385
2026-09-12,HAT,
2026-09-12,HB1,41.0
2026-09-12,HB2,26.384615384615383
2026-09-12,HBF,27.083333333333332
2026-09-12,HBJ,
2026-09-12,HBN,36.51685393258427
2026-09-12,HBU,93.0
2026-09-12,HBV,73.0
2026-09-12,HCV,20.9375
2026-09-12,HDA,66.84615384615384
2026-09-12,HDD,99.079754601227
2026-09-12,HDE,39.0
2026-09-12,HDH,2.6923076923076925
2026-09-12,HDJ,93.15384615384616
2026-09-12,HDK,54.38461538461539
2026-09-12,HDS,71.15384615384616
2026-09-12,HDV,70.53846153846153
2026-09-12,HEH,61.15384615384616
2026-09-12,HFA,
2026-09-12,HFI,55.93749999999999
2026-09-12,HFO,
2026-09-12,HFR,7.666666666666666
2026-09-12,HFV,38.07692307692307
2026-09-12,HFY,69.6875
2026-09-12,HGC,76.53846153846153
2026-09-12,HGH,
2026-09-12,HGJ,10.846153846153845
2026-09-12,HGM,67.66666666666666
2026-09-12,HGR,70.38461538461539
2026-09-12,HGT,58.53846153846154
2026-09-12,HGU,
2026-09-12,HGV,20.23076923076923
2026-09-12,HIA,71.92307692307692
2026-09-12,HIF,23.76923076923077
2026-09-12,HIH,51.66666666666667
2026-09-12,HII,
2026-09-12,HIM,65.61538461538461
2026-09-12,HIP,84.53947368421053
2026-09-12,HIS,
2026-09-12,HIZ,56.13496932515337
2026-09-12,HJA,0.07692307692307693
2026-09-12,HJB,62.88343558282209
2026-09-12,HKG,76.38036809815951
2026-09-12,HKH,17.1875
2026-09-12,HKJ,80.5921052631579
2026-09-12,HKM,11.461538461538462
2026-09-12,HKP,10.9375
2026-09-12,HKR,46.84615384615385
2026-09-12,HKV,89.24050632911393
2026-09-12,HLA,9.0
2026-09-12,HLL,85.19736842105263
2026-09-12,HLR,17.46153846153846
2026-09-12,HMC,
2026-09-12,HME,74.23076923076923
2026-09-12,HMG,81.92307692307692
2026-09-12,HMK,4.846153846153846
2026-09-12,HML,35.9375
2026-09-12,HMS,45.0
2026-09-12,HMT,31.769230769230774
2026-09-12,HMV,29.46153846153846
2026-09-12,HNS,55.61538461538461
2026-09-12,HOA,10.122699386503067
2026-09-12,HOY,35.39325842696629
2026-09-12,HP3,91.46153846153847
2026-09-12,HPC,
2026-09-12,HPD,38.95705521472393
2026-09-12,HPF,1.3076923076923077
2026-09-12,HPH,14.144736842105262
2026-09-12,HPI,4.384615384615385
2026-09-12,HPJ,
2026-09-12,HPL,1.4615384615384615
2026-09-12,HPO,84.96932515337423
2026-09-12,HPT,75.31645569620254
2026-09-12,HPV,90.9375
2026-09-12,HPZ,
2026-09-12,HRZ,5.0
2026-09-12,HSA,36.50306748466258
2026-09-12,HSL,27.960526315789476
2026-09-12,HSP,22.692307692307693
2026-09-12,HST,36.075949367088604
2026-09-12,HTF,6.907894736842106
2026-09-12,HTJ,70.24539877300614
2026-09-12,HTK,1.6853932584269662
2026-09-12,HTS,52.083333333333336
2026-09-12,HTZ,12.538461538461537
2026-09-12,HUI,
2026-09-12,HUS,
2026-09-12,HVA,8.384615384615385
2026-09-12,HVB,4.076923076923077
2026-09-12,HVC,35.46153846153846
2026-09-12,HVI,66.33333333333333
2026-09-12,HVK,0.6329113924050633
2026-09-12,HVL,
2026-09-12,HVN,
2026-09-12,HVS,54.333333333333336
2026-09-12,HVT,96.38157894736842
2026-09-12,HVU,77.60736196319019
2026-09-12,HVV,
2026-09-12,HVZ,47.0
2026-09-12,HYK,84.53846153846155
2026-09-12,HYP,97.61538461538461
2026-09-12,HYU,98.38461538461539
2026-09-12,HYV,37.17105263157895
2026-09-12,HYY,
2026-09-12,HZV,
2026-09-12,IAC,
2026-09-12,IAE,57.97546012269939
2026-09-12,IAI,
2026-09-12,IAJ,
2026-09-12,IAM,47.752808988764045
2026-09-12,IAR,27.307692307692307
2026-09-12,IAS,15.461538461538463
2026-09-12,IAT,85.9375
2026-09-12,IAU,67.0
2026-09-12,IAY,75.69444444444444
2026-09-12,IBB,51.22699386503068
2026-09-12,IBC,
2026-09-12,IBE,7.769230769230768
2026-09-12,IBG,50.53846153846154
2026-09-12,IBJ,47.30769230769231
2026-09-12,IBK,68.9873417721519
2026-09-12,IBM,39.46153846153846
2026-09-12,IBP,
2026-09-12,IBR,95.61538461538461
2026-09-12,ICA,25.694444444444443
2026-09-12,ICC,61.04294478527608
2026-09-12,ICD,72.69938650306749
2026-09-12,ICE,66.77631578947368
2026-09-12,ICF,83.66666666666667
2026-09-12,ICG,
2026-09-12,ICH,92.94478527607362
2026-09-12,ICN,87.15384615384615
2026-09-12,ICS,28.384615384615387
2026-09-12,ICV,
2026-09-12,ICZ,32.33333333333333
2026-09-12,IDD,63.61538461538462
2026-09-12,IDF,78.84615384615384
2026-09-12,IDH,29.666666666666668
2026-09-12,IDI,91.0
2026-09-12,IDL,70.06578947368422
2026-09-12,IDO,70.6923076923077
2026-09-12,IDP,1.153846153846154
2026-09-12,IDV,
2026-09-12,IDY,29.754601226993866
2026-09-12,IED,78.83435582822086
2026-09-12,IEN,16.076923076923077
2026-09-12,IEV,13.803680981595093
2026-09-12,IEZ,
2026-09-12,IFD,
2026-09-12,IFN,
2026-09-12,IFV,80.37974683544303
2026-09-12,IFY,
2026-09-12,IGF,
2026-09-12,IGL,75.98684210526315
2026-09-12,IGM,
2026-09-12,IGZ,
2026-09-12,IH1,71.66666666666667
2026-09-12,IHA,
2026-09-12,IHC,52.23076923076923
2026-09-12,IHK,18.333333333333332
2026-09-12,IHP,10.23076923076923
2026-09-12,IHT,35.66666666666667
2026-09-12,IHV,10.384615384615385
2026-09-12,IHY,
2026-09-12,IHZ,
2026-09-12,IIA,2.5384615384615383
2026-09-12,IIC,
2026-09-12,IIE,3.769230769230769
2026-09-12,IIF,94.84615384615384
2026-09-12,IIH,53.0
2026-09-12,IIN,54.93421052631579
2026-09-12,IIS,5.923076923076923
2026-09-12,IJA,24.233128834355828
2026-09-12,IJB,43.75
2026-09-12,IJC,12.576687116564417
2026-09-12,IJE,
2026-09-12,IJF,
2026-09-12,IJH,56.74157303370787
2026-09-12,IJI,60.38461538461538
2026-09-12,IJK,
2026-09-12,IJL,54.84615384615385
2026-09-12,IJP,56.25
2026-09-12,IJT,89.61538461538461
2026-09-12,IJV,89.14473684210526
2026-09-12,IJZ,61.65644171779141
2026-09-12,IK2,73.61538461538461
2026-09-12,IKL,31.25
2026-09-12,IKP,6.25
2026-09-12,IKV,71.51898734177216
2026-09-12,ILC,69.92307692307692
2026-09-12,ILE,
2026-09-12,ILH,35.19736842105263
2026-09-12,ILI,88.84615384615384
2026-09-12,ILM,43.30769230769231
2026-09-12,ILP,
2026-09-12,ILU,
2026-09-12,ILZ,88.20224719101124
2026-09-12,IMB,
2026-09-12,IMF,34.53846153846154
2026-09-12,IMG,47.46153846153846
2026-09-12,IMH,
2026-09-12,IML,75.66666666666667
2026-09-12,IMO,
2026-09-12,IMS,
2026-09-12,IMT,
2026-09-12,IMY,
2026-09-12,IMZ,
2026-09-12,INH,26.68711656441718
2026-09-12,INV,
2026-09-12,INZ,74.6923076923077
2026-09-12,IOG,16.384615384615383
2026-09-12,IOH,46.69230769230769
2026-09-12,IOJ,73.76923076923076
2026-09-12,IOL,
2026-09-12,IOM,4.230769230769231
2026-09-12,ION,23.46153846153846
2026-09-12,IOO,93.75
2026-09-12,IOP,88.48684210526315
2026-09-12,IOT,
2026-09-12,IOV,
2026-09-12,IPA,38.38461538461539
2026-09-12,IPB,2.147239263803681
2026-09-12,IPC,
2026-09-12,IPE,
2026-09-12,IPF,43.92307692307693
2026-09-12,IPG,58.98876404494382
2026-09-12,IPJ,18.75
2026-09-12,IPK,
2026-09-12,IPO,
2026-09-12,IPP,49.92307692307693
2026-09-12,IPR,
2026-09-12,IPU,
2026-09-12,IPV,15.822784810126583
2026-09-12,IRB,69.3076923076923
2026-09-12,IRE,52.84615384615384
2026-09-12,IRF,79.21348314606742
2026-09-12,IRL,55.00000000000001
2026-09-12,IRO,34.69230769230769
2026-09-12,IRT,55.52147239263804
2026-09-12,IRV,90.6923076923077
2026-09-12,IRY,87.17105263157895
2026-09-12,ISR,
2026-09-12,ISS,
2026-09-12,IST,74.0506329113924
2026-09-12,ITA,
2026-09-12,ITC,39.666666666666664
2026-09-12,ITD,
2026-09-12,ITJ,55.3076923076923
2026-09-12,ITL,
2026-09-12,ITP,68.75
2026-09-12,ITR,
2026-09-12,ITV,79.86111111111111
2026-09-12,ITZ,
2026-09-12,IUA,29.307692307692307
2026-09-12,IUB,
2026-09-12,IUC,
2026-09-12,IUF,59.30769230769231
2026-09-12,IUH,39.8876404494382
2026-09-12,IUM,
2026-09-12,IUN,
2026-09-12,IUV,44.38461538461539
2026-09-12,IUZ,69.4078947368421
2026-09-12,IV2,9.923076923076923
2026-09-12,IV6,
2026-09-12,IV7,
2026-09-12,IV8,74.6875
2026-09-12,IVF,46.5625
2026-09-12,IVS,37.769230769230774
2026-09-12,IVY,41.41104294478527
2026-09-12,IYB,51.84049079754601
2026-09-12,IYP,
2026-09-12,IYR,
2026-09-12,IYS,23.307692307692307
2026-09-12,IYV,30.07692307692308
2026-09-12,IZA,
2026-09-12,IZB,90.4494382022472
2026-09-12,IZE,
2026-09-12,IZL,56.53846153846154
2026-09-12,IZS,99.30555555555556
2026-09-12,IZV,
2026-09-12,IZY,53.76923076923077
2026-09-12,JET,0.9202453987730062
2026-09-12,JOT,
2026-09-12,JUP,72.23076923076923
2026-09-12,KAC,67.8125
2026-09-12,KAN,56.25
2026-09-12,KAV,88.19444444444444
2026-09-12,KBJ,44.69230769230769
2026-09-12,KBP,
2026-09-12,KBZ,
2026-09-12,KCL,30.312499999999996
2026-09-12,KCR,97.91666666666666
2026-09-12,KCV,75.9375
2026-09-12,KDE,87.1875
2026-09-12,KDI,30.384615384615383
2026-09-12,KDK,
2026-09-12,KDL,32.1875
2026-09-12,KDO,40.3125
2026-09-12,KDS,29.062500000000004
2026-09-12,KDT,25.937500000000004
2026-09-12,KDV,47.1875
2026-09-12,KDZ,17.8125
2026-09-12,KEI,
2026-09-12,KEO,
2026-09-12,KEU,35.3125
2026-09-12,KFZ,
2026-09-12,KGM,7.187499999999999
2026-09-12,KH1,70.3125
2026-09-12,KHA,90.33333333333333
2026-09-12,KHB,12.333333333333334
2026-09-12,KHC,24.0625
2026-09-12,KHD,60.3125
2026-09-12,KHF,
2026-09-12,KHJ,43.4375
2026-09-12,KHP,73.35526315789474
2026-09-12,KHT,
2026-09-12,KHU,
2026-09-12,KIA,
2026-09-12,KIB,54.90797546012271
2026-09-12,KIE,91.11842105263158
2026-09-12,KIH,89.15384615384615
2026-09-12,KIK,12.812499999999998
2026-09-12,KIS,19.0625
2026-09-12,KJK,
2026-09-12,KKB,
2026-09-12,KKC,8.4375
2026-09-12,KKE,
2026-09-12,KKH,74.71910112359551
2026-09-12,KKL,84.0625
2026-09-12,KKO,31.615384615384617
2026-09-12,KKP,40.07692307692308
2026-09-12,KKT,91.5625
2026-09-12,KLH,2.8125
2026-09-12,KLI,33.223684210526315
2026-09-12,KLL,
2026-09-12,KLM,
2026-09-12,KLS,
2026-09-12,KLU,8.881578947368421
2026-09-12,KMA,
2026-09-12,KME,44.6875
2026-09-12,KMF,59.02777777777778
2026-09-12,KMN,96.52777777777779
2026-09-12,KMT,
2026-09-12,KNC,55.769230769230774
2026-09-12,KNI,0.3289473684210526
2026-09-12,KNJ,87.8125
2026-09-12,KNN,50.69230769230769
2026-09-12,KNP,
2026-09-12,KNS,
2026-09-12,KNT,
2026-09-12,KNV,
2026-09-12,KNZ,
2026-09-12,KO4,33.0
2026-09-12,KOB,64.6875
2026-09-12,KOD,46.31901840490797
2026-09-12,KOP,19.153846153846153
2026-09-12,KOT,87.0
2026-09-12,KOZ,
2026-09-12,KP3,32.230769230769226
2026-09-12,KPA,79.6875
2026-09-12,KPB,
2026-09-12,KPC,80.3125
2026-09-12,KPD,16.5625
2026-09-12,KPF,62.69230769230769
2026-09-12,KPH,45.666666666666664
2026-09-12,KPI,24.013157894736842
2026-09-12,KPK,
2026-09-12,KPM,
2026-09-12,KPP,30.592105263157894
2026-09-12,KPR,0.9868421052631579
2026-09-12,KPS,64.53846153846153
2026-09-12,KPU,36.5625
2026-09-12,KRC,22.151898734177212
2026-09-12,KRF,83.74233128834356
2026-09-12,KRH,67.15384615384615
2026-09-12,KRO,45.92307692307692
2026-09-12,KRR,81.25
2026-09-12,KRS,31.30769230769231
2026-09-12,KRT,70.23076923076923
2026-09-12,KRV,78.47222222222221
2026-09-12,KSA,99.0
2026-09-12,KSC,
2026-09-12,KSK,23.355263157894736
2026-09-12,KSL,10.3125
2026-09-12,KSM,45.9375
2026-09-12,KSP,36.69230769230769
2026-09-12,KSR,42.8125
2026-09-12,KST,
2026-09-12,KSV,80.9375
2026-09-12,KSY,96.84615384615385
2026-09-12,KTE,
2026-09-12,KTI,27.8125
2026-09-12,KTJ,40.9375
2026-09-12,KTM,82.1875
2026-09-12,KTN,54.0625
2026-09-12,KTR,65.3125
2026-09-12,KTS,89.6875
2026-09-12,KTT,37.1875
2026-09-12,KTU,
2026-09-12,KTV,89.0625
2026-09-12,KU3,69.0625
2026-09-12,KUA,29.6875
2026-09-12,KUB,43.25153374233129
2026-09-12,KUD,94.6875
2026-09-12,KUP,14.846153846153845
2026-09-12,KUT,49.30555555555556
2026-09-12,KVA,
2026-09-12,KVK,52.81249999999999
2026-09-12,KVR,60.9375
2026-09-12,KVS,92.6923076923077
2026-09-12,KVT,61.0
2026-09-12,KYA,13.666666666666666
2026-09-12,KYR,8.538461538461538
2026-09-12,KYS,54.230769230769226
2026-09-12,KZL,39.58333333333333
2026-09-12,KZO,
2026-09-12,KZU,24.305555555555554
2026-09-12,LAI,13.461538461538462
2026-09-12,LET,
2026-09-12,LFD,
2026-09-12,LGK,
2026-09-12,LGO,10.692307692307693
2026-09-12,LHM,
2026-09-12,LHP,58.23076923076923
2026-09-12,LKF,43.75
2026-09-12,LKT,77.30263157894737
2026-09-12,LLA,13.615384615384615
2026-09-12,LPH,97.92307692307692
2026-09-12,LRT,89.3076923076923
2026-09-12,LTC,81.0
2026-09-12,LTL,89.66666666666666
2026-09-12,LTS,26.076923076923077
2026-09-12,LZV,
2026-09-12,MAC,10.333333333333334
2026-09-12,MAD,48.15950920245399
2026-09-12,MAS,16.538461538461537
2026-09-12,MAV,
2026-09-12,MBL,91.71779141104295
2026-09-12,MBR,58.86075949367089
2026-09-12,MCU,93.46153846153847
2026-09-12,MD1,69.6319018404908
2026-09-12,MD2,50.61349693251533
2026-09-12,MDF,72.47191011235955
2026-09-12,MET,43.86503067484663
2026-09-12,MGB,51.30769230769231
2026-09-12,MGD,
2026-09-12,MGE,3.1538461538461537
2026-09-12,MGH,40.84615384615385
2026-09-12,MHF,7.000000000000001
2026-09-12,MIK,49.0
2026-09-12,MJB,25.280898876404496
2026-09-12,MJE,22.1875
2026-09-12,MJG,8.426966292134832
2026-09-12,MJH,25.615384615384617
2026-09-12,MJK,25.461538461538463
2026-09-12,MJL,71.61538461538461
2026-09-12,MKA,7.8125
2026-09-12,MKG,53.47222222222222
2026-09-12,MKL,
2026-09-12,MLS,
2026-09-12,MLT,61.30769230769231
2026-09-12,MMH,96.33333333333334
2026-09-12,MOD,
2026-09-12,MOZ,58.07692307692308
2026-09-12,MP2,7.923076923076923
2026-09-12,MP4,56.99999999999999
2026-09-12,MPD,79.76923076923077
2026-09-12,MPE,21.38157894736842
2026-09-12,MPF,92.1875
2026-09-12,MPI,87.61538461538461
2026-09-12,MPK,85.3125
2026-09-12,MPL,57.56578947368421
2026-09-12,MPN,26.846153846153847
2026-09-12,MPP,15.615384615384615
2026-09-12,MPS,30.9375
2026-09-12,MRI,56.38461538461539
2026-09-12,MSK,
2026-09-12,MSO,
2026-09-12,MSR,31.0
2026-09-12,MT1,72.07692307692307
2026-09-12,MT2,47.69736842105263
2026-09-12,MT5,5.769230769230769
2026-09-12,MT6,6.25
2026-09-12,MT7,12.846153846153847
2026-09-12,MT8,14.076923076923077
2026-09-12,MT9,11.153846153846155
2026-09-12,MTD,4.601226993865031
2026-09-12,MTE,
2026-09-12,MTF,73.3076923076923
2026-09-12,MTG,60.53846153846154
2026-09-12,MTH,62.33333333333333
2026-09-12,MTI,
2026-09-12,MTK,68.4375
2026-09-12,MTL,16.846153846153847
2026-09-12,MTS,73.59550561797754
2026-09-12,MTU,15.153846153846153
2026-09-12,MTV,19.32515337423313
2026-09-12,MTX,27.300613496932513
2026-09-12,MUL,31.461538461538463
2026-09-12,MUT,21.153846153846153
2026-09-12,NAK,63.19444444444444
2026-09-12,NAL,34.02777777777778
2026-09-12,NAU,32.63888888888889
2026-09-12,NAV,67.61538461538461
2026-09-12,NBE,51.0
2026-09-12,NBH,98.6923076923077
2026-09-12,NBO,94.9438202247191
2026-09-12,NBZ,67.3076923076923
2026-09-12,NCS,79.3076923076923
2026-09-12,NCU,28.53846153846154
2026-09-12,NDL,
2026-09-12,NDS,11.615384615384615
2026-09-12,NES,
2026-09-12,NFF,54.49438202247191
2026-09-12,NFH,21.76923076923077
2026-09-12,NFK,7.461538461538461
2026-09-12,NHP,52.24719101123596
2026-09-12,NHT,
2026-09-12,NHV,
2026-09-12,NHY,40.33333333333333
2026-09-12,NIG,19.46153846153846
2026-09-12,NIS,93.61538461538461
2026-09-12,NJF,72.91666666666666
2026-09-12,NJG,79.46153846153847
2026-09-12,NJR,90.50632911392405
2026-09-12,NJY,99.6875
2026-09-12,NKA,32.8125
2026-09-12,NKC,9.666666666666666
2026-09-12,NKH,65.76923076923077
2026-09-12,NKJ,
2026-09-12,NKK,28.23076923076923
2026-09-12,NKL,97.3076923076923
2026-09-12,NKM,4.6875
2026-09-12,NKP,7.05521472392638
2026-09-12,NKS,82.38461538461539
2026-09-12,NKT,90.3125
2026-09-12,NKV,
2026-09-12,NLC,86.80555555555556
2026-09-12,NLD,
2026-09-12,NLE,49.666666666666664
2026-09-12,NLK,98.07692307692307
2026-09-12,NLL,27.0
2026-09-12,NME,18.4375
2026-09-12,NMG,69.76923076923077
2026-09-12,NMP,64.14473684210526
2026-09-12,NMU,71.0
2026-09-12,NNF,1.6666666666666667
2026-09-12,NOA,23.153846153846153
2026-09-12,NOI,91.61538461538463
2026-09-12,NOV,
2026-09-12,NP1,34.38461538461539
2026-09-12,NPH,16.333333333333332
2026-09-12,NPK,
2026-09-12,NRC,13.190184049079754
2026-09-12,NRG,22.697368421052634
2026-09-12,NRM,79.0
2026-09-12,NSA,35.85526315789473
2026-09-12,NSD,83.61538461538461
2026-09-12,NSH,93.76923076923077
2026-09-12,NSK,76.23076923076924
2026-09-12,NSP,36.51315789473684
2026-09-12,NSS,
2026-09-12,NST,28.333333333333332
2026-09-12,NSY,83.92307692307692
2026-09-12,NTB,
2026-09-12,NTD,
2026-09-12,NTF,83.3076923076923
2026-09-12,NTI,9.509202453987731
2026-09-12,NTO,
2026-09-12,NTS,92.53846153846153
2026-09-12,NUB,39.61538461538461
2026-09-12,NUG,92.36111111111111
2026-09-12,NUH,13.0
2026-09-12,NVB,20.723684210526315
2026-09-12,NVC,35.30769230769231
2026-09-12,NVK,47.8125
2026-09-12,NVP,
2026-09-12,NVT,95.76923076923077
2026-09-12,NVZ,47.0
2026-09-12,NYH,
2026-09-12,NZH,15.030674846625766
2026-09-12,NZT,2.9605263157894735
2026-09-12,NZU,38.4375
2026-09-12,OAB,
2026-09-12,OAO,94.1717791411043
2026-09-12,OBI,17.088607594936708
2026-09-12,OBN,49.15384615384615
2026-09-12,OBP,78.22085889570552
2026-09-12,OBR,70.07692307692308
2026-09-12,OCM,
2026-09-12,OCN,
2026-09-12,OCT,
2026-09-12,ODD,60.07692307692307
2026-09-12,ODG,20.552147239263803
2026-09-12,ODN,95.3076923076923
2026-09-12,ODP,42.69230769230769
2026-09-12,ODS,47.76923076923077
2026-09-12,ODV,2.8089887640449436
2026-09-12,OFA,11.5625
2026-09-12,OFB,90.23076923076923
2026-09-12,OFI,57.865168539325836
2026-09-12,OFK,20.3125
2026-09-12,OFO,
2026-09-12,OFS,64.60674157303372
2026-09-12,OGD,77.08333333333334
2026-09-12,OGF,70.25316455696202
2026-09-12,OGV,
2026-09-12,OHB,78.33333333333333
2026-09-12,OHI,35.15384615384615
2026-09-12,OHK,96.5625
2026-09-12,OIL,71.52777777777779
2026-09-12,OIR,75.84269662921348
2026-09-12,OIS,
2026-09-12,OJB,51.76923076923077
2026-09-12,OJH,59.769230769230774
2026-09-12,OJK,65.97222222222221
2026-09-12,OJT,21.910112359550563
2026-09-12,OJU,
2026-09-12,OJY,
2026-09-12,OKD,83.12883435582822
2026-09-12,OKF,85.3076923076923
2026-09-12,OKP,43.67088607594937
2026-09-12,OKT,50.0
2026-09-12,OLA,32.69230769230769
2026-09-12,OLD,3.932584269662921
2026-09-12,OLE,96.06741573033707
2026-09-12,OMB,
2026-09-12,OMC,
2026-09-12,OME,19.30769230769231
2026-09-12,OMG,68.33333333333333
2026-09-12,OMT,13.486842105263158
2026-09-12,ONB,48.23076923076923
2026-09-12,OND,51.61538461538462
2026-09-12,ONE,59.15384615384616
2026-09-12,ONF,95.13888888888889
2026-09-12,ONK,29.615384615384617
2026-09-12,ONN,99.15384615384616
2026-09-12,ONS,85.61538461538461
2026-09-12,ONT,64.84615384615384
2026-09-12,ONY,46.23076923076923
2026-09-12,OPB,79.4478527607362
2026-09-12,OPD,96.6923076923077
2026-09-12,OPF,33.43558282208589
2026-09-12,OPH,26.333333333333332
2026-09-12,OPI,39.0
2026-09-12,OPJ,42.43421052631579
2026-09-12,OPL,18.098159509202453
2026-09-12,OPU,54.6875
2026-09-12,OPZ,
2026-09-12,ORC,24.846153846153847
2026-09-12,ORI,
2026-09-12,OSD,57.59493670886076
2026-09-12,OSF,85.15384615384616
2026-09-12,OSH,33.46153846153846
2026-09-12,OSL,86.70886075949366
2026-09-12,OSN,75.15384615384615
2026-09-12,OTE,
2026-09-12,OTF,72.1875
2026-09-12,OTJ,14.583333333333334
2026-09-12,OTK,
2026-09-12,OTM,35.2760736196319
2026-09-12,OTZ,
2026-09-12,OUB,66.6923076923077
2026-09-12,OUD,79.92307692307692
2026-09-12,OUN,77.46153846153845
2026-09-12,OUR,67.46153846153847
2026-09-12,OUY,
2026-09-12,OVD,97.19101123595506
2026-09-12,OVR,
2026-09-12,OYL,45.723684210526315
2026-09-12,OYS,26.23076923076923
2026-09-12,OYT,86.53846153846155
2026-09-12,OZC,
2026-09-12,P1A,90.46052631578947
2026-09-12,PA2,36.80555555555556
2026-09-12,PAB,94.4078947368421
2026-09-12,PAC,
2026-09-12,PAF,60.416666666666664
2026-09-12,PAI,11.96319018404908
2026-09-12,PAL,81.25
2026-09-12,PAO,
2026-09-12,PAU,74.38461538461539
2026-09-12,PBE,94.6923076923077
2026-09-12,PBF,
2026-09-12,PBH,5.3076923076923075
2026-09-12,PBI,55.61797752808989
2026-09-12,PBK,15.312500000000002
2026-09-12,PBN,25.0
2026-09-12,PBR,0.3067484662576687
2026-09-12,PBS,58.38461538461538
2026-09-12,PBY,12.384615384615385
2026-09-12,PCE,67.76923076923077
2026-09-12,PCH,18.53846153846154
2026-09-12,PCN,31.153846153846153
2026-09-12,PCS,0.23076923076923078
2026-09-12,PDC,6.076923076923077
2026-09-12,PDD,22.8125
2026-09-12,PDE,0.3125
2026-09-12,PDF,42.38461538461539
2026-09-12,PDG,9.153846153846153
2026-09-12,PDH,35.76923076923077
2026-09-12,PDR,
2026-09-12,PDS,19.615384615384617
2026-09-12,PEA,47.91666666666667
2026-09-12,PFO,82.58426966292134
2026-09-12,PFS,14.04494382022472
2026-09-12,PGD,64.7239263803681
2026-09-12,PGE,78.53846153846153
2026-09-12,PGH,3.6153846153846154
2026-09-12,PGS,31.666666666666664
2026-09-12,PHB,1.9230769230769231
2026-09-12,PHE,0.33333333333333337
2026-09-12,PHF,43.15384615384615
2026-09-12,PHI,52.33333333333333
2026-09-12,PHK,62.18749999999999
2026-09-12,PHN,8.23076923076923
2026-09-12,PHS,57.46153846153847
2026-09-12,PHY,27.46153846153846
2026-09-12,PID,63.49693251533742
2026-09-12,PIL,7.303370786516854
2026-09-12,PIP,2.302631578947368
2026-09-12,PIR,29.86111111111111
2026-09-12,PIS,92.84615384615384
2026-09-12,PJL,25.986842105263158
2026-09-12,PJP,52.38461538461539
2026-09-12,PK1,
2026-09-12,PKD,
2026-09-12,PKF,68.75
2026-09-12,PKH,3.4375000000000004
2026-09-12,PKL,67.1875
2026-09-12,PKM,39.80263157894737
2026-09-12,PKN,46.53846153846154
2026-09-12,PKP,39.14473684210527
2026-09-12,PKR,25.32894736842105
2026-09-12,PKT,14.802631578947366
2026-09-12,PKU,14.23076923076923
2026-09-12,PKV,85.76923076923076
2026-09-12,PKZ,11.923076923076923
2026-09-12,PLA,
2026-09-12,PLR,64.80263157894737
2026-09-12,PLS,
2026-09-12,PMG,
2026-09-12,PMH,
2026-09-12,PMP,8.076923076923077
2026-09-12,PNU,49.67105263157895
2026-09-12,PO7,24.53846153846154
2026-09-12,PO8,49.61538461538461
2026-09-12,PO9,15.307692307692308
2026-09-12,POB,24.23076923076923
2026-09-12,POD,40.69230769230769
2026-09-12,POF,22.916666666666664
2026-09-12,POH,
2026-09-12,POI,11.0
2026-09-12,POS,17.76923076923077
2026-09-12,POU,77.76923076923077
2026-09-12,PP1,34.0625
2026-09-12,PPB,37.666666666666664
2026-09-12,PPD,33.76923076923077
2026-09-12,PPE,21.0
2026-09-12,PPF,32.53846153846154
2026-09-12,PPG,4.276315789473684
2026-09-12,PPH,3.6666666666666665
2026-09-12,PPI,45.06578947368421
2026-09-12,PPJ,28.618421052631575
2026-09-12,PPK,62.17105263157895
2026-09-12,PPM,77.61538461538461
2026-09-12,PPN,85.85526315789474
2026-09-12,PPO,28.846153846153843
2026-09-12,PPP,3.618421052631579
2026-09-12,PPS,38.230769230769226
2026-09-12,PPT,97.03947368421053
2026-09-12,PPU,3.307692307692308
2026-09-12,PPV,9.539473684210527
2026-09-12,PPZ,74.01315789473685
2026-09-12,PRD,86.51315789473685
2026-09-12,PRF,
2026-09-12,PRH,29.93421052631579
2026-09-12,PRR,15.460526315789474
2026-09-12,PRU,96.38461538461539
2026-09-12,PRV,6.25
2026-09-12,PRY,68.0921052631579
2026-09-12,PSD,
2026-09-12,PSE,78.61842105263158
2026-09-12,PSG,22.538461538461537
2026-09-12,PSH,55.00000000000001
2026-09-12,PSL,83.46153846153847
2026-09-12,PSO,
2026-09-12,PSR,14.692307692307693
2026-09-12,PSS,75.3076923076923
2026-09-12,PST,12.076923076923077
2026-09-12,PTC,56.230769230769226
2026-09-12,PTE,58.88157894736842
2026-09-12,PTF,61.76923076923077
2026-09-12,PTG,
2026-09-12,PTL,41.776315789473685
2026-09-12,PTN,67.36111111111111
2026-09-12,PTO,93.66666666666667
2026-09-12,PTP,48.35526315789473
2026-09-12,PTS,49.01315789473684
2026-09-12,PUA,
2026-09-12,PUC,95.92307692307692
2026-09-12,PUH,75.0
2026-09-12,PUK,2.1875
2026-09-12,PUR,18.092105263157894
2026-09-12,PUT,
2026-09-12,PUV,
2026-09-12,PVK,83.4375
2026-09-12,PYB,37.82894736842105
2026-09-12,PYD,13.153846153846155
2026-09-12,PYF,94.38461538461539
2026-09-12,PYH,5.9375
2026-09-12,PYI,2.076923076923077
2026-09-12,PYL,57.769230769230774
2026-09-12,PYR,6.538461538461539
2026-09-12,PYS,38.84615384615385
2026-09-12,RAF,93.75
2026-09-12,RAI,
2026-09-12,RAN,
2026-09-12,RAV,65.92307692307692
2026-09-12,RAY,
2026-09-12,RBA,35.41666666666667
2026-09-12,RBB,52.53164556962025
2026-09-12,RBE,86.6923076923077
2026-09-12,RBF,18.354430379746837
2026-09-12,RBH,45.3125
2026-09-12,RBI,75.46153846153845
2026-09-12,RBK,56.56250000000001
2026-09-12,RBL,48.53846153846153
2026-09-12,RBN,20.076923076923077
2026-09-12,RBP,68.75
2026-09-12,RBR,95.9375
2026-09-12,RBT,92.8125
2026-09-12,RBV,88.4375
2026-09-12,RCL,
2026-09-12,RCS,
2026-09-12,RCV,26.5625
2026-09-12,RD1,37.11656441717792
2026-09-12,RDF,46.07692307692307
2026-09-12,RDH,2.230769230769231
2026-09-12,RDK,
2026-09-12,RDS,48.07692307692308
2026-09-12,RDT,71.3076923076923
2026-09-12,RDZ,63.46153846153846
2026-09-12,RE6,2.083333333333333
2026-09-12,RE7,
2026-09-12,RE8,2.3846153846153846
2026-09-12,RFM,89.32584269662921
2026-09-12,RGD,42.63803680981595
2026-09-12,RGH,22.384615384615383
2026-09-12,RHD,51.46153846153846
2026-09-12,RHI,94.33333333333334
2026-09-12,RHS,25.666666666666664
2026-09-12,RIA,73.15384615384616
2026-09-12,RIH,5.461538461538462
2026-09-12,RIK,10.736196319018406
2026-09-12,RJG,50.69444444444444
2026-09-12,RKC,72.08588957055214
2026-09-12,RKH,
2026-09-12,RKL,
2026-09-12,RKS,59.06249999999999
2026-09-12,RKV,77.8125
2026-09-12,RLH,86.84615384615385
2026-09-12,RO1,10.197368421052632
2026-09-12,ROD,34.23076923076923
2026-09-12,ROF,43.0
2026-09-12,ROY,64.0625
2026-09-12,RPC,53.68098159509203
2026-09-12,RPD,11.349693251533742
2026-09-12,RPG,46.52777777777778
2026-09-12,RPI,84.6875
2026-09-12,RPK,
2026-09-12,RPL,58.692307692307686
2026-09-12,RPM,73.31288343558282
2026-09-12,RPN,18.69230769230769
2026-09-12,RPO,
2026-09-12,RPP,76.64473684210526
2026-09-12,RPS,53.15384615384615
2026-09-12,RPT,85.0
2026-09-12,RPU,66.5625
2026-09-12,RPX,71.46153846153847
2026-09-12,RRA,29.276315789473685
2026-09-12,RRP,8.223684210526317
2026-09-12,RS1,80.38461538461539
2026-09-12,RSF,83.0
2026-09-12,RSK,61.46153846153845
2026-09-12,RSY,48.84615384615385
2026-09-12,RSZ,3.923076923076923
2026-09-12,RTA,30.69230769230769
2026-09-12,RTB,66.23076923076923
2026-09-12,RTD,50.0
2026-09-12,RTG,32.20858895705521
2026-09-12,RTH,24.076923076923077
2026-09-12,RTI,86.5625
2026-09-12,RTP,9.769230769230768
2026-09-12,RUH,40.23076923076923
2026-09-12,RUT,18.711656441717793
2026-09-12,RVI,10.416666666666668
2026-09-12,RVS,43.769230769230774
2026-09-12,RYA,
2026-09-12,RYB,
2026-09-12,RYD,15.769230769230768
2026-09-12,RYF,26.692307692307693
2026-09-12,RYU,72.84615384615385
2026-09-12,RZR,
2026-09-12,SAP,52.30263157894737
2026-09-12,SAR,
2026-09-12,SAS,46.33333333333333
2026-09-12,SAT,
2026-09-12,SBH,15.0
2026-09-12,SBI,22.846153846153847
2026-09-12,SBR,39.76923076923077
2026-09-12,SBS,
2026-09-12,SCZ,79.15384615384615
2026-09-12,SD1,57.36196319018405
2026-09-12,SDA,74.53846153846155
2026-09-12,SEH,77.3076923076923
2026-09-12,SER,36.53846153846153
2026-09-12,SFA,87.92307692307692
2026-09-12,SFS,65.73033707865169
2026-09-12,SGK,3.374233128834356
2026-09-12,SGT,42.02453987730061
2026-09-12,SHC,82.33333333333334
2026-09-12,SHE,19.938650306748464
2026-09-12,SHI,26.53846153846154
2026-09-12,SHU,32.84615384615385
2026-09-12,SIA,
2026-09-12,SIS,14.384615384615385
2026-09-12,SJP,61.61538461538461
2026-09-12,SKL,53.61842105263158
2026-09-12,SKO,17.666666666666668
2026-09-12,SKS,
2026-09-12,SKT,60.12658227848101
2026-09-12,SKZ,97.15384615384616
2026-09-12,SLF,81.25
2026-09-12,SLG,21.0
2026-09-12,SLR,
2026-09-12,SLS,
2026-09-12,SMP,
2026-09-12,SNY,4.538461538461538
2026-09-12,SOS,70.85889570552148
2026-09-12,SPA,90.53846153846153
2026-09-12,SPD,
2026-09-12,SPE,88.6923076923077
2026-09-12,SPN,63.92307692307693
2026-09-12,SPP,79.93421052631578
2026-09-12,SPR,
2026-09-12,SPT,57.1875
2026-09-12,SRA,
2026-09-12,SRE,
2026-09-12,SRL,85.66666666666667
2026-09-12,SRO,
2026-09-12,SSD,
2026-09-12,SSE,11.307692307692307
2026-09-12,SSF,
2026-09-12,SSK,62.26993865030674
2026-09-12,SSN,
2026-09-12,SSO,
2026-09-12,SSS,31.0
2026-09-12,SST,
2026-09-12,ST1,15.0
2026-09-12,STI,53.92307692307692
2026-09-12,STM,
2026-09-12,STS,56.07692307692308
2026-09-12,STZ,42.53846153846153
2026-09-12,SUA,86.80981595092024
2026-09-12,SUB,38.34355828220859
2026-09-12,SUC,46.93251533742331
2026-09-12,SUR,65.66666666666666
2026-09-12,SVB,22.392638036809817
2026-09-12,SVS,
2026-09-12,SVY,
2026-09-12,SYF,
2026-09-12,SYL,
2026-09-12,SYR,35.92307692307693
2026-09-12,SYS,33.92307692307692
2026-09-12,T3B,36.23076923076923
2026-09-12,TAL,38.19444444444444
2026-09-12,TAO,
2026-09-12,TAR,60.42944785276073
2026-09-12,TAU,36.333333333333336
2026-09-12,TAZ,
2026-09-12,TB9,82.23076923076923
2026-09-12,TBP,45.50561797752809
2026-09-12,TBT,27.21518987341772
2026-09-12,TBV,55.06329113924051
2026-09-12,TCA,15.972222222222221
2026-09-12,TCB,63.48684210526315
2026-09-12,TCC,36.84615384615385
2026-09-12,TCD,30.981595092024538
2026-09-12,TCF,69.10112359550563
2026-09-12,TCG,
2026-09-12,TCH,76.07692307692308
2026-09-12,TCI,88.07692307692308
2026-09-12,TCS,38.53846153846154
2026-09-12,TDG,1.89873417721519
2026-09-12,TDP,22.076923076923077
2026-09-12,TE3,81.90184049079755
2026-09-12,TE4,97.23926380368098
2026-09-12,TEJ,24.15730337078652
2026-09-12,TFE,78.4375
2026-09-12,TFF,18.53932584269663
2026-09-12,TFU,23.417721518987342
2026-09-12,TGA,35.88957055214724
2026-09-12,TGE,84.8314606741573
2026-09-12,TGN,31.25
2026-09-12,TGR,5.214723926380368
2026-09-12,TGT,99.36708860759494
2026-09-12,TGV,1.6153846153846154
2026-09-12,TGZ,81.3076923076923
2026-09-12,THD,
2026-09-12,THF,99.66666666666667
2026-09-12,THG,92.23076923076923
2026-09-12,THH,
2026-09-12,THO,32.38461538461539
2026-09-12,THS,
2026-09-12,THT,
2026-09-12,THV,8.692307692307692
2026-09-12,TI1,60.19736842105263
2026-09-12,TI2,20.333333333333332
2026-09-12,TI3,11.0
2026-09-12,TI4,65.95092024539878
2026-09-12,TI6,38.607594936708864
2026-09-12,TI7,67.79141104294479
2026-09-12,TIE,97.0
2026-09-12,TIL,39.0625
2026-09-12,TIP,88.38461538461539
2026-09-12,TIV,91.77215189873418
2026-09-12,TJB,
2026-09-12,TJF,44.38202247191011
2026-09-12,TJI,20.786516853932586
2026-09-12,TJL,
2026-09-12,TJT,64.58333333333334
2026-09-12,TKF,51.0
2026-09-12,TKH,
2026-09-12,TKK,43.258426966292134
2026-09-12,TKM,56.25
2026-09-12,TLC,97.85276073619632
2026-09-12,TLE,5.69620253164557
2026-09-12,TLH,6.333333333333334
2026-09-12,TLK,12.171052631578947
2026-09-12,TLT,
2026-09-12,TLU,51.153846153846146
2026-09-12,TLV,98.35526315789474
2026-09-12,TLY,90.07692307692308
2026-09-12,TLZ,55.3125
2026-09-12,TMC,34.04907975460122
2026-09-12,TMG,74.33333333333333
2026-09-12,TMM,98.84615384615385
2026-09-12,TMR,
2026-09-12,TMS,75.76923076923077
2026-09-12,TMU,51.12359550561798
2026-09-12,TMV,95.46153846153847
2026-09-12,TMZ,85.95505617977528
2026-09-12,TNB,23.0
2026-09-12,TND,76.99386503067484
2026-09-12,TNF,
2026-09-12,TNH,
2026-09-12,TNI,94.78527607361963
2026-09-12,TNK,63.92405063291139
2026-09-12,TNS,71.76923076923077
2026-09-12,TO8,59.0
2026-09-12,TOK,32.07692307692307
2026-09-12,TOT,34.810126582278485
2026-09-12,TP1,
2026-09-12,TP2,95.06578947368422
2026-09-12,TPC,18.75
2026-09-12,TPE,14.556962025316455
2026-09-12,TPF,31.0126582278481
2026-09-12,TPJ,89.92307692307693
2026-09-12,TPL,3.1645569620253164
2026-09-12,TPO,
2026-09-12,TPP,55.46153846153846
2026-09-12,TPR,
2026-09-12,TPV,
2026-09-12,TPZ,65.9375
2026-09-12,TRJ,93.0379746835443
2026-09-12,TRN,
2026-09-12,TRO,45.13888888888889
2026-09-12,TRR,93.3076923076923
2026-09-12,TRU,28.4375
2026-09-12,TSI,62.65822784810127
2026-09-12,TSP,
2026-09-12,TTA,31.25
2026-09-12,TTE,9.0
2026-09-12,TTL,57.92307692307692
2026-09-12,TTP,62.38461538461538
2026-09-12,TTS,
2026-09-12,TTV,41.61538461538461
2026-09-12,TTZ,
2026-09-12,TUA,57.638888888888886
2026-09-12,TVE,14.6875
2026-09-12,TVN,99.43820224719101
2026-09-12,TYH,23.666666666666668
2026-09-12,TZC,45.0920245398773
2026-09-12,TZD,57.666666666666664
2026-09-12,TZH,
2026-09-12,TZL,50.98684210526315
2026-09-12,TZP,91.15384615384615
2026-09-12,TZT,44.936708860759495
2026-09-12,TZV,82.91139240506328
2026-09-12,UAB,
2026-09-12,UAP,
2026-09-12,UCN,
2026-09-12,UCP,1.644736842105263
2026-09-12,UFH,
2026-09-12,UHL,
2026-09-12,UHS,80.53846153846153
2026-09-12,ULH,17.615384615384617
2026-09-12,ULL,
2026-09-12,UNT,86.07692307692307
2026-09-12,UP1,74.30555555555556
2026-09-12,UP2,38.48684210526316
2026-09-12,UPD,27.769230769230766
2026-09-12,UPH,33.0
2026-09-12,UPP,33.881578947368425
2026-09-12,UPS,
2026-09-12,URA,15.644171779141105
2026-09-12,URC,50.07692307692307
2026-09-12,URD,49.0625
2026-09-12,URG,
2026-09-12,URM,
2026-09-12,URS,
2026-09-12,URV,
2026-09-12,USS,
2026-09-12,UST,
2026-09-12,USY,55.92307692307692
2026-09-12,UYH,82.53846153846153
2026-09-12,UZY,93.92307692307692
2026-09-12,VAY,59.66666666666667
2026-09-12,VCD,77.92307692307693
2026-09-12,VCG,87.3076923076923
2026-09-12,VCY,21.779141104294478
2026-09-12,VFK,95.3125
2026-09-12,VFO,70.13888888888889
2026-09-12,VFS,
2026-09-12,VHK,73.4375
2026-09-12,VHS,57.8125
2026-09-12,VK6,75.32894736842105
2026-09-12,VKI,71.5625
2026-09-12,VKK,99.0625
2026-09-12,VKR,
2026-09-12,VKT,87.9746835443038
2026-09-12,VKV,94.0625
2026-09-12,VLT,82.63888888888889
2026-09-12,VMV,89.76923076923077
2026-09-12,VNK,24.69230769230769
2026-09-12,VPA,10.855263157894738
2026-09-12,VPD,
2026-09-12,VPE,
2026-09-12,VPH,86.33333333333333
2026-09-12,VPP,85.46153846153847
2026-09-12,VPS,9.461538461538462
2026-09-12,VRK,39.6875
2026-09-12,VTF,
2026-09-12,VTL,97.1875
2026-09-12,YA1,95.0
2026-09-12,YAC,42.13483146067416
2026-09-12,YAE,19.62025316455696
2026-09-12,YAK,93.75
2026-09-12,YAN,81.46067415730337
2026-09-12,YAR,
2026-09-12,YAS,71.0
2026-09-12,YAY,27.666666666666668
2026-09-12,YBE,4.430379746835443
2026-09-12,YBH,20.384615384615383
2026-09-12,YBJ,
2026-09-12,YBP,67.17791411042946
2026-09-12,YBR,80.6923076923077
2026-09-12,YBS,77.84810126582279
2026-09-12,YCG,
2026-09-12,YCH,67.97752808988764
2026-09-12,YCK,54.07692307692308
2026-09-12,YCL,20.53846153846154
2026-09-12,YCP,39.15384615384615
2026-09-12,YCY,61.5625
2026-09-12,YDH,
2026-09-12,YDI,55.666666666666664
2026-09-12,YDK,33.54430379746836
2026-09-12,YDL,
2026-09-12,YDM,
2026-09-12,YDP,92.33128834355828
2026-09-12,YDZ,65.0
2026-09-12,YEF,99.0
2026-09-12,YFV,44.0625
2026-09-12,YGM,43.46153846153846
2026-09-12,YHB,33.666666666666664
2026-09-12,YHI,45.61538461538461
2026-09-12,YHK,50.31250000000001
2026-09-12,YHP,
2026-09-12,YHS,42.333333333333336
2026-09-12,YHT,95.56962025316456
2026-09-12,YHY,6.230769230769231
2026-09-12,YHZ,41.0
2026-09-12,YIK,7.565789473684211
2026-09-12,YIS,
2026-09-12,YIT,14.417177914110429
2026-09-12,YIV,
2026-09-12,YJA,
2026-09-12,YJH,16.257668711656443
2026-09-12,YJK,26.40449438202247
2026-09-12,YJU,
2026-09-12,YJY,84.38461538461539
2026-09-12,YKS,97.46153846153847
2026-09-12,YKT,20.13888888888889
2026-09-12,YLB,32.56578947368421
2026-09-12,YLC,91.1042944785276
2026-09-12,YLE,83.0
2026-09-12,YLO,29.141104294478527
2026-09-12,YLR,
2026-09-12,YLY,77.66666666666666
2026-09-12,YLZ,
2026-09-12,YMD,63.30769230769231
2026-09-12,YMH,78.6923076923077
2026-09-12,YMP,87.82894736842105
2026-09-12,YNF,
2026-09-12,YNK,37.61538461538462
2026-09-12,YNL,
2026-09-12,YOA,9.49367088607595
2026-09-12,YOS,60.23076923076923
2026-09-12,YOT,47.46835443037975
2026-09-12,YOZ,73.46153846153847
2026-09-12,YP1,
2026-09-12,YP2,
2026-09-12,YP4,75.61538461538461
2026-09-12,YPC,95.39877300613497
2026-09-12,YPD,
2026-09-12,YPF,88.53846153846155
2026-09-12,YPI,25.769230769230766
2026-09-12,YPK,77.0
2026-09-12,YPL,47.61538461538461
2026-09-12,YPN,77.15384615384615
2026-09-12,YPP,
2026-09-12,YPR,84.33333333333334
2026-09-12,YPT,17.434210526315788
2026-09-12,YPU,62.23076923076923
2026-09-12,YPV,30.89887640449438
2026-09-12,YRZ,36.07692307692308
2026-09-12,YSA,45.76923076923077
2026-09-12,YSH,64.11042944785275
2026-09-12,YSL,12.1875
2026-09-12,YSO,91.92307692307692
2026-09-12,YSU,93.55828220858896
2026-09-12,YTD,48.87640449438202
2026-09-12,YTJ,
2026-09-12,YTO,
2026-09-12,YTR,
2026-09-12,YTV,74.5398773006135
2026-09-12,YTY,68.6923076923077
2026-09-12,YUB,54.53846153846153
2026-09-12,YUD,
2026-09-12,YUI,
2026-09-12,YUK,36.38461538461538
2026-09-12,YUN,89.46153846153845
2026-09-12,YUY,
2026-09-12,YVB,41.139240506329116
2026-09-12,YVD,40.46052631578947
2026-09-12,YVF,
2026-09-12,YVG,52.07692307692307
2026-09-12,YVO,
2026-09-12,YVS,
2026-09-12,YZC,82.51533742331289
2026-09-12,YZF,
2026-09-12,YZG,6.179775280898876
2026-09-12,YZH,43.0
2026-09-12,YZK,25.153846153846153
2026-09-12,YZL,56.6923076923077
2026-09-12,YZT,88.65030674846625
2026-09-12,ZA2,72.03947368421053
2026-09-12,ZAD,6.5625
2026-09-12,ZAV,37.46153846153846
2026-09-12,ZAY,11.513157894736842
2026-09-12,ZBD,59.20245398773007
2026-09-12,ZBI,72.8125
2026-09-12,ZBJ,70.72368421052632
2026-09-12,ZBN,20.846153846153843
2026-09-12,ZBO,87.76923076923076
2026-09-12,ZBZ,
2026-09-12,ZCA,
2026-09-12,ZCB,
2026-09-12,ZCC,
2026-09-12,ZCD,89.58333333333334
2026-09-12,ZCE,
2026-09-12,ZCG,91.0
2026-09-12,ZCH,
2026-09-12,ZCK,59.68750000000001
2026-09-12,ZCN,66.85393258426966
2026-09-12,ZDD,84.3558282208589
2026-09-12,ZDK,
2026-09-12,ZDZ,28.52760736196319
2026-09-12,ZFB,26.07361963190184
2026-09-12,ZHH,89.0
2026-09-12,ZIH,3.9877300613496933
2026-09-12,ZJB,28.692307692307693
2026-09-12,ZJH,
2026-09-12,ZJI,27.923076923076923
2026-09-12,ZJL,60.333333333333336
2026-09-12,ZJT,
2026-09-12,ZJV,59.0
2026-09-12,ZK1,33.4375
2026-09-12,ZK2,9.0625
2026-09-12,ZLB,53.46153846153846
2026-09-12,ZLG,
2026-09-12,ZLH,49.0
2026-09-12,ZMT,64.6923076923077
2026-09-12,ZMU,72.53846153846155
2026-09-12,ZMY,16.87116564417178
2026-09-12,ZOS,33.15384615384615
2026-09-12,ZP1,
2026-09-12,ZP2,
2026-09-12,ZP3,
2026-09-12,ZP6,23.4375
2026-09-12,ZP7,
2026-09-12,ZP8,24.671052631578945
2026-09-12,ZP9,24.6875
2026-09-12,ZPA,72.38461538461539
2026-09-12,ZPC,41.01123595505618
2026-09-12,ZPE,70.9375
2026-09-12,ZPF,34.6875
2026-09-12,ZPG,76.5625
2026-09-12,ZPH,12.828947368421053
2026-09-12,ZPJ,14.0625
2026-09-12,ZPK,93.4375
2026-09-12,ZPN,
2026-09-12,ZPO,77.96052631578947
2026-09-12,ZPR,26.644736842105267
2026-09-12,ZR2,
2026-09-12,ZR3,6.846153846153847
2026-09-12,ZSB,84.23076923076923
2026-09-12,ZSF,72.33333333333334
2026-09-12,ZSG,63.48314606741573
2026-09-12,ZSN,
2026-09-12,ZTF,
2026-09-12,ZTG,83.70786516853933
2026-09-12,ZTV,30.333333333333336
2026-09-12,ZUD,
2026-09-12,ZUE,
2026-09-12,ZUS,44.84615384615385
2026-09-12,ZVB,81.15384615384616
2026-09-12,ZVO,50.23076923076923
2026-09-12,ZYC,
2026-09-12,ZYD,
2026-09-12,ZZL,76.38461538461539
2026-09-12,ZJR,
2026-09-12,DKY,21.615384615384613
2026-09-13,AAL,26.644736842105267
2026-09-13,AAS,66.85393258426966
2026-09-13,AAV,87.66666666666667
2026-09-13,ABG,82.38461538461539
2026-09-13,ABJ,
2026-09-13,ABU,87.42331288343557
2026-09-13,AC1,82.8125
2026-09-13,AC2,17.307692307692307
2026-09-13,AC3,27.769230769230766
2026-09-13,AC4,84.53947368421053
2026-09-13,AC5,91.3076923076923
2026-09-13,AC6,63.46153846153846
2026-09-13,AC7,30.846153846153847
2026-09-13,AC8,17.0
2026-09-13,ACC,16.333333333333332
2026-09-13,ACD,88.65030674846625
2026-09-13,ACN,42.84615384615385
2026-09-13,ACU,79.15384615384615
2026-09-13,ADE,35.2760736196319
2026-09-13,ADP,35.0
2026-09-13,AED,77.60736196319019
2026-09-13,AES,90.4494382022472
2026-09-13,AEV,
2026-09-13,AFA,71.0
2026-09-13,AFO,31.25
2026-09-13,AFS,79.66666666666666
2026-09-13,AFT,15.666666666666668
2026-09-13,AFV,47.0
2026-09-13,AGC,61.04294478527608
2026-09-13,AHH,92.53846153846153
2026-09-13,AHI,21.666666666666668
2026-09-13,AHN,39.30769230769231
2026-09-13,AHU,25.949367088607595
2026-09-13,AHV,92.69662921348315
2026-09-13,AHZ,94.9438202247191
2026-09-13,AI1,94.23076923076923
2026-09-13,AIH,
2026-09-13,AII,
2026-09-13,AIM,
2026-09-13,AIR,
2026-09-13,AIS,60.19736842105263
2026-09-13,AJ1,69.61538461538461
2026-09-13,AJE,64.53846153846153
2026-09-13,AJK,84.23076923076923
2026-09-13,AJL,58.23076923076923
2026-09-13,AJN,50.53846153846154
2026-09-13,AK2,47.46835443037975
2026-09-13,AK3,55.666666666666664
2026-09-13,AKE,12.025316455696203
2026-09-13,AKU,96.33333333333334
2026-09-13,AL4,75.9375
2026-09-13,AL5,22.1875
2026-09-13,AL6,62.81250000000001
2026-09-13,AL7,58.4375
2026-09-13,ALC,77.0
2026-09-13,ALE,71.38157894736842
2026-09-13,AN1,95.39877300613497
2026-09-13,ANL,93.75
2026-09-13,ANZ,45.92307692307692
2026-09-13,AOJ,50.38461538461539
2026-09-13,AOY,6.333333333333334
2026-09-13,AP2,45.76923076923077
2026-09-13,AP4,10.23076923076923
2026-09-13,AP5,
2026-09-13,AP6,3.4722222222222223
2026-09-13,AP7,64.6923076923077
2026-09-13,APJ,27.52808988764045
2026-09-13,APP,
2026-09-13,APT,52.53164556962025
2026-09-13,ARE,85.0
2026-09-13,ARF,
2026-09-13,ARL,33.146067415730336
2026-09-13,ARM,11.797752808988763
2026-09-13,ARP,
2026-09-13,AS1,
2026-09-13,AS3,17.615384615384617
2026-09-13,ASJ,79.0
2026-09-13,ATJ,
2026-09-13,AU1,88.19444444444444
2026-09-13,AUV,15.307692307692308
2026-09-13,AVC,12.230769230769232
2026-09-13,AVT,84.17721518987342
2026-09-13,AVZ,
2026-09-13,AY6,51.0
2026-09-13,AY7,77.0
2026-09-13,AYA,22.333333333333332
2026-09-13,AYR,56.32911392405063
2026-09-13,AZF,
2026-09-13,AZJ,95.46153846153847
2026-09-13,AZV,
2026-09-13,AZZ,
2026-09-13,BA1,88.84615384615384
2026-09-13,BAC,0.5384615384615384
2026-09-13,BAG,43.86503067484663
2026-09-13,BAI,10.416666666666668
2026-09-13,BAL,
2026-09-13,BAO,
2026-09-13,BAS,
2026-09-13,BBF,58.86075949367089
2026-09-13,BBI,
2026-09-13,BBN,7.461538461538461
2026-09-13,BBO,
2026-09-13,BBP,81.64556962025317
2026-09-13,BBS,97.76923076923076
2026-09-13,BCC,
2026-09-13,BCK,61.65644171779141
2026-09-13,BCO,79.6875
2026-09-13,BDA,14.6875
2026-09-13,BDC,23.153846153846153
2026-09-13,BDI,20.23076923076923
2026-09-13,BDO,0.38461538461538464
2026-09-13,BDS,1.0
2026-09-13,BDY,89.66666666666666
2026-09-13,BFE,62.35955056179775
2026-09-13,BFO,
2026-09-13,BFS,79.21348314606742
2026-09-13,BFT,8.333333333333332
2026-09-13,BGH,
2026-09-13,BGP,55.5921052631579
2026-09-13,BGR,2.3333333333333335
2026-09-13,BHA,64.33333333333333
2026-09-13,BHE,52.69230769230769
2026-09-13,BHF,25.4601226993865
2026-09-13,BHH,28.23076923076923
2026-09-13,BHI,94.07692307692308
2026-09-13,BHL,25.92307692307692
2026-09-13,BHN,29.615384615384617
2026-09-13,BHO,
2026-09-13,BI5,
2026-09-13,BIA,41.92307692307693
2026-09-13,BID,51.66666666666667
2026-09-13,BIG,65.66666666666666
2026-09-13,BIH,90.33333333333333
2026-09-13,BIK,9.307692307692307
2026-09-13,BIO,11.666666666666666
2026-09-13,BIP,39.80263157894737
2026-09-13,BIS,83.76923076923077
2026-09-13,BIY,25.666666666666664
2026-09-13,BJD,41.61538461538461
2026-09-13,BKO,
2026-09-13,BKY,63.4375
2026-09-13,BLA,4.538461538461538
2026-09-13,BLD,91.46153846153847
2026-09-13,BLT,47.91666666666667
2026-09-13,BMU,15.615384615384615
2026-09-13,BNC,81.15384615384616
2026-09-13,BNH,31.615384615384617
2026-09-13,BOH,13.307692307692307
2026-09-13,BOL,50.0
2026-09-13,BON,74.0506329113924
2026-09-13,BOP,76.23076923076924
2026-09-13,BOS,0.6944444444444444
2026-09-13,BP5,5.3076923076923075
2026-09-13,BPD,94.84615384615384
2026-09-13,BPZ,99.67105263157895
2026-09-13,BRB,18.53846153846154
2026-09-13,BRC,71.15384615384616
2026-09-13,BRF,58.98876404494382
2026-09-13,BRG,81.25
2026-09-13,BRH,5.923076923076923
2026-09-13,BRR,80.37974683544303
2026-09-13,BRT,6.846153846153847
2026-09-13,BRZ,
2026-09-13,BS1,85.92307692307692
2026-09-13,BSA,
2026-09-13,BSC,82.23076923076923
2026-09-13,BSD,31.0
2026-09-13,BSE,3.307692307692308
2026-09-13,BSF,
2026-09-13,BSH,
2026-09-13,BSM,99.92307692307692
2026-09-13,BSN,5.615384615384615
2026-09-13,BST,39.15384615384615
2026-09-13,BTE,39.57055214723926
2026-09-13,BTJ,80.84615384615384
2026-09-13,BTK,45.3125
2026-09-13,BTP,16.11842105263158
2026-09-13,BTY,
2026-09-13,BTZ,
2026-09-13,BUB,48.87640449438202
2026-09-13,BUC,
2026-09-13,BUP,
2026-09-13,BUT,
2026-09-13,BUV,9.615384615384617
2026-09-13,BUY,3.6666666666666665
2026-09-13,BV1,61.66666666666667
2026-09-13,BVB,
2026-09-13,BVC,
2026-09-13,BVD,10.736196319018406
2026-09-13,BVF,99.01315789473685
2026-09-13,BVH,54.84615384615385
2026-09-13,BVI,32.53846153846154
2026-09-13,BVK,
2026-09-13,BVM,37.15384615384615
2026-09-13,BVT,81.0
2026-09-13,BVV,21.165644171779142
2026-09-13,BVZ,98.23076923076923
2026-09-13,BYZ,56.230769230769226
2026-09-13,CAH,13.0
2026-09-13,CBD,1.7692307692307692
2026-09-13,CBN,
2026-09-13,CBO,
2026-09-13,CEY,
2026-09-13,CFO,58.88157894736842
2026-09-13,CGD,
2026-09-13,CHY,22.384615384615383
2026-09-13,CIN,37.46153846153846
2026-09-13,CJD,83.15384615384616
2026-09-13,CJF,
2026-09-13,CJG,
2026-09-13,CJH,41.15384615384615
2026-09-13,CKF,75.3125
2026-09-13,CKL,73.92638036809815
2026-09-13,CKS,49.6875
2026-09-13,COT,21.923076923076923
2026-09-13,CPT,16.87116564417178
2026-09-13,CPU,30.9375
2026-09-13,CRL,
2026-09-13,CSD,
2026-09-13,CSH,0.8461538461538461
2026-09-13,CTF,
2026-09-13,CTG,
2026-09-13,CTM,
2026-09-13,CTP,
2026-09-13,CTV,
2026-09-13,CVA,
2026-09-13,CVB,
2026-09-13,CVC,
2026-09-13,CVD,
2026-09-13,CVE,
2026-09-13,CVF,
2026-09-13,CVK,43.4375
2026-09-13,CVL,97.1875
2026-09-13,CYD,59.15384615384616
2026-09-13,DA1,
2026-09-13,DAC,
2026-09-13,DAE,
2026-09-13,DAH,44.333333333333336
2026-09-13,DAI,
2026-09-13,DAL,
2026-09-13,DAP,95.06578947368422
2026-09-13,DAS,74.84615384615385
2026-09-13,DAT,
2026-09-13,DAV,68.07692307692308
2026-09-13,DAZ,
2026-09-13,DB2,
2026-09-13,DBA,63.19444444444444
2026-09-13,DBB,48.734177215189874
2026-09-13,DBG,
2026-09-13,DBH,13.291139240506327
2026-09-13,DBK,96.83544303797468
2026-09-13,DBP,70.24539877300614
2026-09-13,DBZ,42.405063291139236
2026-09-13,DCB,39.14473684210527
2026-09-13,DCD,
2026-09-13,DCE,
2026-09-13,DCN,35.85526315789473
2026-09-13,DCP,
2026-09-13,DCV,51.76923076923077
2026-09-13,DDA,60.69230769230769
2026-09-13,DDC,5.0
2026-09-13,DDE,
2026-09-13,DDF,47.0
2026-09-13,DDP,
2026-09-13,DEF,63.0
2026-09-13,DEH,36.333333333333336
2026-09-13,DEI,
2026-09-13,DFC,51.22699386503068
2026-09-13,DFD,84.6923076923077
2026-09-13,DFI,91.15384615384615
2026-09-13,DFO,
2026-09-13,DGF,99.69325153374233
2026-09-13,DGH,50.32894736842105
2026-09-13,DHI,7.307692307692308
2026-09-13,DHJ,23.0
2026-09-13,DHM,23.03370786516854
2026-09-13,DHP,
2026-09-13,DHS,
2026-09-13,DHT,3.9877300613496933
2026-09-13,DHV,14.23076923076923
2026-09-13,DID,34.04907975460122
2026-09-13,DIH,64.07692307692308
2026-09-13,DIM,
2026-09-13,DIP,21.38157894736842
2026-09-13,DK1,77.8125
2026-09-13,DK8,66.84615384615384
2026-09-13,DKA,47.30769230769231
2026-09-13,DKC,68.23076923076923
2026-09-13,DKH,24.6875
2026-09-13,DKL,50.31250000000001
2026-09-13,DKP,46.69230769230769
2026-09-13,DKR,52.53846153846153
2026-09-13,DKS,
2026-09-13,DL2,41.118421052631575
2026-09-13,DLD,70.33333333333334
2026-09-13,DLG,
2026-09-13,DLN,96.38461538461539
2026-09-13,DLY,43.75
2026-09-13,DLZ,68.53846153846153
2026-09-13,DMG,9.550561797752808
2026-09-13,DMI,
2026-09-13,DMV,
2026-09-13,DMZ,
2026-09-13,DNA,
2026-09-13,DNF,85.95505617977528
2026-09-13,DNH,35.76923076923077
2026-09-13,DNK,9.0625
2026-09-13,DNL,
2026-09-13,DNM,51.30769230769231
2026-09-13,DNP,83.22368421052632
2026-09-13,DNU,56.07692307692308
2026-09-13,DOC,43.46153846153846
2026-09-13,DOD,54.230769230769226
2026-09-13,DOH,99.61538461538461
2026-09-13,DOL,63.92307692307693
2026-09-13,DOR,
2026-09-13,DOS,
2026-09-13,DOV,40.53846153846154
2026-09-13,DP1,
2026-09-13,DP2,60.07692307692307
2026-09-13,DP3,
2026-09-13,DP4,
2026-09-13,DP5,
2026-09-13,DP6,35.61538461538461
2026-09-13,DP7,
2026-09-13,DP8,90.97222222222221
2026-09-13,DP9,26.53846153846154
2026-09-13,DPB,42.53846153846153
2026-09-13,DPC,
2026-09-13,DPE,
2026-09-13,DPG,
2026-09-13,DPI,84.07692307692308
2026-09-13,DPK,83.4375
2026-09-13,DPL,
2026-09-13,DPN,
2026-09-13,DPP,
2026-09-13,DPT,97.66666666666667
2026-09-13,DPZ,
2026-09-13,DRA,16.384615384615383
2026-09-13,DRD,34.23076923076923
2026-09-13,DRH,11.76923076923077
2026-09-13,DRT,30.368098159509206
2026-09-13,DSC,
2026-09-13,DSD,32.38461538461539
2026-09-13,DSH,99.3076923076923
2026-09-13,DSP,73.59550561797754
2026-09-13,DSV,8.076923076923077
2026-09-13,DTH,19.666666666666664
2026-09-13,DTL,24.333333333333336
2026-09-13,DTM,83.74233128834356
2026-09-13,DTO,62.38461538461538
2026-09-13,DTP,
2026-09-13,DTV,
2026-09-13,DTZ,37.11656441717792
2026-09-13,DUC,
2026-09-13,DUD,51.92307692307693
2026-09-13,DUH,25.769230769230766
2026-09-13,DUT,55.769230769230774
2026-09-13,DUV,23.417721518987342
2026-09-13,DVC,
2026-09-13,DVI,
2026-09-13,DVN,
2026-09-13,DVO,
2026-09-13,DVS,98.53846153846155
2026-09-13,DVT,67.17791411042946
2026-09-13,DVU,
2026-09-13,DVZ,
2026-09-13,DXP,53.666666666666664
2026-09-13,DYJ,17.923076923076923
2026-09-13,DYN,44.47852760736196
2026-09-13,DYS,93.46153846153847
2026-09-13,DZ2,
2026-09-13,DZE,59.0
2026-09-13,DZM,45.46153846153846
2026-09-13,DZP,
2026-09-13,DZS,69.15384615384616
2026-09-13,EBD,48.77300613496933
2026-09-13,EBI,45.30769230769231
2026-09-13,EBS,50.07692307692307
2026-09-13,EC2,73.0
2026-09-13,ECA,94.78527607361963
2026-09-13,ECB,37.17105263157895
2026-09-13,ECV,94.30379746835443
2026-09-13,EDD,89.2638036809816
2026-09-13,EDN,90.49079754601227
2026-09-13,EDP,83.88157894736842
2026-09-13,EDT,95.76923076923077
2026-09-13,EDU,73.31288343558282
2026-09-13,EES,
2026-09-13,EGP,56.53846153846154
2026-09-13,EGR,72.69938650306749
2026-09-13,EHS,
2026-09-13,EIB,69.6319018404908
2026-09-13,EID,77.66666666666666
2026-09-13,EIL,93.0921052631579
2026-09-13,EJG,
2026-09-13,EKF,52.1875
2026-09-13,EKL,4.934210526315789
2026-09-13,ELZ,40.9375
2026-09-13,EME,19.153846153846153
2026-09-13,EML,33.43558282208589
2026-09-13,ENA,97.23926380368098
2026-09-13,ENJ,83.0
2026-09-13,ENO,92.38461538461539
2026-09-13,ENR,97.03947368421053
2026-09-13,ENS,54.29447852760736
2026-09-13,EP1,19.407894736842106
2026-09-13,EPA,74.67105263157895
2026-09-13,EPI,10.3125
2026-09-13,EPK,7.638888888888889
2026-09-13,EPO,
2026-09-13,EPP,49.67105263157895
2026-09-13,EPT,66.11842105263158
2026-09-13,ESG,81.46153846153847
2026-09-13,ESN,79.46153846153847
2026-09-13,ESP,2.6923076923076925
2026-09-13,ETN,81.28834355828221
2026-09-13,EUN,30.07692307692308
2026-09-13,EUZ,56.6923076923077
2026-09-13,EVM,75.15337423312883
2026-09-13,EYT,37.640449438202246
2026-09-13,EZM,
2026-09-13,FAK,4.861111111111112
2026-09-13,FAL,21.52777777777778
2026-09-13,FBC,4.0625
2026-09-13,FBI,86.84615384615385
2026-09-13,FBN,86.38461538461539
2026-09-13,FBV,20.076923076923077
2026-09-13,FBZ,57.15384615384615
2026-09-13,FCK,5.3125
2026-09-13,FCS,90.07692307692308
2026-09-13,FD1,64.11042944785275
2026-09-13,FDE,43.769230769230774
2026-09-13,FDG,24.846625766871167
2026-09-13,FDO,
2026-09-13,FDV,
2026-09-13,FDZ,16.538461538461537
2026-09-13,FFD,72.69736842105263
2026-09-13,FFF,
2026-09-13,FFH,68.4375
2026-09-13,FFO,
2026-09-13,FFP,41.01123595505618
2026-09-13,FHI,
2026-09-13,FHP,18.75
2026-09-13,FHZ,
2026-09-13,FI3,33.54430379746836
2026-09-13,FI5,62.17105263157895
2026-09-13,FIB,11.805555555555555
2026-09-13,FID,50.61349693251533
2026-09-13,FIL,79.93421052631578
2026-09-13,FIT,27.21518987341772
2026-09-13,FJB,48.38461538461539
2026-09-13,FJC,77.15384615384615
2026-09-13,FJM,66.53846153846153
2026-09-13,FJN,69.46153846153847
2026-09-13,FJZ,51.46153846153846
2026-09-13,FKE,36.53846153846153
2026-09-13,FKV,40.38461538461539
2026-09-13,FLS,60.23076923076923
2026-09-13,FLY,8.282208588957054
2026-09-13,FMG,16.692307692307693
2026-09-13,FMS,
2026-09-13,FMV,96.23076923076923
2026-09-13,FNO,40.1840490797546
2026-09-13,FNT,11.153846153846155
2026-09-13,FP4,3.0
2026-09-13,FPE,8.227848101265822
2026-09-13,FPG,16.230769230769234
2026-09-13,FPH,74.33333333333333
2026-09-13,FPI,47.03947368421053
2026-09-13,FPK,44.936708860759495
2026-09-13,FPR,52.84615384615384
2026-09-13,FPZ,83.0
2026-09-13,FR1,12.692307692307692
2026-09-13,FRA,
2026-09-13,FRC,27.307692307692307
2026-09-13,FRZ,
2026-09-13,FS1,10.384615384615385
2026-09-13,FS2,47.76923076923077
2026-09-13,FS3,1.5625
2026-09-13,FS4,1.0
2026-09-13,FS5,60.84615384615385
2026-09-13,FS6,99.46153846153845
2026-09-13,FSF,52.960526315789465
2026-09-13,FSG,47.61538461538461
2026-09-13,FSH,12.921348314606742
2026-09-13,FSK,63.48684210526315
2026-09-13,FSM,6.538461538461539
2026-09-13,FSP,
2026-09-13,FSR,78.53846153846153
2026-09-13,FSU,98.31460674157303
2026-09-13,FSV,34.84615384615385
2026-09-13,FTL,37.82894736842105
2026-09-13,FTY,44.69230769230769
2026-09-13,FUA,31.666666666666664
2026-09-13,FUB,5.69620253164557
2026-09-13,FUM,
2026-09-13,FUN,88.23076923076924
2026-09-13,FUP,
2026-09-13,FVL,88.53846153846155
2026-09-13,FYA,21.615384615384613
2026-09-13,FYB,
2026-09-13,FYD,43.0
2026-09-13,FYF,47.92307692307693
2026-09-13,FYG,
2026-09-13,FYH,17.153846153846153
2026-09-13,FYI,96.6923076923077
2026-09-13,FYM,68.6923076923077
2026-09-13,FYO,51.26582278481012
2026-09-13,FYT,98.10126582278481
2026-09-13,FYZ,
2026-09-13,FZJ,50.0
2026-09-13,FZP,67.61538461538461
2026-09-13,GA1,37.34177215189873
2026-09-13,GAC,
2026-09-13,GAE,94.33333333333334
2026-09-13,GAF,28.999999999999996
2026-09-13,GAG,70.07692307692308
2026-09-13,GAH,43.25153374233129
2026-09-13,GAJ,
2026-09-13,GAL,46.381578947368425
2026-09-13,GAN,20.692307692307693
2026-09-13,GAS,79.76923076923077
2026-09-13,GAU,
2026-09-13,GAV,
2026-09-13,GBC,54.333333333333336
2026-09-13,GBG,80.33333333333333
2026-09-13,GBH,71.46153846153847
2026-09-13,GBJ,37.61538461538462
2026-09-13,GBL,76.58227848101265
2026-09-13,GBN,85.0
2026-09-13,GBP,
2026-09-13,GBV,26.07361963190184
2026-09-13,GBZ,47.752808988764045
2026-09-13,GCA,
2026-09-13,GCC,
2026-09-13,GCD,22.846153846153847
2026-09-13,GCI,
2026-09-13,GCZ,
2026-09-13,GDJ,
2026-09-13,GDP,
2026-09-13,GEC,
2026-09-13,GEI,0.6923076923076923
2026-09-13,GEZ,
2026-09-13,GFB,
2026-09-13,GFD,
2026-09-13,GFI,
2026-09-13,GFL,
2026-09-13,GFN,
2026-09-13,GFY,
2026-09-13,GGA,
2026-09-13,GGC,
2026-09-13,GGD,
2026-09-13,GGK,45.13888888888889
2026-09-13,GGM,
2026-09-13,GGN,
2026-09-13,GGP,
2026-09-13,GGR,
2026-09-13,GHS,37.666666666666664
2026-09-13,GID,9.666666666666666
2026-09-13,GIE,89.0
2026-09-13,GIH,
2026-09-13,GJA,
2026-09-13,GJB,18.53932584269663
2026-09-13,GJD,
2026-09-13,GJE,
2026-09-13,GJF,
2026-09-13,GJH,6.25
2026-09-13,GJM,58.07692307692308
2026-09-13,GJO,
2026-09-13,GKF,15.937499999999998
2026-09-13,GKG,99.0
2026-09-13,GKH,15.460526315789474
2026-09-13,GKK,
2026-09-13,GKL,
2026-09-13,GKM,65.3076923076923
2026-09-13,GKV,25.3125
2026-09-13,GL1,67.0
2026-09-13,GLC,29.775280898876407
2026-09-13,GLG,32.69230769230769
2026-09-13,GLL,
2026-09-13,GLM,
2026-09-13,GLP,
2026-09-13,GLS,97.8125
2026-09-13,GLV,37.92307692307692
2026-09-13,GMA,84.96932515337423
2026-09-13,GMC,1.6853932584269662
2026-09-13,GMD,76.96629213483146
2026-09-13,GME,
2026-09-13,GMI,26.692307692307693
2026-09-13,GMM,63.30769230769231
2026-09-13,GMN,64.14473684210526
2026-09-13,GMO,
2026-09-13,GMP,
2026-09-13,GMR,3.0
2026-09-13,GMZ,
2026-09-13,GNH,
2026-09-13,GNK,
2026-09-13,GNL,
2026-09-13,GNP,51.64473684210527
2026-09-13,GNS,53.0
2026-09-13,GNZ,
2026-09-13,GO1,83.70786516853933
2026-09-13,GO3,25.280898876404496
2026-09-13,GO4,32.02247191011236
2026-09-13,GO6,91.11842105263158
2026-09-13,GO9,28.333333333333332
2026-09-13,GOF,47.46153846153846
2026-09-13,GOH,26.333333333333332
2026-09-13,GOK,52.81249999999999
2026-09-13,GOL,20.13888888888889
2026-09-13,GOP,56.25
2026-09-13,GP1,
2026-09-13,GP3,18.846153846153847
2026-09-13,GPA,10.759493670886076
2026-09-13,GPB,86.1963190184049
2026-09-13,GPC,31.461538461538463
2026-09-13,GPF,26.5625
2026-09-13,GPG,0.9202453987730062
2026-09-13,GPH,
2026-09-13,GPI,57.36196319018405
2026-09-13,GPJ,
2026-09-13,GPL,72.23076923076923
2026-09-13,GPM,
2026-09-13,GPN,67.43421052631578
2026-09-13,GPT,32.20858895705521
2026-09-13,GPU,47.54601226993865
2026-09-13,GPV,
2026-09-13,GPZ,89.80263157894737
2026-09-13,GRL,23.307692307692307
2026-09-13,GRO,69.0
2026-09-13,GRT,32.33333333333333
2026-09-13,GSE,82.6923076923077
2026-09-13,GSG,
2026-09-13,GSL,
2026-09-13,GSO,
2026-09-13,GSP,73.66666666666667
2026-09-13,GSR,
2026-09-13,GTA,40.97222222222222
2026-09-13,GTF,29.746835443037973
2026-09-13,GTH,67.66666666666666
2026-09-13,GTK,
2026-09-13,GTL,58.223684210526315
2026-09-13,GTM,76.33333333333333
2026-09-13,GTN,
2026-09-13,GTY,44.38461538461539
2026-09-13,GTZ,2.8089887640449436
2026-09-13,GUA,
2026-09-13,GUB,66.45569620253164
2026-09-13,GUC,
2026-09-13,GUF,14.04494382022472
2026-09-13,GUH,51.0
2026-09-13,GUK,0.9375
2026-09-13,GUM,10.674157303370785
2026-09-13,GUV,19.62025316455696
2026-09-13,GVA,7.668711656441718
2026-09-13,GVB,
2026-09-13,GVC,
2026-09-13,GVD,
2026-09-13,GVI,16.292134831460675
2026-09-13,GVL,
2026-09-13,GVZ,
2026-09-13,GYC,
2026-09-13,GYG,
2026-09-13,GYK,67.72151898734177
2026-09-13,GYL,72.78481012658227
2026-09-13,GYN,
2026-09-13,GYR,
2026-09-13,GZB,
2026-09-13,GZD,
2026-09-13,GZE,71.61538461538461
2026-09-13,GZG,48.15950920245399
2026-09-13,GZH,5.828220858895705
2026-09-13,GZJ,30.89887640449438
2026-09-13,GZL,91.1042944785276
2026-09-13,GZM,99.76923076923076
2026-09-13,GZN,59.92307692307692
2026-09-13,GZO,
2026-09-13,GZP,72.47191011235955
2026-09-13,GZR,59.66666666666667
2026-09-13,GZU,
2026-09-13,GZV,38.764044943820224
2026-09-13,GZY,2.147239263803681
2026-09-13,GZZ,23.006134969325153
2026-09-13,HAE,74.6923076923077
2026-09-13,HAG,67.76923076923077
2026-09-13,HAI,13.194444444444445
2026-09-13,HAM,79.86111111111111
2026-09-13,HAR,61.92307692307693
2026-09-13,HAT,
2026-09-13,HB1,42.69230769230769
2026-09-13,HB2,29.46153846153846
2026-09-13,HBF,27.083333333333332
2026-09-13,HBJ,
2026-09-13,HBN,34.26966292134831
2026-09-13,HBU,91.66666666666666
2026-09-13,HBV,72.6923076923077
2026-09-13,HCV,8.4375
2026-09-13,HDA,68.38461538461539
2026-09-13,HDD,99.079754601227
2026-09-13,HDE,40.23076923076923
2026-09-13,HDH,2.5384615384615383
2026-09-13,HDJ,93.15384615384616
2026-09-13,HDK,57.61538461538461
2026-09-13,HDS,71.3076923076923
2026-09-13,HDV,70.6923076923077
2026-09-13,HEH,62.23076923076923
2026-09-13,HFA,
2026-09-13,HFI,54.6875
2026-09-13,HFO,
2026-09-13,HFR,7.000000000000001
2026-09-13,HFV,39.92307692307692
2026-09-13,HFY,72.8125
2026-09-13,HGC,77.61538461538461
2026-09-13,HGH,
2026-09-13,HGJ,10.538461538461538
2026-09-13,HGM,69.66666666666667
2026-09-13,HGR,67.3076923076923
2026-09-13,HGT,59.30769230769231
2026-09-13,HGU,
2026-09-13,HGV,21.0
2026-09-13,HIA,71.92307692307692
2026-09-13,HIF,16.846153846153847
2026-09-13,HIH,58.333333333333336
2026-09-13,HII,
2026-09-13,HIM,67.15384615384615
2026-09-13,HIP,82.56578947368422
2026-09-13,HIS,
2026-09-13,HIZ,59.8159509202454
2026-09-13,HJA,0.07692307692307693
2026-09-13,HJB,59.20245398773007
2026-09-13,HKG,76.38036809815951
2026-09-13,HKH,17.8125
2026-09-13,HKJ,81.9078947368421
2026-09-13,HKM,12.384615384615385
2026-09-13,HKP,13.4375
2026-09-13,HKR,38.53846153846154
2026-09-13,HKV,89.24050632911393
2026-09-13,HLA,8.538461538461538
2026-09-13,HLL,85.19736842105263
2026-09-13,HLR,18.384615384615387
2026-09-13,HMC,
2026-09-13,HME,74.53846153846155
2026-09-13,HMG,81.61538461538461
2026-09-13,HMK,4.846153846153846
2026-09-13,HML,41.5625
2026-09-13,HMS,45.666666666666664
2026-09-13,HMT,33.61538461538461
2026-09-13,HMV,28.53846153846154
2026-09-13,HNS,57.92307692307692
2026-09-13,HOA,9.509202453987731
2026-09-13,HOY,35.39325842696629
2026-09-13,HP3,91.76923076923077
2026-09-13,HPC,
2026-09-13,HPD,40.79754601226993
2026-09-13,HPF,1.153846153846154
2026-09-13,HPH,14.144736842105262
2026-09-13,HPI,4.230769230769231
2026-09-13,HPJ,
2026-09-13,HPL,1.6153846153846154
2026-09-13,HPO,88.03680981595092
2026-09-13,HPT,75.31645569620254
2026-09-13,HPV,90.9375
2026-09-13,HPZ,
2026-09-13,HRZ,5.0
2026-09-13,HSA,31.595092024539877
2026-09-13,HSL,28.618421052631575
2026-09-13,HSP,23.76923076923077
2026-09-13,HST,32.278481012658226
2026-09-13,HTF,6.907894736842106
2026-09-13,HTJ,65.33742331288343
2026-09-13,HTK,0.5617977528089888
2026-09-13,HTS,54.861111111111114
2026-09-13,HTZ,12.846153846153847
2026-09-13,HUI,
2026-09-13,HUS,
2026-09-13,HVA,7.923076923076923
2026-09-13,HVB,4.076923076923077
2026-09-13,HVC,34.69230769230769
2026-09-13,HVI,75.0
2026-09-13,HVK,0.6329113924050633
2026-09-13,HVL,
2026-09-13,HVN,
2026-09-13,HVS,47.66666666666667
2026-09-13,HVT,97.69736842105263
2026-09-13,HVU,78.22085889570552
2026-09-13,HVV,
2026-09-13,HVZ,57.666666666666664
2026-09-13,HYK,83.46153846153847
2026-09-13,HYP,97.46153846153847
2026-09-13,HYU,98.38461538461539
2026-09-13,HYV,34.53947368421053
2026-09-13,HYY,
2026-09-13,HZV,
2026-09-13,IAC,
2026-09-13,IAE,53.68098159509203
2026-09-13,IAI,
2026-09-13,IAJ,
2026-09-13,IAM,54.49438202247191
2026-09-13,IAR,28.692307692307693
2026-09-13,IAS,15.153846153846153
2026-09-13,IAT,87.1875
2026-09-13,IAU,67.46153846153847
2026-09-13,IAY,68.75
2026-09-13,IBB,54.90797546012271
2026-09-13,IBC,
2026-09-13,IBE,7.615384615384616
2026-09-13,IBG,59.0
2026-09-13,IBJ,48.23076923076923
2026-09-13,IBK,70.25316455696202
2026-09-13,IBM,41.76923076923077
2026-09-13,IBP,
2026-09-13,IBR,95.61538461538461
2026-09-13,ICA,25.694444444444443
2026-09-13,ICC,60.42944785276073
2026-09-13,ICD,76.99386503067484
2026-09-13,ICE,66.77631578947368
2026-09-13,ICF,81.0
2026-09-13,ICG,
2026-09-13,ICH,92.33128834355828
2026-09-13,ICN,87.61538461538461
2026-09-13,ICS,29.923076923076923
2026-09-13,ICV,
2026-09-13,ICZ,35.66666666666667
2026-09-13,IDD,61.0
2026-09-13,IDF,78.84615384615384
2026-09-13,IDH,34.333333333333336
2026-09-13,IDI,91.0
2026-09-13,IDL,70.72368421052632
2026-09-13,IDO,71.76923076923077
2026-09-13,IDP,1.3076923076923077
2026-09-13,IDV,
2026-09-13,IDY,28.52760736196319
2026-09-13,IED,75.76687116564416
2026-09-13,IEN,15.0
2026-09-13,IEV,13.803680981595093
2026-09-13,IEZ,
2026-09-13,IFD,
2026-09-13,IFN,
2026-09-13,IFV,87.9746835443038
2026-09-13,IFY,
2026-09-13,IGF,
2026-09-13,IGL,73.35526315789474
2026-09-13,IGM,
2026-09-13,IGZ,
2026-09-13,IH1,66.33333333333333
2026-09-13,IHA,
2026-09-13,IHC,46.53846153846154
2026-09-13,IHK,18.333333333333332
2026-09-13,IHP,10.076923076923077
2026-09-13,IHT,31.0
2026-09-13,IHV,10.692307692307693
2026-09-13,IHY,
2026-09-13,IHZ,
2026-09-13,IIA,2.3846153846153846
2026-09-13,IIC,
2026-09-13,IIE,3.923076923076923
2026-09-13,IIF,95.0
2026-09-13,IIH,49.666666666666664
2026-09-13,IIN,57.56578947368421
2026-09-13,IIS,6.692307692307692
2026-09-13,IJA,22.392638036809817
2026-09-13,IJB,56.25
2026-09-13,IJC,11.349693251533742
2026-09-13,IJE,
2026-09-13,IJF,
2026-09-13,IJH,57.865168539325836
2026-09-13,IJI,61.15384615384616
2026-09-13,IJK,
2026-09-13,IJL,52.38461538461539
2026-09-13,IJP,43.75
2026-09-13,IJT,90.23076923076923
2026-09-13,IJV,89.14473684210526
2026-09-13,IJZ,62.26993865030674
2026-09-13,IK2,73.92307692307692
2026-09-13,IKL,31.25
2026-09-13,IKP,6.25
2026-09-13,IKV,71.51898734177216
2026-09-13,ILC,70.53846153846153
2026-09-13,ILE,
2026-09-13,ILH,33.881578947368425
2026-09-13,ILI,89.15384615384615
2026-09-13,ILM,41.30769230769231
2026-09-13,ILP,
2026-09-13,ILU,
2026-09-13,ILZ,87.07865168539325
2026-09-13,IMB,
2026-09-13,IMF,36.84615384615385
2026-09-13,IMG,49.0
2026-09-13,IMH,
2026-09-13,IML,78.33333333333333
2026-09-13,IMO,
2026-09-13,IMS,
2026-09-13,IMT,
2026-09-13,IMY,
2026-09-13,IMZ,
2026-09-13,INH,23.619631901840492
2026-09-13,INV,
2026-09-13,INZ,75.15384615384615
2026-09-13,IOG,14.846153846153845
2026-09-13,IOH,48.07692307692308
2026-09-13,IOJ,74.07692307692308
2026-09-13,IOL,
2026-09-13,IOM,4.384615384615385
2026-09-13,ION,26.384615384615383
2026-09-13,IOO,92.43421052631578
2026-09-13,IOP,88.48684210526315
2026-09-13,IOT,
2026-09-13,IOV,
2026-09-13,IPA,33.46153846153846
2026-09-13,IPB,2.7607361963190185
2026-09-13,IPC,
2026-09-13,IPE,
2026-09-13,IPF,45.61538461538461
2026-09-13,IPG,55.61797752808989
2026-09-13,IPJ,18.75
2026-09-13,IPK,
2026-09-13,IPO,
2026-09-13,IPP,49.46153846153846
2026-09-13,IPR,
2026-09-13,IPU,
2026-09-13,IPV,15.822784810126583
2026-09-13,IRB,70.23076923076923
2026-09-13,IRE,55.61538461538461
2026-09-13,IRF,78.08988764044943
2026-09-13,IRL,53.0
2026-09-13,IRO,33.0
2026-09-13,IRT,56.13496932515337
2026-09-13,IRV,90.84615384615384
2026-09-13,IRY,85.85526315789474
2026-09-13,ISR,
2026-09-13,ISS,
2026-09-13,IST,79.11392405063292
2026-09-13,ITA,
2026-09-13,ITC,39.666666666666664
2026-09-13,ITD,
2026-09-13,ITJ,57.30769230769231
2026-09-13,ITL,
2026-09-13,ITP,68.75
2026-09-13,ITR,
2026-09-13,ITV,84.02777777777779
2026-09-13,ITZ,
2026-09-13,IUA,29.76923076923077
2026-09-13,IUB,
2026-09-13,IUC,
2026-09-13,IUF,59.46153846153847
2026-09-13,IUH,36.51685393258427
2026-09-13,IUM,
2026-09-13,IUN,
2026-09-13,IUV,44.84615384615385
2026-09-13,IUZ,70.06578947368422
2026-09-13,IV2,9.153846153846153
2026-09-13,IV6,
2026-09-13,IV7,
2026-09-13,IV8,76.5625
2026-09-13,IVF,32.8125
2026-09-13,IVS,33.76923076923077
2026-09-13,IVY,42.63803680981595
2026-09-13,IYB,53.06748466257669
2026-09-13,IYP,
2026-09-13,IYR,
2026-09-13,IYS,24.846153846153847
2026-09-13,IYV,27.153846153846157
2026-09-13,IZA,
2026-09-13,IZB,91.57303370786516
2026-09-13,IZE,
2026-09-13,IZL,58.53846153846154
2026-09-13,IZS,99.30555555555556
2026-09-13,IZV,
2026-09-13,IZY,56.38461538461539
2026-09-13,JET,1.5337423312883436
2026-09-13,JOT,
2026-09-13,JUP,72.84615384615385
2026-09-13,KAC,69.0625
2026-09-13,KAN,53.47222222222222
2026-09-13,KAV,85.41666666666666
2026-09-13,KBJ,33.15384615384615
2026-09-13,KBP,
2026-09-13,KBZ,
2026-09-13,KCL,29.062500000000004
2026-09-13,KCR,97.91666666666666
2026-09-13,KCV,70.9375
2026-09-13,KDE,86.5625
2026-09-13,KDI,28.999999999999996
2026-09-13,KDK,
2026-09-13,KDL,34.0625
2026-09-13,KDO,44.0625
2026-09-13,KDS,32.1875
2026-09-13,KDT,28.4375
2026-09-13,KDV,50.9375
2026-09-13,KDZ,18.4375
2026-09-13,KEI,
2026-09-13,KEO,
2026-09-13,KEU,39.0625
2026-09-13,KFZ,
2026-09-13,KGM,5.9375
2026-09-13,KH1,69.6875
2026-09-13,KHA,86.33333333333333
2026-09-13,KHB,13.666666666666666
2026-09-13,KHC,25.937500000000004
2026-09-13,KHD,60.3125
2026-09-13,KHF,
2026-09-13,KHJ,46.5625
2026-09-13,KHP,75.32894736842105
2026-09-13,KHT,
2026-09-13,KHU,
2026-09-13,KIA,
2026-09-13,KIB,56.74846625766872
2026-09-13,KIE,91.77631578947368
2026-09-13,KIH,89.3076923076923
2026-09-13,KIK,15.312500000000002
2026-09-13,KIS,19.0625
2026-09-13,KJK,
2026-09-13,KKB,
2026-09-13,KKC,9.6875
2026-09-13,KKE,
2026-09-13,KKH,74.71910112359551
2026-09-13,KKL,85.3125
2026-09-13,KKO,32.84615384615385
2026-09-13,KKP,42.07692307692308
2026-09-13,KKT,91.5625
2026-09-13,KLH,2.8125
2026-09-13,KLI,31.907894736842106
2026-09-13,KLL,
2026-09-13,KLM,
2026-09-13,KLS,
2026-09-13,KLU,10.197368421052632
2026-09-13,KMA,
2026-09-13,KME,49.0625
2026-09-13,KMF,61.80555555555556
2026-09-13,KMN,92.36111111111111
2026-09-13,KMT,
2026-09-13,KNC,57.769230769230774
2026-09-13,KNI,0.3289473684210526
2026-09-13,KNJ,88.4375
2026-09-13,KNN,47.15384615384615
2026-09-13,KNP,
2026-09-13,KNS,
2026-09-13,KNT,
2026-09-13,KNV,
2026-09-13,KNZ,
2026-09-13,KO4,34.38461538461539
2026-09-13,KOB,65.3125
2026-09-13,KOD,51.84049079754601
2026-09-13,KOP,19.76923076923077
2026-09-13,KOT,85.66666666666667
2026-09-13,KOZ,
2026-09-13,KP3,36.23076923076923
2026-09-13,KPA,78.4375
2026-09-13,KPB,
2026-09-13,KPC,74.6875
2026-09-13,KPD,16.5625
2026-09-13,KPF,63.153846153846146
2026-09-13,KPH,50.33333333333333
2026-09-13,KPI,22.697368421052634
2026-09-13,KPK,
2026-09-13,KPM,
2026-09-13,KPP,27.302631578947366
2026-09-13,KPR,1.644736842105263
2026-09-13,KPS,65.61538461538461
2026-09-13,KPU,30.312499999999996
2026-09-13,KRC,22.151898734177212
2026-09-13,KRF,84.3558282208589
2026-09-13,KRH,66.38461538461539
2026-09-13,KRO,46.84615384615385
2026-09-13,KRR,81.25
2026-09-13,KRS,28.384615384615387
2026-09-13,KRT,70.84615384615385
2026-09-13,KRV,81.25
2026-09-13,KSA,99.0
2026-09-13,KSC,
2026-09-13,KSK,24.013157894736842
2026-09-13,KSL,11.5625
2026-09-13,KSM,47.8125
2026-09-13,KSP,37.0
2026-09-13,KSR,44.6875
2026-09-13,KST,
2026-09-13,KSV,82.1875
2026-09-13,KSY,97.0
2026-09-13,KTE,
2026-09-13,KTI,20.3125
2026-09-13,KTJ,37.1875
2026-09-13,KTM,80.3125
2026-09-13,KTN,55.3125
2026-09-13,KTR,66.5625
2026-09-13,KTS,87.8125
2026-09-13,KTT,38.4375
2026-09-13,KTU,
2026-09-13,KTV,89.0625
2026-09-13,KU3,56.56250000000001
2026-09-13,KUA,33.4375
2026-09-13,KUB,45.0920245398773
2026-09-13,KUD,93.4375
2026-09-13,KUP,16.076923076923077
2026-09-13,KUT,39.58333333333333
2026-09-13,KVA,
2026-09-13,KVK,54.0625
2026-09-13,KVR,62.18749999999999
2026-09-13,KVS,92.23076923076923
2026-09-13,KVT,61.0
2026-09-13,KYA,15.0
2026-09-13,KYR,9.0
2026-09-13,KYS,54.38461538461539
2026-09-13,KZL,38.19444444444444
2026-09-13,KZO,
2026-09-13,KZU,24.305555555555554
2026-09-13,LAI,13.615384615384615
2026-09-13,LET,
2026-09-13,LFD,
2026-09-13,LGK,
2026-09-13,LGO,11.307692307692307
2026-09-13,LHM,
2026-09-13,LHP,59.61538461538461
2026-09-13,LKF,49.30555555555556
2026-09-13,LKT,68.0921052631579
2026-09-13,LLA,13.461538461538462
2026-09-13,LPH,97.92307692307692
2026-09-13,LRT,89.0
2026-09-13,LTC,82.07692307692308
2026-09-13,LTL,95.0
2026-09-13,LTS,18.23076923076923
2026-09-13,LZV,
2026-09-13,MAC,12.333333333333334
2026-09-13,MAD,46.93251533742331
2026-09-13,MAS,17.46153846153846
2026-09-13,MAV,
2026-09-13,MBL,92.94478527607362
2026-09-13,MBR,55.06329113924051
2026-09-13,MCU,93.61538461538461
2026-09-13,MD1,65.95092024539878
2026-09-13,MD2,52.45398773006135
2026-09-13,MDF,70.2247191011236
2026-09-13,MET,45.70552147239264
2026-09-13,MGB,50.84615384615384
2026-09-13,MGD,
2026-09-13,MGE,3.1538461538461537
2026-09-13,MGH,38.69230769230769
2026-09-13,MHF,7.666666666666666
2026-09-13,MIK,49.15384615384615
2026-09-13,MJB,21.910112359550563
2026-09-13,MJE,22.8125
2026-09-13,MJG,7.303370786516854
2026-09-13,MJH,27.923076923076923
2026-09-13,MJK,22.076923076923077
2026-09-13,MJL,72.53846153846155
2026-09-13,MKA,7.8125
2026-09-13,MKG,59.02777777777778
2026-09-13,MKL,
2026-09-13,MLS,
2026-09-13,MLT,57.46153846153847
2026-09-13,MMH,95.66666666666667
2026-09-13,MOD,
2026-09-13,MOZ,55.92307692307692
2026-09-13,MP2,8.384615384615385
2026-09-13,MP4,58.692307692307686
2026-09-13,MPD,80.6923076923077
2026-09-13,MPE,20.723684210526315
2026-09-13,MPF,92.1875
2026-09-13,MPI,87.76923076923076
2026-09-13,MPK,84.6875
2026-09-13,MPL,54.93421052631579
2026-09-13,MPN,27.615384615384613
2026-09-13,MPP,13.923076923076923
2026-09-13,MPS,31.5625
2026-09-13,MRI,65.92307692307692
2026-09-13,MSK,
2026-09-13,MSO,
2026-09-13,MSR,29.153846153846153
2026-09-13,MT1,73.76923076923076
2026-09-13,MT2,48.35526315789473
2026-09-13,MT5,5.769230769230769
2026-09-13,MT6,6.25
2026-09-13,MT7,12.538461538461537
2026-09-13,MT8,14.076923076923077
2026-09-13,MT9,11.0
2026-09-13,MTD,3.374233128834356
2026-09-13,MTE,
2026-09-13,MTF,73.61538461538461
2026-09-13,MTG,62.69230769230769
2026-09-13,MTH,60.333333333333336
2026-09-13,MTI,
2026-09-13,MTK,64.6875
2026-09-13,MTL,19.0
2026-09-13,MTS,71.34831460674157
2026-09-13,MTU,13.76923076923077
2026-09-13,MTV,19.938650306748464
2026-09-13,MTX,27.914110429447852
2026-09-13,MUL,31.92307692307692
2026-09-13,MUT,23.923076923076923
2026-09-13,NAK,56.25
2026-09-13,NAL,36.80555555555556
2026-09-13,NAU,34.02777777777778
2026-09-13,NAV,62.846153846153854
2026-09-13,NBE,51.153846153846146
2026-09-13,NBH,98.6923076923077
2026-09-13,NBO,96.06741573033707
2026-09-13,NBZ,68.84615384615384
2026-09-13,NCS,79.92307692307692
2026-09-13,NCU,30.230769230769234
2026-09-13,NDL,
2026-09-13,NDS,7.000000000000001
2026-09-13,NES,
2026-09-13,NFF,56.74157303370787
2026-09-13,NFH,26.846153846153847
2026-09-13,NFK,8.846153846153847
2026-09-13,NHP,51.12359550561798
2026-09-13,NHT,
2026-09-13,NHV,
2026-09-13,NHY,42.333333333333336
2026-09-13,NIG,18.076923076923077
2026-09-13,NIS,92.84615384615384
2026-09-13,NJF,78.47222222222221
2026-09-13,NJG,79.61538461538461
2026-09-13,NJR,85.44303797468355
2026-09-13,NJY,99.6875
2026-09-13,NKA,35.3125
2026-09-13,NKC,17.0
2026-09-13,NKH,64.23076923076924
2026-09-13,NKJ,
2026-09-13,NKK,28.076923076923077
2026-09-13,NKL,97.3076923076923
2026-09-13,NKM,4.6875
2026-09-13,NKP,7.05521472392638
2026-09-13,NKS,82.53846153846153
2026-09-13,NKT,90.3125
2026-09-13,NKV,
2026-09-13,NLC,89.58333333333334
2026-09-13,NLD,
2026-09-13,NLE,52.33333333333333
2026-09-13,NLK,98.07692307692307
2026-09-13,NLL,23.0
2026-09-13,NME,19.6875
2026-09-13,NMG,70.38461538461539
2026-09-13,NMP,61.51315789473685
2026-09-13,NMU,72.38461538461539
2026-09-13,NNF,1.6666666666666667
2026-09-13,NOA,20.53846153846154
2026-09-13,NOI,91.61538461538463
2026-09-13,NOV,
2026-09-13,NP1,37.769230769230774
2026-09-13,NPH,13.0
2026-09-13,NPK,
2026-09-13,NRC,12.576687116564417
2026-09-13,NRG,22.039473684210524
2026-09-13,NRM,78.38461538461539
2026-09-13,NSA,29.93421052631579
2026-09-13,NSD,84.53846153846155
2026-09-13,NSH,93.76923076923077
2026-09-13,NSK,76.6923076923077
2026-09-13,NSP,40.46052631578947
2026-09-13,NSS,
2026-09-13,NST,29.666666666666668
2026-09-13,NSY,87.15384615384615
2026-09-13,NTB,
2026-09-13,NTD,
2026-09-13,NTF,82.84615384615385
2026-09-13,NTI,8.895705521472392
2026-09-13,NTO,
2026-09-13,NTS,92.6923076923077
2026-09-13,NUB,42.23076923076923
2026-09-13,NUG,93.75
2026-09-13,NUH,19.0
2026-09-13,NVB,20.065789473684212
2026-09-13,NVC,32.230769230769226
2026-09-13,NVK,48.4375
2026-09-13,NVP,
2026-09-13,NVT,96.07692307692308
2026-09-13,NVZ,51.61538461538462
2026-09-13,NYH,
2026-09-13,NZH,13.190184049079754
2026-09-13,NZT,2.9605263157894735
2026-09-13,NZU,39.6875
2026-09-13,OAB,
2026-09-13,OAO,96.62576687116564
2026-09-13,OBI,17.088607594936708
2026-09-13,OBN,48.69230769230769
2026-09-13,OBP,80.06134969325154
2026-09-13,OBR,71.0
2026-09-13,OCM,
2026-09-13,OCN,
2026-09-13,OCT,
2026-09-13,ODD,61.46153846153845
2026-09-13,ODG,26.68711656441718
2026-09-13,ODN,95.3076923076923
2026-09-13,ODP,38.84615384615385
2026-09-13,ODS,49.30769230769231
2026-09-13,ODV,6.179775280898876
2026-09-13,OFA,12.1875
2026-09-13,OFB,90.53846153846153
2026-09-13,OFI,60.1123595505618
2026-09-13,OFK,21.5625
2026-09-13,OFO,
2026-09-13,OFS,63.48314606741573
2026-09-13,OGD,72.91666666666666
2026-09-13,OGF,68.9873417721519
2026-09-13,OGV,
2026-09-13,OHB,75.66666666666667
2026-09-13,OHI,35.92307692307693
2026-09-13,OHK,96.5625
2026-09-13,OIL,74.30555555555556
2026-09-13,OIR,75.84269662921348
2026-09-13,OIS,
2026-09-13,OJB,53.307692307692314
2026-09-13,OJH,60.38461538461538
2026-09-13,OJK,67.36111111111111
2026-09-13,OJT,20.786516853932586
2026-09-13,OJU,
2026-09-13,OJY,
2026-09-13,OKD,83.12883435582822
2026-09-13,OKF,85.46153846153847
2026-09-13,OKP,46.20253164556962
2026-09-13,OKT,53.79746835443038
2026-09-13,OLA,33.92307692307692
2026-09-13,OLD,5.056179775280898
2026-09-13,OLE,97.19101123595506
2026-09-13,OMB,
2026-09-13,OMC,
2026-09-13,OME,19.30769230769231
2026-09-13,OMG,69.0
2026-09-13,OMT,13.486842105263158
2026-09-13,ONB,50.23076923076923
2026-09-13,OND,53.46153846153846
2026-09-13,ONE,38.38461538461539
2026-09-13,ONF,96.52777777777779
2026-09-13,ONK,31.30769230769231
2026-09-13,ONN,99.15384615384616
2026-09-13,ONS,86.23076923076923
2026-09-13,ONT,66.07692307692308
2026-09-13,ONY,46.38461538461539
2026-09-13,OPB,78.83435582822086
2026-09-13,OPD,96.84615384615385
2026-09-13,OPF,32.82208588957055
2026-09-13,OPH,27.0
2026-09-13,OPI,39.0
2026-09-13,OPJ,45.06578947368421
2026-09-13,OPL,18.098159509202453
2026-09-13,OPU,55.93749999999999
2026-09-13,OPZ,
2026-09-13,ORC,25.30769230769231
2026-09-13,ORI,
2026-09-13,OSD,60.12658227848101
2026-09-13,OSF,85.61538461538461
2026-09-13,OSH,33.307692307692314
2026-09-13,OSL,86.70886075949366
2026-09-13,OSN,77.92307692307693
2026-09-13,OTE,
2026-09-13,OTF,72.1875
2026-09-13,OTJ,15.972222222222221
2026-09-13,OTK,
2026-09-13,OTM,34.66257668711656
2026-09-13,OTZ,
2026-09-13,OUB,67.92307692307692
2026-09-13,OUD,80.07692307692308
2026-09-13,OUN,76.38461538461539
2026-09-13,OUR,65.76923076923077
2026-09-13,OUY,
2026-09-13,OVD,93.82022471910112
2026-09-13,OVR,
2026-09-13,OYL,47.69736842105263
2026-09-13,OYS,27.46153846153846
2026-09-13,OYT,86.6923076923077
2026-09-13,OZC,
2026-09-13,P1A,90.46052631578947
2026-09-13,PA2,42.36111111111111
2026-09-13,PAB,94.4078947368421
2026-09-13,PAC,
2026-09-13,PAF,57.638888888888886
2026-09-13,PAI,16.257668711656443
2026-09-13,PAL,82.63888888888889
2026-09-13,PAO,
2026-09-13,PAU,73.46153846153847
2026-09-13,PBE,94.53846153846153
2026-09-13,PBF,
2026-09-13,PBH,5.153846153846154
2026-09-13,PBI,52.24719101123596
2026-09-13,PBK,17.1875
2026-09-13,PBN,26.23076923076923
2026-09-13,PBR,0.3067484662576687
2026-09-13,PBS,58.84615384615385
2026-09-13,PBY,9.461538461538462
2026-09-13,PCE,65.46153846153845
2026-09-13,PCH,19.615384615384617
2026-09-13,PCN,31.153846153846153
2026-09-13,PCS,0.23076923076923078
2026-09-13,PDC,6.384615384615384
2026-09-13,PDD,23.4375
2026-09-13,PDE,0.3125
2026-09-13,PDF,43.61538461538462
2026-09-13,PDG,9.769230769230768
2026-09-13,PDH,36.38461538461538
2026-09-13,PDR,
2026-09-13,PDS,19.46153846153846
2026-09-13,PEA,46.52777777777778
2026-09-13,PFO,82.58426966292134
2026-09-13,PFS,15.168539325842698
2026-09-13,PGD,67.79141104294479
2026-09-13,PGE,77.76923076923077
2026-09-13,PGH,3.6153846153846154
2026-09-13,PGS,33.666666666666664
2026-09-13,PHB,1.9230769230769231
2026-09-13,PHE,0.33333333333333337
2026-09-13,PHF,43.15384615384615
2026-09-13,PHI,55.00000000000001
2026-09-13,PHK,61.5625
2026-09-13,PHN,8.692307692307692
2026-09-13,PHS,54.69230769230769
2026-09-13,PHY,27.0
2026-09-13,PID,63.49693251533742
2026-09-13,PIL,8.426966292134832
2026-09-13,PIP,2.302631578947368
2026-09-13,PIR,28.47222222222222
2026-09-13,PIS,93.3076923076923
2026-09-13,PJL,24.671052631578945
2026-09-13,PJP,54.07692307692308
2026-09-13,PK1,
2026-09-13,PKD,
2026-09-13,PKF,60.416666666666664
2026-09-13,PKH,3.4375000000000004
2026-09-13,PKL,71.5625
2026-09-13,PKM,44.40789473684211
2026-09-13,PKN,54.53846153846153
2026-09-13,PKP,41.776315789473685
2026-09-13,PKR,25.986842105263158
2026-09-13,PKT,14.802631578947366
2026-09-13,PKU,14.384615384615385
2026-09-13,PKV,93.92307692307692
2026-09-13,PKZ,12.076923076923077
2026-09-13,PLA,
2026-09-13,PLR,64.80263157894737
2026-09-13,PLS,
2026-09-13,PMG,
2026-09-13,PMH,
2026-09-13,PMP,8.23076923076923
2026-09-13,PNU,49.01315789473684
2026-09-13,PO7,25.153846153846153
2026-09-13,PO8,55.3076923076923
2026-09-13,PO9,15.923076923076923
2026-09-13,POB,18.69230769230769
2026-09-13,POD,41.0
2026-09-13,POF,22.916666666666664
2026-09-13,POH,
2026-09-13,POI,10.846153846153845
2026-09-13,POS,22.230769230769234
2026-09-13,POU,76.84615384615384
2026-09-13,PP1,35.9375
2026-09-13,PPB,37.0
2026-09-13,PPD,30.538461538461537
2026-09-13,PPE,22.692307692307693
2026-09-13,PPF,44.230769230769226
2026-09-13,PPG,4.276315789473684
2026-09-13,PPH,4.333333333333334
2026-09-13,PPI,23.355263157894736
2026-09-13,PPJ,31.25
2026-09-13,PPK,60.85526315789473
2026-09-13,PPM,78.23076923076923
2026-09-13,PPN,86.51315789473685
2026-09-13,PPO,28.846153846153843
2026-09-13,PPP,3.618421052631579
2026-09-13,PPS,39.46153846153846
2026-09-13,PPT,96.38157894736842
2026-09-13,PPU,3.4615384615384617
2026-09-13,PPV,8.881578947368421
2026-09-13,PPZ,77.30263157894737
2026-09-13,PRD,87.17105263157895
2026-09-13,PRF,
2026-09-13,PRH,29.276315789473685
2026-09-13,PRR,16.776315789473685
2026-09-13,PRU,96.53846153846153
2026-09-13,PRV,5.592105263157895
2026-09-13,PRY,68.75
2026-09-13,PSD,
2026-09-13,PSE,79.27631578947368
2026-09-13,PSG,25.0
2026-09-13,PSH,63.0
2026-09-13,PSL,85.76923076923076
2026-09-13,PSO,
2026-09-13,PSR,14.538461538461538
2026-09-13,PSS,75.61538461538461
2026-09-13,PST,11.923076923076923
2026-09-13,PTC,58.38461538461538
2026-09-13,PTE,59.539473684210535
2026-09-13,PTF,62.53846153846154
2026-09-13,PTG,
2026-09-13,PTL,43.09210526315789
2026-09-13,PTN,65.97222222222221
2026-09-13,PTO,93.66666666666667
2026-09-13,PTP,45.723684210526315
2026-09-13,PTS,50.98684210526315
2026-09-13,PUA,
2026-09-13,PUC,95.92307692307692
2026-09-13,PUH,69.92307692307692
2026-09-13,PUK,2.1875
2026-09-13,PUR,18.092105263157894
2026-09-13,PUT,
2026-09-13,PUV,
2026-09-13,PVK,84.0625
2026-09-13,PYB,36.51315789473684
2026-09-13,PYD,13.153846153846155
2026-09-13,PYF,94.38461538461539
2026-09-13,PYH,6.5625
2026-09-13,PYI,2.076923076923077
2026-09-13,PYL,59.769230769230774
2026-09-13,PYR,6.076923076923077
2026-09-13,PYS,40.69230769230769
2026-09-13,RAF,95.13888888888889
2026-09-13,RAI,
2026-09-13,RAN,
2026-09-13,RAV,63.76923076923077
2026-09-13,RAY,
2026-09-13,RBA,32.63888888888889
2026-09-13,RBB,57.59493670886076
2026-09-13,RBE,87.0
2026-09-13,RBF,20.88607594936709
2026-09-13,RBH,42.1875
2026-09-13,RBI,75.92307692307692
2026-09-13,RBK,57.1875
2026-09-13,RBL,38.230769230769226
2026-09-13,RBN,17.76923076923077
2026-09-13,RBP,69.4078947368421
2026-09-13,RBR,95.9375
2026-09-13,RBT,92.8125
2026-09-13,RBV,89.6875
2026-09-13,RCL,
2026-09-13,RCS,
2026-09-13,RCV,27.8125
2026-09-13,RD1,42.02453987730061
2026-09-13,RDF,45.0
2026-09-13,RDH,2.230769230769231
2026-09-13,RDK,
2026-09-13,RDS,49.92307692307693
2026-09-13,RDT,69.3076923076923
2026-09-13,RDZ,64.38461538461539
2026-09-13,RE6,2.083333333333333
2026-09-13,RE7,
2026-09-13,RE8,2.8461538461538463
2026-09-13,RFM,89.32584269662921
2026-09-13,RGD,38.34355828220859
2026-09-13,RGH,22.538461538461537
2026-09-13,RHD,53.15384615384615
2026-09-13,RHI,93.0
2026-09-13,RHS,21.0
2026-09-13,RIA,74.38461538461539
2026-09-13,RIH,5.461538461538462
2026-09-13,RIK,10.122699386503067
2026-09-13,RJG,52.083333333333336
2026-09-13,RKC,71.47239263803681
2026-09-13,RKH,
2026-09-13,RKL,
2026-09-13,RKS,59.68750000000001
2026-09-13,RKV,79.0625
2026-09-13,RLH,86.07692307692307
2026-09-13,RO1,9.539473684210527
2026-09-13,ROD,35.30769230769231
2026-09-13,ROF,43.30769230769231
2026-09-13,ROY,64.0625
2026-09-13,RPC,55.52147239263804
2026-09-13,RPD,14.417177914110429
2026-09-13,RPG,50.69444444444444
2026-09-13,RPI,81.5625
2026-09-13,RPK,
2026-09-13,RPL,60.53846153846154
2026-09-13,RPM,72.08588957055214
2026-09-13,RPN,20.846153846153843
2026-09-13,RPO,
2026-09-13,RPP,75.98684210526315
2026-09-13,RPS,55.46153846153846
2026-09-13,RPT,84.38461538461539
2026-09-13,RPU,67.1875
2026-09-13,RPX,72.07692307692307
2026-09-13,RRA,27.960526315789476
2026-09-13,RRP,8.223684210526317
2026-09-13,RS1,80.38461538461539
2026-09-13,RSF,83.3076923076923
2026-09-13,RSK,55.15384615384615
2026-09-13,RSY,44.07692307692307
2026-09-13,RSZ,3.769230769230769
2026-09-13,RTA,30.384615384615383
2026-09-13,RTB,67.0
2026-09-13,RTD,50.0
2026-09-13,RTG,29.754601226993866
2026-09-13,RTH,23.46153846153846
2026-09-13,RTI,85.9375
2026-09-13,RTP,11.615384615384615
2026-09-13,RUH,41.46153846153846
2026-09-13,RUT,18.711656441717793
2026-09-13,RVI,9.027777777777777
2026-09-13,RVS,43.92307692307693
2026-09-13,RYA,
2026-09-13,RYB,
2026-09-13,RYD,14.692307692307693
2026-09-13,RYF,24.384615384615387
2026-09-13,RYU,73.15384615384616
2026-09-13,RZR,
2026-09-13,SAP,54.276315789473685
2026-09-13,SAR,
2026-09-13,SAS,46.33333333333333
2026-09-13,SAT,
2026-09-13,SBH,15.769230769230768
2026-09-13,SBI,24.076923076923077
2026-09-13,SBR,39.76923076923077
2026-09-13,SBS,
2026-09-13,SCZ,79.3076923076923
2026-09-13,SD1,58.58895705521472
2026-09-13,SDA,75.46153846153845
2026-09-13,SEH,74.23076923076923
2026-09-13,SER,40.84615384615385
2026-09-13,SFA,87.92307692307692
2026-09-13,SFS,67.97752808988764
2026-09-13,SGK,6.441717791411043
2026-09-13,SGT,41.41104294478527
2026-09-13,SHC,92.33333333333333
2026-09-13,SHE,19.32515337423313
2026-09-13,SHI,25.461538461538463
2026-09-13,SHU,30.69230769230769
2026-09-13,SIA,
2026-09-13,SIS,15.461538461538463
2026-09-13,SJP,61.76923076923077
2026-09-13,SKL,53.61842105263158
2026-09-13,SKO,14.333333333333334
2026-09-13,SKS,
2026-09-13,SKT,62.65822784810127
2026-09-13,SKZ,97.15384615384616
2026-09-13,SLF,80.5921052631579
2026-09-13,SLG,11.0
2026-09-13,SLR,
2026-09-13,SLS,
2026-09-13,SMP,
2026-09-13,SNY,4.6923076923076925
2026-09-13,SOS,74.5398773006135
2026-09-13,SPA,90.6923076923077
2026-09-13,SPD,
2026-09-13,SPE,88.38461538461539
2026-09-13,SPN,65.0
2026-09-13,SPP,78.61842105263158
2026-09-13,SPR,
2026-09-13,SPT,53.43750000000001
2026-09-13,SRA,
2026-09-13,SRE,
2026-09-13,SRL,84.33333333333334
2026-09-13,SRO,
2026-09-13,SSD,
2026-09-13,SSE,11.461538461538462
2026-09-13,SSF,
2026-09-13,SSK,66.56441717791411
2026-09-13,SSN,
2026-09-13,SSO,
2026-09-13,SSS,30.333333333333336
2026-09-13,SST,
2026-09-13,ST1,17.666666666666668
2026-09-13,STI,53.61538461538462
2026-09-13,STM,
2026-09-13,STS,56.84615384615385
2026-09-13,STZ,35.0
2026-09-13,SUA,86.80981595092024
2026-09-13,SUB,36.50306748466258
2026-09-13,SUC,49.38650306748466
2026-09-13,SUR,65.0
2026-09-13,SVB,29.141104294478527
2026-09-13,SVS,
2026-09-13,SVY,
2026-09-13,SYF,
2026-09-13,SYL,
2026-09-13,SYR,38.07692307692307
2026-09-13,SYS,35.46153846153846
2026-09-13,T3B,36.69230769230769
2026-09-13,TAL,35.41666666666667
2026-09-13,TAO,
2026-09-13,TAR,64.7239263803681
2026-09-13,TAU,27.666666666666668
2026-09-13,TAZ,
2026-09-13,TB9,81.92307692307692
2026-09-13,TBP,46.62921348314607
2026-09-13,TBT,18.354430379746837
2026-09-13,TBV,61.39240506329114
2026-09-13,TCA,14.583333333333334
2026-09-13,TCB,65.46052631578947
2026-09-13,TCC,37.30769230769231
2026-09-13,TCD,21.779141104294478
2026-09-13,TCF,69.10112359550563
2026-09-13,TCG,
2026-09-13,TCH,75.76923076923077
2026-09-13,TCI,88.07692307692308
2026-09-13,TCS,35.15384615384615
2026-09-13,TDG,1.89873417721519
2026-09-13,TDP,24.23076923076923
2026-09-13,TE3,82.51533742331289
2026-09-13,TE4,97.85276073619632
2026-09-13,TEJ,26.40449438202247
2026-09-13,TFE,80.9375
2026-09-13,TFF,17.415730337078653
2026-09-13,TFU,28.48101265822785
2026-09-13,TGA,35.88957055214724
2026-09-13,TGE,84.8314606741573
2026-09-13,TGN,30.592105263157894
2026-09-13,TGR,5.214723926380368
2026-09-13,TGT,99.36708860759494
2026-09-13,TGV,1.4615384615384615
2026-09-13,TGZ,81.76923076923077
2026-09-13,THD,
2026-09-13,THF,99.66666666666667
2026-09-13,THG,92.07692307692308
2026-09-13,THH,
2026-09-13,THO,34.07692307692308
2026-09-13,THS,
2026-09-13,THT,
2026-09-13,THV,7.769230769230768
2026-09-13,TI1,62.82894736842105
2026-09-13,TI2,23.666666666666668
2026-09-13,TI3,9.0
2026-09-13,TI4,68.40490797546013
2026-09-13,TI6,36.075949367088604
2026-09-13,TI7,69.01840490797547
2026-09-13,TIE,97.0
2026-09-13,TIL,37.8125
2026-09-13,TIP,88.6923076923077
2026-09-13,TIV,90.50632911392405
2026-09-13,TJB,
2026-09-13,TJF,43.258426966292134
2026-09-13,TJI,19.662921348314608
2026-09-13,TJL,
2026-09-13,TJT,70.13888888888889
2026-09-13,TKF,45.0
2026-09-13,TKH,
2026-09-13,TKK,45.50561797752809
2026-09-13,TKM,52.30263157894737
2026-09-13,TLC,98.46625766871165
2026-09-13,TLE,6.962025316455696
2026-09-13,TLH,5.666666666666666
2026-09-13,TLK,12.828947368421053
2026-09-13,TLT,
2026-09-13,TLU,52.07692307692307
2026-09-13,TLV,98.35526315789474
2026-09-13,TLY,89.46153846153845
2026-09-13,TLZ,47.1875
2026-09-13,TMC,37.73006134969325
2026-09-13,TMG,72.33333333333334
2026-09-13,TMM,98.84615384615385
2026-09-13,TMR,
2026-09-13,TMS,77.46153846153845
2026-09-13,TMU,53.37078651685393
2026-09-13,TMV,94.6923076923077
2026-09-13,TMZ,88.20224719101124
2026-09-13,TNB,24.53846153846154
2026-09-13,TND,79.4478527607362
2026-09-13,TNF,
2026-09-13,TNH,
2026-09-13,TNI,96.0122699386503
2026-09-13,TNK,65.18987341772153
2026-09-13,TNS,66.23076923076923
2026-09-13,TO8,61.30769230769231
2026-09-13,TOK,32.07692307692307
2026-09-13,TOT,41.139240506329116
2026-09-13,TP1,
2026-09-13,TP2,95.72368421052632
2026-09-13,TPC,17.36111111111111
2026-09-13,TPE,14.556962025316455
2026-09-13,TPF,31.0126582278481
2026-09-13,TPJ,89.92307692307693
2026-09-13,TPL,3.1645569620253164
2026-09-13,TPO,
2026-09-13,TPP,49.769230769230774
2026-09-13,TPR,
2026-09-13,TPV,
2026-09-13,TPZ,65.9375
2026-09-13,TRJ,93.0379746835443
2026-09-13,TRN,
2026-09-13,TRO,43.75
2026-09-13,TRR,93.0
2026-09-13,TRU,29.6875
2026-09-13,TSI,63.92405063291139
2026-09-13,TSP,
2026-09-13,TTA,29.86111111111111
2026-09-13,TTE,10.333333333333334
2026-09-13,TTL,56.99999999999999
2026-09-13,TTP,63.61538461538462
2026-09-13,TTS,
2026-09-13,TTV,42.38461538461539
2026-09-13,TTZ,
2026-09-13,TUA,64.58333333333334
2026-09-13,TVE,20.9375
2026-09-13,TVN,99.43820224719101
2026-09-13,TYH,20.333333333333332
2026-09-13,TZC,38.95705521472393
2026-09-13,TZD,56.333333333333336
2026-09-13,TZH,
2026-09-13,TZL,56.9078947368421
2026-09-13,TZP,91.0
2026-09-13,TZT,39.87341772151899
2026-09-13,TZV,82.91139240506328
2026-09-13,UAB,
2026-09-13,UAP,
2026-09-13,UCN,
2026-09-13,UCP,0.9868421052631579
2026-09-13,UFH,
2026-09-13,UHL,
2026-09-13,UHS,79.0
2026-09-13,ULH,21.461538461538463
2026-09-13,ULL,
2026-09-13,UNT,86.53846153846155
2026-09-13,UP1,71.52777777777779
2026-09-13,UP2,38.48684210526316
2026-09-13,UPD,29.307692307692307
2026-09-13,UPH,33.0
2026-09-13,UPP,32.56578947368421
2026-09-13,UPS,
2026-09-13,URA,15.644171779141105
2026-09-13,URC,50.69230769230769
2026-09-13,URD,51.5625
2026-09-13,URG,
2026-09-13,URM,
2026-09-13,URS,
2026-09-13,URV,
2026-09-13,USS,
2026-09-13,UST,
2026-09-13,USY,52.23076923076923
2026-09-13,UYH,80.53846153846153
2026-09-13,UZY,90.38461538461539
2026-09-13,VAY,56.99999999999999
2026-09-13,VCD,78.07692307692308
2026-09-13,VCG,87.46153846153845
2026-09-13,VCY,20.552147239263803
2026-09-13,VFK,95.3125
2026-09-13,VFO,75.69444444444444
2026-09-13,VFS,
2026-09-13,VHK,73.4375
2026-09-13,VHS,59.06249999999999
2026-09-13,VK6,77.96052631578947
2026-09-13,VKI,70.3125
2026-09-13,VKK,99.0625
2026-09-13,VKR,
2026-09-13,VKT,91.77215189873418
2026-09-13,VKV,94.6875
2026-09-13,VLT,77.08333333333334
2026-09-13,VMV,89.61538461538461
2026-09-13,VNK,24.69230769230769
2026-09-13,VPA,11.513157894736842
2026-09-13,VPD,
2026-09-13,VPE,
2026-09-13,VPH,88.33333333333333
2026-09-13,VPP,85.3076923076923
2026-09-13,VPS,9.923076923076923
2026-09-13,VRK,42.8125
2026-09-13,VTF,
2026-09-13,VTL,98.4375
2026-09-13,YA1,95.15384615384616
2026-09-13,YAC,39.8876404494382
2026-09-13,YAE,24.68354430379747
2026-09-13,YAK,93.75
2026-09-13,YAN,80.33707865168539
2026-09-13,YAR,
2026-09-13,YAS,68.33333333333333
2026-09-13,YAY,25.0
2026-09-13,YBE,4.430379746835443
2026-09-13,YBH,21.76923076923077
2026-09-13,YBJ,
2026-09-13,YBP,70.85889570552148
2026-09-13,YBR,80.23076923076923
2026-09-13,YBS,77.84810126582279
2026-09-13,YCG,
2026-09-13,YCH,64.60674157303372
2026-09-13,YCK,48.84615384615385
2026-09-13,YCL,19.923076923076923
2026-09-13,YCP,36.07692307692308
2026-09-13,YCY,60.9375
2026-09-13,YDH,
2026-09-13,YDI,49.0
2026-09-13,YDK,38.607594936708864
2026-09-13,YDL,
2026-09-13,YDM,
2026-09-13,YDP,89.87730061349694
2026-09-13,YDZ,66.6923076923077
2026-09-13,YEF,98.33333333333333
2026-09-13,YFV,45.9375
2026-09-13,YGM,45.15384615384615
2026-09-13,YHB,41.0
2026-09-13,YHI,46.07692307692307
2026-09-13,YHK,40.3125
2026-09-13,YHP,
2026-09-13,YHS,41.66666666666667
2026-09-13,YHT,95.56962025316456
2026-09-13,YHY,6.230769230769231
2026-09-13,YHZ,43.666666666666664
2026-09-13,YIK,7.565789473684211
2026-09-13,YIS,
2026-09-13,YIT,11.96319018404908
2026-09-13,YIV,
2026-09-13,YJA,
2026-09-13,YJH,15.030674846625766
2026-09-13,YJK,28.651685393258425
2026-09-13,YJU,
2026-09-13,YJY,84.84615384615385
2026-09-13,YKS,97.61538461538461
2026-09-13,YKT,18.75
2026-09-13,YLB,33.223684210526315
2026-09-13,YLC,91.71779141104295
2026-09-13,YLE,81.66666666666667
2026-09-13,YLO,30.981595092024538
2026-09-13,YLR,
2026-09-13,YLY,83.66666666666667
2026-09-13,YLZ,
2026-09-13,YMD,64.84615384615384
2026-09-13,YMH,78.6923076923077
2026-09-13,YMP,87.82894736842105
2026-09-13,YNF,
2026-09-13,YNK,40.07692307692308
2026-09-13,YNL,
2026-09-13,YOA,9.49367088607595
2026-09-13,YOS,61.61538461538461
2026-09-13,YOT,43.67088607594937
2026-09-13,YOZ,75.0
2026-09-13,YP1,
2026-09-13,YP2,
2026-09-13,YP4,76.53846153846153
2026-09-13,YPC,94.1717791411043
2026-09-13,YPD,
2026-09-13,YPF,85.15384615384616
2026-09-13,YPI,25.615384615384617
2026-09-13,YPK,77.3076923076923
2026-09-13,YPL,48.53846153846153
2026-09-13,YPN,76.07692307692308
2026-09-13,YPP,
2026-09-13,YPR,82.33333333333334
2026-09-13,YPT,17.434210526315788
2026-09-13,YPU,62.07692307692307
2026-09-13,YPV,24.15730337078652
2026-09-13,YRZ,39.0
2026-09-13,YSA,43.0
2026-09-13,YSH,46.31901840490797
2026-09-13,YSL,12.812499999999998
2026-09-13,YSO,91.92307692307692
2026-09-13,YSU,93.55828220858896
2026-09-13,YTD,44.38202247191011
2026-09-13,YTJ,
2026-09-13,YTO,
2026-09-13,YTR,
2026-09-13,YTV,80.67484662576688
2026-09-13,YTY,69.76923076923077
2026-09-13,YUB,49.61538461538461
2026-09-13,YUD,
2026-09-13,YUI,
2026-09-13,YUK,39.61538461538461
2026-09-13,YUN,89.76923076923077
2026-09-13,YUY,
2026-09-13,YVB,34.810126582278485
2026-09-13,YVD,42.43421052631579
2026-09-13,YVF,
2026-09-13,YVG,53.76923076923077
2026-09-13,YVO,
2026-09-13,YVS,
2026-09-13,YZC,81.90184049079755
2026-09-13,YZF,
2026-09-13,YZG,3.932584269662921
2026-09-13,YZH,38.333333333333336
2026-09-13,YZK,26.076923076923077
2026-09-13,YZL,55.00000000000001
2026-09-13,YZT,62.88343558282209
2026-09-13,ZA2,74.01315789473685
2026-09-13,ZAD,7.187499999999999
2026-09-13,ZAV,31.769230769230774
2026-09-13,ZAY,10.855263157894738
2026-09-13,ZBD,57.97546012269939
2026-09-13,ZBI,74.0625
2026-09-13,ZBJ,72.03947368421053
2026-09-13,ZBN,21.307692307692307
2026-09-13,ZBO,87.3076923076923
2026-09-13,ZBZ,
2026-09-13,ZCA,
2026-09-13,ZCB,
2026-09-13,ZCC,
2026-09-13,ZCD,86.80555555555556
2026-09-13,ZCE,
2026-09-13,ZCG,83.61538461538461
2026-09-13,ZCH,
2026-09-13,ZCK,57.8125
2026-09-13,ZCN,65.73033707865169
2026-09-13,ZDD,85.58282208588957
2026-09-13,ZDK,
2026-09-13,ZDZ,27.300613496932513
2026-09-13,ZFB,24.233128834355828
2026-09-13,ZHH,87.0
2026-09-13,ZIH,4.601226993865031
2026-09-13,ZJB,21.153846153846153
2026-09-13,ZJH,
2026-09-13,ZJI,20.384615384615383
2026-09-13,ZJL,63.66666666666667
2026-09-13,ZJT,
2026-09-13,ZJV,62.33333333333333
2026-09-13,ZK1,34.6875
2026-09-13,ZK2,10.9375
2026-09-13,ZLB,53.92307692307692
2026-09-13,ZLG,
2026-09-13,ZLH,48.333333333333336
2026-09-13,ZMT,65.15384615384615
2026-09-13,ZMU,73.3076923076923
2026-09-13,ZMY,17.484662576687114
2026-09-13,ZOS,34.53846153846154
2026-09-13,ZP1,
2026-09-13,ZP2,
2026-09-13,ZP3,
2026-09-13,ZP6,24.0625
2026-09-13,ZP7,
2026-09-13,ZP8,25.32894736842105
2026-09-13,ZP9,27.187499999999996
2026-09-13,ZPA,73.0
2026-09-13,ZPC,42.13483146067416
2026-09-13,ZPE,67.8125
2026-09-13,ZPF,36.5625
2026-09-13,ZPG,77.1875
2026-09-13,ZPH,12.171052631578947
2026-09-13,ZPJ,14.0625
2026-09-13,ZPK,94.0625
2026-09-13,ZPN,
2026-09-13,ZPO,76.64473684210526
2026-09-13,ZPR,35.19736842105263
2026-09-13,ZR2,
2026-09-13,ZR3,7.153846153846153
2026-09-13,ZSB,83.92307692307692
2026-09-13,ZSF,71.66666666666667
2026-09-13,ZSG,61.23595505617978
2026-09-13,ZSN,
2026-09-13,ZTF,
2026-09-13,ZTG,81.46067415730337
2026-09-13,ZTV,40.33333333333333
2026-09-13,ZUD,
2026-09-13,ZUE,
2026-09-13,ZUS,46.23076923076923
2026-09-13,ZVB,81.3076923076923
2026-09-13,ZVO,44.53846153846154
2026-09-13,ZYC,
2026-09-13,ZYD,
2026-09-13,ZZL,75.3076923076923
2026-09-13,ZJR,
2026-09-13,DKY,23.615384615384617
2026-09-14,AAL,38.333333333333336
2026-09-14,AAS,38.52459016393443
2026-09-14,AAV,88.6986301369863
2026-09-14,ABG,81.94006309148266
2026-09-14,ABJ,
2026-09-14,ABU,84.8993288590604
2026-09-14,AC1,81.84713375796179
2026-09-14,AC2,24.842271293375397
2026-09-14,AC3,29.574132492113563
2026-09-14,AC4,92.33333333333333
2026-09-14,AC5,90.93059936908517
2026-09-14,AC6,59.54258675078864
2026-09-14,AC7,19.479495268138802
2026-09-14,AC8,16.482649842271293
2026-09-14,ACC,27.73972602739726
2026-09-14,ACD,85.57046979865773
2026-09-14,ACN,37.30283911671924
2026-09-14,ACU,80.8359621451104
2026-09-14,ADE,39.93288590604027
2026-09-14,ADP,42.12328767123288
2026-09-14,AED,70.13422818791946
2026-09-14,AES,
2026-09-14,AEV,
2026-09-14,AFA,68.83561643835617
2026-09-14,AFO,
2026-09-14,AFS,67.46575342465754
2026-09-14,AFT,9.931506849315069
2026-09-14,AFV,41.43835616438356
2026-09-14,AGC,58.053691275167786
2026-09-14,AHH,92.03470031545741
2026-09-14,AHI,27.054794520547947
2026-09-14,AHN,35.25236593059937
2026-09-14,AHU,18.354430379746837
2026-09-14,AHV,87.70491803278688
2026-09-14,AHZ,95.90163934426229
2026-09-14,AI1,94.4006309148265
2026-09-14,AIH,
2026-09-14,AII,
2026-09-14,AIM,
2026-09-14,AIR,
2026-09-14,AIS,53.666666666666664
2026-09-14,AJ1,66.00946372239747
2026-09-14,AJE,67.90220820189275
2026-09-14,AJK,83.0441640378549
2026-09-14,AJL,58.123028391167196
2026-09-14,AJN,51.65615141955836
2026-09-14,AK2,39.87341772151899
2026-09-14,AK3,52.3972602739726
2026-09-14,AKE,12.025316455696203
2026-09-14,AKU,93.4931506849315
2026-09-14,AL4,72.29299363057325
2026-09-14,AL5,30.254777070063692
2026-09-14,AL6,64.64968152866241
2026-09-14,AL7,60.828025477707
2026-09-14,ALC,72.26027397260275
2026-09-14,ALE,73.66666666666667
2026-09-14,AN1,92.28187919463086
2026-09-14,ANL,96.33333333333334
2026-09-14,ANZ,45.18927444794953
2026-09-14,AOJ,61.43533123028391
2026-09-14,AOY,8.561643835616438
2026-09-14,AP2,44.873817034700316
2026-09-14,AP4,11.277602523659306
2026-09-14,AP5,
2026-09-14,AP6,5.147058823529411
2026-09-14,AP7,69.95268138801262
2026-09-14,APJ,
2026-09-14,APP,
2026-09-14,APT,46.20253164556962
2026-09-14,ARE,81.16438356164383
2026-09-14,ARF,
2026-09-14,ARL,
2026-09-14,ARM,
2026-09-14,ARP,
2026-09-14,AS1,
2026-09-14,AS3,13.958990536277602
2026-09-14,ASJ,77.73972602739725
2026-09-14,ATJ,
2026-09-14,AU1,75.73529411764706
2026-09-14,AUV,16.009463722397477
2026-09-14,AVC,8.911671924290221
2026-09-14,AVT,91.77215189873418
2026-09-14,AVZ,
2026-09-14,AY6,55.5993690851735
2026-09-14,AY7,75.15772870662461
2026-09-14,AYA,24.315068493150687
2026-09-14,AYR,58.86075949367089
2026-09-14,AZF,
2026-09-14,AZJ,94.71608832807571
2026-09-14,AZV,
2026-09-14,AZZ,
2026-09-14,BA1,88.24921135646687
2026-09-14,BAC,0.3943217665615142
2026-09-14,BAG,63.42281879194631
2026-09-14,BAI,25.735294117647058
2026-09-14,BAL,
2026-09-14,BAO,
2026-09-14,BAS,
2026-09-14,BBF,70.25316455696202
2026-09-14,BBI,
2026-09-14,BBN,10.33123028391167
2026-09-14,BBO,
2026-09-14,BBP,84.17721518987342
2026-09-14,BBS,94.08517350157729
2026-09-14,BCC,
2026-09-14,BCK,60.738255033557046
2026-09-14,BCO,90.12738853503186
2026-09-14,BDA,14.968152866242038
2026-09-14,BDC,23.422712933753942
2026-09-14,BDI,12.53943217665615
2026-09-14,BDO,0.23659305993690852
2026-09-14,BDS,1.0273972602739725
2026-09-14,BDY,83.21917808219177
2026-09-14,BFE,54.91803278688525
2026-09-14,BFO,
2026-09-14,BFS,92.62295081967213
2026-09-14,BFT,25.684931506849317
2026-09-14,BGH,
2026-09-14,BGP,65.0
2026-09-14,BGR,5.136986301369863
2026-09-14,BHA,83.9041095890411
2026-09-14,BHE,52.760252365930604
2026-09-14,BHF,33.89261744966443
2026-09-14,BHH,12.22397476340694
2026-09-14,BHI,94.2429022082019
2026-09-14,BHL,30.20504731861199
2026-09-14,BHN,24.369085173501578
2026-09-14,BHO,
2026-09-14,BI5,
2026-09-14,BIA,32.25552050473186
2026-09-14,BID,51.71232876712328
2026-09-14,BIG,66.0958904109589
2026-09-14,BIH,87.32876712328768
2026-09-14,BIK,4.17981072555205
2026-09-14,BIO,17.465753424657535
2026-09-14,BIP,57.666666666666664
2026-09-14,BIS,84.46372239747633
2026-09-14,BIY,29.794520547945208
2026-09-14,BJD,44.08517350157729
2026-09-14,BKO,
2026-09-14,BKY,61.46496815286624
2026-09-14,BLA,6.703470031545741
2026-09-14,BLD,91.7192429022082
2026-09-14,BLT,61.029411764705884
2026-09-14,BMU,14.274447949526813
2026-09-14,BNC,89.1955835962145
2026-09-14,BNH,36.829652996845425
2026-09-14,BOH,13.32807570977918
2026-09-14,BOL,52.53164556962025
2026-09-14,BON,81.64556962025317
2026-09-14,BOP,70.89905362776025
2026-09-14,BOS,0.7352941176470588
2026-09-14,BP5,9.227129337539433
2026-09-14,BPD,95.34700315457413
2026-09-14,BPZ,99.66666666666667
2026-09-14,BRB,24.21135646687697
2026-09-14,BRC,70.58359621451105
2026-09-14,BRF,51.63934426229508
2026-09-14,BRG,85.0
2026-09-14,BRH,7.334384858044165
2026-09-14,BRR,86.70886075949366
2026-09-14,BRT,9.384858044164037
2026-09-14,BRZ,
2026-09-14,BS1,86.04100946372239
2026-09-14,BSA,
2026-09-14,BSC,81.78233438485805
2026-09-14,BSD,28.470031545741325
2026-09-14,BSE,3.7066246056782335
2026-09-14,BSF,
2026-09-14,BSH,
2026-09-14,BSM,99.9211356466877
2026-09-14,BSN,1.498422712933754
2026-09-14,BST,36.041009463722396
2026-09-14,BTE,33.22147651006711
2026-09-14,BTJ,78.15457413249212
2026-09-14,BTK,39.80891719745223
2026-09-14,BTP,19.666666666666664
2026-09-14,BTY,
2026-09-14,BTZ,
2026-09-14,BUB,46.72131147540984
2026-09-14,BUC,
2026-09-14,BUP,
2026-09-14,BUT,
2026-09-14,BUV,7.176656151419558
2026-09-14,BUY,3.0821917808219177
2026-09-14,BV1,61.986301369863014
2026-09-14,BVB,
2026-09-14,BVC,
2026-09-14,BVD,11.073825503355705
2026-09-14,BVF,98.33333333333333
2026-09-14,BVH,62.381703470031546
2026-09-14,BVI,35.88328075709779
2026-09-14,BVK,
2026-09-14,BVM,42.034700315457414
2026-09-14,BVT,81.15141955835962
2026-09-14,BVV,12.416107382550337
2026-09-14,BVZ,98.34384858044164
2026-09-14,BYZ,73.58044164037855
2026-09-14,CAH,13.485804416403784
2026-09-14,CBD,1.971608832807571
2026-09-14,CBN,
2026-09-14,CBO,
2026-09-14,CEY,
2026-09-14,CFO,
2026-09-14,CGD,
2026-09-14,CHY,14.11671924290221
2026-09-14,CIN,40.14195583596214
2026-09-14,CJD,75.0
2026-09-14,CJF,
2026-09-14,CJG,
2026-09-14,CJH,52.444794952681384
2026-09-14,CKF,70.38216560509554
2026-09-14,CKL,78.85906040268456
2026-09-14,CKS,46.81528662420382
2026-09-14,COT,19.63722397476341
2026-09-14,CPT,
2026-09-14,CPU,23.248407643312103
2026-09-14,CRL,
2026-09-14,CSD,
2026-09-14,CSH,0.7097791798107256
2026-09-14,CTF,
2026-09-14,CTG,
2026-09-14,CTM,
2026-09-14,CTP,
2026-09-14,CTV,
2026-09-14,CVA,
2026-09-14,CVB,
2026-09-14,CVC,
2026-09-14,CVD,
2026-09-14,CVE,
2026-09-14,CVF,
2026-09-14,CVK,44.904458598726116
2026-09-14,CVL,97.77070063694268
2026-09-14,CYD,53.07570977917982
2026-09-14,DA1,
2026-09-14,DAC,
2026-09-14,DAE,
2026-09-14,DAH,44.178082191780824
2026-09-14,DAI,
2026-09-14,DAL,
2026-09-14,DAP,94.33333333333334
2026-09-14,DAS,64.1167192429022
2026-09-14,DAT,
2026-09-14,DAV,50.23659305993691
2026-09-14,DAZ,
2026-09-14,DB2,
2026-09-14,DBA,43.38235294117647
2026-09-14,DBB,44.936708860759495
2026-09-14,DBG,
2026-09-14,DBH,13.291139240506327
2026-09-14,DBK,96.83544303797468
2026-09-14,DBP,66.77852348993288
2026-09-14,DBZ,43.67088607594937
2026-09-14,DCB,35.66666666666667
2026-09-14,DCD,
2026-09-14,DCE,
2026-09-14,DCN,67.66666666666666
2026-09-14,DCP,
2026-09-14,DCV,50.709779179810724
2026-09-14,DDA,61.277602523659304
2026-09-14,DDC,6.38801261829653
2026-09-14,DDE,
2026-09-14,DDF,53.39116719242902
2026-09-14,DDP,
2026-09-14,DEF,72.79179810725552
2026-09-14,DEH,33.9041095890411
2026-09-14,DEI,
2026-09-14,DFC,46.644295302013425
2026-09-14,DFD,84.62145110410094
2026-09-14,DFI,90.45741324921136
2026-09-14,DFO,
2026-09-14,DGF,98.99328859060402
2026-09-14,DGH,43.666666666666664
2026-09-14,DHI,7.965299684542587
2026-09-14,DHJ,7.191780821917808
2026-09-14,DHM,25.40983606557377
2026-09-14,DHP,
2026-09-14,DHS,
2026-09-14,DHT,6.375838926174497
2026-09-14,DHV,17.58675078864353
2026-09-14,DID,41.946308724832214
2026-09-14,DIH,65.22082018927445
2026-09-14,DIM,
2026-09-14,DIP,21.0
2026-09-14,DK1,60.19108280254777
2026-09-14,DK8,66.48264984227129
2026-09-14,DKA,48.34384858044164
2026-09-14,DKC,60.17350157728707
2026-09-14,DKH,28.343949044585987
2026-09-14,DKL,47.452229299363054
2026-09-14,DKP,48.81703470031546
2026-09-14,DKR,50.552050473186114
2026-09-14,DKS,
2026-09-14,DL2,61.0
2026-09-14,DLD,72.94520547945206
2026-09-14,DLG,
2026-09-14,DLN,95.97791798107255
2026-09-14,DLY,56.333333333333336
2026-09-14,DLZ,66.16719242902208
2026-09-14,DMG,4.098360655737705
2026-09-14,DMI,
2026-09-14,DMV,
2026-09-14,DMZ,
2026-09-14,DNA,
2026-09-14,DNF,84.42622950819673
2026-09-14,DNH,36.98738170347003
2026-09-14,DNK,7.32484076433121
2026-09-14,DNL,
2026-09-14,DNM,51.18296529968455
2026-09-14,DNP,63.0
2026-09-14,DNU,53.70662460567823
2026-09-14,DOC,43.45425867507887
2026-09-14,DOD,66.7981072555205
2026-09-14,DOH,99.44794952681389
2026-09-14,DOL,65.53627760252367
2026-09-14,DOR,
2026-09-14,DOS,
2026-09-14,DOV,34.148264984227126
2026-09-14,DP1,
2026-09-14,DP2,58.2807570977918
2026-09-14,DP3,
2026-09-14,DP4,
2026-09-14,DP5,
2026-09-14,DP7,
2026-09-14,DP8,88.97058823529412
2026-09-14,DP9,27.996845425867505
2026-09-14,DPB,45.34700315457413
2026-09-14,DPC,
2026-09-14,DPE,
2026-09-14,DPG,
2026-09-14,DPI,84.14826498422713
2026-09-14,DPK,78.02547770700637
2026-09-14,DPL,
2026-09-14,DPN,
2026-09-14,DPP,
2026-09-14,DPT,98.97260273972603
2026-09-14,DPZ,
2026-09-14,DRA,15.694006309148264
2026-09-14,DRD,28.94321766561514
2026-09-14,DRH,17.902208201892744
2026-09-14,DRT,23.825503355704697
2026-09-14,DSC,
2026-09-14,DSD,47.0820189274448
2026-09-14,DSH,99.60567823343848
2026-09-14,DSP,68.0327868852459
2026-09-14,DSV,9.858044164037855
2026-09-14,DTH,12.67123287671233
2026-09-14,DTL,30.47945205479452
2026-09-14,DTM,84.22818791946308
2026-09-14,DTO,63.48580441640379
2026-09-14,DTP,
2026-09-14,DTV,
2026-09-14,DTZ,34.56375838926174
2026-09-14,DUC,
2026-09-14,DUD,31.309148264984227
2026-09-14,DUH,22.949526813880126
2026-09-14,DUT,54.81072555205048
2026-09-14,DUV,14.556962025316455
2026-09-14,DVC,
2026-09-14,DVI,
2026-09-14,DVN,
2026-09-14,DVO,
2026-09-14,DVS,98.18611987381703
2026-09-14,DVT,68.79194630872483
2026-09-14,DVU,
2026-09-14,DVZ,
2026-09-14,DXP,45.54794520547945
2026-09-14,DYJ,18.84858044164038
2026-09-14,DYN,51.34228187919463
2026-09-14,DYS,93.29652996845425
2026-09-14,DZ2,
2026-09-14,DZE,59.93150684931506
2026-09-14,DZM,45.504731861198735
2026-09-14,DZP,
2026-09-14,DZS,96.45110410094637
2026-09-14,EBD,52.68456375838926
2026-09-14,EBI,34.77917981072555
2026-09-14,EBS,50.078864353312305
2026-09-14,EC2,70.8904109589041
2026-09-14,ECA,93.6241610738255
2026-09-14,ECB,43.0
2026-09-14,ECV,94.30379746835443
2026-09-14,EDD,97.6510067114094
2026-09-14,EDN,86.24161073825503
2026-09-14,EDP,78.33333333333333
2026-09-14,EDT,90.77287066246058
2026-09-14,EDU,70.80536912751678
2026-09-14,EES,
2026-09-14,EGP,54.495268138801265
2026-09-14,EGR,72.14765100671141
2026-09-14,EHS,
2026-09-14,EIB,69.46308724832215
2026-09-14,EID,69.52054794520548
2026-09-14,EIL,87.0
2026-09-14,EJG,
2026-09-14,EKF,55.095541401273884
2026-09-14,EKL,7.000000000000001
2026-09-14,ELZ,38.53503184713376
2026-09-14,EME,20.899053627760253
2026-09-14,EML,20.469798657718123
2026-09-14,ENA,98.3221476510067
2026-09-14,ENJ,64.04109589041096
2026-09-14,ENO,92.98107255520505
2026-09-14,ENR,95.0
2026-09-14,ENS,54.69798657718121
2026-09-14,EP1,13.0
2026-09-14,EPA,60.333333333333336
2026-09-14,EPI,9.872611464968154
2026-09-14,EPK,40.44117647058824
2026-09-14,EPO,
2026-09-14,EPP,47.66666666666667
2026-09-14,EPT,80.33333333333333
2026-09-14,ESG,80.20504731861199
2026-09-14,ESN,74.84227129337539
2026-09-14,ESP,2.760252365930599
2026-09-14,ETN,88.25503355704699
2026-09-14,EUN,26.577287066246058
2026-09-14,EUZ,49.44794952681388
2026-09-14,EVM,76.1744966442953
2026-09-14,EYT,31.967213114754102
2026-09-14,EZM,
2026-09-14,FAK,6.61764705882353
2026-09-14,FAL,31.61764705882353
2026-09-14,FBC,4.777070063694268
2026-09-14,FBI,86.35646687697161
2026-09-14,FBN,85.8832807570978
2026-09-14,FBV,22.476340694006307
2026-09-14,FBZ,46.60883280757098
2026-09-14,FCK,4.140127388535031
2026-09-14,FCS,90.61514195583597
2026-09-14,FD1,65.43624161073825
2026-09-14,FDE,46.13564668769716
2026-09-14,FDG,24.496644295302016
2026-09-14,FDO,
2026-09-14,FDV,
2026-09-14,FDZ,17.42902208201893
2026-09-14,FFD,27.0
2026-09-14,FFF,
2026-09-14,FFH,71.01910828025477
2026-09-14,FFO,
2026-09-14,FFP,27.049180327868854
2026-09-14,FHI,
2026-09-14,FHP,37.0
2026-09-14,FHZ,
2026-09-14,FI3,32.278481012658226
2026-09-14,FI5,61.66666666666667
2026-09-14,FIB,9.558823529411764
2026-09-14,FID,53.355704697986575
2026-09-14,FIL,85.66666666666667
2026-09-14,FIT,23.417721518987342
2026-09-14,FJB,34.305993690851736
2026-09-14,FJC,76.57728706624606
2026-09-14,FJM,68.05993690851734
2026-09-14,FJN,69.6372239747634
2026-09-14,FJZ,27.050473186119874
2026-09-14,FKE,32.57097791798107
2026-09-14,FKV,43.13880126182965
2026-09-14,FLS,58.753943217665615
2026-09-14,FLY,3.0201342281879198
2026-09-14,FMG,14.74763406940063
2026-09-14,FMS,
2026-09-14,FMV,93.13880126182966
2026-09-14,FNO,39.261744966442954
2026-09-14,FNT,11.908517350157728
2026-09-14,FP4,3.548895899053628
2026-09-14,FPE,8.227848101265822
2026-09-14,FPG,15.378548895899053
2026-09-14,FPH,79.1095890410959
2026-09-14,FPI,28.333333333333332
2026-09-14,FPK,55.06329113924051
2026-09-14,FPR,51.813880126182966
2026-09-14,FPZ,82.57097791798107
2026-09-14,FR1,16.16719242902208
2026-09-14,FRA,
2026-09-14,FRC,29.10094637223975
2026-09-14,FRZ,
2026-09-14,FS1,13.012618296529968
2026-09-14,FS2,52.28706624605678
2026-09-14,FS3,0.9554140127388535
2026-09-14,FS4,0.8675078864353312
2026-09-14,FS5,64.58990536277602
2026-09-14,FS6,99.76340694006309
2026-09-14,FSF,45.666666666666664
2026-09-14,FSG,52.60252365930599
2026-09-14,FSH,7.377049180327869
2026-09-14,FSK,56.99999999999999
2026-09-14,FSM,8.123028391167193
2026-09-14,FSP,
2026-09-14,FSR,72.16088328075709
2026-09-14,FSU,
2026-09-14,FSV,30.83596214511041
2026-09-14,FTL,39.0
2026-09-14,FTY,46.92429022082019
2026-09-14,FUA,21.575342465753426
2026-09-14,FUB,5.69620253164557
2026-09-14,FUM,
2026-09-14,FUN,87.93375394321767
2026-09-14,FUP,
2026-09-14,FVL,87.61829652996845
2026-09-14,FYA,23.58044164037855
2026-09-14,FYB,
2026-09-14,FYD,47.6027397260274
2026-09-14,FYF,41.40378548895899
2026-09-14,FYG,
2026-09-14,FYH,18.37539432176656
2026-09-14,FYI,97.2397476340694
2026-09-14,FYM,67.42902208201893
2026-09-14,FYO,50.0
2026-09-14,FYT,98.10126582278481
2026-09-14,FYZ,
2026-09-14,FZJ,40.16393442622951
2026-09-14,FZP,68.21766561514195
2026-09-14,GA1,33.54430379746836
2026-09-14,GAC,
2026-09-14,GAE,92.8082191780822
2026-09-14,GAF,48.97260273972603
2026-09-14,GAG,72.94952681388013
2026-09-14,GAH,
2026-09-14,GAJ,
2026-09-14,GAL,63.66666666666667
2026-09-14,GAN,21.37223974763407
2026-09-14,GAS,80.3627760252366
2026-09-14,GAU,
2026-09-14,GAV,
2026-09-14,GBC,56.5068493150685
2026-09-14,GBG,77.05479452054794
2026-09-14,GBH,76.10410094637224
2026-09-14,GBJ,43.769716088328074
2026-09-14,GBL,75.31645569620254
2026-09-14,GBN,84.93690851735016
2026-09-14,GBP,
2026-09-14,GBV,
2026-09-14,GBZ,36.885245901639344
2026-09-14,GCA,
2026-09-14,GCC,
2026-09-14,GCD,23.738170347003155
2026-09-14,GCI,
2026-09-14,GCZ,
2026-09-14,GDJ,
2026-09-14,GDP,
2026-09-14,GEC,
2026-09-14,GEI,0.5520504731861199
2026-09-14,GEZ,
2026-09-14,GFB,
2026-09-14,GFD,
2026-09-14,GFI,
2026-09-14,GFL,
2026-09-14,GFN,
2026-09-14,GFY,
2026-09-14,GGA,
2026-09-14,GGC,
2026-09-14,GGD,
2026-09-14,GGK,38.970588235294116
2026-09-14,GGM,
2026-09-14,GGN,
2026-09-14,GGP,
2026-09-14,GGR,
2026-09-14,GHS,38.6986301369863
2026-09-14,GID,7.876712328767123
2026-09-14,GIE,88.01369863013699
2026-09-14,GIH,
2026-09-14,GJA,
2026-09-14,GJB,10.655737704918032
2026-09-14,GJD,
2026-09-14,GJE,
2026-09-14,GJF,
2026-09-14,GJH,6.333333333333334
2026-09-14,GJM,51.97160883280757
2026-09-14,GJO,
2026-09-14,GKF,16.878980891719745
2026-09-14,GKG,98.28767123287672
2026-09-14,GKH,10.333333333333334
2026-09-14,GKK,
2026-09-14,GKL,
2026-09-14,GKM,67.11356466876973
2026-09-14,GKV,23.88535031847134
2026-09-14,GL1,66.78082191780823
2026-09-14,GLC,18.852459016393443
2026-09-14,GLG,35.094637223974765
2026-09-14,GLL,
2026-09-14,GLM,
2026-09-14,GLP,
2026-09-14,GLS,97.13375796178345
2026-09-14,GLV,26.892744479495267
2026-09-14,GMA,82.21476510067114
2026-09-14,GMC,
2026-09-14,GMD,71.31147540983606
2026-09-14,GME,
2026-09-14,GMI,8.59621451104101
2026-09-14,GMM,65.06309148264984
2026-09-14,GMN,69.66666666666667
2026-09-14,GMO,
2026-09-14,GMP,
2026-09-14,GMR,6.506849315068493
2026-09-14,GMZ,
2026-09-14,GNH,
2026-09-14,GNK,
2026-09-14,GNL,
2026-09-14,GNP,51.66666666666667
2026-09-14,GNS,46.23287671232877
2026-09-14,GNZ,
2026-09-14,GO1,79.50819672131148
2026-09-14,GO3,22.131147540983605
2026-09-14,GO4,28.688524590163933
2026-09-14,GO6,97.0
2026-09-14,GO9,46.917808219178085
2026-09-14,GOF,48.186119873817034
2026-09-14,GOH,22.945205479452056
2026-09-14,GOK,52.547770700636946
2026-09-14,GOL,8.088235294117647
2026-09-14,GOP,50.33333333333333
2026-09-14,GP1,
2026-09-14,GP3,
2026-09-14,GPA,9.49367088607595
2026-09-14,GPB,87.58389261744966
2026-09-14,GPC,
2026-09-14,GPF,27.70700636942675
2026-09-14,GPG,4.3624161073825505
2026-09-14,GPH,
2026-09-14,GPI,
2026-09-14,GPJ,
2026-09-14,GPL,74.36908517350159
2026-09-14,GPM,
2026-09-14,GPN,49.666666666666664
2026-09-14,GPT,22.483221476510067
2026-09-14,GPU,
2026-09-14,GPV,
2026-09-14,GPZ,86.33333333333333
2026-09-14,GRL,25.47318611987382
2026-09-14,GRO,62.53943217665615
2026-09-14,GRT,19.52054794520548
2026-09-14,GSE,81.30914826498423
2026-09-14,GSG,
2026-09-14,GSL,
2026-09-14,GSO,
2026-09-14,GSP,76.36986301369863
2026-09-14,GSR,
2026-09-14,GTA,28.676470588235293
2026-09-14,GTF,29.746835443037973
2026-09-14,GTH,70.2054794520548
2026-09-14,GTK,
2026-09-14,GTL,46.33333333333333
2026-09-14,GTM,79.7945205479452
2026-09-14,GTN,
2026-09-14,GTY,40.29968454258675
2026-09-14,GTZ,
2026-09-14,GUA,
2026-09-14,GUB,68.9873417721519
2026-09-14,GUC,
2026-09-14,GUF,9.01639344262295
2026-09-14,GUH,
2026-09-14,GUK,
2026-09-14,GUM,
2026-09-14,GUV,22.151898734177212
2026-09-14,GVA,
2026-09-14,GVB,
2026-09-14,GVC,
2026-09-14,GVD,
2026-09-14,GVI,
2026-09-14,GVL,
2026-09-14,GVZ,
2026-09-14,GYC,
2026-09-14,GYG,
2026-09-14,GYK,62.65822784810127
2026-09-14,GYL,72.78481012658227
2026-09-14,GYN,
2026-09-14,GYR,
2026-09-14,GZB,
2026-09-14,GZD,
2026-09-14,GZE,
2026-09-14,GZG,
2026-09-14,GZH,
2026-09-14,GZJ,
2026-09-14,GZL,79.53020134228188
2026-09-14,GZM,99.29022082018928
2026-09-14,GZN,47.71293375394322
2026-09-14,GZO,
2026-09-14,GZP,64.75409836065575
2026-09-14,GZR,61.3013698630137
2026-09-14,GZU,
2026-09-14,GZV,
2026-09-14,GZY,
2026-09-14,GZZ,
2026-09-14,HAE,76.26182965299685
2026-09-14,HAG,69.00630914826499
2026-09-14,HAI,16.911764705882355
2026-09-14,HAM,56.61764705882353
2026-09-14,HAR,65.37854889589906
2026-09-14,HAT,
2026-09-14,HB1,45.82018927444795
2026-09-14,HB2,37.14511041009464
2026-09-14,HBF,46.32352941176471
2026-09-14,HBJ,
2026-09-14,HBN,
2026-09-14,HBU,91.43835616438356
2026-09-14,HBV,59.858044164037864
2026-09-14,HCV,1.5923566878980893
2026-09-14,HDA,60.646687697160885
2026-09-14,HDD,99.66442953020133
2026-09-14,HDE,32.88643533123029
2026-09-14,HDH,2.444794952681388
2026-09-14,HDJ,89.35331230283911
2026-09-14,HDK,48.97476340694006
2026-09-14,HDS,72.3186119873817
2026-09-14,HDV,65.69400630914826
2026-09-14,HEH,60.80441640378549
2026-09-14,HFA,
2026-09-14,HFI,58.917197452229296
2026-09-14,HFO,
2026-09-14,HFR,4.4520547945205475
2026-09-14,HFV,38.40694006309148
2026-09-14,HFY,74.20382165605095
2026-09-14,HGC,76.73501577287067
2026-09-14,HGH,
2026-09-14,HGJ,6.545741324921135
2026-09-14,HGM,71.57534246575342
2026-09-14,HGR,57.64984227129337
2026-09-14,HGT,56.70347003154574
2026-09-14,HGU,
2026-09-14,HGV,22.160883280757098
2026-09-14,HIA,68.37539432176656
2026-09-14,HIF,17.113564668769715
2026-09-14,HIH,59.24657534246576
2026-09-14,HII,
2026-09-14,HIM,63.32807570977918
2026-09-14,HIP,81.0
2026-09-14,HIS,
2026-09-14,HIZ,55.369127516778526
2026-09-14,HJA,0.07886435331230283
2026-09-14,HJB,64.09395973154362
2026-09-14,HKG,90.26845637583892
2026-09-14,HKH,20.063694267515924
2026-09-14,HKJ,77.66666666666666
2026-09-14,HKM,12.854889589905364
2026-09-14,HKP,14.331210191082802
2026-09-14,HKR,28.31230283911672
2026-09-14,HKV,89.24050632911393
2026-09-14,HLA,11.43533123028391
2026-09-14,HLL,87.66666666666667
2026-09-14,HLR,13.643533123028392
2026-09-14,HMC,
2026-09-14,HME,74.05362776025235
2026-09-14,HMG,77.36593059936908
2026-09-14,HMK,6.230283911671925
2026-09-14,HML,42.99363057324841
2026-09-14,HMS,40.75342465753425
2026-09-14,HMT,30.6782334384858
2026-09-14,HMV,31.94006309148265
2026-09-14,HNS,55.126182965299684
2026-09-14,HOA,7.718120805369128
2026-09-14,HOY,30.327868852459016
2026-09-14,HP3,83.3596214511041
2026-09-14,HPC,
2026-09-14,HPD,37.24832214765101
2026-09-14,HPF,1.025236593059937
2026-09-14,HPH,17.666666666666668
2026-09-14,HPI,5.441640378548896
2026-09-14,HPJ,
2026-09-14,HPL,2.1293375394321767
2026-09-14,HPO,81.54362416107382
2026-09-14,HPT,77.84810126582279
2026-09-14,HPV,86.30573248407643
2026-09-14,HPZ,
2026-09-14,HRZ,5.821917808219178
2026-09-14,HSA,29.194630872483224
2026-09-14,HSL,37.666666666666664
2026-09-14,HSP,20.110410094637224
2026-09-14,HST,34.810126582278485
2026-09-14,HTF,7.666666666666666
2026-09-14,HTJ,56.711409395973156
2026-09-14,HTK,0.819672131147541
2026-09-14,HTS,62.5
2026-09-14,HTZ,8.438485804416404
2026-09-14,HUI,
2026-09-14,HUS,
2026-09-14,HVA,5.914826498422713
2026-09-14,HVB,4.495268138801261
2026-09-14,HVC,18.690851735015773
2026-09-14,HVI,80.47945205479452
2026-09-14,HVK,0.6329113924050633
2026-09-14,HVL,
2026-09-14,HVN,
2026-09-14,HVS,42.80821917808219
2026-09-14,HVT,95.66666666666667
2026-09-14,HVU,80.20134228187919
2026-09-14,HVV,
2026-09-14,HVZ,55.821917808219176
2026-09-14,HYK,83.51735015772871
2026-09-14,HYP,97.55520504731862
2026-09-14,HYU,98.65930599369085
2026-09-14,HYV,67.0
2026-09-14,HYY,
2026-09-14,HZV,
2026-09-14,IAC,
2026-09-14,IAE,43.288590604026844
2026-09-14,IAI,
2026-09-14,IAJ,
2026-09-14,IAM,43.44262295081967
2026-09-14,IAR,31.15141955835962
2026-09-14,IAS,15.220820189274448
2026-09-14,IAT,85.03184713375796
2026-09-14,IAU,59.384858044164034
2026-09-14,IAY,65.44117647058823
2026-09-14,IBB,52.013422818791945
2026-09-14,IBC,
2026-09-14,IBE,4.8107255520504735
2026-09-14,IBG,52.91798107255521
2026-09-14,IBJ,42.981072555205046
2026-09-14,IBK,71.51898734177216
2026-09-14,IBM,37.618296529968454
2026-09-14,IBP,
2026-09-14,IBR,94.87381703470031
2026-09-14,ICA,18.38235294117647
2026-09-14,ICC,57.38255033557047
2026-09-14,ICD,75.50335570469798
2026-09-14,ICE,71.66666666666667
2026-09-14,ICF,78.42465753424658
2026-09-14,ICG,
2026-09-14,ICH,89.59731543624162
2026-09-14,ICM,82.33333333333334
2026-09-14,ICN,84.77917981072555
2026-09-14,ICS,49.132492113564666
2026-09-14,ICV,
2026-09-14,ICZ,31.164383561643838
2026-09-14,IDD,63.012618296529965
2026-09-14,IDF,79.57413249211356
2026-09-14,IDH,37.32876712328767
2026-09-14,IDI,92.12328767123287
2026-09-14,IDL,79.0
2026-09-14,IDO,65.85173501577287
2026-09-14,IDP,1.3406940063091484
2026-09-14,IDV,
2026-09-14,IDY,27.85234899328859
2026-09-14,IED,76.84563758389261
2026-09-14,IEN,19.79495268138801
2026-09-14,IEV,13.087248322147651
2026-09-14,IEZ,
2026-09-14,IFD,
2026-09-14,IFN,
2026-09-14,IFV,85.44303797468355
2026-09-14,IFY,
2026-09-14,IGF,
2026-09-14,IGL,81.66666666666667
2026-09-14,IGM,
2026-09-14,IGZ,
2026-09-14,IH1,
2026-09-14,IHA,
2026-09-14,IHC,47.55520504731861
2026-09-14,IHK,20.89041095890411
2026-09-14,IHP,17.271293375394322
2026-09-14,IHT,25.0
2026-09-14,IHV,14.589905362776026
2026-09-14,IHY,
2026-09-14,IHZ,
2026-09-14,IIA,3.0757097791798107
2026-09-14,IIC,
2026-09-14,IIE,4.337539432176656
2026-09-14,IIF,93.92744479495269
2026-09-14,IIH,53.76712328767124
2026-09-14,IIN,31.0
2026-09-14,IIS,3.8643533123028395
2026-09-14,IJA,25.16778523489933
2026-09-14,IJB,68.75
2026-09-14,IJC,14.429530201342283
2026-09-14,IJE,
2026-09-14,IJF,
2026-09-14,IJH,
2026-09-14,IJI,75.78864353312302
2026-09-14,IJK,
2026-09-14,IJL,57.018927444794954
2026-09-14,IJP,43.75
2026-09-14,IJT,91.08832807570978
2026-09-14,IJV,91.0
2026-09-14,IJZ,47.98657718120805
2026-09-14,IK2,75.63091482649841
2026-09-14,IKL,31.25
2026-09-14,IKP,6.25
2026-09-14,IKV,65.18987341772153
2026-09-14,ILC,73.26498422712933
2026-09-14,ILE,
2026-09-14,ILH,29.666666666666668
2026-09-14,ILI,88.8801261829653
2026-09-14,ILM,44.2429022082019
2026-09-14,ILP,
2026-09-14,ILU,
2026-09-14,ILZ,86.0655737704918
2026-09-14,IMB,
2026-09-14,IMF,38.8801261829653
2026-09-14,IMG,51.49842271293375
2026-09-14,IMH,
2026-09-14,IML,82.53424657534246
2026-09-14,IMO,
2026-09-14,IMS,
2026-09-14,IMT,
2026-09-14,IMY,
2026-09-14,IMZ,
2026-09-14,INH,
2026-09-14,INV,
2026-09-14,INZ,77.6813880126183
2026-09-14,IOG,15.851735015772872
2026-09-14,IOH,45.03154574132492
2026-09-14,IOJ,74.6845425867508
2026-09-14,IOL,
2026-09-14,IOM,2.917981072555205
2026-09-14,ION,26.419558359621455
2026-09-14,IOO,88.33333333333333
2026-09-14,IOP,89.66666666666666
2026-09-14,IOT,
2026-09-14,IOV,
2026-09-14,IPA,33.99053627760252
2026-09-14,IPB,1.6778523489932886
2026-09-14,IPC,
2026-09-14,IPE,
2026-09-14,IPF,50.39432176656151
2026-09-14,IPG,61.47540983606557
2026-09-14,IPJ,18.75
2026-09-14,IPK,
2026-09-14,IPO,
2026-09-14,IPP,54.02208201892744
2026-09-14,IPR,
2026-09-14,IPU,
2026-09-14,IPV,17.088607594936708
2026-09-14,IRB,70.42586750788644
2026-09-14,IRE,55.7570977917981
2026-09-14,IRF,72.95081967213115
2026-09-14,IRL,33.67507886435332
2026-09-14,IRO,35.72555205047318
2026-09-14,IRT,50.671140939597315
2026-09-14,IRV,95.66246056782335
2026-09-14,IRY,90.33333333333333
2026-09-14,ISR,
2026-09-14,ISS,
2026-09-14,IST,79.11392405063292
2026-09-14,ITA,
2026-09-14,ITC,54.45205479452054
2026-09-14,ITD,
2026-09-14,ITJ,51.025236593059944
2026-09-14,ITL,
2026-09-14,ITP,56.25
2026-09-14,ITR,
2026-09-14,ITV,84.55882352941177
2026-09-14,ITZ,
2026-09-14,IUA,30.993690851735018
2026-09-14,IUB,
2026-09-14,IUC,
2026-09-14,IUF,56.388012618296536
2026-09-14,IUH,23.770491803278688
2026-09-14,IUM,
2026-09-14,IUN,
2026-09-14,IUV,44.4006309148265
2026-09-14,IUZ,65.66666666666666
2026-09-14,IV2,7.649842271293375
2026-09-14,IV6,
2026-09-14,IV7,
2026-09-14,IV8,75.47770700636943
2026-09-14,IVF,22.611464968152866
2026-09-14,IVS,16.6403785488959
2026-09-14,IVY,36.577181208053695
2026-09-14,IYB,43.95973154362416
2026-09-14,IYP,
2026-09-14,IYR,
2026-09-14,IYS,27.208201892744476
2026-09-14,IYV,29.73186119873817
2026-09-14,IZA,
2026-09-14,IZB,89.34426229508196
2026-09-14,IZE,
2026-09-14,IZL,58.59621451104101
2026-09-14,IZS,99.26470588235294
2026-09-14,IZV,
2026-09-14,IZY,56.54574132492114
2026-09-14,JET,3.691275167785235
2026-09-14,JOT,
2026-09-14,JUP,71.68769716088327
2026-09-14,KAC,74.84076433121018
2026-09-14,KAN,47.794117647058826
2026-09-14,KAV,77.20588235294117
2026-09-14,KBJ,39.03785488958991
2026-09-14,KBP,
2026-09-14,KBZ,
2026-09-14,KCL,26.43312101910828
2026-09-14,KCR,96.32352941176471
2026-09-14,KCV,81.21019108280255
2026-09-14,KDE,88.21656050955414
2026-09-14,KDI,12.381703470031544
2026-09-14,KDK,
2026-09-14,KDL,37.261146496815286
2026-09-14,KDO,35.35031847133758
2026-09-14,KDS,32.1656050955414
2026-09-14,KDT,29.617834394904456
2026-09-14,KDV,39.171974522293
2026-09-14,KDZ,18.152866242038215
2026-09-14,KEI,
2026-09-14,KEO,
2026-09-14,KEU,33.43949044585987
2026-09-14,KFZ,
2026-09-14,KGM,6.050955414012739
2026-09-14,KH1,68.47133757961782
2026-09-14,KHA,85.95890410958904
2026-09-14,KHB,10.616438356164384
2026-09-14,KHC,20.70063694267516
2026-09-14,KHD,56.36942675159236
2026-09-14,KHF,
2026-09-14,KHJ,46.17834394904459
2026-09-14,KHP,49.0
2026-09-14,KHT,
2026-09-14,KHU,
2026-09-14,KIA,
2026-09-14,KIB,48.65771812080537
2026-09-14,KIE,91.66666666666666
2026-09-14,KIH,89.66876971608832
2026-09-14,KIK,17.51592356687898
2026-09-14,KIS,18.789808917197455
2026-09-14,KJK,
2026-09-14,KKB,
2026-09-14,KKC,6.687898089171974
2026-09-14,KKE,
2026-09-14,KKH,69.67213114754098
2026-09-14,KKL,83.7579617834395
2026-09-14,KKO,40.93059936908517
2026-09-14,KKP,41.7192429022082
2026-09-14,KKT,91.40127388535032
2026-09-14,KLH,2.8662420382165608
2026-09-14,KLI,27.666666666666668
2026-09-14,KLL,
2026-09-14,KLM,
2026-09-14,KLS,
2026-09-14,KLU,9.666666666666666
2026-09-14,KMA,
2026-09-14,KME,59.554140127388536
2026-09-14,KMF,74.26470588235294
2026-09-14,KMN,63.970588235294116
2026-09-14,KMT,
2026-09-14,KNC,57.33438485804416
2026-09-14,KNI,1.0
2026-09-14,KNJ,95.85987261146497
2026-09-14,KNN,48.65930599369085
2026-09-14,KNP,
2026-09-14,KNS,
2026-09-14,KNT,
2026-09-14,KNV,
2026-09-14,KNZ,
2026-09-14,KO4,30.520504731861198
2026-09-14,KOB,64.01273885350318
2026-09-14,KOD,21.812080536912752
2026-09-14,KOP,19.952681388012618
2026-09-14,KOT,90.75342465753424
2026-09-14,KOZ,
2026-09-14,KP3,33.201892744479494
2026-09-14,KPA,76.11464968152866
2026-09-14,KPB,
2026-09-14,KPC,71.656050955414
2026-09-14,KPD,19.426751592356688
2026-09-14,KPF,61.59305993690851
2026-09-14,KPH,57.87671232876712
2026-09-14,KPI,28.999999999999996
2026-09-14,KPK,
2026-09-14,KPM,
2026-09-14,KPP,58.333333333333336
2026-09-14,KPR,0.33333333333333337
2026-09-14,KPS,71.84542586750788
2026-09-14,KPU,32.802547770700635
2026-09-14,KRC,24.68354430379747
2026-09-14,KRF,95.63758389261746
2026-09-14,KRH,60.01577287066247
2026-09-14,KRO,47.397476340694006
2026-09-14,KRR,81.25
2026-09-14,KRS,33.3596214511041
2026-09-14,KRT,72.47634069400631
2026-09-14,KRV,83.08823529411765
2026-09-14,KSA,99.13249211356468
2026-09-14,KSC,
2026-09-14,KSK,25.0
2026-09-14,KSL,11.78343949044586
2026-09-14,KSM,45.54140127388535
2026-09-14,KSP,31.624605678233436
2026-09-14,KSR,43.63057324840764
2026-09-14,KST,
2026-09-14,KSV,79.29936305732484
2026-09-14,KSY,97.08201892744479
2026-09-14,KTE,
2026-09-14,KTI,21.97452229299363
2026-09-14,KTJ,41.082802547770704
2026-09-14,KTM,80.57324840764332
2026-09-14,KTN,55.73248407643312
2026-09-14,KTR,65.92356687898089
2026-09-14,KTS,87.57961783439491
2026-09-14,KTT,36.624203821656046
2026-09-14,KTU,
2026-09-14,KTV,88.85350318471338
2026-09-14,KU3,53.82165605095541
2026-09-14,KUA,30.89171974522293
2026-09-14,KUB,45.97315436241611
2026-09-14,KUD,92.67515923566879
2026-09-14,KUP,15.063091482649844
2026-09-14,KUT,15.441176470588236
2026-09-14,KVA,
2026-09-14,KVK,51.910828025477706
2026-09-14,KVR,62.738853503184714
2026-09-14,KVS,92.66561514195584
2026-09-14,KVT,57.1917808219178
2026-09-14,KYA,18.835616438356166
2026-09-14,KYR,9.700315457413248
2026-09-14,KYS,53.86435331230284
2026-09-14,KZL,30.14705882352941
2026-09-14,KZO,
2026-09-14,KZU,27.205882352941174
2026-09-14,LAI,14.43217665615142
2026-09-14,LET,
2026-09-14,LFD,
2026-09-14,LGK,
2026-09-14,LGO,13.801261829652997
2026-09-14,LHM,
2026-09-14,LHP,60.33123028391167
2026-09-14,LKF,68.38235294117648
2026-09-14,LKT,36.333333333333336
2026-09-14,LLA,12.697160883280755
2026-09-14,LPH,97.39747634069401
2026-09-14,LRT,87.30283911671924
2026-09-14,LTC,79.73186119873817
2026-09-14,LTL,96.23287671232876
2026-09-14,LTS,19.006309148264986
2026-09-14,LZV,
2026-09-14,MAC,13.356164383561644
2026-09-14,MAD,44.63087248322148
2026-09-14,MAS,17.744479495268138
2026-09-14,MAV,
2026-09-14,MBL,90.93959731543623
2026-09-14,MBR,48.734177215189874
2026-09-14,MCU,91.5615141955836
2026-09-14,MD1,64.76510067114094
2026-09-14,MD2,54.0268456375839
2026-09-14,MDF,33.60655737704918
2026-09-14,MET,50.0
2026-09-14,MGB,57.17665615141956
2026-09-14,MGD,
2026-09-14,MGE,4.652996845425868
2026-09-14,MGH,33.51735015772871
2026-09-14,MHF,9.246575342465754
2026-09-14,MIK,49.76340694006309
2026-09-14,MJB,15.573770491803279
2026-09-14,MJE,10.509554140127388
2026-09-14,MJG,5.737704918032787
2026-09-14,MJH,28.62776025236593
2026-09-14,MJK,25.157728706624603
2026-09-14,MJL,43.61198738170347
2026-09-14,MKA,11.146496815286625
2026-09-14,MKG,80.14705882352942
2026-09-14,MKL,
2026-09-14,MLS,
2026-09-14,MLT,70.26813880126183
2026-09-14,MMH,95.54794520547945
2026-09-14,MOD,
2026-09-14,MOZ,48.02839116719243
2026-09-14,MP2,
2026-09-14,MP4,
2026-09-14,MPD,69.1640378548896
2026-09-14,MPE,21.666666666666668
2026-09-14,MPF,86.94267515923568
2026-09-14,MPI,92.50788643533123
2026-09-14,MPK,83.12101910828027
2026-09-14,MPL,55.666666666666664
2026-09-14,MPN,29.258675078864353
2026-09-14,MPP,16.32492113564669
2026-09-14,MPS,34.07643312101911
2026-09-14,MRI,63.6435331230284
2026-09-14,MSK,
2026-09-14,MSO,
2026-09-14,MSR,27.839116719242902
2026-09-14,MT1,78.78548895899054
2026-09-14,MT2,39.666666666666664
2026-09-14,MT5,7.807570977917981
2026-09-14,MT6,3.6764705882352944
2026-09-14,MT7,13.170347003154575
2026-09-14,MT8,2.602523659305994
2026-09-14,MT9,18.05993690851735
2026-09-14,MTD,5.033557046979865
2026-09-14,MTE,
2026-09-14,MTF,73.89589905362776
2026-09-14,MTG,64.43217665615141
2026-09-14,MTH,51.02739726027398
2026-09-14,MTI,
2026-09-14,MTK,72.92993630573248
2026-09-14,MTL,26.735015772870664
2026-09-14,MTS,58.19672131147541
2026-09-14,MTU,
2026-09-14,MTV,19.798657718120804
2026-09-14,MTX,30.536912751677853
2026-09-14,MUL,23.107255520504733
2026-09-14,MUT,24.053627760252365
2026-09-14,NAK,50.73529411764706
2026-09-14,NAL,36.029411764705884
2026-09-14,NAU,21.323529411764707
2026-09-14,NAV,64.27444794952682
2026-09-14,NBE,47.87066246056783
2026-09-14,NBH,98.02839116719242
2026-09-14,NBO,
2026-09-14,NBZ,71.05678233438486
2026-09-14,NCS,79.25867507886434
2026-09-14,NCU,32.72870662460568
2026-09-14,NDL,
2026-09-14,NDS,10.488958990536277
2026-09-14,NES,
2026-09-14,NFF,
2026-09-14,NFH,27.365930599369086
2026-09-14,NFK,5.28391167192429
2026-09-14,NHP,
2026-09-14,NHT,
2026-09-14,NHV,
2026-09-14,NHY,32.534246575342465
2026-09-14,NIG,18.53312302839117
2026-09-14,NIS,92.35015772870663
2026-09-14,NJF,72.79411764705883
2026-09-14,NJG,79.88958990536278
2026-09-14,NJR,76.58227848101265
2026-09-14,NJY,99.68152866242038
2026-09-14,NKA,27.070063694267514
2026-09-14,NKC,14.04109589041096
2026-09-14,NKH,63.958990536277604
2026-09-14,NKJ,
2026-09-14,NKK,30.047318611987382
2026-09-14,NKL,97.71293375394322
2026-09-14,NKM,5.414012738853503
2026-09-14,NKP,1.006711409395973
2026-09-14,NKS,81.62460567823344
2026-09-14,NKT,90.76433121019109
2026-09-14,NKV,
2026-09-14,NLC,87.5
2026-09-14,NLD,
2026-09-14,NLE,58.56164383561644
2026-09-14,NLK,98.50157728706624
2026-09-14,NLL,20.741324921135647
2026-09-14,NME,8.598726114649681
2026-09-14,NMG,71.21451104100946
2026-09-14,NMP,44.333333333333336
2026-09-14,NMU,68.84858044164038
2026-09-14,NNF,1.7123287671232876
2026-09-14,NOA,25.0
2026-09-14,NOI,90.29968454258676
2026-09-14,NOV,
2026-09-14,NP1,36.35646687697161
2026-09-14,NPH,11.986301369863012
2026-09-14,NPK,
2026-09-14,NRC,11.74496644295302
2026-09-14,NRG,23.666666666666668
2026-09-14,NRM,71.37223974763407
2026-09-14,NSA,24.333333333333336
2026-09-14,NSD,85.09463722397477
2026-09-14,NSH,91.24605678233438
2026-09-14,NSK,89.03785488958991
2026-09-14,NSP,30.333333333333336
2026-09-14,NSS,
2026-09-14,NST,31.84931506849315
2026-09-14,NSY,86.67192429022083
2026-09-14,NTB,
2026-09-14,NTD,
2026-09-14,NTF,83.67507886435331
2026-09-14,NTI,9.060402684563758
2026-09-14,NTO,
2026-09-14,NTS,92.19242902208202
2026-09-14,NUB,38.72239747634069
2026-09-14,NUG,93.38235294117648
2026-09-14,NUH,22.26027397260274
2026-09-14,NVB,23.0
2026-09-14,NVC,36.51419558359621
2026-09-14,NVK,48.089171974522294
2026-09-14,NVP,
2026-09-14,NVT,95.82018927444796
2026-09-14,NVZ,56.86119873817035
2026-09-14,NYH,
2026-09-14,NZH,31.879194630872483
2026-09-14,NZT,2.3333333333333335
2026-09-14,NZU,41.71974522292994
2026-09-14,OAB,
2026-09-14,OAO,94.96644295302013
2026-09-14,OBI,19.62025316455696
2026-09-14,OBN,45.97791798107255
2026-09-14,OBP,78.18791946308725
2026-09-14,OBR,71.52996845425868
2026-09-14,OCM,
2026-09-14,OCN,
2026-09-14,OCT,
2026-09-14,ODD,59.06940063091483
2026-09-14,ODG,25.838926174496645
2026-09-14,ODN,95.50473186119874
2026-09-14,ODP,41.246056782334385
2026-09-14,ODS,49.921135646687695
2026-09-14,ODV,
2026-09-14,OFA,7.961783439490445
2026-09-14,OFB,90.14195583596214
2026-09-14,OFI,50.0
2026-09-14,OFK,21.337579617834397
2026-09-14,OFO,
2026-09-14,OFS,66.39344262295081
2026-09-14,OGD,69.85294117647058
2026-09-14,OGF,57.59493670886076
2026-09-14,OGV,
2026-09-14,OHB,74.31506849315068
2026-09-14,OHI,37.93375394321766
2026-09-14,OHK,96.4968152866242
2026-09-14,OIL,91.91176470588235
2026-09-14,OIR,63.114754098360656
2026-09-14,OIS,
2026-09-14,OJB,57.49211356466877
2026-09-14,OJH,42.82334384858044
2026-09-14,OJK,55.14705882352941
2026-09-14,OJT,13.934426229508196
2026-09-14,OJU,
2026-09-14,OJY,
2026-09-14,OKD,86.91275167785236
2026-09-14,OKF,85.41009463722398
2026-09-14,OKP,51.26582278481012
2026-09-14,OKT,53.79746835443038
2026-09-14,OLA,29.889589905362772
2026-09-14,OLD,2.459016393442623
2026-09-14,OLE,94.26229508196722
2026-09-14,OMB,
2026-09-14,OMC,
2026-09-14,OME,21.687697160883282
2026-09-14,OMG,68.15068493150685
2026-09-14,OMT,8.333333333333332
2026-09-14,ONB,50.86750788643533
2026-09-14,OND,54.337539432176655
2026-09-14,ONE,46.451104100946374
2026-09-14,ONF,94.85294117647058
2026-09-14,ONK,27.681388012618296
2026-09-14,ONN,98.97476340694006
2026-09-14,ONS,86.82965299684543
2026-09-14,ONT,67.74447949526814
2026-09-14,ONY,41.87697160883281
2026-09-14,OPB,73.48993288590604
2026-09-14,OPD,96.92429022082018
2026-09-14,OPF,28.523489932885905
2026-09-14,OPH,23.63013698630137
2026-09-14,OPI,35.95890410958904
2026-09-14,OPJ,53.0
2026-09-14,OPL,17.78523489932886
2026-09-14,OPU,31.528662420382165
2026-09-14,OPZ,
2026-09-14,ORC,23.264984227129336
2026-09-14,ORI,
2026-09-14,OSD,47.46835443037975
2026-09-14,OSF,85.56782334384859
2026-09-14,OSH,35.56782334384858
2026-09-14,OSL,82.91139240506328
2026-09-14,OSN,79.41640378548895
2026-09-14,OTE,
2026-09-14,OTF,84.39490445859873
2026-09-14,OTJ,59.55882352941176
2026-09-14,OTK,
2026-09-14,OTM,40.604026845637584
2026-09-14,OTZ,
2026-09-14,OUB,67.58675078864354
2026-09-14,OUD,80.99369085173501
2026-09-14,OUN,75.47318611987382
2026-09-14,OUR,62.85488958990536
2026-09-14,OUY,
2026-09-14,OVD,97.54098360655738
2026-09-14,OVR,
2026-09-14,OYL,66.33333333333333
2026-09-14,OYS,25.630914826498426
2026-09-14,OYT,86.98738170347004
2026-09-14,OZC,
2026-09-14,P1A,89.0
2026-09-14,PA2,22.794117647058822
2026-09-14,PAB,97.66666666666667
2026-09-14,PAC,
2026-09-14,PAF,52.20588235294118
2026-09-14,PAI,17.114093959731544
2026-09-14,PAL,86.02941176470588
2026-09-14,PAO,
2026-09-14,PAU,68.69085173501577
2026-09-14,PBE,95.03154574132492
2026-09-14,PBF,
2026-09-14,PBH,8.753943217665615
2026-09-14,PBI,48.36065573770492
2026-09-14,PBK,16.24203821656051
2026-09-14,PBN,49.60567823343849
2026-09-14,PBR,0.33557046979865773
2026-09-14,PBS,57.807570977917976
2026-09-14,PBY,4.968454258675079
2026-09-14,PCE,44.716088328075706
2026-09-14,PCH,33.04416403785489
2026-09-14,PCN,32.09779179810725
2026-09-14,PCS,
2026-09-14,PDC,6.861198738170347
2026-09-14,PDD,35.98726114649681
2026-09-14,PDE,0.3184713375796179
2026-09-14,PDF,43.29652996845426
2026-09-14,PDG,10.646687697160884
2026-09-14,PDH,44.5583596214511
2026-09-14,PDR,
2026-09-14,PDS,18.217665615141957
2026-09-14,PEA,41.911764705882355
2026-09-14,PFO,76.22950819672131
2026-09-14,PFS,20.491803278688526
2026-09-14,PGD,56.04026845637584
2026-09-14,PGE,78.47003154574132
2026-09-14,PGH,3.391167192429022
2026-09-14,PGS,36.64383561643836
2026-09-14,PHB,1.1829652996845426
2026-09-14,PHE,0.3424657534246575
2026-09-14,PHF,43.92744479495268
2026-09-14,PHI,55.13698630136986
2026-09-14,PHK,63.37579617834395
2026-09-14,PHN,10.962145110410095
2026-09-14,PHS,57.96529968454258
2026-09-14,PHY,34.463722397476346
2026-09-14,PID,66.10738255033557
2026-09-14,PIL,
2026-09-14,PIP,3.6666666666666665
2026-09-14,PIR,37.5
2026-09-14,PIS,97.87066246056783
2026-09-14,PJL,40.33333333333333
2026-09-14,PJP,54.179810725552045
2026-09-14,PK1,13.666666666666666
2026-09-14,PKD,
2026-09-14,PKF,71.32352941176471
2026-09-14,PKH,2.229299363057325
2026-09-14,PKL,69.10828025477707
2026-09-14,PKM,34.333333333333336
2026-09-14,PKN,72.63406940063092
2026-09-14,PKP,33.0
2026-09-14,PKR,19.0
2026-09-14,PKT,15.0
2026-09-14,PKU,21.529968454258675
2026-09-14,PKV,93.76971608832808
2026-09-14,PKZ,12.066246056782335
2026-09-14,PLA,
2026-09-14,PLR,69.0
2026-09-14,PLS,
2026-09-14,PMG,
2026-09-14,PMH,
2026-09-14,PMP,10.173501577287066
2026-09-14,PNU,52.33333333333333
2026-09-14,PO7,25.946372239747635
2026-09-14,PO8,
2026-09-14,PO9,11.593059936908517
2026-09-14,POB,21.84542586750789
2026-09-14,POD,37.77602523659306
2026-09-14,POF,24.264705882352942
2026-09-14,POH,
2026-09-14,POI,10.804416403785488
2026-09-14,POS,21.214511041009466
2026-09-14,POU,78.31230283911673
2026-09-14,PP1,28.980891719745223
2026-09-14,PPB,35.273972602739725
2026-09-14,PPD,32.413249211356465
2026-09-14,PPE,20.425867507886437
2026-09-14,PPF,31.782334384858046
2026-09-14,PPG,4.333333333333334
2026-09-14,PPH,2.3972602739726026
2026-09-14,PPI,26.333333333333332
2026-09-14,PPJ,32.33333333333333
2026-09-14,PPK,41.0
2026-09-14,PPM,74.52681388012618
2026-09-14,PPN,83.0
2026-09-14,PPO,19.321766561514195
2026-09-14,PPP,5.666666666666666
2026-09-14,PPS,40.77287066246057
2026-09-14,PPT,93.0
2026-09-14,PPU,5.126182965299685
2026-09-14,PPV,9.0
2026-09-14,PPZ,70.33333333333334
2026-09-14,PRD,84.33333333333334
2026-09-14,PRF,
2026-09-14,PRH,47.0
2026-09-14,PRR,15.666666666666668
2026-09-14,PRU,96.13564668769716
2026-09-14,PRV,5.0
2026-09-14,PRY,51.0
2026-09-14,PSD,
2026-09-14,PSE,68.33333333333333
2026-09-14,PSG,21.056782334384856
2026-09-14,PSH,60.61643835616438
2026-09-14,PSL,85.72555205047318
2026-09-14,PSO,
2026-09-14,PSR,14.905362776025235
2026-09-14,PSS,76.41955835962145
2026-09-14,PST,5.757097791798108
2026-09-14,PTC,70.74132492113566
2026-09-14,PTE,54.333333333333336
2026-09-14,PTF,61.75078864353313
2026-09-14,PTG,
2026-09-14,PTL,31.666666666666664
2026-09-14,PTN,78.67647058823529
2026-09-14,PTO,86.64383561643835
2026-09-14,PTP,59.66666666666667
2026-09-14,PTS,45.0
2026-09-14,PUA,
2026-09-14,PUC,96.29337539432177
2026-09-14,PUH,72.0031545741325
2026-09-14,PUK,44.26751592356688
2026-09-14,PUR,20.333333333333332
2026-09-14,PUT,
2026-09-14,PUV,
2026-09-14,PVK,67.19745222929936
2026-09-14,PYB,41.66666666666667
2026-09-14,PYD,5.599369085173501
2026-09-14,PYF,94.5583596214511
2026-09-14,PYH,3.5031847133757963
2026-09-14,PYI,1.8138801261829656
2026-09-14,PYL,62.06624605678234
2026-09-14,PYR,9.069400630914828
2026-09-14,PYS,42.35015772870662
2026-09-14,RAF,97.79411764705883
2026-09-14,RAI,
2026-09-14,RAN,
2026-09-14,RAV,62.22397476340694
2026-09-14,RAY,
2026-09-14,RBA,49.26470588235294
2026-09-14,RBB,66.45569620253164
2026-09-14,RBE,87.46056782334385
2026-09-14,RBF,25.949367088607595
2026-09-14,RBH,42.35668789808918
2026-09-14,RBI,76.89274447949526
2026-09-14,RBK,65.28662420382165
2026-09-14,RBL,26.104100946372238
2026-09-14,RBN,19.16403785488959
2026-09-14,RBP,74.33333333333333
2026-09-14,RBR,95.22292993630573
2026-09-14,RBT,93.31210191082803
2026-09-14,RBV,89.49044585987261
2026-09-14,RCL,
2026-09-14,RCS,
2026-09-14,RCV,25.796178343949045
2026-09-14,RD1,31.20805369127517
2026-09-14,RDF,48.50157728706625
2026-09-14,RDH,2.2870662460567823
2026-09-14,RDK,
2026-09-14,RDS,54.96845425867508
2026-09-14,RDT,59.22712933753943
2026-09-14,RDZ,69.3217665615142
2026-09-14,RE6,2.2058823529411766
2026-09-14,RE7,
2026-09-14,RE8,4.022082018927445
2026-09-14,RFM,90.98360655737704
2026-09-14,RGD,35.90604026845637
2026-09-14,RGH,20.58359621451104
2026-09-14,RHD,61.1198738170347
2026-09-14,RHI,94.17808219178082
2026-09-14,RHS,
2026-09-14,RIA,68.53312302839116
2026-09-14,RIH,8.280757097791797
2026-09-14,RIK,9.731543624161073
2026-09-14,RJG,33.088235294117645
2026-09-14,RKC,61.40939597315436
2026-09-14,RKH,
2026-09-14,RKL,
2026-09-14,RKS,57.64331210191082
2026-09-14,RKV,79.93630573248409
2026-09-14,RLH,80.6782334384858
2026-09-14,RO1,12.333333333333334
2026-09-14,ROD,39.66876971608833
2026-09-14,ROF,62.69716088328076
2026-09-14,ROY,62.101910828025474
2026-09-14,RPC,58.7248322147651
2026-09-14,RPD,10.40268456375839
2026-09-14,RPG,
2026-09-14,RPI,77.38853503184714
2026-09-14,RPK,
2026-09-14,RPL,53.548895899053626
2026-09-14,RPM,68.12080536912751
2026-09-14,RPN,20.268138801261827
2026-09-14,RPO,
2026-09-14,RPP,
2026-09-14,RPS,56.23028391167192
2026-09-14,RPT,
2026-09-14,RPU,66.56050955414013
2026-09-14,RPX,
2026-09-14,RRA,
2026-09-14,RRP,1.6666666666666667
2026-09-14,RS1,
2026-09-14,RSF,82.72870662460568
2026-09-14,RSK,56.072555205047315
2026-09-14,RSY,46.76656151419558
2026-09-14,RSZ,3.2334384858044163
2026-09-14,RTA,39.353312302839115
2026-09-14,RTB,73.42271293375394
2026-09-14,RTD,32.5503355704698
2026-09-14,RTG,18.456375838926174
2026-09-14,RTH,24.684542586750787
2026-09-14,RTI,85.6687898089172
2026-09-14,RTP,11.750788643533124
2026-09-14,RUH,42.50788643533123
2026-09-14,RUT,15.100671140939598
2026-09-14,RVI,13.970588235294118
2026-09-14,RVS,45.662460567823345
2026-09-14,RYA,
2026-09-14,RYB,
2026-09-14,RYD,15.53627760252366
2026-09-14,RYF,34.62145110410095
2026-09-14,RYU,64.90536277602523
2026-09-14,RZR,
2026-09-14,SAP,77.0
2026-09-14,SAR,
2026-09-14,SAS,43.49315068493151
2026-09-14,SAT,
2026-09-14,SBH,
2026-09-14,SBI,26.261829652996845
2026-09-14,SBR,40.61514195583596
2026-09-14,SBS,
2026-09-14,SCZ,82.25552050473186
2026-09-14,SD1,
2026-09-14,SDA,77.05047318611987
2026-09-14,SEH,78.94321766561514
2026-09-14,SER,39.82649842271294
2026-09-14,SFA,85.25236593059937
2026-09-14,SFS,56.557377049180324
2026-09-14,SGK,7.046979865771812
2026-09-14,SGT,
2026-09-14,SHC,94.86301369863014
2026-09-14,SHE,19.12751677852349
2026-09-14,SHI,27.523659305993693
2026-09-14,SHU,
2026-09-14,SIA,
2026-09-14,SIS,
2026-09-14,SJP,60.488958990536275
2026-09-14,SKL,71.0
2026-09-14,SKO,26.36986301369863
2026-09-14,SKS,
2026-09-14,SKT,61.39240506329114
2026-09-14,SKZ,96.76656151419559
2026-09-14,SLF,
2026-09-14,SLG,16.095890410958905
2026-09-14,SLR,
2026-09-14,SLS,
2026-09-14,SMP,
2026-09-14,SNY,6.072555205047318
2026-09-14,SOS,62.751677852349
2026-09-14,SPA,88.56466876971609
2026-09-14,SPD,
2026-09-14,SPE,83.99053627760253
2026-09-14,SPN,60.96214511041009
2026-09-14,SPP,79.66666666666666
2026-09-14,SPR,
2026-09-14,SPT,48.72611464968153
2026-09-14,SRA,
2026-09-14,SRE,
2026-09-14,SRL,85.27397260273972
2026-09-14,SRO,
2026-09-14,SSD,
2026-09-14,SSE,7.49211356466877
2026-09-14,SSF,
2026-09-14,SSK,60.06711409395973
2026-09-14,SSN,
2026-09-14,SSO,
2026-09-14,SSS,28.424657534246577
2026-09-14,SST,
2026-09-14,ST1,11.301369863013697
2026-09-14,STI,52.12933753943217
2026-09-14,STM,
2026-09-14,STS,55.91482649842271
2026-09-14,STZ,36.198738170347006
2026-09-14,SUA,83.55704697986577
2026-09-14,SUB,38.59060402684564
2026-09-14,SUC,47.31543624161073
2026-09-14,SUR,65.41095890410958
2026-09-14,SVB,26.51006711409396
2026-09-14,SVS,
2026-09-14,SVY,
2026-09-14,SYF,
2026-09-14,SYL,
2026-09-14,SYR,41.08832807570978
2026-09-14,SYS,38.564668769716086
2026-09-14,T3B,28.154574132492115
2026-09-14,TAL,19.852941176470587
2026-09-14,TAO,
2026-09-14,TAR,62.08053691275168
2026-09-14,TAU,38.013698630136986
2026-09-14,TAZ,
2026-09-14,TB9,82.09779179810725
2026-09-14,TBP,45.08196721311475
2026-09-14,TBT,20.88607594936709
2026-09-14,TBV,60.12658227848101
2026-09-14,TCA,11.029411764705882
2026-09-14,TCB,76.33333333333333
2026-09-14,TCC,38.24921135646688
2026-09-14,TCD,21.140939597315437
2026-09-14,TCF,
2026-09-14,TCG,
2026-09-14,TCH,75.3154574132492
2026-09-14,TCI,88.09148264984226
2026-09-14,TCS,39.511041009463725
2026-09-14,TDG,1.89873417721519
2026-09-14,TDP,29.41640378548896
2026-09-14,TE3,82.88590604026845
2026-09-14,TE4,96.30872483221476
2026-09-14,TEJ,12.295081967213115
2026-09-14,TFE,82.48407643312102
2026-09-14,TFF,17.21311475409836
2026-09-14,TFU,27.21518987341772
2026-09-14,TGA,37.919463087248324
2026-09-14,TGE,81.14754098360656
2026-09-14,TGN,25.666666666666664
2026-09-14,TGR,5.704697986577181
2026-09-14,TGT,99.36708860759494
2026-09-14,TGV,1.6561514195583598
2026-09-14,TGZ,75.94637223974765
2026-09-14,THD,
2026-09-14,THF,99.65753424657534
2026-09-14,THG,92.82334384858044
2026-09-14,THH,
2026-09-14,THO,34.936908517350155
2026-09-14,THS,
2026-09-14,THT,
2026-09-14,THV,10.015772870662461
2026-09-14,TI1,62.33333333333333
2026-09-14,TI2,29.10958904109589
2026-09-14,TI3,18.15068493150685
2026-09-14,TI4,72.81879194630872
2026-09-14,TI6,37.34177215189873
2026-09-14,TI7,67.4496644295302
2026-09-14,TIE,96.91780821917808
2026-09-14,TIL,40.445859872611464
2026-09-14,TIP,88.7223974763407
2026-09-14,TIV,90.50632911392405
2026-09-14,TJB,
2026-09-14,TJF,
2026-09-14,TJI,
2026-09-14,TJL,
2026-09-14,TJT,66.91176470588235
2026-09-14,TKF,44.86301369863014
2026-09-14,TKH,
2026-09-14,TKK,41.80327868852459
2026-09-14,TKM,73.0
2026-09-14,TLC,96.97986577181209
2026-09-14,TLE,4.430379746835443
2026-09-14,TLH,3.767123287671233
2026-09-14,TLK,14.333333333333334
2026-09-14,TLT,
2026-09-14,TLU,53.23343848580442
2026-09-14,TLV,99.0
2026-09-14,TLY,88.40694006309148
2026-09-14,TLZ,53.18471337579618
2026-09-14,TMC,42.61744966442953
2026-09-14,TMG,75.0
2026-09-14,TMM,98.81703470031546
2026-09-14,TMR,
2026-09-14,TMS,77.9968454258675
2026-09-14,TMU,59.83606557377049
2026-09-14,TMV,93.45425867507886
2026-09-14,TMZ,82.78688524590164
2026-09-14,TNB,22.00315457413249
2026-09-14,TND,77.51677852348993
2026-09-14,TNF,
2026-09-14,TNH,
2026-09-14,TNI,94.29530201342283
2026-09-14,TNK,63.92405063291139
2026-09-14,TNS,64.74763406940063
2026-09-14,TO8,54.652996845425875
2026-09-14,TOK,28.785488958990534
2026-09-14,TOT,42.405063291139236
2026-09-14,TP1,
2026-09-14,TP2,93.66666666666667
2026-09-14,TPC,
2026-09-14,TPE,15.822784810126583
2026-09-14,TPF,28.48101265822785
2026-09-14,TPJ,91.40378548895899
2026-09-14,TPL,3.1645569620253164
2026-09-14,TPO,
2026-09-14,TPP,
2026-09-14,TPR,
2026-09-14,TPV,
2026-09-14,TPZ,67.83439490445859
2026-09-14,TRJ,87.9746835443038
2026-09-14,TRN,
2026-09-14,TRO,44.85294117647059
2026-09-14,TRR,93.61198738170347
2026-09-14,TRU,51.27388535031847
2026-09-14,TSI,67.72151898734177
2026-09-14,TSP,
2026-09-14,TTA,34.55882352941176
2026-09-14,TTE,14.726027397260275
2026-09-14,TTL,66.9558359621451
2026-09-14,TTP,67.27129337539432
2026-09-14,TTS,
2026-09-14,TTV,39.19558359621451
2026-09-14,TTZ,
2026-09-14,TUA,53.67647058823529
2026-09-14,TVE,12.420382165605096
2026-09-14,TVN,99.18032786885246
2026-09-14,TYH,15.41095890410959
2026-09-14,TZC,41.2751677852349
2026-09-14,TZD,62.671232876712324
2026-09-14,TZH,
2026-09-14,TZL,64.33333333333333
2026-09-14,TZP,
2026-09-14,TZT,38.607594936708864
2026-09-14,TZV,80.37974683544303
2026-09-14,UAB,
2026-09-14,UAP,
2026-09-14,UCN,
2026-09-14,UCP,3.0
2026-09-14,UFH,
2026-09-14,UHL,
2026-09-14,UHS,77.20820189274448
2026-09-14,ULH,16.95583596214511
2026-09-14,ULL,
2026-09-14,UNT,87.14511041009465
2026-09-14,UP1,81.61764705882352
2026-09-14,UP2,59.0
2026-09-14,UPD,31.46687697160883
2026-09-14,UPH,40.06849315068493
2026-09-14,UPP,48.333333333333336
2026-09-14,UPS,
2026-09-14,URA,2.348993288590604
2026-09-14,URC,51.34069400630915
2026-09-14,URD,50.63694267515923
2026-09-14,URG,
2026-09-14,URM,
2026-09-14,URS,
2026-09-14,URV,
2026-09-14,USS,
2026-09-14,UST,
2026-09-14,USY,69.4794952681388
2026-09-14,UYH,80.5205047318612
2026-09-14,UZY,91.8769716088328
2026-09-14,VAY,63.35616438356164
2026-09-14,VCD,77.52365930599369
2026-09-14,VCG,87.77602523659306
2026-09-14,VCY,35.23489932885906
2026-09-14,VFK,94.5859872611465
2026-09-14,VFO,
2026-09-14,VFS,
2026-09-14,VHK,
2026-09-14,VHS,58.28025477707006
2026-09-14,VK6,75.0
2026-09-14,VKI,69.7452229299363
2026-09-14,VKK,99.04458598726114
2026-09-14,VKR,
2026-09-14,VKT,93.0379746835443
2026-09-14,VKV,93.94904458598727
2026-09-14,VLT,58.08823529411765
2026-09-14,VMV,89.51104100946372
2026-09-14,VNK,22.79179810725552
2026-09-14,VPA,11.0
2026-09-14,VPD,
2026-09-14,VPE,
2026-09-14,VPH,
2026-09-14,VPP,84.30599369085174
2026-09-14,VPS,11.119873817034701
2026-09-14,VRK,49.36305732484077
2026-09-14,VTF,
2026-09-14,VTL,98.40764331210191
2026-09-14,YA1,95.18927444794953
2026-09-14,YAC,
2026-09-14,YAE,36.075949367088604
2026-09-14,YAK,93.75
2026-09-14,YAN,
2026-09-14,YAR,
2026-09-14,YAS,73.63013698630137
2026-09-14,YAY,16.78082191780822
2026-09-14,YBE,6.962025316455696
2026-09-14,YBH,25.31545741324921
2026-09-14,YBJ,
2026-09-14,YBP,71.47651006711409
2026-09-14,YBR,81.46687697160884
2026-09-14,YBS,74.0506329113924
2026-09-14,YCG,
2026-09-14,YCH,
2026-09-14,YCK,35.41009463722398
2026-09-14,YCL,30.36277602523659
2026-09-14,YCP,37.46056782334385
2026-09-14,YCY,
2026-09-14,YDH,
2026-09-14,YDI,49.65753424657534
2026-09-14,YDK,56.32911392405063
2026-09-14,YDL,
2026-09-14,YDM,
2026-09-14,YDP,88.9261744966443
2026-09-14,YDZ,70.11041009463722
2026-09-14,YEF,97.6027397260274
2026-09-14,YFV,54.45859872611465
2026-09-14,YGM,83.2018927444795
2026-09-14,YHB,34.58904109589041
2026-09-14,YHI,46.29337539432177
2026-09-14,YHK,50.0
2026-09-14,YHP,
2026-09-14,YHS,39.38356164383562
2026-09-14,YHT,95.56962025316456
2026-09-14,YHY,7.018927444794952
2026-09-14,YHZ,33.21917808219178
2026-09-14,YIK,11.666666666666666
2026-09-14,YIS,
2026-09-14,YIT,
2026-09-14,YIV,
2026-09-14,YJA,
2026-09-14,YJH,16.44295302013423
2026-09-14,YJK,
2026-09-14,YJU,
2026-09-14,YJY,83.83280757097792
2026-09-14,YKS,96.60883280757098
2026-09-14,YKT,12.5
2026-09-14,YLB,33.666666666666664
2026-09-14,YLC,29.86577181208054
2026-09-14,YLE,81.84931506849315
2026-09-14,YLO,27.181208053691275
2026-09-14,YLR,
2026-09-14,YLY,89.38356164383562
2026-09-14,YLZ,
2026-09-14,YMD,66.32492113564669
2026-09-14,YMH,73.10725552050474
2026-09-14,YMP,83.66666666666667
2026-09-14,YNF,
2026-09-14,YNK,41.5615141955836
2026-09-14,YNL,
2026-09-14,YOA,10.759493670886076
2026-09-14,YOS,55.283911671924294
2026-09-14,YOT,41.139240506329116
2026-09-14,YOZ,73.73817034700315
2026-09-14,YP1,
2026-09-14,YP2,
2026-09-14,YP4,78.62776025236593
2026-09-14,YPC,92.9530201342282
2026-09-14,YPD,
2026-09-14,YPF,86.5141955835962
2026-09-14,YPI,24.526813880126184
2026-09-14,YPK,77.83911671924291
2026-09-14,YPL,39.98422712933754
2026-09-14,YPN,69.79495268138801
2026-09-14,YPP,
2026-09-14,YPR,84.58904109589042
2026-09-14,YPT,18.333333333333332
2026-09-14,YPU,58.43848580441641
2026-09-14,YPV,
2026-09-14,YRZ,42.19242902208202
2026-09-14,YSA,40.457413249211356
2026-09-14,YSH,45.302013422818796
2026-09-14,YSL,15.605095541401273
2026-09-14,YSO,79.10094637223975
2026-09-14,YSU,91.61073825503355
2026-09-14,YTD,
2026-09-14,YTJ,
2026-09-14,YTO,
2026-09-14,YTR,
2026-09-14,YTV,74.16107382550335
2026-09-14,YTY,63.801261829653
2026-09-14,YUB,49.290220820189276
2026-09-14,YUD,
2026-09-14,YUI,
2026-09-14,YUK,42.66561514195584
2026-09-14,YUN,89.98422712933754
2026-09-14,YUY,
2026-09-14,YVB,31.0126582278481
2026-09-14,YVD,55.00000000000001
2026-09-14,YVF,
2026-09-14,YVG,47.2397476340694
2026-09-14,YVO,
2026-09-14,YVS,
2026-09-14,YZC,74.83221476510067
2026-09-14,YZF,
2026-09-14,YZG,
2026-09-14,YZH,20.205479452054796
2026-09-14,YZK,25.78864353312303
2026-09-14,YZL,63.17034700315457
2026-09-14,YZT,49.328859060402685
2026-09-14,ZA2,75.66666666666667
2026-09-14,ZAD,9.235668789808917
2026-09-14,ZAV,33.83280757097792
2026-09-14,ZAY,17.0
2026-09-14,ZBD,59.395973154362416
2026-09-14,ZBI,78.6624203821656
2026-09-14,ZBJ,72.33333333333334
2026-09-14,ZBN,22.318611987381704
2026-09-14,ZBO,86.198738170347
2026-09-14,ZBZ,
2026-09-14,ZCA,
2026-09-14,ZCB,
2026-09-14,ZCC,
2026-09-14,ZCD,90.44117647058823
2026-09-14,ZCE,
2026-09-14,ZCG,82.41324921135646
2026-09-14,ZCH,
2026-09-14,ZCK,57.00636942675159
2026-09-14,ZCN,77.8688524590164
2026-09-14,ZDD,80.87248322147651
2026-09-14,ZDK,
2026-09-14,ZDZ,23.154362416107382
2026-09-14,ZFB,15.771812080536913
2026-09-14,ZHH,90.06849315068493
2026-09-14,ZIH,8.389261744966444
2026-09-14,ZJB,23.895899053627762
2026-09-14,ZJH,
2026-09-14,ZJI,22.634069400630917
2026-09-14,ZJL,53.082191780821915
2026-09-14,ZJT,
2026-09-14,ZJV,50.34246575342466
2026-09-14,ZK1,34.71337579617834
2026-09-14,ZK2,13.05732484076433
2026-09-14,ZLB,55.4416403785489
2026-09-14,ZLG,
2026-09-14,ZLH,48.28767123287671
2026-09-14,ZMT,58.91167192429022
2026-09-14,ZMU,66.6403785488959
2026-09-14,ZMY,13.758389261744966
2026-09-14,ZOS,38.09148264984227
2026-09-14,ZP1,
2026-09-14,ZP2,
2026-09-14,ZP3,
2026-09-14,ZP6,25.159235668789808
2026-09-14,ZP7,
2026-09-14,ZP8,22.333333333333332
2026-09-14,ZP9,24.522292993630572
2026-09-14,ZPA,89.82649842271293
2026-09-14,ZPC,35.24590163934426
2026-09-14,ZPE,73.56687898089172
2026-09-14,ZPF,37.898089171974526
2026-09-14,ZPG,76.75159235668791
2026-09-14,ZPH,16.333333333333332
2026-09-14,ZPJ,13.694267515923567
2026-09-14,ZPK,92.03821656050955
2026-09-14,ZPN,
2026-09-14,ZPO,35.0
2026-09-14,ZPR,42.333333333333336
2026-09-14,ZR2,
2026-09-14,ZR3,9.542586750788644
2026-09-14,ZSB,82.88643533123027
2026-09-14,ZSF,75.68493150684932
2026-09-14,ZSG,53.278688524590166
2026-09-14,ZSN,
2026-09-14,ZTF,
2026-09-14,ZTG,74.59016393442623
2026-09-14,ZTV,64.72602739726028
2026-09-14,ZUD,
2026-09-14,ZUE,
2026-09-14,ZUS,59.70031545741325
2026-09-14,ZVB,80.04731861198738
2026-09-14,ZVO,61.90851735015773
2026-09-14,ZYC,
2026-09-14,ZYD,
2026-09-14,ZZL,74.21135646687698
2026-09-14,DP6,36.67192429022082
2026-09-14,ZJR,
2026-09-14,DKY,16.798107255520506
2026-09-15,AAL,48.70967741935484
2026-09-15,AAS,51.12359550561798
2026-09-15,AAV,84.33333333333334
2026-09-15,ABG,80.41795665634675
2026-09-15,ABJ,
2026-09-15,ABU,90.49079754601227
2026-09-15,AC1,80.3125
2026-09-15,AC2,32.43034055727554
2026-09-15,AC3,30.572755417956653
2026-09-15,AC4,88.70967741935483
2026-09-15,AC5,92.3374613003096
2026-09-15,AC6,63.54489164086687
2026-09-15,AC7,14.473684210526317
2026-09-15,AC8,18.962848297213622
2026-09-15,ACC,33.666666666666664
2026-09-15,ACD,81.28834355828221
2026-09-15,ACN,44.50464396284829
2026-09-15,ACU,88.46749226006192
2026-09-15,ADE,46.93251533742331
2026-09-15,ADP,53.0
2026-09-15,AED,61.04294478527608
2026-09-15,AES,87.07865168539325
2026-09-15,AEV,
2026-09-15,AFA,72.33333333333334
2026-09-15,AFO,28.47222222222222
2026-09-15,AFS,83.0
2026-09-15,AFT,7.000000000000001
2026-09-15,AFV,43.666666666666664
2026-09-15,AGC,70.85889570552148
2026-09-15,AHH,93.42105263157895
2026-09-15,AHI,34.333333333333336
2026-09-15,AHN,36.919504643962846
2026-09-15,AHU,17.088607594936708
2026-09-15,AHV,89.32584269662921
2026-09-15,AHZ,94.9438202247191
2026-09-15,AI1,96.05263157894737
2026-09-15,AIH,
2026-09-15,AII,
2026-09-15,AIM,
2026-09-15,AIR,
2026-09-15,AIS,77.74193548387098
2026-09-15,AJ1,67.87925696594426
2026-09-15,AJE,70.97523219814241
2026-09-15,AJK,83.97832817337462
2026-09-15,AJL,63.854489164086694
2026-09-15,AJN,56.11455108359134
2026-09-15,AK2,42.405063291139236
2026-09-15,AK3,44.333333333333336
2026-09-15,AKE,12.025316455696203
2026-09-15,AKU,91.0
2026-09-15,AL4,77.1875
2026-09-15,AL5,43.4375
2026-09-15,AL6,72.8125
2026-09-15,AL7,84.6875
2026-09-15,ALC,68.33333333333333
2026-09-15,ALE,71.29032258064515
2026-09-15,AN1,92.33128834355828
2026-09-15,ANL,95.16129032258065
2026-09-15,ANZ,41.71826625386997
2026-09-15,AOJ,48.21981424148607
2026-09-15,AOY,6.333333333333334
2026-09-15,AP2,45.12383900928793
2026-09-15,AP4,6.114551083591331
2026-09-15,AP5,
2026-09-15,AP6,24.305555555555554
2026-09-15,AP7,73.60681114551083
2026-09-15,APJ,25.280898876404496
2026-09-15,APP,
2026-09-15,APT,44.936708860759495
2026-09-15,ARE,85.66666666666667
2026-09-15,ARF,
2026-09-15,ARL,36.51685393258427
2026-09-15,ARM,10.674157303370785
2026-09-15,ARP,
2026-09-15,AS1,
2026-09-15,AS3,15.092879256965944
2026-09-15,ASJ,55.00000000000001
2026-09-15,ATJ,
2026-09-15,AU1,81.25
2026-09-15,AUV,16.640866873065015
2026-09-15,AVC,9.98452012383901
2026-09-15,AVT,93.0379746835443
2026-09-15,AVZ,
2026-09-15,AY6,39.55108359133127
2026-09-15,AY7,77.32198142414862
2026-09-15,AYA,25.0
2026-09-15,AYR,60.12658227848101
2026-09-15,AZF,
2026-09-15,AZJ,94.81424148606811
2026-09-15,AZV,
2026-09-15,AZZ,
2026-09-15,BA1,86.60990712074303
2026-09-15,BAC,1.0061919504643964
2026-09-15,BAG,64.11042944785275
2026-09-15,BAI,10.416666666666668
2026-09-15,BAL,
2026-09-15,BAO,
2026-09-15,BAS,
2026-09-15,BBF,72.78481012658227
2026-09-15,BBI,
2026-09-15,BBN,17.105263157894736
2026-09-15,BBO,
2026-09-15,BBP,95.56962025316456
2026-09-15,BBS,97.91021671826626
2026-09-15,BCC,
2026-09-15,BCK,62.88343558282209
2026-09-15,BCO,79.0625
2026-09-15,BDA,19.0625
2026-09-15,BDC,27.167182662538696
2026-09-15,BDI,14.318885448916408
2026-09-15,BDO,0.38699690402476783
2026-09-15,BDS,1.0
2026-09-15,BDY,79.0
2026-09-15,BFE,62.35955056179775
2026-09-15,BFO,
2026-09-15,BFS,81.46067415730337
2026-09-15,BFT,37.0
2026-09-15,BGH,
2026-09-15,BGP,59.03225806451613
2026-09-15,BGR,19.666666666666664
2026-09-15,BHA,81.0
2026-09-15,BHE,35.681114551083596
2026-09-15,BHF,34.66257668711656
2026-09-15,BHH,18.4984520123839
2026-09-15,BHI,95.12383900928792
2026-09-15,BHL,26.393188854489164
2026-09-15,BHN,18.808049535603715
2026-09-15,BHO,
2026-09-15,BI5,
2026-09-15,BIA,30.727554179566564
2026-09-15,BID,21.0
2026-09-15,BIG,71.0
2026-09-15,BIH,91.66666666666666
2026-09-15,BIK,5.65015479876161
2026-09-15,BIO,27.0
2026-09-15,BIP,59.67741935483871
2026-09-15,BIS,91.71826625386997
2026-09-15,BIY,33.0
2026-09-15,BJD,49.922600619195045
2026-09-15,BKO,
2026-09-15,BKY,71.5625
2026-09-15,BLA,6.424148606811146
2026-09-15,BLD,92.80185758513932
2026-09-15,BLT,64.58333333333334
2026-09-15,BMU,15.712074303405574
2026-09-15,BNC,89.70588235294117
2026-09-15,BNH,53.79256965944273
2026-09-15,BOH,7.043343653250774
2026-09-15,BOL,55.06329113924051
2026-09-15,BON,80.37974683544303
2026-09-15,BOP,61.06811145510835
2026-09-15,BOS,0.6944444444444444
2026-09-15,BP5,14.009287925696595
2026-09-15,BPD,95.89783281733746
2026-09-15,BPV,
2026-09-15,BPZ,99.03225806451613
2026-09-15,BRB,29.024767801857585
2026-09-15,BRC,69.27244582043343
2026-09-15,BRF,43.258426966292134
2026-09-15,BRG,86.7741935483871
2026-09-15,BRH,7.817337461300309
2026-09-15,BRR,85.44303797468355
2026-09-15,BRT,10.448916408668731
2026-09-15,BRZ,
2026-09-15,BS1,87.69349845201239
2026-09-15,BSA,
2026-09-15,BSC,82.27554179566563
2026-09-15,BSD,36.76470588235294
2026-09-15,BSE,5.185758513931889
2026-09-15,BSF,
2026-09-15,BSH,
2026-09-15,BSM,99.92260061919505
2026-09-15,BSN,1.9349845201238391
2026-09-15,BST,26.238390092879254
2026-09-15,BTE,44.47852760736196
2026-09-15,BTJ,75.61919504643963
2026-09-15,BTK,24.6875
2026-09-15,BTP,20.967741935483872
2026-09-15,BTY,
2026-09-15,BTZ,
2026-09-15,BUB,47.752808988764045
2026-09-15,BUC,
2026-09-15,BUP,
2026-09-15,BUT,
2026-09-15,BUV,8.281733746130032
2026-09-15,BUY,5.0
2026-09-15,BV1,53.666666666666664
2026-09-15,BVB,
2026-09-15,BVC,
2026-09-15,BVD,18.098159509202453
2026-09-15,BVF,92.58064516129032
2026-09-15,BVH,43.11145510835913
2026-09-15,BVI,31.037151702786375
2026-09-15,BVK,
2026-09-15,BVM,51.62538699690402
2026-09-15,BVT,74.07120743034056
2026-09-15,BVV,10.736196319018406
2026-09-15,BVZ,98.52941176470588
2026-09-15,BYZ,72.52321981424149
2026-09-15,CAH,8.126934984520123
2026-09-15,CBD,3.018575851393189
2026-09-15,CBN,
2026-09-15,CBO,
2026-09-15,CEY,
2026-09-15,CFO,69.35483870967742
2026-09-15,CGD,
2026-09-15,CHY,15.402476780185758
2026-09-15,CIN,23.142414860681114
2026-09-15,CJD,68.65325077399382
2026-09-15,CJF,
2026-09-15,CJG,
2026-09-15,CJH,47.60061919504644
2026-09-15,CKF,52.1875
2026-09-15,CKL,72.08588957055214
2026-09-15,CKS,53.43750000000001
2026-09-15,COT,20.356037151702786
2026-09-15,CPT,12.576687116564417
2026-09-15,CPU,22.8125
2026-09-15,CRL,
2026-09-15,CSD,
2026-09-15,CSH,0.696594427244582
2026-09-15,CTF,
2026-09-15,CTG,
2026-09-15,CTM,
2026-09-15,CTP,
2026-09-15,CTV,
2026-09-15,CVA,
2026-09-15,CVB,
2026-09-15,CVC,
2026-09-15,CVD,
2026-09-15,CVE,
2026-09-15,CVF,
2026-09-15,CVK,54.6875
2026-09-15,CVL,90.3125
2026-09-15,CYD,61.22291021671826
2026-09-15,DA1,
2026-09-15,DAC,
2026-09-15,DAE,
2026-09-15,DAH,54.333333333333336
2026-09-15,DAI,
2026-09-15,DAL,
2026-09-15,DAP,86.12903225806451
2026-09-15,DAS,68.18885448916409
2026-09-15,DAT,
2026-09-15,DAV,45.433436532507734
2026-09-15,DAZ,
2026-09-15,DB2,
2026-09-15,DBA,49.30555555555556
2026-09-15,DBB,47.46835443037975
2026-09-15,DBG,
2026-09-15,DBH,13.291139240506327
2026-09-15,DBK,96.83544303797468
2026-09-15,DBP,75.15337423312883
2026-09-15,DBZ,46.20253164556962
2026-09-15,DCB,37.096774193548384
2026-09-15,DCD,
2026-09-15,DCE,
2026-09-15,DCN,31.290322580645164
2026-09-15,DCP,
2026-09-15,DCV,56.57894736842105
2026-09-15,DDA,61.8421052631579
2026-09-15,DDC,6.888544891640867
2026-09-15,DDE,
2026-09-15,DDF,47.44582043343653
2026-09-15,DDP,
2026-09-15,DEF,61.37770897832817
2026-09-15,DEH,46.33333333333333
2026-09-15,DEI,
2026-09-15,DFC,58.58895705521472
2026-09-15,DFD,75.92879256965944
2026-09-15,DFI,90.47987616099071
2026-09-15,DFO,
2026-09-15,DGF,99.69325153374233
2026-09-15,DGH,40.96774193548387
2026-09-15,DHI,3.48297213622291
2026-09-15,DHJ,5.666666666666666
2026-09-15,DHM,27.52808988764045
2026-09-15,DHP,
2026-09-15,DHS,
2026-09-15,DHT,4.601226993865031
2026-09-15,DHV,27.941176470588236
2026-09-15,DID,41.41104294478527
2026-09-15,DIH,64.93808049535603
2026-09-15,DIM,
2026-09-15,DIP,26.129032258064516
2026-09-15,DK1,64.0625
2026-09-15,DK8,70.04643962848297
2026-09-15,DKA,49.45820433436533
2026-09-15,DKC,63.23529411764706
2026-09-15,DKH,25.937500000000004
2026-09-15,DKL,55.93749999999999
2026-09-15,DKP,52.399380804953566
2026-09-15,DKR,53.1733746130031
2026-09-15,DKS,
2026-09-15,DL2,44.193548387096776
2026-09-15,DLD,77.0
2026-09-15,DLG,
2026-09-15,DLN,96.36222910216719
2026-09-15,DLY,47.41935483870968
2026-09-15,DLZ,65.09287925696594
2026-09-15,DMG,9.550561797752808
2026-09-15,DMI,
2026-09-15,DMV,
2026-09-15,DMZ,
2026-09-15,DNA,
2026-09-15,DNF,91.57303370786516
2026-09-15,DNH,34.28792569659443
2026-09-15,DNK,10.3125
2026-09-15,DNL,
2026-09-15,DNM,53.94736842105263
2026-09-15,DNP,51.935483870967744
2026-09-15,DNU,59.6749226006192
2026-09-15,DOC,45.588235294117645
2026-09-15,DOD,55.4953560371517
2026-09-15,DOH,99.14860681114551
2026-09-15,DOL,69.11764705882352
2026-09-15,DOR,
2026-09-15,DOS,
2026-09-15,DOV,40.015479876160995
2026-09-15,DP1,
2026-09-15,DP2,60.913312693498455
2026-09-15,DP3,
2026-09-15,DP4,
2026-09-15,DP5,
2026-09-15,DP7,
2026-09-15,DP8,90.97222222222221
2026-09-15,DP9,33.6687306501548
2026-09-15,DPB,44.040247678018574
2026-09-15,DPC,
2026-09-15,DPE,
2026-09-15,DPG,
2026-09-15,DPI,84.75232198142415
2026-09-15,DPK,85.9375
2026-09-15,DPL,
2026-09-15,DPN,
2026-09-15,DPP,
2026-09-15,DPT,99.0
2026-09-15,DPZ,
2026-09-15,DRA,13.854489164086687
2026-09-15,DRD,28.560371517027868
2026-09-15,DRH,12.15170278637771
2026-09-15,DRT,24.233128834355828
2026-09-15,DSC,
2026-09-15,DSD,39.08668730650155
2026-09-15,DSH,99.61300309597523
2026-09-15,DSP,75.84269662921348
2026-09-15,DSV,11.996904024767801
2026-09-15,DTH,3.0
2026-09-15,DTL,31.0
2026-09-15,DTM,84.96932515337423
2026-09-15,DTO,65.55727554179566
2026-09-15,DTP,
2026-09-15,DTV,
2026-09-15,DTZ,35.2760736196319
2026-09-15,DUC,
2026-09-15,DUD,32.73993808049536
2026-09-15,DUH,20.046439628482972
2026-09-15,DUT,57.6625386996904
2026-09-15,DUV,14.556962025316455
2026-09-15,DVC,
2026-09-15,DVI,
2026-09-15,DVN,
2026-09-15,DVO,
2026-09-15,DVS,98.06501547987617
2026-09-15,DVT,59.20245398773007
2026-09-15,DVU,
2026-09-15,DVZ,
2026-09-15,DXP,35.0
2026-09-15,DYJ,22.21362229102167
2026-09-15,DYN,48.15950920245399
2026-09-15,DYS,94.3498452012384
2026-09-15,DZ2,
2026-09-15,DZE,57.666666666666664
2026-09-15,DZM,41.873065015479874
2026-09-15,DZP,
2026-09-15,DZS,96.9814241486068
2026-09-15,EBD,53.68098159509203
2026-09-15,EBI,32.89473684210527
2026-09-15,EBS,54.10216718266254
2026-09-15,EC2,79.66666666666666
2026-09-15,ECA,88.03680981595092
2026-09-15,ECB,48.064516129032256
2026-09-15,ECV,86.70886075949366
2026-09-15,EDD,95.39877300613497
2026-09-15,EDN,91.1042944785276
2026-09-15,EDP,73.22580645161291
2026-09-15,EDT,92.49226006191951
2026-09-15,EDU,78.83435582822086
2026-09-15,EES,
2026-09-15,EGP,59.98452012383901
2026-09-15,EGR,72.69938650306749
2026-09-15,EHS,
2026-09-15,EIB,76.38036809815951
2026-09-15,EID,67.66666666666666
2026-09-15,EIL,82.9032258064516
2026-09-15,EJG,
2026-09-15,EKF,62.18749999999999
2026-09-15,EKL,5.483870967741936
2026-09-15,ELZ,30.312499999999996
2026-09-15,EME,24.071207430340557
2026-09-15,EML,27.300613496932513
2026-09-15,ENA,96.62576687116564
2026-09-15,ENJ,59.0
2026-09-15,ENO,95.43343653250774
2026-09-15,ENR,96.45161290322581
2026-09-15,ENS,69.01840490797547
2026-09-15,EP1,13.225806451612904
2026-09-15,EPA,61.61290322580645
2026-09-15,EPI,6.5625
2026-09-15,EPK,2.083333333333333
2026-09-15,EPO,
2026-09-15,EPP,56.451612903225815
2026-09-15,EPT,79.03225806451613
2026-09-15,ESG,74.38080495356037
2026-09-15,ESN,74.53560371517027
2026-09-15,ESP,3.3281733746130033
2026-09-15,ETN,93.55828220858896
2026-09-15,EUN,25.15479876160991
2026-09-15,EUZ,55.650154798761605
2026-09-15,EVM,61.65644171779141
2026-09-15,EYT,41.01123595505618
2026-09-15,EZM,
2026-09-15,FAK,4.861111111111112
2026-09-15,FAL,25.694444444444443
2026-09-15,FBC,3.4375000000000004
2026-09-15,FBI,87.22910216718266
2026-09-15,FBN,85.06191950464397
2026-09-15,FBV,20.510835913312693
2026-09-15,FBZ,42.95665634674923
2026-09-15,FCK,22.1875
2026-09-15,FCS,90.78947368421053
2026-09-15,FD1,65.33742331288343
2026-09-15,FDE,48.68421052631579
2026-09-15,FDG,42.02453987730061
2026-09-15,FDO,
2026-09-15,FDV,
2026-09-15,FDZ,17.569659442724458
2026-09-15,FFD,45.483870967741936
2026-09-15,FFF,
2026-09-15,FFH,64.6875
2026-09-15,FFO,
2026-09-15,FFP,45.50561797752809
2026-09-15,FHI,
2026-09-15,FHP,36.45161290322581
2026-09-15,FHZ,
2026-09-15,FI3,31.0126582278481
2026-09-15,FI5,64.19354838709678
2026-09-15,FIB,14.583333333333334
2026-09-15,FID,56.74846625766872
2026-09-15,FIL,88.06451612903226
2026-09-15,FIT,23.417721518987342
2026-09-15,FJB,26.857585139318886
2026-09-15,FJC,78.40557275541795
2026-09-15,FJM,70.5108359133127
2026-09-15,FJN,73.45201238390094
2026-09-15,FJZ,25.928792569659443
2026-09-15,FKE,42.027863777089784
2026-09-15,FKV,46.05263157894737
2026-09-15,FLS,52.70897832817337
2026-09-15,FLY,2.147239263803681
2026-09-15,FMG,16.486068111455108
2026-09-15,FMS,
2026-09-15,FMV,94.04024767801857
2026-09-15,FNO,50.0
2026-09-15,FNT,10.139318885448917
2026-09-15,FP4,4.411764705882353
2026-09-15,FPE,9.49367088607595
2026-09-15,FPG,22.8328173374613
2026-09-15,FPH,73.66666666666667
2026-09-15,FPI,34.516129032258064
2026-09-15,FPK,33.54430379746836
2026-09-15,FPR,41.09907120743034
2026-09-15,FPZ,84.13312693498453
2026-09-15,FR1,21.594427244582043
2026-09-15,FRA,
2026-09-15,FRC,33.51393188854489
2026-09-15,FRZ,
2026-09-15,FS1,14.628482972136222
2026-09-15,FS2,49.303405572755416
2026-09-15,FS3,2.8125
2026-09-15,FS4,1.4705882352941175
2026-09-15,FS5,61.99690402476781
2026-09-15,FS6,99.76780185758514
2026-09-15,FSF,57.096774193548384
2026-09-15,FSG,42.64705882352941
2026-09-15,FSH,23.03370786516854
2026-09-15,FSK,75.16129032258064
2026-09-15,FSM,8.746130030959751
2026-09-15,FSP,
2026-09-15,FSR,66.64086687306502
2026-09-15,FSU,97.19101123595506
2026-09-15,FSV,28.71517027863777
2026-09-15,FTL,24.838709677419356
2026-09-15,FTY,51.470588235294116
2026-09-15,FUA,14.333333333333334
2026-09-15,FUB,4.430379746835443
2026-09-15,FUM,
2026-09-15,FUN,89.39628482972137
2026-09-15,FUP,
2026-09-15,FVL,88.312693498452
2026-09-15,FYA,27.78637770897833
2026-09-15,FYB,
2026-09-15,FYD,41.66666666666667
2026-09-15,FYF,44.969040247678016
2026-09-15,FYG,
2026-09-15,FYH,19.427244582043343
2026-09-15,FYI,97.13622291021672
2026-09-15,FYM,60.13931888544891
2026-09-15,FYO,51.26582278481012
2026-09-15,FYT,98.10126582278481
2026-09-15,FYZ,
2026-09-15,FZJ,55.61797752808989
2026-09-15,FZP,65.40247678018576
2026-09-15,GA1,38.607594936708864
2026-09-15,GAC,
2026-09-15,GAE,93.0
2026-09-15,GAF,45.0
2026-09-15,GAG,75.46439628482973
2026-09-15,GAH,60.42944785276073
2026-09-15,GAJ,
2026-09-15,GAL,41.612903225806456
2026-09-15,GAN,22.058823529411764
2026-09-15,GAS,75.15479876160991
2026-09-15,GAU,
2026-09-15,GAV,
2026-09-15,GBC,52.33333333333333
2026-09-15,GBG,74.33333333333333
2026-09-15,GBH,56.26934984520123
2026-09-15,GBJ,60.758513931888544
2026-09-15,GBL,77.84810126582279
2026-09-15,GBN,80.88235294117648
2026-09-15,GBP,
2026-09-15,GBV,26.07361963190184
2026-09-15,GBZ,37.640449438202246
2026-09-15,GCA,
2026-09-15,GCC,
2026-09-15,GCD,33.204334365325074
2026-09-15,GCI,
2026-09-15,GCZ,
2026-09-15,GDJ,
2026-09-15,GDP,
2026-09-15,GEC,
2026-09-15,GEI,0.8513931888544891
2026-09-15,GEZ,
2026-09-15,GFB,
2026-09-15,GFD,
2026-09-15,GFI,
2026-09-15,GFL,
2026-09-15,GFN,
2026-09-15,GFY,
2026-09-15,GGA,
2026-09-15,GGC,
2026-09-15,GGD,
2026-09-15,GGK,50.69444444444444
2026-09-15,GGM,
2026-09-15,GGN,
2026-09-15,GGP,
2026-09-15,GGR,
2026-09-15,GHS,27.666666666666668
2026-09-15,GID,7.666666666666666
2026-09-15,GIE,88.33333333333333
2026-09-15,GIH,
2026-09-15,GJA,
2026-09-15,GJB,17.415730337078653
2026-09-15,GJD,
2026-09-15,GJE,
2026-09-15,GJF,
2026-09-15,GJH,10.0
2026-09-15,GJM,47.910216718266255
2026-09-15,GJO,
2026-09-15,GKF,13.4375
2026-09-15,GKG,98.33333333333333
2026-09-15,GKH,26.7741935483871
2026-09-15,GKK,
2026-09-15,GKL,
2026-09-15,GKM,68.80804953560371
2026-09-15,GKV,17.1875
2026-09-15,GL1,61.66666666666667
2026-09-15,GLC,30.89887640449438
2026-09-15,GLG,35.21671826625387
2026-09-15,GLL,
2026-09-15,GLM,
2026-09-15,GLP,
2026-09-15,GLS,97.8125
2026-09-15,GLV,31.656346749226007
2026-09-15,GMA,83.12883435582822
2026-09-15,GMC,1.6853932584269662
2026-09-15,GMD,72.47191011235955
2026-09-15,GME,
2026-09-15,GMI,12.461300309597522
2026-09-15,GMM,67.72445820433437
2026-09-15,GMN,66.12903225806451
2026-09-15,GMO,
2026-09-15,GMP,
2026-09-15,GMR,13.666666666666666
2026-09-15,GMZ,
2026-09-15,GNH,
2026-09-15,GNK,
2026-09-15,GNL,
2026-09-15,GNP,35.16129032258065
2026-09-15,GNS,45.666666666666664
2026-09-15,GNZ,
2026-09-15,GO1,79.21348314606742
2026-09-15,GO3,12.921348314606742
2026-09-15,GO4,34.26966292134831
2026-09-15,GO6,97.09677419354838
2026-09-15,GO9,38.333333333333336
2026-09-15,GOF,48.83900928792569
2026-09-15,GOH,19.0
2026-09-15,GOK,65.9375
2026-09-15,GOL,27.083333333333332
2026-09-15,GOP,70.64516129032258
2026-09-15,GP1,
2026-09-15,GP3,31.346749226006192
2026-09-15,GPA,8.227848101265822
2026-09-15,GPB,88.65030674846625
2026-09-15,GPC,34.13312693498452
2026-09-15,GPF,24.0625
2026-09-15,GPG,8.895705521472392
2026-09-15,GPH,
2026-09-15,GPI,62.26993865030674
2026-09-15,GPJ,
2026-09-15,GPL,77.94117647058823
2026-09-15,GPM,
2026-09-15,GPN,46.12903225806452
2026-09-15,GPT,24.846625766871167
2026-09-15,GPU,56.13496932515337
2026-09-15,GPV,
2026-09-15,GPZ,85.48387096774194
2026-09-15,GRL,20.20123839009288
2026-09-15,GRO,66.48606811145511
2026-09-15,GRT,9.0
2026-09-15,GSE,83.35913312693498
2026-09-15,GSG,
2026-09-15,GSL,
2026-09-15,GSO,
2026-09-15,GSP,78.33333333333333
2026-09-15,GSR,
2026-09-15,GTA,31.25
2026-09-15,GTF,32.278481012658226
2026-09-15,GTH,67.0
2026-09-15,GTK,
2026-09-15,GTL,53.2258064516129
2026-09-15,GTM,76.33333333333333
2026-09-15,GTN,
2026-09-15,GTY,37.22910216718267
2026-09-15,GTZ,2.8089887640449436
2026-09-15,GUA,
2026-09-15,GUB,52.53164556962025
2026-09-15,GUC,
2026-09-15,GUF,19.662921348314608
2026-09-15,GUH,32.33333333333333
2026-09-15,GUK,0.9375
2026-09-15,GUM,11.797752808988763
2026-09-15,GUV,24.68354430379747
2026-09-15,GVA,9.509202453987731
2026-09-15,GVB,
2026-09-15,GVC,
2026-09-15,GVD,
2026-09-15,GVI,18.53932584269663
2026-09-15,GVL,
2026-09-15,GVZ,
2026-09-15,GYC,
2026-09-15,GYG,
2026-09-15,GYK,67.72151898734177
2026-09-15,GYL,61.39240506329114
2026-09-15,GYN,
2026-09-15,GYR,
2026-09-15,GZB,
2026-09-15,GZD,
2026-09-15,GZE,71.74922600619195
2026-09-15,GZG,51.22699386503068
2026-09-15,GZH,5.828220858895705
2026-09-15,GZJ,33.146067415730336
2026-09-15,GZL,78.22085889570552
2026-09-15,GZM,99.30340557275542
2026-09-15,GZN,46.362229102167184
2026-09-15,GZO,
2026-09-15,GZP,74.71910112359551
2026-09-15,GZR,58.333333333333336
2026-09-15,GZU,
2026-09-15,GZV,42.13483146067416
2026-09-15,GZY,6.441717791411043
2026-09-15,GZZ,43.25153374233129
2026-09-15,HAE,78.71517027863777
2026-09-15,HAG,71.43962848297214
2026-09-15,HAI,15.972222222222221
2026-09-15,HAM,45.13888888888889
2026-09-15,HAR,65.24767801857585
2026-09-15,HAT,
2026-09-15,HB1,51.0061919504644
2026-09-15,HB2,44.349845201238395
2026-09-15,HBF,40.97222222222222
2026-09-15,HBJ,
2026-09-15,HBN,39.8876404494382
2026-09-15,HBU,89.0
2026-09-15,HBV,49.767801857585134
2026-09-15,HCV,1.5625
2026-09-15,HDA,66.95046439628483
2026-09-15,HDD,97.85276073619632
2026-09-15,HDE,32.27554179566564
2026-09-15,HDH,3.637770897832817
2026-09-15,HDJ,90.3250773993808
2026-09-15,HDK,48.9938080495356
2026-09-15,HDS,67.41486068111455
2026-09-15,HDV,66.02167182662538
2026-09-15,HEH,67.26006191950464
2026-09-15,HFA,
2026-09-15,HFI,39.0625
2026-09-15,HFO,
2026-09-15,HFR,3.6666666666666665
2026-09-15,HFV,38.77708978328173
2026-09-15,HFY,69.0625
2026-09-15,HGC,81.19195046439629
2026-09-15,HGH,
2026-09-15,HGJ,5.8049535603715166
2026-09-15,HGM,63.66666666666667
2026-09-15,HGR,60.29411764705882
2026-09-15,HGT,54.41176470588235
2026-09-15,HGU,
2026-09-15,HGV,24.38080495356037
2026-09-15,HIA,69.73684210526315
2026-09-15,HIF,17.260061919504643
2026-09-15,HIH,63.0
2026-09-15,HII,
2026-09-15,HIM,79.17956656346749
2026-09-15,HIP,75.80645161290323
2026-09-15,HIS,
2026-09-15,HIZ,55.52147239263804
2026-09-15,HJA,0.541795665634675
2026-09-15,HJB,67.79141104294479
2026-09-15,HKG,80.67484662576688
2026-09-15,HKH,23.4375
2026-09-15,HKJ,60.322580645161295
2026-09-15,HKM,9.055727554179567
2026-09-15,HKP,14.0625
2026-09-15,HKR,20.820433436532507
2026-09-15,HKV,87.9746835443038
2026-09-15,HLA,12.925696594427244
2026-09-15,HLL,89.35483870967742
2026-09-15,HLR,4.876160990712075
2026-09-15,HMC,
2026-09-15,HME,88.62229102167183
2026-09-15,HMG,72.67801857585138
2026-09-15,HMK,2.3993808049535605
2026-09-15,HML,55.3125
2026-09-15,HMS,47.66666666666667
2026-09-15,HMT,36.30030959752322
2026-09-15,HMV,35.371517027863774
2026-09-15,HNS,56.73374613003096
2026-09-15,HOA,5.214723926380368
2026-09-15,HOY,44.38202247191011
2026-09-15,HP3,83.82352941176471
2026-09-15,HPC,
2026-09-15,HPD,43.86503067484663
2026-09-15,HPF,1.1609907120743035
2026-09-15,HPH,15.806451612903224
2026-09-15,HPI,3.9473684210526314
2026-09-15,HPJ,
2026-09-15,HPL,9.674922600619196
2026-09-15,HPO,89.87730061349694
2026-09-15,HPT,79.11392405063292
2026-09-15,HPV,91.5625
2026-09-15,HPZ,
2026-09-15,HRZ,4.333333333333334
2026-09-15,HSA,32.82208588957055
2026-09-15,HSL,38.387096774193544
2026-09-15,HSP,24.53560371517028
2026-09-15,HST,37.34177215189873
2026-09-15,HTF,8.709677419354838
2026-09-15,HTJ,48.77300613496933
2026-09-15,HTK,0.5617977528089888
2026-09-15,HTS,67.36111111111111
2026-09-15,HTZ,8.436532507739939
2026-09-15,HUI,
2026-09-15,HUS,
2026-09-15,HVA,10.913312693498451
2026-09-15,HVB,4.721362229102167
2026-09-15,HVC,28.405572755417957
2026-09-15,HVI,81.66666666666667
2026-09-15,HVK,1.89873417721519
2026-09-15,HVL,
2026-09-15,HVN,
2026-09-15,HVS,37.666666666666664
2026-09-15,HVT,97.74193548387096
2026-09-15,HVU,79.4478527607362
2026-09-15,HVV,
2026-09-15,HVZ,60.333333333333336
2026-09-15,HYK,79.6439628482972
2026-09-15,HYP,97.60061919504643
2026-09-15,HYU,98.37461300309597
2026-09-15,HYV,55.80645161290323
2026-09-15,HYY,
2026-09-15,HZV,
2026-09-15,IAC,
2026-09-15,IAE,35.88957055214724
2026-09-15,IAI,
2026-09-15,IAJ,
2026-09-15,IAM,54.49438202247191
2026-09-15,IAR,24.226006191950464
2026-09-15,IAS,23.45201238390093
2026-09-15,IAT,89.0625
2026-09-15,IAU,62.306501547987615
2026-09-15,IAY,72.91666666666666
2026-09-15,IBB,68.40490797546013
2026-09-15,IBC,
2026-09-15,IBE,4.102167182662539
2026-09-15,IBG,66.79566563467493
2026-09-15,IBJ,42.18266253869969
2026-09-15,IBK,68.9873417721519
2026-09-15,IBM,47.75541795665635
2026-09-15,IBP,
2026-09-15,IBR,95.58823529411765
2026-09-15,ICA,39.58333333333333
2026-09-15,ICC,50.61349693251533
2026-09-15,ICD,89.2638036809816
2026-09-15,ICE,77.09677419354838
2026-09-15,ICF,69.0
2026-09-15,ICG,
2026-09-15,ICH,91.71779141104295
2026-09-15,ICM,8.064516129032258
2026-09-15,ICN,90.01547987616098
2026-09-15,ICS,50.232198142414866
2026-09-15,ICV,
2026-09-15,ICZ,17.666666666666668
2026-09-15,IDD,58.126934984520126
2026-09-15,IDF,77.1671826625387
2026-09-15,IDH,41.0
2026-09-15,IDI,87.0
2026-09-15,IDL,91.93548387096774
2026-09-15,IDO,61.68730650154799
2026-09-15,IDP,1.780185758513932
2026-09-15,IDV,
2026-09-15,IDY,21.165644171779142
2026-09-15,IED,73.92638036809815
2026-09-15,IEN,13.390092879256965
2026-09-15,IEV,13.803680981595093
2026-09-15,IEZ,
2026-09-15,IFD,
2026-09-15,IFN,
2026-09-15,IFV,84.17721518987342
2026-09-15,IFY,
2026-09-15,IGF,
2026-09-15,IGL,81.61290322580645
2026-09-15,IGM,
2026-09-15,IGZ,
2026-09-15,IH1,71.66666666666667
2026-09-15,IHA,
2026-09-15,IHC,50.38699690402477
2026-09-15,IHK,28.999999999999996
2026-09-15,IHP,18.343653250773993
2026-09-15,IHT,22.333333333333332
2026-09-15,IHV,16.021671826625386
2026-09-15,IHY,
2026-09-15,IHZ,
2026-09-15,IIA,4.256965944272446
2026-09-15,IIC,
2026-09-15,IIE,2.5541795665634677
2026-09-15,IIF,94.65944272445822
2026-09-15,IIH,55.666666666666664
2026-09-15,IIN,35.80645161290323
2026-09-15,IIS,5.030959752321981
2026-09-15,IJA,30.368098159509206
2026-09-15,IJB,68.75
2026-09-15,IJC,8.282208588957054
2026-09-15,IJE,
2026-09-15,IJF,
2026-09-15,IJH,70.2247191011236
2026-09-15,IJI,58.28173374613003
2026-09-15,IJK,
2026-09-15,IJL,51.16099071207431
2026-09-15,IJP,31.25
2026-09-15,IJT,87.38390092879257
2026-09-15,IJV,90.0
2026-09-15,IJZ,66.56441717791411
2026-09-15,IK2,77.63157894736842
2026-09-15,IKL,56.25
2026-09-15,IKP,6.25
2026-09-15,IKV,62.65822784810127
2026-09-15,ILC,74.84520123839009
2026-09-15,ILE,
2026-09-15,ILH,29.354838709677416
2026-09-15,ILI,89.08668730650155
2026-09-15,ILM,41.56346749226007
2026-09-15,ILP,
2026-09-15,ILU,
2026-09-15,ILZ,85.95505617977528
2026-09-15,IMB,
2026-09-15,IMF,38.46749226006192
2026-09-15,IMG,55.804953560371516
2026-09-15,IMH,
2026-09-15,IML,73.0
2026-09-15,IMO,
2026-09-15,IMS,
2026-09-15,IMT,
2026-09-15,IMY,
2026-09-15,IMZ,
2026-09-15,INH,33.43558282208589
2026-09-15,INV,
2026-09-15,INZ,79.3343653250774
2026-09-15,IOG,16.176470588235293
2026-09-15,IOH,47.136222910216716
2026-09-15,IOJ,76.54798761609906
2026-09-15,IOL,
2026-09-15,IOM,2.863777089783282
2026-09-15,ION,31.191950464396285
2026-09-15,IOO,93.2258064516129
2026-09-15,IOP,91.29032258064517
2026-09-15,IOT,
2026-09-15,IOV,
2026-09-15,IPA,34.44272445820433
2026-09-15,IPB,3.374233128834356
2026-09-15,IPC,
2026-09-15,IPE,
2026-09-15,IPF,72.36842105263158
2026-09-15,IPG,65.73033707865169
2026-09-15,IPJ,18.75
2026-09-15,IPK,
2026-09-15,IPO,
2026-09-15,IPP,49.61300309597523
2026-09-15,IPR,
2026-09-15,IPU,
2026-09-15,IPV,18.354430379746837
2026-09-15,IRB,74.22600619195046
2026-09-15,IRE,57.04334365325078
2026-09-15,IRF,80.33707865168539
2026-09-15,IRL,22.36842105263158
2026-09-15,IRO,27.321981424148607
2026-09-15,IRT,39.57055214723926
2026-09-15,IRV,96.51702786377709
2026-09-15,IRY,90.64516129032259
2026-09-15,ISR,
2026-09-15,ISS,
2026-09-15,IST,74.0506329113924
2026-09-15,ITA,
2026-09-15,ITC,61.0
2026-09-15,ITD,
2026-09-15,ITJ,52.863777089783284
2026-09-15,ITL,
2026-09-15,ITP,43.75
2026-09-15,ITR,
2026-09-15,ITV,86.80555555555556
2026-09-15,ITZ,
2026-09-15,IUA,26.54798761609907
2026-09-15,IUB,
2026-09-15,IUC,
2026-09-15,IUF,37.38390092879257
2026-09-15,IUH,29.775280898876407
2026-09-15,IUM,
2026-09-15,IUN,
2026-09-15,IUV,40.17027863777089
2026-09-15,IUZ,80.3225806451613
2026-09-15,IV2,7.972136222910217
2026-09-15,IV6,
2026-09-15,IV7,
2026-09-15,IV8,78.4375
2026-09-15,IVF,18.4375
2026-09-15,IVS,17.414860681114554
2026-09-15,IVY,45.70552147239264
2026-09-15,IYB,52.45398773006135
2026-09-15,IYP,
2026-09-15,IYR,
2026-09-15,IYS,25.0
2026-09-15,IYV,32.12074303405573
2026-09-15,IZA,
2026-09-15,IZB,92.69662921348315
2026-09-15,IZE,
2026-09-15,IZL,62.77089783281734
2026-09-15,IZS,96.52777777777779
2026-09-15,IZV,
2026-09-15,IZY,60.44891640866873
2026-09-15,JET,7.05521472392638
2026-09-15,JOT,
2026-09-15,JUP,73.14241486068111
2026-09-15,KAC,80.9375
2026-09-15,KAN,56.25
2026-09-15,KAV,84.02777777777779
2026-09-15,KBJ,28.095975232198146
2026-09-15,KBP,
2026-09-15,KBZ,
2026-09-15,KCL,19.6875
2026-09-15,KCR,99.30555555555556
2026-09-15,KCV,66.5625
2026-09-15,KDE,76.5625
2026-09-15,KDI,14.783281733746131
2026-09-15,KDK,
2026-09-15,KDL,47.8125
2026-09-15,KDO,40.9375
2026-09-15,KDS,44.6875
2026-09-15,KDT,39.6875
2026-09-15,KDV,49.6875
2026-09-15,KDZ,32.1875
2026-09-15,KEI,
2026-09-15,KEO,
2026-09-15,KEU,34.6875
2026-09-15,KFZ,
2026-09-15,KGM,5.3125
2026-09-15,KH1,50.9375
2026-09-15,KHA,83.66666666666667
2026-09-15,KHB,11.666666666666666
2026-09-15,KHC,7.8125
2026-09-15,KHD,54.0625
2026-09-15,KHF,
2026-09-15,KHJ,30.9375
2026-09-15,KHP,37.74193548387097
2026-09-15,KHT,
2026-09-15,KHU,
2026-09-15,KIA,
2026-09-15,KIB,45.0920245398773
2026-09-15,KIE,93.87096774193549
2026-09-15,KIH,89.55108359133128
2026-09-15,KIK,9.6875
2026-09-15,KIS,31.5625
2026-09-15,KJK,
2026-09-15,KKB,
2026-09-15,KKC,9.0625
2026-09-15,KKE,
2026-09-15,KKH,66.85393258426966
2026-09-15,KKL,86.5625
2026-09-15,KKO,43.73065015479876
2026-09-15,KKP,44.195046439628484
2026-09-15,KKT,94.6875
2026-09-15,KLH,2.1875
2026-09-15,KLI,30.64516129032258
2026-09-15,KLL,
2026-09-15,KLM,
2026-09-15,KLS,
2026-09-15,KLU,11.29032258064516
2026-09-15,KMA,
2026-09-15,KME,67.8125
2026-09-15,KMF,60.416666666666664
2026-09-15,KMN,47.91666666666667
2026-09-15,KMT,
2026-09-15,KNC,56.424148606811144
2026-09-15,KNI,3.5483870967741935
2026-09-15,KNJ,88.4375
2026-09-15,KNN,55.030959752321984
2026-09-15,KNP,
2026-09-15,KNS,
2026-09-15,KNT,
2026-09-15,KNV,
2026-09-15,KNZ,
2026-09-15,KO4,28.86996904024768
2026-09-15,KOB,74.0625
2026-09-15,KOD,18.711656441717793
2026-09-15,KOP,25.46439628482972
2026-09-15,KOT,92.33333333333333
2026-09-15,KOZ,
2026-09-15,KP3,33.82352941176471
2026-09-15,KPA,57.8125
2026-09-15,KPB,
2026-09-15,KPC,59.06249999999999
2026-09-15,KPD,20.3125
2026-09-15,KPF,65.71207430340557
2026-09-15,KPH,62.33333333333333
2026-09-15,KPI,31.93548387096774
2026-09-15,KPK,
2026-09-15,KPM,
2026-09-15,KPP,50.645161290322584
2026-09-15,KPR,0.3225806451612903
2026-09-15,KPS,77.78637770897832
2026-09-15,KPU,29.062500000000004
2026-09-15,KRC,25.949367088607595
2026-09-15,KRF,96.0122699386503
2026-09-15,KRH,39.705882352941174
2026-09-15,KRO,51.78018575851393
2026-09-15,KRR,81.25
2026-09-15,KRS,28.25077399380805
2026-09-15,KRT,73.76160990712074
2026-09-15,KRV,85.41666666666666
2026-09-15,KSA,98.9938080495356
2026-09-15,KSC,
2026-09-15,KSK,33.225806451612904
2026-09-15,KSL,14.6875
2026-09-15,KSM,52.81249999999999
2026-09-15,KSP,34.907120743034056
2026-09-15,KSR,34.0625
2026-09-15,KST,
2026-09-15,KSV,68.4375
2026-09-15,KSY,97.29102167182663
2026-09-15,KTE,
2026-09-15,KTI,8.4375
2026-09-15,KTJ,28.4375
2026-09-15,KTM,65.3125
2026-09-15,KTN,59.68750000000001
2026-09-15,KTR,74.6875
2026-09-15,KTS,83.4375
2026-09-15,KTT,46.5625
2026-09-15,KTU,
2026-09-15,KTV,94.0625
2026-09-15,KU3,26.5625
2026-09-15,KUA,27.8125
2026-09-15,KUB,51.84049079754601
2026-09-15,KUD,79.6875
2026-09-15,KUP,19.891640866873065
2026-09-15,KUT,11.805555555555555
2026-09-15,KVA,
2026-09-15,KVK,63.4375
2026-09-15,KVR,81.5625
2026-09-15,KVS,79.02476780185759
2026-09-15,KVT,56.99999999999999
2026-09-15,KYA,18.333333333333332
2026-09-15,KYR,10.603715170278639
2026-09-15,KYS,59.365325077399376
2026-09-15,KZL,46.52777777777778
2026-09-15,KZO,
2026-09-15,KZU,35.41666666666667
2026-09-15,LAI,22.678018575851393
2026-09-15,LET,
2026-09-15,LFD,
2026-09-15,LGK,
2026-09-15,LGO,11.53250773993808
2026-09-15,LHM,
2026-09-15,LHP,64.3188854489164
2026-09-15,LKF,74.30555555555556
2026-09-15,LKT,20.32258064516129
2026-09-15,LLA,13.080495356037153
2026-09-15,LPH,97.44582043343654
2026-09-15,LRT,85.52631578947368
2026-09-15,LTC,80.26315789473685
2026-09-15,LTL,95.66666666666667
2026-09-15,LTS,21.28482972136223
2026-09-15,LZV,
2026-09-15,MAC,16.333333333333332
2026-09-15,MAD,38.34355828220859
2026-09-15,MAS,21.74922600619195
2026-09-15,MAV,
2026-09-15,MBL,94.1717791411043
2026-09-15,MBR,50.0
2026-09-15,MCU,93.26625386996903
2026-09-15,MD1,70.24539877300614
2026-09-15,MD2,47.54601226993865
2026-09-15,MDF,71.34831460674157
2026-09-15,MET,54.90797546012271
2026-09-15,MGB,54.87616099071207
2026-09-15,MGD,
2026-09-15,MGE,5.340557275541795
2026-09-15,MGH,37.074303405572756
2026-09-15,MHF,10.333333333333334
2026-09-15,MIK,53.01857585139319
2026-09-15,MJB,26.40449438202247
2026-09-15,MJE,12.1875
2026-09-15,MJG,8.426966292134832
2026-09-15,MJH,46.82662538699691
2026-09-15,MJK,19.58204334365325
2026-09-15,MJL,39.39628482972136
2026-09-15,MKA,12.812499999999998
2026-09-15,MKG,53.47222222222222
2026-09-15,MKL,
2026-09-15,MLS,
2026-09-15,MLT,58.591331269349844
2026-09-15,MMH,93.66666666666667
2026-09-15,MOD,
2026-09-15,MOZ,37.84829721362229
2026-09-15,MP2,11.842105263157894
2026-09-15,MP4,39.860681114551085
2026-09-15,MPD,59.82972136222911
2026-09-15,MPE,24.193548387096776
2026-09-15,MPF,92.1875
2026-09-15,MPI,92.64705882352942
2026-09-15,MPK,84.0625
2026-09-15,MPL,54.516129032258064
2026-09-15,MPN,29.79876160990712
2026-09-15,MPP,14.938080495356038
2026-09-15,MPS,29.6875
2026-09-15,MRI,65.86687306501547
2026-09-15,MSK,
2026-09-15,MSO,
2026-09-15,MSR,15.86687306501548
2026-09-15,MT1,78.25077399380805
2026-09-15,MT2,43.54838709677419
2026-09-15,MT5,9.829721362229101
2026-09-15,MT6,13.194444444444445
2026-09-15,MT7,15.247678018575852
2026-09-15,MT8,4.56656346749226
2026-09-15,MT9,29.953560371517028
2026-09-15,MTD,2.7607361963190185
2026-09-15,MTE,
2026-09-15,MTF,71.59442724458205
2026-09-15,MTG,66.17647058823529
2026-09-15,MTH,49.0
2026-09-15,MTI,
2026-09-15,MTK,51.5625
2026-09-15,MTL,36.45510835913313
2026-09-15,MTS,48.87640449438202
2026-09-15,MTU,13.23529411764706
2026-09-15,MTV,21.779141104294478
2026-09-15,MTX,28.52760736196319
2026-09-15,MUL,18.188854489164086
2026-09-15,MUT,29.17956656346749
2026-09-15,NAK,68.75
2026-09-15,NAL,34.02777777777778
2026-09-15,NAU,38.19444444444444
2026-09-15,NAV,52.55417956656346
2026-09-15,NBE,46.98142414860681
2026-09-15,NBH,98.21981424148606
2026-09-15,NBO,93.82022471910112
2026-09-15,NBZ,75.77399380804954
2026-09-15,NCS,79.95356037151703
2026-09-15,NCU,35.526315789473685
2026-09-15,NDL,
2026-09-15,NDS,11.377708978328172
2026-09-15,NES,
2026-09-15,NFF,69.10112359550563
2026-09-15,NFH,18.653250773993808
2026-09-15,NFK,3.7925696594427247
2026-09-15,NHP,60.1123595505618
2026-09-15,NHT,
2026-09-15,NHV,
2026-09-15,NHY,48.333333333333336
2026-09-15,NIG,20.975232198142415
2026-09-15,NIS,93.11145510835914
2026-09-15,NJF,75.69444444444444
2026-09-15,NJG,79.4891640866873
2026-09-15,NJR,76.58227848101265
2026-09-15,NJY,98.4375
2026-09-15,NKA,37.1875
2026-09-15,NKC,13.0
2026-09-15,NKH,62.461300309597526
2026-09-15,NKJ,
2026-09-15,NKK,30.108359133126932
2026-09-15,NKL,90.63467492260062
2026-09-15,NKM,4.0625
2026-09-15,NKP,1.5337423312883436
2026-09-15,NKS,86.14551083591331
2026-09-15,NKT,87.1875
2026-09-15,NKV,
2026-09-15,NLC,89.58333333333334
2026-09-15,NLD,
2026-09-15,NLE,64.33333333333333
2026-09-15,NLK,92.95665634674923
2026-09-15,NLL,19.272445820433436
2026-09-15,NME,11.5625
2026-09-15,NMG,72.21362229102168
2026-09-15,NMP,60.967741935483865
2026-09-15,NMU,76.39318885448917
2026-09-15,NNF,1.6666666666666667
2026-09-15,NOA,16.3312693498452
2026-09-15,NOI,92.18266253869969
2026-09-15,NOV,
2026-09-15,NP1,35.06191950464396
2026-09-15,NPH,8.333333333333332
2026-09-15,NPK,
2026-09-15,NRC,16.257668711656443
2026-09-15,NRG,19.032258064516128
2026-09-15,NRM,68.343653250774
2026-09-15,NSA,27.419354838709676
2026-09-15,NSD,85.6811145510836
2026-09-15,NSH,94.5046439628483
2026-09-15,NSK,89.86068111455108
2026-09-15,NSP,42.25806451612903
2026-09-15,NSS,
2026-09-15,NST,43.0
2026-09-15,NSY,86.91950464396285
2026-09-15,NTB,
2026-09-15,NTD,
2026-09-15,NTF,82.73993808049536
2026-09-15,NTI,3.9877300613496933
2026-09-15,NTO,
2026-09-15,NTS,93.57585139318886
2026-09-15,NUB,38.15789473684211
2026-09-15,NUG,93.75
2026-09-15,NUH,23.666666666666668
2026-09-15,NVB,22.903225806451612
2026-09-15,NVC,18.03405572755418
2026-09-15,NVK,56.56250000000001
2026-09-15,NVP,
2026-09-15,NVT,96.671826625387
2026-09-15,NVZ,50.077399380804955
2026-09-15,NYH,
2026-09-15,NZH,23.619631901840492
2026-09-15,NZT,2.258064516129032
2026-09-15,NZU,42.8125
2026-09-15,OAB,
2026-09-15,OAO,98.46625766871165
2026-09-15,OBI,19.62025316455696
2026-09-15,OBN,64.78328173374614
2026-09-15,OBP,81.90184049079755
2026-09-15,OBR,75.30959752321982
2026-09-15,OCM,
2026-09-15,OCN,
2026-09-15,OCT,
2026-09-15,ODD,62.61609907120743
2026-09-15,ODG,37.73006134969325
2026-09-15,ODN,96.20743034055728
2026-09-15,ODP,24.845201238390093
2026-09-15,ODS,52.089783281733745
2026-09-15,ODV,3.932584269662921
2026-09-15,OFA,10.9375
2026-09-15,OFB,90.94427244582043
2026-09-15,OFI,53.37078651685393
2026-09-15,OFK,32.8125
2026-09-15,OFO,
2026-09-15,OFS,63.48314606741573
2026-09-15,OGD,78.47222222222221
2026-09-15,OGF,57.59493670886076
2026-09-15,OGV,
2026-09-15,OHB,75.0
2026-09-15,OHI,39.241486068111456
2026-09-15,OHK,90.9375
2026-09-15,OIL,70.13888888888889
2026-09-15,OIR,73.59550561797754
2026-09-15,OIS,
2026-09-15,OJB,63.08049535603715
2026-09-15,OJH,40.47987616099071
2026-09-15,OJK,54.861111111111114
2026-09-15,OJT,15.168539325842698
2026-09-15,OJU,
2026-09-15,OJY,
2026-09-15,OKD,85.58282208588957
2026-09-15,OKF,84.28792569659443
2026-09-15,OKP,66.45569620253164
2026-09-15,OKT,53.79746835443038
2026-09-15,OLA,29.489164086687307
2026-09-15,OLD,6.179775280898876
2026-09-15,OLE,98.31460674157303
2026-09-15,OMB,
2026-09-15,OMC,
2026-09-15,OME,23.29721362229102
2026-09-15,OMG,66.33333333333333
2026-09-15,OMT,13.870967741935484
2026-09-15,ONB,56.88854489164087
2026-09-15,OND,57.81733746130031
2026-09-15,ONE,38.93188854489164
2026-09-15,ONF,95.13888888888889
2026-09-15,ONK,26.702786377708975
2026-09-15,ONN,98.68421052631578
2026-09-15,ONS,88.1578947368421
2026-09-15,ONT,70.6656346749226
2026-09-15,ONY,41.408668730650156
2026-09-15,OPB,74.5398773006135
2026-09-15,OPD,94.96904024767801
2026-09-15,OPF,29.754601226993866
2026-09-15,OPH,20.333333333333332
2026-09-15,OPI,39.0
2026-09-15,OPJ,17.741935483870968
2026-09-15,OPL,29.141104294478527
2026-09-15,OPU,44.0625
2026-09-15,OPZ,
2026-09-15,ORC,17.879256965944272
2026-09-15,ORI,
2026-09-15,OSD,48.734177215189874
2026-09-15,OSF,84.44272445820434
2026-09-15,OSH,23.761609907120743
2026-09-15,OSL,81.64556962025317
2026-09-15,OSN,81.34674922600618
2026-09-15,OTE,
2026-09-15,OTF,75.9375
2026-09-15,OTJ,17.36111111111111
2026-09-15,OTK,
2026-09-15,OTM,36.50306748466258
2026-09-15,OTZ,
2026-09-15,OUB,68.49845201238391
2026-09-15,OUD,80.72755417956657
2026-09-15,OUN,82.58513931888545
2026-09-15,OUR,64.62848297213623
2026-09-15,OUY,
2026-09-15,OVD,96.06741573033707
2026-09-15,OVR,
2026-09-15,OYL,58.387096774193544
2026-09-15,OYS,29.64396284829721
2026-09-15,OYT,86.76470588235294
2026-09-15,OZC,
2026-09-15,P1A,82.25806451612904
2026-09-15,PA2,20.13888888888889
2026-09-15,PAB,94.51612903225806
2026-09-15,PAC,
2026-09-15,PAF,63.19444444444444
2026-09-15,PAI,22.392638036809817
2026-09-15,PAL,88.19444444444444
2026-09-15,PAO,
2026-09-15,PAU,67.10526315789474
2026-09-15,PBE,86.45510835913312
2026-09-15,PBF,
2026-09-15,PBH,8.591331269349846
2026-09-15,PBI,50.0
2026-09-15,PBK,16.5625
2026-09-15,PBN,51.93498452012384
2026-09-15,PBR,0.3067484662576687
2026-09-15,PBS,57.35294117647059
2026-09-15,PBY,5.495356037151703
2026-09-15,PCE,48.06501547987616
2026-09-15,PCH,50.69659442724458
2026-09-15,PCN,31.811145510835914
2026-09-15,PCS,0.23219814241486067
2026-09-15,PDC,2.089783281733746
2026-09-15,PDD,49.0625
2026-09-15,PDE,0.3125
2026-09-15,PDF,46.51702786377709
2026-09-15,PDG,11.687306501547988
2026-09-15,PDH,36.60990712074303
2026-09-15,PDR,
2026-09-15,PDS,12.616099071207431
2026-09-15,PEA,61.80555555555556
2026-09-15,PFO,84.8314606741573
2026-09-15,PFS,32.02247191011236
2026-09-15,PGD,71.47239263803681
2026-09-15,PGE,78.86996904024768
2026-09-15,PGH,1.3157894736842104
2026-09-15,PGS,28.333333333333332
2026-09-15,PHB,0.07739938080495357
2026-09-15,PHE,0.33333333333333337
2026-09-15,PHF,43.88544891640867
2026-09-15,PHI,56.333333333333336
2026-09-15,PHK,57.1875
2026-09-15,PHN,
2026-09-15,PHS,43.575851393188856
2026-09-15,PHY,42.3374613003096
2026-09-15,PID,69.6319018404908
2026-09-15,PIL,7.303370786516854
2026-09-15,PIP,4.838709677419355
2026-09-15,PIR,32.63888888888889
2026-09-15,PIS,95.27863777089783
2026-09-15,PJL,39.03225806451613
2026-09-15,PJP,55.185758513931894
2026-09-15,PK1,15.161290322580644
2026-09-15,PKD,
2026-09-15,PKF,77.08333333333334
2026-09-15,PKH,4.6875
2026-09-15,PKL,77.8125
2026-09-15,PKM,28.70967741935484
2026-09-15,PKN,63.69969040247678
2026-09-15,PKP,33.87096774193548
2026-09-15,PKR,17.096774193548388
2026-09-15,PKT,22.258064516129032
2026-09-15,PKU,25.61919504643963
2026-09-15,PKV,84.59752321981424
2026-09-15,PKZ,13.544891640866874
2026-09-15,PLA,
2026-09-15,PLR,68.70967741935485
2026-09-15,PLS,
2026-09-15,PMG,
2026-09-15,PMH,
2026-09-15,PMP,10.758513931888544
2026-09-15,PNU,53.87096774193548
2026-09-15,PO7,21.904024767801857
2026-09-15,PO8,
2026-09-15,PO9,11.222910216718267
2026-09-15,POB,23.606811145510836
2026-09-15,POD,38.62229102167183
2026-09-15,POF,6.25
2026-09-15,POH,
2026-09-15,POI,12.306501547987617
2026-09-15,POS,16.795665634674922
2026-09-15,POU,75.0
2026-09-15,PP1,21.5625
2026-09-15,PPB,40.33333333333333
2026-09-15,PPD,19.11764705882353
2026-09-15,PPE,33.359133126934985
2026-09-15,PPF,52.244582043343655
2026-09-15,PPG,4.193548387096775
2026-09-15,PPH,2.3333333333333335
2026-09-15,PPI,51.29032258064517
2026-09-15,PPJ,40.32258064516129
2026-09-15,PPK,42.90322580645161
2026-09-15,PPM,87.84829721362229
2026-09-15,PPN,83.54838709677419
2026-09-15,PPO,20.6656346749226
2026-09-15,PPP,6.129032258064516
2026-09-15,PPS,42.49226006191951
2026-09-15,PPT,98.38709677419355
2026-09-15,PPU,7.352941176470589
2026-09-15,PPV,10.64516129032258
2026-09-15,PPZ,80.96774193548387
2026-09-15,PRD,87.41935483870968
2026-09-15,PRF,
2026-09-15,PRH,44.83870967741935
2026-09-15,PRR,11.935483870967742
2026-09-15,PRU,96.8266253869969
2026-09-15,PRV,6.774193548387098
2026-09-15,PRY,55.16129032258065
2026-09-15,PSD,
2026-09-15,PSE,62.25806451612903
2026-09-15,PSG,29.3343653250774
2026-09-15,PSH,69.66666666666667
2026-09-15,PSL,71.90402476780186
2026-09-15,PSO,
2026-09-15,PSR,10.294117647058822
2026-09-15,PSS,76.70278637770897
2026-09-15,PST,6.73374613003096
2026-09-15,PTC,71.13003095975232
2026-09-15,PTE,52.58064516129032
2026-09-15,PTF,91.56346749226006
2026-09-15,PTG,
2026-09-15,PTL,21.612903225806452
2026-09-15,PTN,71.52777777777779
2026-09-15,PTO,95.0
2026-09-15,PTP,70.0
2026-09-15,PTS,49.354838709677416
2026-09-15,PUA,
2026-09-15,PUC,99.45820433436533
2026-09-15,PUH,51.31578947368421
2026-09-15,PUK,45.9375
2026-09-15,PUR,23.548387096774192
2026-09-15,PUT,
2026-09-15,PUV,
2026-09-15,PVK,61.5625
2026-09-15,PYB,62.903225806451616
2026-09-15,PYD,6.269349845201239
2026-09-15,PYF,90.17027863777089
2026-09-15,PYH,5.9375
2026-09-15,PYI,2.708978328173375
2026-09-15,PYL,53.482972136222905
2026-09-15,PYR,9.365325077399381
2026-09-15,PYS,44.81424148606811
2026-09-15,RAF,97.91666666666666
2026-09-15,RAI,
2026-09-15,RAN,
2026-09-15,RAV,66.3312693498452
2026-09-15,RAY,
2026-09-15,RBA,42.36111111111111
2026-09-15,RBB,71.51898734177216
2026-09-15,RBE,87.07430340557275
2026-09-15,RBF,22.151898734177212
2026-09-15,RBH,27.187499999999996
2026-09-15,RBI,77.47678018575851
2026-09-15,RBK,69.6875
2026-09-15,RBL,24.690402476780186
2026-09-15,RBN,16.95046439628483
2026-09-15,RBP,72.58064516129032
2026-09-15,RBR,93.4375
2026-09-15,RBT,95.9375
2026-09-15,RBV,92.8125
2026-09-15,RCL,
2026-09-15,RCS,
2026-09-15,RCV,25.3125
2026-09-15,RD1,49.38650306748466
2026-09-15,RDF,44.6594427244582
2026-09-15,RDH,3.1733746130030958
2026-09-15,RDK,
2026-09-15,RDS,57.19814241486068
2026-09-15,RDT,64.00928792569658
2026-09-15,RDZ,73.29721362229103
2026-09-15,RE6,9.027777777777777
2026-09-15,RE7,
2026-09-15,RE8,7.507739938080496
2026-09-15,RFM,90.4494382022472
2026-09-15,RGD,32.20858895705521
2026-09-15,RGH,26.08359133126935
2026-09-15,RHD,53.32817337461301
2026-09-15,RHI,90.33333333333333
2026-09-15,RHS,23.0
2026-09-15,RIA,70.82043343653251
2026-09-15,RIH,21.13003095975232
2026-09-15,RIK,14.417177914110429
2026-09-15,RJG,29.86111111111111
2026-09-15,RKC,67.17791411042946
2026-09-15,RKH,
2026-09-15,RKL,
2026-09-15,RKS,67.1875
2026-09-15,RKV,82.8125
2026-09-15,RLH,76.85758513931889
2026-09-15,RO1,0.967741935483871
2026-09-15,ROD,62.151702786377705
2026-09-15,ROF,57.97213622291022
2026-09-15,ROY,72.1875
2026-09-15,RPC,59.8159509202454
2026-09-15,RPD,15.030674846625766
2026-09-15,RPG,52.083333333333336
2026-09-15,RPI,73.4375
2026-09-15,RPK,
2026-09-15,RPL,58.746130030959755
2026-09-15,RPM,77.60736196319019
2026-09-15,RPN,22.987616099071207
2026-09-15,RPO,
2026-09-15,RPP,79.6774193548387
2026-09-15,RPS,55.34055727554179
2026-09-15,RPT,83.51393188854489
2026-09-15,RPU,75.3125
2026-09-15,RPX,63.39009287925697
2026-09-15,RRA,28.064516129032256
2026-09-15,RRP,1.6129032258064515
2026-09-15,RS1,81.03715170278637
2026-09-15,RSF,81.96594427244582
2026-09-15,RSK,61.53250773993808
2026-09-15,RSY,32.585139318885446
2026-09-15,RSZ,1.6253869969040249
2026-09-15,RTA,40.94427244582043
2026-09-15,RTB,83.6687306501548
2026-09-15,RTD,30.981595092024538
2026-09-15,RTG,13.190184049079754
2026-09-15,RTH,17.724458204334365
2026-09-15,RTI,87.8125
2026-09-15,RTP,14.1640866873065
2026-09-15,RUH,58.900928792569665
2026-09-15,RUT,16.87116564417178
2026-09-15,RVI,7.638888888888889
2026-09-15,RVS,46.671826625387
2026-09-15,RYA,
2026-09-15,RYB,
2026-09-15,RYD,12.770897832817338
2026-09-15,RYF,34.59752321981424
2026-09-15,RYU,64.47368421052632
2026-09-15,RZR,
2026-09-15,SAP,78.38709677419354
2026-09-15,SAR,
2026-09-15,SAS,47.0
2026-09-15,SAT,
2026-09-15,SBH,11.06811145510836
2026-09-15,SBI,21.439628482972136
2026-09-15,SBR,35.9907120743034
2026-09-15,SBS,
2026-09-15,SCZ,82.89473684210526
2026-09-15,SD1,53.06748466257669
2026-09-15,SDA,78.09597523219814
2026-09-15,SEH,71.28482972136223
2026-09-15,SER,43.42105263157895
2026-09-15,SFA,83.04953560371517
2026-09-15,SFS,56.74157303370787
2026-09-15,SGK,20.552147239263803
2026-09-15,SGT,46.31901840490797
2026-09-15,SHC,97.66666666666667
2026-09-15,SHE,27.914110429447852
2026-09-15,SHI,30.263157894736842
2026-09-15,SHU,48.529411764705884
2026-09-15,SIA,
2026-09-15,SIS,6.578947368421052
2026-09-15,SJP,57.50773993808049
2026-09-15,SKL,68.06451612903226
2026-09-15,SKO,21.666666666666668
2026-09-15,SKS,
2026-09-15,SKT,65.18987341772153
2026-09-15,SKZ,93.73065015479877
2026-09-15,SLF,84.83870967741936
2026-09-15,SLG,15.666666666666668
2026-09-15,SLR,
2026-09-15,SLS,
2026-09-15,SMP,
2026-09-15,SNY,7.198142414860681
2026-09-15,SOS,57.97546012269939
2026-09-15,SPA,81.656346749226
2026-09-15,SPD,
2026-09-15,SPE,83.20433436532507
2026-09-15,SPN,68.03405572755418
2026-09-15,SPP,71.93548387096774
2026-09-15,SPR,
2026-09-15,SPT,50.31250000000001
2026-09-15,SRA,
2026-09-15,SRE,
2026-09-15,SRL,89.66666666666666
2026-09-15,SRO,
2026-09-15,SSD,
2026-09-15,SSE,9.520123839009289
2026-09-15,SSF,
2026-09-15,SSK,63.49693251533742
2026-09-15,SSN,
2026-09-15,SSO,
2026-09-15,SSS,24.333333333333336
2026-09-15,SST,
2026-09-15,ST1,12.333333333333334
2026-09-15,STI,53.637770897832816
2026-09-15,STM,
2026-09-15,STS,54.72136222910217
2026-09-15,STZ,31.965944272445824
2026-09-15,SUA,86.80981595092024
2026-09-15,SUB,40.1840490797546
2026-09-15,SUC,42.63803680981595
2026-09-15,SUR,65.66666666666666
2026-09-15,SVB,26.68711656441718
2026-09-15,SVS,
2026-09-15,SVY,
2026-09-15,SYF,
2026-09-15,SYL,
2026-09-15,SYR,38.31269349845201
2026-09-15,SYS,43.26625386996904
2026-09-15,T3B,47.29102167182663
2026-09-15,TAL,22.916666666666664
2026-09-15,TAO,
2026-09-15,TAR,75.76687116564416
2026-09-15,TAU,51.66666666666667
2026-09-15,TAZ,
2026-09-15,TB9,78.56037151702786
2026-09-15,TBP,58.98876404494382
2026-09-15,TBT,20.88607594936709
2026-09-15,TBV,58.86075949367089
2026-09-15,TCA,18.75
2026-09-15,TCB,74.51612903225806
2026-09-15,TCC,41.253869969040245
2026-09-15,TCD,25.4601226993865
2026-09-15,TCF,76.96629213483146
2026-09-15,TCG,
2026-09-15,TCH,69.42724458204334
2026-09-15,TCI,88.93188854489165
2026-09-15,TCS,35.8359133126935
2026-09-15,TDG,0.6329113924050633
2026-09-15,TDP,34.75232198142415
2026-09-15,TE3,82.51533742331289
2026-09-15,TE4,97.23926380368098
2026-09-15,TEJ,14.04494382022472
2026-09-15,TFE,85.3125
2026-09-15,TFF,28.651685393258425
2026-09-15,TFU,28.48101265822785
2026-09-15,TGA,37.11656441717792
2026-09-15,TGE,82.58426966292134
2026-09-15,TGN,50.0
2026-09-15,TGR,11.96319018404908
2026-09-15,TGT,99.36708860759494
2026-09-15,TGV,2.244582043343653
2026-09-15,TGZ,70.20123839009288
2026-09-15,THD,
2026-09-15,THF,99.66666666666667
2026-09-15,THG,93.88544891640866
2026-09-15,THH,
2026-09-15,THO,37.693498452012385
2026-09-15,THS,
2026-09-15,THT,
2026-09-15,THV,9.210526315789473
2026-09-15,TI1,63.54838709677419
2026-09-15,TI2,39.666666666666664
2026-09-15,TI3,25.666666666666664
2026-09-15,TI4,80.06134969325154
2026-09-15,TI6,41.139240506329116
2026-09-15,TI7,65.95092024539878
2026-09-15,TIE,96.33333333333334
2026-09-15,TIL,42.1875
2026-09-15,TIP,91.25386996904025
2026-09-15,TIV,90.50632911392405
2026-09-15,TJB,
2026-09-15,TJF,38.764044943820224
2026-09-15,TJI,16.292134831460675
2026-09-15,TJL,
2026-09-15,TJT,59.02777777777778
2026-09-15,TKF,42.333333333333336
2026-09-15,TKH,
2026-09-15,TKK,57.865168539325836
2026-09-15,TKM,67.41935483870968
2026-09-15,TLC,99.079754601227
2026-09-15,TLE,6.962025316455696
2026-09-15,TLH,9.666666666666666
2026-09-15,TLK,14.516129032258066
2026-09-15,TLT,
2026-09-15,TLU,59.05572755417957
2026-09-15,TLV,99.67741935483872
2026-09-15,TLY,88.0030959752322
2026-09-15,TLZ,35.9375
2026-09-15,TMC,57.36196319018405
2026-09-15,TMG,77.66666666666666
2026-09-15,TMM,98.83900928792569
2026-09-15,TMR,
2026-09-15,TMS,54.56656346749226
2026-09-15,TMU,61.23595505617978
2026-09-15,TMV,85.21671826625386
2026-09-15,TMZ,83.70786516853933
2026-09-15,TNB,27.012383900928793
2026-09-15,TND,86.1963190184049
2026-09-15,TNF,
2026-09-15,TNH,
2026-09-15,TNI,94.78527607361963
2026-09-15,TNK,63.92405063291139
2026-09-15,TNS,50.54179566563467
2026-09-15,TO8,48.37461300309597
2026-09-15,TOK,27.476780185758514
2026-09-15,TOT,43.67088607594937
2026-09-15,TP1,
2026-09-15,TP2,95.80645161290322
2026-09-15,TPC,3.4722222222222223
2026-09-15,TPE,15.822784810126583
2026-09-15,TPF,29.746835443037973
2026-09-15,TPJ,92.02786377708978
2026-09-15,TPL,3.1645569620253164
2026-09-15,TPO,
2026-09-15,TPP,33.978328173374614
2026-09-15,TPR,
2026-09-15,TPV,
2026-09-15,TPZ,70.3125
2026-09-15,TRJ,89.24050632911393
2026-09-15,TRN,
2026-09-15,TRO,57.638888888888886
2026-09-15,TRR,94.19504643962848
2026-09-15,TRU,35.3125
2026-09-15,TSI,70.25316455696202
2026-09-15,TSP,
2026-09-15,TTA,36.80555555555556
2026-09-15,TTE,11.0
2026-09-15,TTL,62.92569659442725
2026-09-15,TTP,69.89164086687306
2026-09-15,TTS,
2026-09-15,TTV,40.63467492260062
2026-09-15,TTZ,
2026-09-15,TUA,43.75
2026-09-15,TVE,15.937499999999998
2026-09-15,TVN,99.43820224719101
2026-09-15,TYH,17.0
2026-09-15,TZC,38.95705521472393
2026-09-15,TZD,59.66666666666667
2026-09-15,TZH,
2026-09-15,TZL,73.87096774193549
2026-09-15,TZP,91.40866873065015
2026-09-15,TZT,39.87341772151899
2026-09-15,TZV,82.91139240506328
2026-09-15,UAB,
2026-09-15,UAP,
2026-09-15,UCN,
2026-09-15,UCP,2.903225806451613
2026-09-15,UFH,
2026-09-15,UHL,
2026-09-15,UHS,76.08359133126935
2026-09-15,ULH,15.557275541795665
2026-09-15,ULL,
2026-09-15,UNT,86.30030959752321
2026-09-15,UP1,65.97222222222221
2026-09-15,UP2,64.83870967741936
2026-09-15,UPD,45.743034055727556
2026-09-15,UPH,31.666666666666664
2026-09-15,UPP,46.774193548387096
2026-09-15,UPS,
2026-09-15,URA,0.9202453987730062
2026-09-15,URC,59.210526315789465
2026-09-15,URD,60.9375
2026-09-15,URG,
2026-09-15,URM,
2026-09-15,URS,
2026-09-15,URV,
2026-09-15,USS,
2026-09-15,UST,
2026-09-15,USY,67.56965944272446
2026-09-15,UYH,81.81114551083591
2026-09-15,UZY,85.8359133126935
2026-09-15,VAY,70.33333333333334
2026-09-15,VCD,25.483870967741932
2026-09-15,VCG,88.77708978328174
2026-09-15,VCY,34.04907975460122
2026-09-15,VFK,97.1875
2026-09-15,VFO,82.63888888888889
2026-09-15,VFS,
2026-09-15,VHK,37.8125
2026-09-15,VHS,47.1875
2026-09-15,VK6,76.45161290322581
2026-09-15,VKI,89.6875
2026-09-15,VKK,99.0625
2026-09-15,VKR,
2026-09-15,VKT,94.30379746835443
2026-09-15,VKV,96.5625
2026-09-15,VLT,79.86111111111111
2026-09-15,VMV,89.24148606811146
2026-09-15,VNK,22.523219814241486
2026-09-15,VPA,12.580645161290322
2026-09-15,VPD,
2026-09-15,VPE,
2026-09-15,VPH,94.33333333333334
2026-09-15,VPP,72.05882352941177
2026-09-15,VPS,5.959752321981425
2026-09-15,VRK,36.5625
2026-09-15,VTF,
2026-09-15,VTL,99.6875
2026-09-15,YA1,95.74303405572755
2026-09-15,YAC,35.39325842696629
2026-09-15,YAE,36.075949367088604
2026-09-15,YAK,93.75
2026-09-15,YAN,88.20224719101124
2026-09-15,YAR,
2026-09-15,YAS,75.66666666666667
2026-09-15,YAY,15.0
2026-09-15,YBE,5.69620253164557
2026-09-15,YBH,25.773993808049532
2026-09-15,YBJ,
2026-09-15,YBP,76.99386503067484
2026-09-15,YBR,77.0123839009288
2026-09-15,YBS,75.31645569620254
2026-09-15,YCG,
2026-09-15,YCH,64.60674157303372
2026-09-15,YCK,31.501547987616096
2026-09-15,YCL,30.88235294117647
2026-09-15,YCP,38.0030959752322
2026-09-15,YCY,62.81250000000001
2026-09-15,YDH,
2026-09-15,YDI,49.666666666666664
2026-09-15,YDK,56.32911392405063
2026-09-15,YDL,
2026-09-15,YDM,
2026-09-15,YDP,73.31288343558282
2026-09-15,YDZ,87.53869969040248
2026-09-15,YEF,97.0
2026-09-15,YFV,60.3125
2026-09-15,YGM,76.23839009287926
2026-09-15,YHB,35.66666666666667
2026-09-15,YHI,23.91640866873065
2026-09-15,YHK,40.3125
2026-09-15,YHP,
2026-09-15,YHS,30.333333333333336
2026-09-15,YHT,91.77215189873418
2026-09-15,YHY,7.662538699690402
2026-09-15,YHZ,26.333333333333332
2026-09-15,YIK,9.35483870967742
2026-09-15,YIS,
2026-09-15,YIT,7.668711656441718
2026-09-15,YIV,
2026-09-15,YJA,
2026-09-15,YJH,17.484662576687114
2026-09-15,YJK,21.910112359550563
2026-09-15,YJU,
2026-09-15,YJY,84.90712074303406
2026-09-15,YKS,97.75541795665634
2026-09-15,YKT,21.52777777777778
2026-09-15,YLB,32.58064516129032
2026-09-15,YLC,40.79754601226993
2026-09-15,YLE,80.33333333333333
2026-09-15,YLO,23.006134969325153
2026-09-15,YLR,
2026-09-15,YLY,86.33333333333333
2026-09-15,YLZ,
2026-09-15,YMD,70.3560371517028
2026-09-15,YMH,74.69040247678018
2026-09-15,YMP,84.19354838709677
2026-09-15,YNF,
2026-09-15,YNK,54.25696594427245
2026-09-15,YNL,
2026-09-15,YOA,10.759493670886076
2026-09-15,YOS,49.14860681114551
2026-09-15,YOT,34.810126582278485
2026-09-15,YOZ,79.79876160990712
2026-09-15,YP1,
2026-09-15,YP2,
2026-09-15,YP4,80.57275541795666
2026-09-15,YPC,87.42331288343557
2026-09-15,YPD,
2026-09-15,YPF,73.91640866873065
2026-09-15,YPI,30.41795665634675
2026-09-15,YPK,85.99071207430342
2026-09-15,YPL,40.78947368421053
2026-09-15,YPN,69.58204334365325
2026-09-15,YPP,
2026-09-15,YPR,82.33333333333334
2026-09-15,YPT,18.387096774193548
2026-09-15,YPU,59.52012383900929
2026-09-15,YPV,20.786516853932586
2026-09-15,YRZ,45.897832817337466
2026-09-15,YSA,58.43653250773993
2026-09-15,YSH,19.938650306748464
2026-09-15,YSL,20.9375
2026-09-15,YSO,82.43034055727554
2026-09-15,YSU,92.94478527607362
2026-09-15,YTD,24.15730337078652
2026-09-15,YTJ,
2026-09-15,YTO,
2026-09-15,YTR,
2026-09-15,YTV,83.74233128834356
2026-09-15,YTY,60.60371517027864
2026-09-15,YUB,37.538699690402474
2026-09-15,YUD,
2026-09-15,YUI,
2026-09-15,YUK,46.20743034055727
2026-09-15,YUN,91.87306501547987
2026-09-15,YUY,
2026-09-15,YVB,27.21518987341772
2026-09-15,YVD,30.0
2026-09-15,YVF,
2026-09-15,YVG,55.959752321981426
2026-09-15,YVO,
2026-09-15,YVS,
2026-09-15,YZC,54.29447852760736
2026-09-15,YZF,
2026-09-15,YZG,5.056179775280898
2026-09-15,YZH,29.666666666666668
2026-09-15,YZK,27.631578947368425
2026-09-15,YZL,42.80185758513932
2026-09-15,YZT,31.595092024539877
2026-09-15,ZA2,66.77419354838709
2026-09-15,ZAD,17.8125
2026-09-15,ZAV,33.04953560371517
2026-09-15,ZAY,16.451612903225808
2026-09-15,ZBD,64.7239263803681
2026-09-15,ZBI,70.9375
2026-09-15,ZBJ,65.48387096774194
2026-09-15,ZBN,13.69969040247678
2026-09-15,ZBO,85.37151702786377
2026-09-15,ZBZ,
2026-09-15,ZCA,
2026-09-15,ZCB,
2026-09-15,ZCC,
2026-09-15,ZCD,92.36111111111111
2026-09-15,ZCE,
2026-09-15,ZCG,81.50154798761609
2026-09-15,ZCH,
2026-09-15,ZCK,33.4375
2026-09-15,ZCN,67.97752808988764
2026-09-15,ZDD,84.3558282208589
2026-09-15,ZDK,
2026-09-15,ZDZ,19.32515337423313
2026-09-15,ZFB,15.644171779141105
2026-09-15,ZHH,85.0
2026-09-15,ZIH,11.349693251533742
2026-09-15,ZJB,25.30959752321981
2026-09-15,ZJH,
2026-09-15,ZJI,19.736842105263158
2026-09-15,ZJL,51.0
2026-09-15,ZJT,
2026-09-15,ZJV,36.333333333333336
2026-09-15,ZK1,45.3125
2026-09-15,ZK2,15.312500000000002
2026-09-15,ZLB,72.8328173374613
2026-09-15,ZLG,
2026-09-15,ZLH,50.33333333333333
2026-09-15,ZMT,50.85139318885449
2026-09-15,ZMU,68.96284829721363
2026-09-15,ZMY,10.122699386503067
2026-09-15,ZOS,36.14551083591331
2026-09-15,ZP1,
2026-09-15,ZP2,
2026-09-15,ZP3,
2026-09-15,ZP6,38.4375
2026-09-15,ZP7,
2026-09-15,ZP8,19.67741935483871
2026-09-15,ZP9,41.5625
2026-09-15,ZPA,91.09907120743034
2026-09-15,ZPC,46.62921348314607
2026-09-15,ZPE,58.4375
2026-09-15,ZPF,48.4375
2026-09-15,ZPG,82.1875
2026-09-15,ZPH,7.419354838709677
2026-09-15,ZPJ,7.187499999999999
2026-09-15,ZPK,95.3125
2026-09-15,ZPN,
2026-09-15,ZPO,57.74193548387097
2026-09-15,ZPR,39.67741935483871
2026-09-15,ZR2,
2026-09-15,ZR3,8.90092879256966
2026-09-15,ZSB,82.12074303405574
2026-09-15,ZSF,87.66666666666667
2026-09-15,ZSG,52.24719101123596
2026-09-15,ZSN,
2026-09-15,ZTF,
2026-09-15,ZTG,78.08988764044943
2026-09-15,ZTV,65.0
2026-09-15,ZUD,
2026-09-15,ZUE,
2026-09-15,ZUS,64.1640866873065
2026-09-15,ZVB,80.10835913312694
2026-09-15,ZVO,40.3250773993808
2026-09-15,ZYC,
2026-09-15,ZYD,
2026-09-15,ZZL,72.9876160990712
2026-09-15,DP6,45.27863777089783
2026-09-15,ZJR,
2026-09-16,AAL,30.0
2026-09-16,AAS,51.587301587301596
2026-09-16,AAV,84.12162162162163
2026-09-16,ABG,79.48113207547169
2026-09-16,ABJ,
2026-09-16,ABU,94.1358024691358
2026-09-16,AC1,83.7579617834395
2026-09-16,AC2,38.757861635220124
2026-09-16,AC3,17.059748427672954
2026-09-16,AC4,86.12903225806451
2026-09-16,AC5,93.16037735849056
2026-09-16,AC6,41.430817610062896
2026-09-16,AC7,6.682389937106918
2026-09-16,AC8,18.78930817610063
2026-09-16,ACC,38.17567567567568
2026-09-16,ACD,50.92592592592593
2026-09-16,ACN,54.32389937106918
2026-09-16,ACU,89.22955974842768
2026-09-16,ADE,47.839506172839506
2026-09-16,ADP,26.68918918918919
2026-09-16,AED,46.60493827160494
2026-09-16,AES,
2026-09-16,AEV,
2026-09-16,AFA,85.47297297297297
2026-09-16,AFO,34.50704225352113
2026-09-16,AFS,98.3108108108108
2026-09-16,AFT,28.040540540540544
2026-09-16,AFV,65.87837837837837
2026-09-16,AGC,82.4074074074074
2026-09-16,AHH,93.78930817610063
2026-09-16,AHI,34.12162162162162
2026-09-16,AHN,45.5188679245283
2026-09-16,AHU,24.68354430379747
2026-09-16,AHV,86.5079365079365
2026-09-16,AHZ,92.85714285714286
2026-09-16,AI1,96.4622641509434
2026-09-16,AIH,
2026-09-16,AII,
2026-09-16,AIM,
2026-09-16,AIR,
2026-09-16,AIS,66.12903225806451
2026-09-16,AJ1,76.17924528301887
2026-09-16,AJE,67.05974842767296
2026-09-16,AJK,85.45597484276729
2026-09-16,AJL,67.68867924528303
2026-09-16,AJN,66.5880503144654
2026-09-16,AK2,28.48101265822785
2026-09-16,AK3,54.391891891891895
2026-09-16,AKE,13.291139240506327
2026-09-16,AKU,90.2027027027027
2026-09-16,AL4,79.29936305732484
2026-09-16,AL5,51.910828025477706
2026-09-16,AL6,75.47770700636943
2026-09-16,AL7,86.30573248407643
2026-09-16,ALC,76.6891891891892
2026-09-16,ALE,71.29032258064515
2026-09-16,AN1,79.93827160493827
2026-09-16,ANL,91.29032258064517
2026-09-16,ANZ,54.48113207547169
2026-09-16,AOJ,37.34276729559748
2026-09-16,AOY,13.85135135135135
2026-09-16,AP2,26.179245283018872
2026-09-16,AP4,8.254716981132075
2026-09-16,AP5,
2026-09-16,AP6,9.15492957746479
2026-09-16,AP7,78.38050314465409
2026-09-16,APJ,
2026-09-16,APP,
2026-09-16,APT,39.87341772151899
2026-09-16,ARE,98.98648648648648
2026-09-16,ARF,
2026-09-16,ARL,
2026-09-16,ARM,
2026-09-16,ARP,
2026-09-16,AS1,
2026-09-16,AS3,19.261006289308177
2026-09-16,ASJ,52.36486486486487
2026-09-16,ATJ,
2026-09-16,AU1,71.12676056338029
2026-09-16,AUV,21.61949685534591
2026-09-16,AVC,12.971698113207546
2026-09-16,AVT,87.9746835443038
2026-09-16,AVZ,
2026-09-16,AY6,37.65723270440252
2026-09-16,AY7,69.10377358490565
2026-09-16,AYA,46.95945945945946
2026-09-16,AYR,58.86075949367089
2026-09-16,AZF,
2026-09-16,AZJ,94.88993710691824
2026-09-16,AZV,
2026-09-16,AZZ,
2026-09-16,BA1,85.61320754716981
2026-09-16,BAC,1.4937106918238994
2026-09-16,BAG,42.901234567901234
2026-09-16,BAI,16.19718309859155
2026-09-16,BAL,
2026-09-16,BAO,
2026-09-16,BAS,
2026-09-16,BBF,50.0
2026-09-16,BBI,
2026-09-16,BBN,13.60062893081761
2026-09-16,BBO,
2026-09-16,BBP,82.91139240506328
2026-09-16,BBS,98.97798742138365
2026-09-16,BCC,
2026-09-16,BCK,62.65432098765432
2026-09-16,BCO,77.38853503184714
2026-09-16,BDA,38.53503184713376
2026-09-16,BDC,23.034591194968552
2026-09-16,BDI,11.39937106918239
2026-09-16,BDO,0.7075471698113208
2026-09-16,BDS,1.6891891891891893
2026-09-16,BDY,63.85135135135135
2026-09-16,BFE,35.714285714285715
2026-09-16,BFO,
2026-09-16,BFS,83.33333333333334
2026-09-16,BFT,11.824324324324325
2026-09-16,BGH,
2026-09-16,BGP,55.16129032258065
2026-09-16,BGR,15.878378378378377
2026-09-16,BHA,78.04054054054053
2026-09-16,BHE,36.39937106918239
2026-09-16,BHF,15.74074074074074
2026-09-16,BHH,8.09748427672956
2026-09-16,BHI,92.05974842767296
2026-09-16,BHL,24.92138364779874
2026-09-16,BHN,8.726415094339622
2026-09-16,BHO,
2026-09-16,BI5,
2026-09-16,BIA,22.87735849056604
2026-09-16,BID,16.554054054054053
2026-09-16,BIG,53.71621621621622
2026-09-16,BIH,96.28378378378379
2026-09-16,BIK,7.6257861635220126
2026-09-16,BIO,15.202702702702704
2026-09-16,BIP,70.64516129032258
2026-09-16,BIS,91.11635220125787
2026-09-16,BIY,47.63513513513514
2026-09-16,BJD,53.69496855345912
2026-09-16,BKO,
2026-09-16,BKY,69.7452229299363
2026-09-16,BLA,2.279874213836478
2026-09-16,BLD,92.68867924528303
2026-09-16,BLT,45.774647887323944
2026-09-16,BMU,17.531446540880502
2026-09-16,BNC,83.72641509433963
2026-09-16,BNH,30.89622641509434
2026-09-16,BOH,9.040880503144653
2026-09-16,BOL,44.936708860759495
2026-09-16,BON,56.32911392405063
2026-09-16,BOP,60.770440251572325
2026-09-16,BOS,0.7042253521126761
2026-09-16,BP5,13.443396226415095
2026-09-16,BPD,96.14779874213836
2026-09-16,BPV,
2026-09-16,BPZ,99.03225806451613
2026-09-16,BRB,23.97798742138365
2026-09-16,BRC,56.68238993710691
2026-09-16,BRF,37.301587301587304
2026-09-16,BRG,84.19354838709677
2026-09-16,BRH,9.19811320754717
2026-09-16,BRR,90.50632911392405
2026-09-16,BRT,7.154088050314465
2026-09-16,BRZ,
2026-09-16,BS1,96.77672955974843
2026-09-16,BSA,
2026-09-16,BSC,83.88364779874213
2026-09-16,BSD,43.63207547169811
2026-09-16,BSE,5.4245283018867925
2026-09-16,BSF,
2026-09-16,BSH,
2026-09-16,BSM,99.92138364779875
2026-09-16,BSN,2.1226415094339623
2026-09-16,BST,23.19182389937107
2026-09-16,BTE,57.71604938271605
2026-09-16,BTJ,73.03459119496856
2026-09-16,BTK,36.624203821656046
2026-09-16,BTP,18.387096774193548
2026-09-16,BTY,
2026-09-16,BTZ,
2026-09-16,BUB,42.06349206349206
2026-09-16,BUC,
2026-09-16,BUP,
2026-09-16,BUT,
2026-09-16,BUV,5.738993710691824
2026-09-16,BUY,6.418918918918918
2026-09-16,BV1,39.52702702702703
2026-09-16,BVB,
2026-09-16,BVC,
2026-09-16,BVD,12.037037037037036
2026-09-16,BVF,91.93548387096774
2026-09-16,BVH,33.09748427672956
2026-09-16,BVI,20.361635220125788
2026-09-16,BVK,
2026-09-16,BVM,33.88364779874214
2026-09-16,BVT,58.411949685534594
2026-09-16,BVV,18.82716049382716
2026-09-16,BVZ,93.4748427672956
2026-09-16,BYZ,70.99056603773585
2026-09-16,CAH,7.311320754716981
2026-09-16,CBD,3.5377358490566038
2026-09-16,CBN,
2026-09-16,CBO,
2026-09-16,CEY,
2026-09-16,CFO,60.967741935483865
2026-09-16,CGD,
2026-09-16,CHY,18.632075471698112
2026-09-16,CIN,33.25471698113208
2026-09-16,CJD,72.09119496855347
2026-09-16,CJF,
2026-09-16,CJG,
2026-09-16,CJH,43.31761006289308
2026-09-16,CKF,57.00636942675159
2026-09-16,CKL,80.55555555555556
2026-09-16,CKS,56.36942675159236
2026-09-16,COT,27.908805031446544
2026-09-16,CPT,15.123456790123457
2026-09-16,CPU,32.802547770700635
2026-09-16,CRL,
2026-09-16,CSD,
2026-09-16,CSH,1.179245283018868
2026-09-16,CTF,
2026-09-16,CTG,
2026-09-16,CTM,
2026-09-16,CTP,
2026-09-16,CTV,
2026-09-16,CVA,
2026-09-16,CVB,
2026-09-16,CVC,
2026-09-16,CVD,
2026-09-16,CVE,
2026-09-16,CVF,
2026-09-16,CVK,58.28025477707006
2026-09-16,CVL,88.85350318471338
2026-09-16,CYD,64.22955974842768
2026-09-16,DA1,
2026-09-16,DAC,
2026-09-16,DAE,
2026-09-16,DAH,27.364864864864863
2026-09-16,DAI,
2026-09-16,DAL,
2026-09-16,DAP,88.06451612903226
2026-09-16,DAS,70.20440251572327
2026-09-16,DAT,
2026-09-16,DAV,52.12264150943396
2026-09-16,DAZ,
2026-09-16,DB2,
2026-09-16,DBA,61.267605633802816
2026-09-16,DBB,46.20253164556962
2026-09-16,DBG,
2026-09-16,DBH,14.556962025316455
2026-09-16,DBK,98.10126582278481
2026-09-16,DBP,78.70370370370371
2026-09-16,DBZ,55.06329113924051
2026-09-16,DCB,42.25806451612903
2026-09-16,DCD,
2026-09-16,DCE,
2026-09-16,DCN,37.096774193548384
2026-09-16,DCP,
2026-09-16,DCV,61.556603773584904
2026-09-16,DDA,28.852201257861637
2026-09-16,DDC,6.99685534591195
2026-09-16,DDE,
2026-09-16,DDF,46.93396226415094
2026-09-16,DDP,
2026-09-16,DEF,42.05974842767296
2026-09-16,DEH,19.93243243243243
2026-09-16,DEI,
2026-09-16,DFC,58.95061728395061
2026-09-16,DFD,62.02830188679245
2026-09-16,DFI,87.5
2026-09-16,DFO,
2026-09-16,DGF,95.37037037037037
2026-09-16,DGH,43.54838709677419
2026-09-16,DHI,3.6949685534591192
2026-09-16,DHJ,3.040540540540541
2026-09-16,DHM,30.952380952380953
2026-09-16,DHP,
2026-09-16,DHS,
2026-09-16,DHT,7.098765432098765
2026-09-16,DHV,10.29874213836478
2026-09-16,DID,39.81481481481482
2026-09-16,DIH,59.355345911949684
2026-09-16,DIM,
2026-09-16,DIP,35.16129032258065
2026-09-16,DK1,64.64968152866241
2026-09-16,DK8,72.87735849056604
2026-09-16,DKA,51.17924528301887
2026-09-16,DKC,61.399371069182386
2026-09-16,DKH,12.420382165605096
2026-09-16,DKL,55.095541401273884
2026-09-16,DKP,67.21698113207547
2026-09-16,DKR,24.764150943396228
2026-09-16,DKS,
2026-09-16,DL2,20.32258064516129
2026-09-16,DLD,71.28378378378379
2026-09-16,DLG,
2026-09-16,DLN,96.61949685534591
2026-09-16,DLY,40.32258064516129
2026-09-16,DLZ,65.4874213836478
2026-09-16,DMG,8.73015873015873
2026-09-16,DMI,
2026-09-16,DMV,
2026-09-16,DMZ,
2026-09-16,DNA,
2026-09-16,DNF,88.09523809523809
2026-09-16,DNH,25.707547169811324
2026-09-16,DNK,7.32484076433121
2026-09-16,DNL,
2026-09-16,DNM,56.5251572327044
2026-09-16,DNP,51.29032258064517
2026-09-16,DNU,65.17295597484278
2026-09-16,DOC,39.85849056603774
2026-09-16,DOD,41.90251572327044
2026-09-16,DOH,97.562893081761
2026-09-16,DOL,70.83333333333334
2026-09-16,DOR,
2026-09-16,DOS,
2026-09-16,DOV,60.29874213836478
2026-09-16,DP1,
2026-09-16,DP2,46.14779874213836
2026-09-16,DP3,
2026-09-16,DP4,
2026-09-16,DP5,
2026-09-16,DP7,
2026-09-16,DP8,93.66197183098592
2026-09-16,DP9,40.4874213836478
2026-09-16,DPB,49.92138364779874
2026-09-16,DPC,
2026-09-16,DPE,
2026-09-16,DPG,
2026-09-16,DPI,84.5125786163522
2026-09-16,DPK,89.49044585987261
2026-09-16,DPL,
2026-09-16,DPN,
2026-09-16,DPP,
2026-09-16,DPT,97.63513513513513
2026-09-16,DPZ,
2026-09-16,DRA,11.871069182389938
2026-09-16,DRD,37.028301886792455
2026-09-16,DRH,9.984276729559749
2026-09-16,DRT,29.938271604938272
2026-09-16,DSC,
2026-09-16,DSD,44.26100628930818
2026-09-16,DSH,99.76415094339622
2026-09-16,DSP,46.82539682539682
2026-09-16,DSV,16.11635220125786
2026-09-16,DTH,2.364864864864865
2026-09-16,DTL,36.82432432432432
2026-09-16,DTM,76.23456790123457
2026-09-16,DTO,70.04716981132076
2026-09-16,DTP,
2026-09-16,DTV,
2026-09-16,DTZ,33.641975308641975
2026-09-16,DUC,
2026-09-16,DUD,37.814465408805034
2026-09-16,DUH,21.30503144654088
2026-09-16,DUT,63.600628930817614
2026-09-16,DUV,8.227848101265822
2026-09-16,DVC,
2026-09-16,DVI,
2026-09-16,DVN,
2026-09-16,DVO,
2026-09-16,DVS,98.66352201257862
2026-09-16,DVT,74.38271604938271
2026-09-16,DVU,
2026-09-16,DVZ,
2026-09-16,DXP,46.28378378378378
2026-09-16,DYJ,31.68238993710692
2026-09-16,DYN,42.28395061728395
2026-09-16,DYS,95.67610062893081
2026-09-16,DZ2,
2026-09-16,DZE,65.2027027027027
2026-09-16,DZM,46.30503144654088
2026-09-16,DZP,
2026-09-16,DZS,97.09119496855347
2026-09-16,EBD,56.481481481481474
2026-09-16,EBI,43.160377358490564
2026-09-16,EBS,55.89622641509434
2026-09-16,EC2,72.63513513513513
2026-09-16,ECA,73.76543209876543
2026-09-16,ECB,50.0
2026-09-16,ECV,89.24050632911393
2026-09-16,EDD,92.28395061728395
2026-09-16,EDN,91.66666666666666
2026-09-16,EDP,76.45161290322581
2026-09-16,EDT,91.74528301886792
2026-09-16,EDU,85.49382716049382
2026-09-16,EES,
2026-09-16,EGP,62.342767295597476
2026-09-16,EGR,55.24691358024691
2026-09-16,EHS,
2026-09-16,EIB,86.11111111111111
2026-09-16,EID,44.932432432432435
2026-09-16,EIL,82.9032258064516
2026-09-16,EJG,
2026-09-16,EKF,65.92356687898089
2026-09-16,EKL,2.258064516129032
2026-09-16,ELZ,4.140127388535031
2026-09-16,EME,19.10377358490566
2026-09-16,EML,28.08641975308642
2026-09-16,ENA,95.98765432098766
2026-09-16,ENJ,81.41891891891892
2026-09-16,ENO,95.51886792452831
2026-09-16,ENR,97.74193548387096
2026-09-16,ENS,81.79012345679013
2026-09-16,EP1,9.35483870967742
2026-09-16,EPA,77.74193548387098
2026-09-16,EPI,7.961783439490445
2026-09-16,EPK,4.929577464788732
2026-09-16,EPO,
2026-09-16,EPP,64.19354838709678
2026-09-16,EPT,79.03225806451613
2026-09-16,ESG,73.66352201257862
2026-09-16,ESN,43.00314465408805
2026-09-16,ESP,4.009433962264151
2026-09-16,ETN,96.60493827160494
2026-09-16,EUN,31.839622641509436
2026-09-16,EUZ,60.613207547169814
2026-09-16,EVM,61.419753086419746
2026-09-16,EYT,45.23809523809524
2026-09-16,EZM,
2026-09-16,FAK,11.971830985915492
2026-09-16,FAL,14.788732394366196
2026-09-16,FBC,18.152866242038215
2026-09-16,FBI,89.07232704402516
2026-09-16,FBN,85.77044025157232
2026-09-16,FBV,26.808176100628934
2026-09-16,FBZ,47.562893081761004
2026-09-16,FCK,21.337579617834397
2026-09-16,FCS,90.17295597484278
2026-09-16,FD1,51.54320987654321
2026-09-16,FDE,67.5314465408805
2026-09-16,FDG,47.22222222222222
2026-09-16,FDO,
2026-09-16,FDV,
2026-09-16,FDZ,16.90251572327044
2026-09-16,FFD,49.354838709677416
2026-09-16,FFF,
2026-09-16,FFH,61.46496815286624
2026-09-16,FFO,
2026-09-16,FFP,43.65079365079365
2026-09-16,FHI,
2026-09-16,FHP,70.0
2026-09-16,FHZ,
2026-09-16,FI3,37.34177215189873
2026-09-16,FI5,56.451612903225815
2026-09-16,FIB,21.830985915492956
2026-09-16,FID,37.96296296296296
2026-09-16,FIL,80.3225806451613
2026-09-16,FIT,17.088607594936708
2026-09-16,FJB,35.613207547169814
2026-09-16,FJC,81.83962264150944
2026-09-16,FJM,73.19182389937107
2026-09-16,FJN,75.86477987421384
2026-09-16,FJZ,34.5125786163522
2026-09-16,FKE,48.66352201257861
2026-09-16,FKV,66.90251572327044
2026-09-16,FLS,53.38050314465409
2026-09-16,FLY,2.7777777777777777
2026-09-16,FMG,20.833333333333336
2026-09-16,FMS,
2026-09-16,FMV,94.73270440251572
2026-09-16,FNO,59.5679012345679
2026-09-16,FNT,10.455974842767295
2026-09-16,FP4,3.852201257861635
2026-09-16,FPE,10.759493670886076
2026-09-16,FPG,30.58176100628931
2026-09-16,FPH,62.5
2026-09-16,FPI,28.064516129032256
2026-09-16,FPK,29.746835443037973
2026-09-16,FPR,33.569182389937104
2026-09-16,FPZ,78.06603773584906
2026-09-16,FR1,19.418238993710695
2026-09-16,FRA,
2026-09-16,FRC,18.946540880503147
2026-09-16,FRZ,
2026-09-16,FS1,10.927672955974844
2026-09-16,FS2,31.99685534591195
2026-09-16,FS3,2.229299363057325
2026-09-16,FS4,1.650943396226415
2026-09-16,FS5,49.13522012578616
2026-09-16,FS6,97.72012578616352
2026-09-16,FSF,62.903225806451616
2026-09-16,FSG,27.27987421383648
2026-09-16,FSH,24.6031746031746
2026-09-16,FSK,71.93548387096774
2026-09-16,FSM,11.242138364779874
2026-09-16,FSP,
2026-09-16,FSR,68.4748427672956
2026-09-16,FSU,
2026-09-16,FSV,40.80188679245283
2026-09-16,FTL,26.129032258064516
2026-09-16,FTY,69.73270440251572
2026-09-16,FUA,25.33783783783784
2026-09-16,FUB,1.89873417721519
2026-09-16,FUM,
2026-09-16,FUN,91.4308176100629
2026-09-16,FUP,
2026-09-16,FVL,88.28616352201259
2026-09-16,FYA,42.84591194968554
2026-09-16,FYB,
2026-09-16,FYD,33.44594594594595
2026-09-16,FYF,50.235849056603776
2026-09-16,FYG,
2026-09-16,FYH,26.965408805031448
2026-09-16,FYI,94.10377358490565
2026-09-16,FYM,62.814465408805034
2026-09-16,FYO,62.65822784810127
2026-09-16,FYT,95.56962025316456
2026-09-16,FYZ,
2026-09-16,FZJ,75.39682539682539
2026-09-16,FZP,54.795597484276726
2026-09-16,GA1,34.810126582278485
2026-09-16,GAC,
2026-09-16,GAE,90.87837837837837
2026-09-16,GAF,42.9054054054054
2026-09-16,GAG,84.35534591194968
2026-09-16,GAH,68.82716049382715
2026-09-16,GAJ,
2026-09-16,GAL,22.903225806451612
2026-09-16,GAN,26.493710691823903
2026-09-16,GAS,66.11635220125787
2026-09-16,GAU,
2026-09-16,GAV,
2026-09-16,GBC,80.74324324324324
2026-09-16,GBG,82.0945945945946
2026-09-16,GBH,39.386792452830186
2026-09-16,GBJ,26.650943396226417
2026-09-16,GBL,81.64556962025317
2026-09-16,GBN,79.63836477987421
2026-09-16,GBP,
2026-09-16,GBV,33.0246913580247
2026-09-16,GBZ,32.53968253968254
2026-09-16,GCA,
2026-09-16,GCC,
2026-09-16,GCD,21.77672955974843
2026-09-16,GCI,
2026-09-16,GCZ,
2026-09-16,GDJ,
2026-09-16,GDP,
2026-09-16,GEC,
2026-09-16,GEI,1.3364779874213837
2026-09-16,GEZ,
2026-09-16,GFB,
2026-09-16,GFD,
2026-09-16,GFI,
2026-09-16,GFL,
2026-09-16,GFN,
2026-09-16,GFY,
2026-09-16,GGA,
2026-09-16,GGC,
2026-09-16,GGD,
2026-09-16,GGK,42.95774647887324
2026-09-16,GGM,
2026-09-16,GGN,
2026-09-16,GGP,
2026-09-16,GGR,
2026-09-16,GHS,23.31081081081081
2026-09-16,GID,
2026-09-16,GIE,86.82432432432432
2026-09-16,GIH,
2026-09-16,GJA,
2026-09-16,GJB,15.079365079365079
2026-09-16,GJD,
2026-09-16,GJE,
2026-09-16,GJF,
2026-09-16,GJH,22.258064516129032
2026-09-16,GJM,49.29245283018868
2026-09-16,GJO,
2026-09-16,GKF,9.235668789808917
2026-09-16,GKG,92.22972972972973
2026-09-16,GKH,33.225806451612904
2026-09-16,GKK,
2026-09-16,GKL,
2026-09-16,GKM,71.93396226415094
2026-09-16,GKV,21.97452229299363
2026-09-16,GL1,67.9054054054054
2026-09-16,GLC,34.12698412698413
2026-09-16,GLG,28.066037735849058
2026-09-16,GLL,
2026-09-16,GLM,
2026-09-16,GLP,
2026-09-16,GLS,98.40764331210191
2026-09-16,GLV,22.562893081761008
2026-09-16,GMA,65.12345679012346
2026-09-16,GMC,
2026-09-16,GMD,76.98412698412699
2026-09-16,GME,
2026-09-16,GMI,16.745283018867923
2026-09-16,GMM,71.30503144654088
2026-09-16,GMN,63.54838709677419
2026-09-16,GMO,
2026-09-16,GMP,
2026-09-16,GMR,21.283783783783782
2026-09-16,GMZ,
2026-09-16,GNH,
2026-09-16,GNK,
2026-09-16,GNL,
2026-09-16,GNP,27.419354838709676
2026-09-16,GNS,69.25675675675676
2026-09-16,GNZ,
2026-09-16,GO1,70.63492063492063
2026-09-16,GO3,2.380952380952381
2026-09-16,GO4,19.841269841269842
2026-09-16,GO6,98.38709677419355
2026-09-16,GO9,30.743243243243246
2026-09-16,GOF,52.437106918238996
2026-09-16,GOH,21.95945945945946
2026-09-16,GOK,70.38216560509554
2026-09-16,GOL,26.056338028169012
2026-09-16,GOP,78.38709677419354
2026-09-16,GP1,
2026-09-16,GP3,40.01572327044025
2026-09-16,GPA,9.49367088607595
2026-09-16,GPB,91.0493827160494
2026-09-16,GPC,39.70125786163522
2026-09-16,GPF,37.261146496815286
2026-09-16,GPG,8.333333333333332
2026-09-16,GPH,
2026-09-16,GPI,69.44444444444444
2026-09-16,GPJ,
2026-09-16,GPL,80.89622641509435
2026-09-16,GPM,
2026-09-16,GPN,51.935483870967744
2026-09-16,GPT,31.17283950617284
2026-09-16,GPU,67.5925925925926
2026-09-16,GPV,
2026-09-16,GPZ,92.58064516129032
2026-09-16,GRL,25.393081761006293
2026-09-16,GRO,68.16037735849056
2026-09-16,GRT,7.77027027027027
2026-09-16,GSE,85.92767295597484
2026-09-16,GSG,
2026-09-16,GSL,
2026-09-16,GSO,
2026-09-16,GSP,79.3918918918919
2026-09-16,GSR,
2026-09-16,GTA,28.87323943661972
2026-09-16,GTF,36.075949367088604
2026-09-16,GTH,77.36486486486487
2026-09-16,GTK,
2026-09-16,GTL,46.774193548387096
2026-09-16,GTM,75.33783783783784
2026-09-16,GTN,
2026-09-16,GTY,37.185534591194966
2026-09-16,GTZ,
2026-09-16,GUA,
2026-09-16,GUB,60.12658227848101
2026-09-16,GUC,
2026-09-16,GUF,13.492063492063492
2026-09-16,GUH,40.87837837837838
2026-09-16,GUK,
2026-09-16,GUM,
2026-09-16,GUV,19.62025316455696
2026-09-16,GVA,10.185185185185185
2026-09-16,GVB,
2026-09-16,GVC,
2026-09-16,GVD,
2026-09-16,GVI,10.317460317460316
2026-09-16,GVL,
2026-09-16,GVZ,
2026-09-16,GYC,
2026-09-16,GYG,
2026-09-16,GYK,70.25316455696202
2026-09-16,GYL,71.51898734177216
2026-09-16,GYN,
2026-09-16,GYR,
2026-09-16,GZB,
2026-09-16,GZD,
2026-09-16,GZE,
2026-09-16,GZG,55.8641975308642
2026-09-16,GZH,7.716049382716049
2026-09-16,GZJ,29.365079365079367
2026-09-16,GZL,78.08641975308642
2026-09-16,GZM,99.4496855345912
2026-09-16,GZN,47.09119496855346
2026-09-16,GZO,
2026-09-16,GZP,
2026-09-16,GZR,68.58108108108108
2026-09-16,GZU,
2026-09-16,GZV,
2026-09-16,GZY,8.950617283950617
2026-09-16,GZZ,36.11111111111111
2026-09-16,HAE,83.4119496855346
2026-09-16,HAG,75.5503144654088
2026-09-16,HAI,19.014084507042252
2026-09-16,HAM,57.04225352112676
2026-09-16,HAR,47.40566037735849
2026-09-16,HAT,
2026-09-16,HB1,55.26729559748428
2026-09-16,HB2,49.764150943396224
2026-09-16,HBF,47.183098591549296
2026-09-16,HBJ,
2026-09-16,HBN,
2026-09-16,HBU,84.7972972972973
2026-09-16,HBV,29.79559748427673
2026-09-16,HCV,3.5031847133757963
2026-09-16,HDA,61.87106918238994
2026-09-16,HDD,92.90123456790124
2026-09-16,HDE,39.5440251572327
2026-09-16,HDH,4.481132075471698
2026-09-16,HDJ,90.33018867924528
2026-09-16,HDK,58.25471698113207
2026-09-16,HDS,69.88993710691824
2026-09-16,HDV,68.31761006289308
2026-09-16,HEH,68.78930817610063
2026-09-16,HFA,
2026-09-16,HFI,23.248407643312103
2026-09-16,HFO,
2026-09-16,HFR,58.445945945945944
2026-09-16,HFV,45.04716981132076
2026-09-16,HFY,
2026-09-16,HGC,84.66981132075472
2026-09-16,HGH,
2026-09-16,HGJ,6.839622641509433
2026-09-16,HGM,69.93243243243244
2026-09-16,HGR,65.33018867924528
2026-09-16,HGT,54.166666666666664
2026-09-16,HGU,
2026-09-16,HGV,29.952830188679247
2026-09-16,HIA,69.5754716981132
2026-09-16,HIF,24.135220125786162
2026-09-16,HIH,44.25675675675676
2026-09-16,HII,
2026-09-16,HIM,72.40566037735849
2026-09-16,HIP,59.67741935483871
2026-09-16,HIS,
2026-09-16,HIZ,54.629629629629626
2026-09-16,HJA,1.022012578616352
2026-09-16,HJB,66.9753086419753
2026-09-16,HKG,60.18518518518518
2026-09-16,HKH,14.968152866242038
2026-09-16,HKJ,58.387096774193544
2026-09-16,HKM,11.084905660377359
2026-09-16,HKP,6.050955414012739
2026-09-16,HKR,18.00314465408805
2026-09-16,HKV,91.77215189873418
2026-09-16,HLA,9.669811320754718
2026-09-16,HLL,86.7741935483871
2026-09-16,HLR,0.2358490566037736
2026-09-16,HMC,
2026-09-16,HME,89.85849056603774
2026-09-16,HMG,76.65094339622641
2026-09-16,HMK,4.323899371069182
2026-09-16,HML,59.554140127388536
2026-09-16,HMS,49.66216216216216
2026-09-16,HMT,37.971698113207545
2026-09-16,HMV,40.33018867924528
2026-09-16,HNS,59.198113207547166
2026-09-16,HOA,10.802469135802468
2026-09-16,HOY,38.88888888888889
2026-09-16,HP3,86.87106918238993
2026-09-16,HPC,
2026-09-16,HPD,45.370370370370374
2026-09-16,HPF,1.8081761006289307
2026-09-16,HPH,15.161290322580644
2026-09-16,HPI,4.638364779874213
2026-09-16,HPJ,
2026-09-16,HPL,3.2232704402515724
2026-09-16,HPO,84.25925925925925
2026-09-16,HPT,74.0506329113924
2026-09-16,HPV,93.94904458598727
2026-09-16,HPZ,
2026-09-16,HRZ,4.391891891891892
2026-09-16,HSA,37.34567901234568
2026-09-16,HSL,31.290322580645164
2026-09-16,HSP,32.625786163522015
2026-09-16,HST,31.0126582278481
2026-09-16,HTF,7.419354838709677
2026-09-16,HTJ,54.01234567901234
2026-09-16,HTK,0.7936507936507936
2026-09-16,HTS,69.71830985915493
2026-09-16,HTZ,9.512578616352203
2026-09-16,HUI,
2026-09-16,HUS,
2026-09-16,HVA,13.286163522012579
2026-09-16,HVB,4.166666666666666
2026-09-16,HVC,23.5062893081761
2026-09-16,HVI,66.55405405405406
2026-09-16,HVK,3.1645569620253164
2026-09-16,HVL,
2026-09-16,HVN,
2026-09-16,HVS,55.067567567567565
2026-09-16,HVT,96.45161290322581
2026-09-16,HVU,72.53086419753086
2026-09-16,HVV,
2026-09-16,HVZ,60.47297297297297
2026-09-16,HYK,63.12893081761006
2026-09-16,HYP,98.34905660377359
2026-09-16,HYU,99.13522012578616
2026-09-16,HYV,46.12903225806452
2026-09-16,HYY,
2026-09-16,HZV,
2026-09-16,IAC,
2026-09-16,IAE,26.234567901234566
2026-09-16,IAI,
2026-09-16,IAJ,
2026-09-16,IAM,48.41269841269841
2026-09-16,IAR,15.959119496855346
2026-09-16,IAS,25.550314465408807
2026-09-16,IAT,81.21019108280255
2026-09-16,IAU,65.01572327044025
2026-09-16,IAY,65.49295774647888
2026-09-16,IBB,73.14814814814815
2026-09-16,IBC,
2026-09-16,IBE,5.581761006289308
2026-09-16,IBG,69.26100628930818
2026-09-16,IBJ,44.575471698113205
2026-09-16,IBK,72.78481012658227
2026-09-16,IBM,50.393081761006286
2026-09-16,IBP,
2026-09-16,IBR,95.36163522012579
2026-09-16,ICA,37.32394366197183
2026-09-16,ICC,44.135802469135804
2026-09-16,ICD,89.19753086419753
2026-09-16,ICE,62.25806451612903
2026-09-16,ICF,73.3108108108108
2026-09-16,ICG,
2026-09-16,ICH,83.0246913580247
2026-09-16,ICM,6.774193548387098
2026-09-16,ICN,
2026-09-16,ICS,54.009433962264154
2026-09-16,ICV,
2026-09-16,ICZ,20.60810810810811
2026-09-16,IDD,41.74528301886792
2026-09-16,IDF,75.07861635220125
2026-09-16,IDH,48.310810810810814
2026-09-16,IDI,91.55405405405406
2026-09-16,IDL,88.70967741935483
2026-09-16,IDO,65.80188679245283
2026-09-16,IDP,4.952830188679245
2026-09-16,IDV,
2026-09-16,IDY,35.49382716049383
2026-09-16,IED,66.35802469135803
2026-09-16,IEN,12.5
2026-09-16,IEV,23.14814814814815
2026-09-16,IEZ,
2026-09-16,IFD,
2026-09-16,IFN,
2026-09-16,IFV,84.17721518987342
2026-09-16,IFY,
2026-09-16,IGF,
2026-09-16,IGL,80.96774193548387
2026-09-16,IGM,
2026-09-16,IGZ,
2026-09-16,IH1,67.22972972972973
2026-09-16,IHA,
2026-09-16,IHC,33.411949685534594
2026-09-16,IHK,9.797297297297296
2026-09-16,IHP,11.556603773584905
2026-09-16,IHT,45.608108108108105
2026-09-16,IHV,8.41194968553459
2026-09-16,IHY,
2026-09-16,IHZ,
2026-09-16,IIA,7.468553459119496
2026-09-16,IIC,
2026-09-16,IIE,2.5943396226415096
2026-09-16,IIF,95.20440251572327
2026-09-16,IIH,56.41891891891891
2026-09-16,IIN,41.612903225806456
2026-09-16,IIS,6.210691823899371
2026-09-16,IJA,25.0
2026-09-16,IJB,81.25
2026-09-16,IJC,6.481481481481481
2026-09-16,IJE,
2026-09-16,IJF,
2026-09-16,IJH,
2026-09-16,IJI,51.4937106918239
2026-09-16,IJK,
2026-09-16,IJL,41.588050314465406
2026-09-16,IJP,31.25
2026-09-16,IJT,83.5691823899371
2026-09-16,IJV,95.80645161290322
2026-09-16,IJZ,75.61728395061729
2026-09-16,IK2,82.31132075471697
2026-09-16,IKL,43.75
2026-09-16,IKP,6.25
2026-09-16,IKV,65.18987341772153
2026-09-16,ILC,78.85220125786164
2026-09-16,ILE,
2026-09-16,ILH,39.67741935483871
2026-09-16,ILI,88.75786163522012
2026-09-16,ILM,27.122641509433965
2026-09-16,ILP,
2026-09-16,ILU,
2026-09-16,ILZ,84.92063492063492
2026-09-16,IMB,
2026-09-16,IMF,45.20440251572327
2026-09-16,IMG,61.242138364779876
2026-09-16,IMH,
2026-09-16,IML,55.74324324324324
2026-09-16,IMO,
2026-09-16,IMS,
2026-09-16,IMT,
2026-09-16,IMY,
2026-09-16,IMZ,
2026-09-16,INH,39.19753086419753
2026-09-16,INV,
2026-09-16,INZ,82.4685534591195
2026-09-16,IOG,20.20440251572327
2026-09-16,IOH,50.86477987421384
2026-09-16,IOJ,80.11006289308176
2026-09-16,IOL,
2026-09-16,IOM,3.380503144654088
2026-09-16,ION,38.28616352201258
2026-09-16,IOO,93.87096774193549
2026-09-16,IOP,93.2258064516129
2026-09-16,IOT,
2026-09-16,IOV,
2026-09-16,IPA,18.160377358490564
2026-09-16,IPB,4.012345679012346
2026-09-16,IPC,
2026-09-16,IPE,
2026-09-16,IPF,73.82075471698113
2026-09-16,IPG,61.111111111111114
2026-09-16,IPJ,18.75
2026-09-16,IPK,
2026-09-16,IPO,
2026-09-16,IPP,55.58176100628931
2026-09-16,IPR,
2026-09-16,IPU,
2026-09-16,IPV,25.949367088607595
2026-09-16,IRB,
2026-09-16,IRE,57.15408805031446
2026-09-16,IRF,
2026-09-16,IRL,22.72012578616352
2026-09-16,IRO,29.4811320754717
2026-09-16,IRT,44.75308641975309
2026-09-16,IRV,96.30503144654088
2026-09-16,IRY,90.64516129032259
2026-09-16,ISR,
2026-09-16,ISS,
2026-09-16,IST,80.37974683544303
2026-09-16,ITA,
2026-09-16,ITC,73.98648648648648
2026-09-16,ITD,
2026-09-16,ITJ,52.75157232704403
2026-09-16,ITL,
2026-09-16,ITP,68.75
2026-09-16,ITR,
2026-09-16,ITV,88.02816901408451
2026-09-16,ITZ,
2026-09-16,IUA,8.883647798742137
2026-09-16,IUB,
2026-09-16,IUC,
2026-09-16,IUF,35.14150943396226
2026-09-16,IUH,26.190476190476193
2026-09-16,IUM,
2026-09-16,IUN,
2026-09-16,IUV,43.789308176100626
2026-09-16,IUZ,83.54838709677419
2026-09-16,IV2,10.61320754716981
2026-09-16,IV6,
2026-09-16,IV7,
2026-09-16,IV8,82.48407643312102
2026-09-16,IVF,11.146496815286625
2026-09-16,IVS,15.015723270440251
2026-09-16,IVY,48.45679012345679
2026-09-16,IYB,50.308641975308646
2026-09-16,IYP,
2026-09-16,IYR,90.01572327044025
2026-09-16,IYS,28.537735849056606
2026-09-16,IYV,18.474842767295595
2026-09-16,IZA,
2026-09-16,IZB,91.26984126984127
2026-09-16,IZE,
2026-09-16,IZL,65.95911949685535
2026-09-16,IZS,97.88732394366197
2026-09-16,IZV,
2026-09-16,IZY,64.38679245283019
2026-09-16,JET,9.5679012345679
2026-09-16,JOT,
2026-09-16,JUP,74.13522012578616
2026-09-16,KAC,83.12101910828027
2026-09-16,KAN,52.816901408450704
2026-09-16,KAV,86.61971830985915
2026-09-16,KBJ,28.69496855345912
2026-09-16,KBP,
2026-09-16,KBZ,
2026-09-16,KCL,25.796178343949045
2026-09-16,KCR,95.07042253521126
2026-09-16,KCV,67.19745222929936
2026-09-16,KDE,74.20382165605095
2026-09-16,KDI,36.556603773584904
2026-09-16,KDK,
2026-09-16,KDL,54.45859872611465
2026-09-16,KDO,50.0
2026-09-16,KDS,52.547770700636946
2026-09-16,KDT,42.99363057324841
2026-09-16,KDV,55.73248407643312
2026-09-16,KDZ,44.904458598726116
2026-09-16,KEI,
2026-09-16,KEO,
2026-09-16,KEU,41.082802547770704
2026-09-16,KFZ,
2026-09-16,KGM,9.872611464968154
2026-09-16,KH1,35.98726114649681
2026-09-16,KHA,92.9054054054054
2026-09-16,KHB,17.22972972972973
2026-09-16,KHC,6.687898089171974
2026-09-16,KHD,28.980891719745223
2026-09-16,KHF,
2026-09-16,KHJ,15.605095541401273
2026-09-16,KHP,40.96774193548387
2026-09-16,KHT,
2026-09-16,KHU,
2026-09-16,KIA,
2026-09-16,KIB,49.074074074074076
2026-09-16,KIE,95.16129032258065
2026-09-16,KIH,90.4874213836478
2026-09-16,KIK,11.78343949044586
2026-09-16,KIS,40.445859872611464
2026-09-16,KJK,
2026-09-16,KKB,
2026-09-16,KKC,16.878980891719745
2026-09-16,KKE,
2026-09-16,KKH,78.57142857142857
2026-09-16,KKL,91.40127388535032
2026-09-16,KKO,50.55031446540881
2026-09-16,KKP,48.34905660377358
2026-09-16,KKT,92.67515923566879
2026-09-16,KLH,0.9554140127388535
2026-09-16,KLI,35.80645161290323
2026-09-16,KLL,
2026-09-16,KLM,
2026-09-16,KLS,
2026-09-16,KLU,11.29032258064516
2026-09-16,KMA,
2026-09-16,KME,68.47133757961782
2026-09-16,KMF,80.98591549295774
2026-09-16,KMN,66.90140845070422
2026-09-16,KMT,
2026-09-16,KNC,56.210691823899374
2026-09-16,KNI,2.903225806451613
2026-09-16,KNJ,85.6687898089172
2026-09-16,KNN,59.040880503144656
2026-09-16,KNP,
2026-09-16,KNS,
2026-09-16,KNT,
2026-09-16,KNV,
2026-09-16,KNZ,
2026-09-16,KO4,41.11635220125786
2026-09-16,KOB,76.75159235668791
2026-09-16,KOD,26.851851851851855
2026-09-16,KOP,35.29874213836478
2026-09-16,KOT,86.14864864864865
2026-09-16,KOZ,
2026-09-16,KP3,42.21698113207547
2026-09-16,KPA,39.171974522293
2026-09-16,KPB,
2026-09-16,KPC,37.898089171974526
2026-09-16,KPD,31.528662420382165
2026-09-16,KPF,66.27358490566037
2026-09-16,KPH,35.47297297297297
2026-09-16,KPI,39.03225806451613
2026-09-16,KPK,
2026-09-16,KPM,
2026-09-16,KPP,34.516129032258064
2026-09-16,KPR,1.6129032258064515
2026-09-16,KPS,81.5251572327044
2026-09-16,KPU,13.694267515923567
2026-09-16,KRC,33.54430379746836
2026-09-16,KRF,94.75308641975309
2026-09-16,KRH,30.424528301886795
2026-09-16,KRO,57.78301886792453
2026-09-16,KRR,56.25
2026-09-16,KRS,34.98427672955975
2026-09-16,KRT,73.5062893081761
2026-09-16,KRV,92.25352112676056
2026-09-16,KSA,95.99056603773585
2026-09-16,KSC,
2026-09-16,KSK,61.61290322580645
2026-09-16,KSL,24.522292993630572
2026-09-16,KSM,53.18471337579618
2026-09-16,KSP,45.67610062893082
2026-09-16,KSR,23.88535031847134
2026-09-16,KST,
2026-09-16,KSV,71.01910828025477
2026-09-16,KSY,97.87735849056604
2026-09-16,KTE,
2026-09-16,KTI,8.598726114649681
2026-09-16,KTJ,34.07643312101911
2026-09-16,KTM,58.917197452229296
2026-09-16,KTN,63.37579617834395
2026-09-16,KTR,78.02547770700637
2026-09-16,KTS,60.19108280254777
2026-09-16,KTT,43.63057324840764
2026-09-16,KTU,
2026-09-16,KTV,90.76433121019109
2026-09-16,KU3,33.43949044585987
2026-09-16,KUA,18.789808917197455
2026-09-16,KUB,62.03703703703704
2026-09-16,KUD,74.84076433121018
2026-09-16,KUP,26.022012578616355
2026-09-16,KUT,17.6056338028169
2026-09-16,KVA,
2026-09-16,KVK,65.28662420382165
2026-09-16,KVR,85.03184713375796
2026-09-16,KVS,79.00943396226415
2026-09-16,KVT,70.6081081081081
2026-09-16,KYA,14.527027027027026
2026-09-16,KYR,13.128930817610062
2026-09-16,KYS,61.08490566037735
2026-09-16,KZL,40.140845070422536
2026-09-16,KZO,
2026-09-16,KZU,23.239436619718308
2026-09-16,LAI,17.21698113207547
2026-09-16,LET,
2026-09-16,LFD,
2026-09-16,LGK,
2026-09-16,LGO,12.657232704402515
2026-09-16,LHM,
2026-09-16,LHP,67.84591194968553
2026-09-16,LKF,82.3943661971831
2026-09-16,LKT,29.354838709677416
2026-09-16,LLA,10.141509433962264
2026-09-16,LPH,97.40566037735849
2026-09-16,LRT,60.45597484276729
2026-09-16,LTC,81.99685534591194
2026-09-16,LTL,88.17567567567568
2026-09-16,LTS,38.12893081761006
2026-09-16,LZV,
2026-09-16,MAC,26.013513513513516
2026-09-16,MAD,16.358024691358025
2026-09-16,MAS,16.430817610062892
2026-09-16,MAV,
2026-09-16,MBL,97.8395061728395
2026-09-16,MBR,48.734177215189874
2026-09-16,MCU,91.90251572327044
2026-09-16,MD1,60.802469135802475
2026-09-16,MD2,41.66666666666667
2026-09-16,MDF,57.936507936507944
2026-09-16,MET,65.74074074074075
2026-09-16,MGB,50.70754716981132
2026-09-16,MGD,
2026-09-16,MGE,6.5251572327044025
2026-09-16,MGH,53.5377358490566
2026-09-16,MHF,7.094594594594595
2026-09-16,MIK,48.03459119496855
2026-09-16,MJB,23.015873015873016
2026-09-16,MJE,14.331210191082802
2026-09-16,MJG,7.142857142857142
2026-09-16,MJH,53.06603773584906
2026-09-16,MJK,16.27358490566038
2026-09-16,MJL,45.990566037735846
2026-09-16,MKA,5.414012738853503
2026-09-16,MKG,83.80281690140845
2026-09-16,MKL,
2026-09-16,MLS,
2026-09-16,MLT,39.07232704402516
2026-09-16,MMH,82.77027027027027
2026-09-16,MOD,
2026-09-16,MOZ,44.88993710691824
2026-09-16,MP2,
2026-09-16,MP4,
2026-09-16,MPD,63.91509433962265
2026-09-16,MPE,25.483870967741932
2026-09-16,MPF,88.21656050955414
2026-09-16,MPI,93.31761006289308
2026-09-16,MPK,84.39490445859873
2026-09-16,MPL,53.87096774193548
2026-09-16,MPN,35.770440251572325
2026-09-16,MPP,21.147798742138367
2026-09-16,MPS,20.063694267515924
2026-09-16,MRI,46.61949685534591
2026-09-16,MSK,
2026-09-16,MSO,
2026-09-16,MSR,23.82075471698113
2026-09-16,MT1,77.90880503144653
2026-09-16,MT2,45.483870967741936
2026-09-16,MT5,13.757861635220126
2026-09-16,MT6,7.746478873239436
2026-09-16,MT7,17.374213836477985
2026-09-16,MT8,0.550314465408805
2026-09-16,MT9,40.644654088050316
2026-09-16,MTD,1.5432098765432098
2026-09-16,MTE,
2026-09-16,MTF,66.74528301886792
2026-09-16,MTG,53.22327044025157
2026-09-16,MTH,51.01351351351351
2026-09-16,MTI,
2026-09-16,MTK,46.81528662420382
2026-09-16,MTL,47.87735849056604
2026-09-16,MTS,53.17460317460318
2026-09-16,MTU,
2026-09-16,MTV,32.407407407407405
2026-09-16,MTX,36.7283950617284
2026-09-16,MUL,23.663522012578618
2026-09-16,MUT,36.08490566037736
2026-09-16,NAK,55.633802816901415
2026-09-16,NAL,35.91549295774648
2026-09-16,NAU,33.098591549295776
2026-09-16,NAV,42.68867924528302
2026-09-16,NBE,52.27987421383647
2026-09-16,NBH,98.82075471698113
2026-09-16,NBO,96.03174603174604
2026-09-16,NBZ,77.59433962264151
2026-09-16,NCS,72.24842767295597
2026-09-16,NCU,17.68867924528302
2026-09-16,NDL,
2026-09-16,NDS,14.70125786163522
2026-09-16,NES,
2026-09-16,NFF,
2026-09-16,NFH,15.172955974842766
2026-09-16,NFK,2.908805031446541
2026-09-16,NHP,
2026-09-16,NHT,
2026-09-16,NHV,
2026-09-16,NHY,37.5
2026-09-16,NIG,22.09119496855346
2026-09-16,NIS,92.5314465408805
2026-09-16,NJF,79.5774647887324
2026-09-16,NJG,79.95283018867924
2026-09-16,NJR,75.31645569620254
2026-09-16,NJY,97.77070063694268
2026-09-16,NKA,48.72611464968153
2026-09-16,NKC,5.743243243243244
2026-09-16,NKH,60.141509433962256
2026-09-16,NKJ,
2026-09-16,NKK,31.525157232704405
2026-09-16,NKL,98.19182389937107
2026-09-16,NKM,1.5923566878980893
2026-09-16,NKP,2.1604938271604937
2026-09-16,NKS,87.02830188679245
2026-09-16,NKT,62.738853503184714
2026-09-16,NKV,
2026-09-16,NLC,90.84507042253522
2026-09-16,NLD,
2026-09-16,NLE,61.14864864864865
2026-09-16,NLK,92.21698113207547
2026-09-16,NLL,24.449685534591197
2026-09-16,NME,19.426751592356688
2026-09-16,NMG,75.23584905660378
2026-09-16,NMP,55.80645161290323
2026-09-16,NMU,77.75157232704403
2026-09-16,NNF,5.0675675675675675
2026-09-16,NOA,30.267295597484278
2026-09-16,NOI,90.95911949685535
2026-09-16,NOV,
2026-09-16,NP1,12.028301886792454
2026-09-16,NPH,8.445945945945946
2026-09-16,NPK,
2026-09-16,NRC,3.3950617283950617
2026-09-16,NRG,23.548387096774192
2026-09-16,NRM,63.757861635220124
2026-09-16,NSA,36.45161290322581
2026-09-16,NSD,87.97169811320755
2026-09-16,NSH,93.94654088050315
2026-09-16,NSK,82.78301886792453
2026-09-16,NSP,48.064516129032256
2026-09-16,NSS,
2026-09-16,NST,38.85135135135135
2026-09-16,NSY,87.81446540880503
2026-09-16,NTB,
2026-09-16,NTD,
2026-09-16,NTF,84.19811320754717
2026-09-16,NTI,4.62962962962963
2026-09-16,NTO,
2026-09-16,NTS,94.26100628930818
2026-09-16,NUB,43.94654088050314
2026-09-16,NUG,99.29577464788733
2026-09-16,NUH,29.39189189189189
2026-09-16,NVB,17.096774193548388
2026-09-16,NVC,20.99056603773585
2026-09-16,NVK,60.828025477707
2026-09-16,NVP,
2026-09-16,NVT,96.93396226415094
2026-09-16,NVZ,48.5062893081761
2026-09-16,NYH,
2026-09-16,NZH,12.654320987654321
2026-09-16,NZT,4.193548387096775
2026-09-16,NZU,50.63694267515923
2026-09-16,OAB,
2026-09-16,OAO,99.69135802469135
2026-09-16,OBI,20.88607594936709
2026-09-16,OBN,64.70125786163521
2026-09-16,OBP,87.96296296296296
2026-09-16,OBR,78.22327044025157
2026-09-16,OCM,
2026-09-16,OCN,
2026-09-16,OCT,
2026-09-16,ODD,68.00314465408806
2026-09-16,ODG,53.39506172839506
2026-09-16,ODN,97.24842767295597
2026-09-16,ODP,32.94025157232704
2026-09-16,ODS,55.42452830188679
2026-09-16,ODV,
2026-09-16,OFA,17.51592356687898
2026-09-16,OFB,91.27358490566037
2026-09-16,OFI,56.34920634920635
2026-09-16,OFK,41.71974522292994
2026-09-16,OFO,
2026-09-16,OFS,72.22222222222221
2026-09-16,OGD,64.08450704225352
2026-09-16,OGF,63.92405063291139
2026-09-16,OGV,
2026-09-16,OHB,71.95945945945947
2026-09-16,OHI,42.374213836477985
2026-09-16,OHK,71.656050955414
2026-09-16,OIL,85.2112676056338
2026-09-16,OIR,62.698412698412696
2026-09-16,OIS,
2026-09-16,OJB,80.58176100628931
2026-09-16,OJH,25.864779874213838
2026-09-16,OJK,59.859154929577464
2026-09-16,OJT,16.666666666666664
2026-09-16,OJU,
2026-09-16,OJY,
2026-09-16,OKD,71.91358024691358
2026-09-16,OKF,86.39937106918238
2026-09-16,OKP,68.9873417721519
2026-09-16,OKT,67.72151898734177
2026-09-16,OLA,38.443396226415096
2026-09-16,OLD,5.555555555555555
2026-09-16,OLE,94.44444444444444
2026-09-16,OMB,
2026-09-16,OMC,
2026-09-16,OME,29.166666666666668
2026-09-16,OMG,64.52702702702703
2026-09-16,OMT,19.032258064516128
2026-09-16,ONB,59.82704402515723
2026-09-16,OND,65.64465408805032
2026-09-16,ONE,25.235849056603776
2026-09-16,ONF,96.47887323943662
2026-09-16,ONK,34.19811320754717
2026-09-16,ONN,88.60062893081762
2026-09-16,ONS,89.38679245283019
2026-09-16,ONT,74.60691823899371
2026-09-16,ONY,55.73899371069182
2026-09-16,OPB,77.46913580246914
2026-09-16,OPD,95.04716981132076
2026-09-16,OPF,43.51851851851852
2026-09-16,OPH,12.5
2026-09-16,OPI,34.7972972972973
2026-09-16,OPJ,10.0
2026-09-16,OPL,38.58024691358025
2026-09-16,OPU,64.01273885350318
2026-09-16,OPZ,
2026-09-16,ORC,11.713836477987421
2026-09-16,ORI,
2026-09-16,OSD,52.53164556962025
2026-09-16,OSF,85.29874213836479
2026-09-16,OSH,23.349056603773587
2026-09-16,OSL,79.11392405063292
2026-09-16,OSN,64.85849056603774
2026-09-16,OTE,
2026-09-16,OTF,79.93630573248409
2026-09-16,OTJ,27.464788732394368
2026-09-16,OTK,
2026-09-16,OTM,41.04938271604938
2026-09-16,OTZ,
2026-09-16,OUB,
2026-09-16,OUD,79.16666666666666
2026-09-16,OUN,84.98427672955975
2026-09-16,OUR,62.97169811320755
2026-09-16,OUY,
2026-09-16,OVD,97.61904761904762
2026-09-16,OVR,
2026-09-16,OYL,50.645161290322584
2026-09-16,OYS,22.248427672955977
2026-09-16,OYT,90.80188679245283
2026-09-16,OZC,
2026-09-16,P1A,85.48387096774194
2026-09-16,PA2,10.56338028169014
2026-09-16,PAB,97.09677419354838
2026-09-16,PAC,
2026-09-16,PAF,38.732394366197184
2026-09-16,PAI,27.469135802469136
2026-09-16,PAL,89.43661971830986
2026-09-16,PAO,
2026-09-16,PAU,70.51886792452831
2026-09-16,PBE,86.55660377358491
2026-09-16,PBF,
2026-09-16,PBH,6.053459119496855
2026-09-16,PBI,54.761904761904766
2026-09-16,PBK,26.43312101910828
2026-09-16,PBN,48.977987421383645
2026-09-16,PBR,0.30864197530864196
2026-09-16,PBS,58.09748427672956
2026-09-16,PBY,7.783018867924528
2026-09-16,PCE,43.4748427672956
2026-09-16,PCH,51.65094339622641
2026-09-16,PCN,38.91509433962264
2026-09-16,PCS,
2026-09-16,PDC,4.79559748427673
2026-09-16,PDD,44.26751592356688
2026-09-16,PDE,0.3184713375796179
2026-09-16,PDF,51.965408805031444
2026-09-16,PDG,12.814465408805031
2026-09-16,PDH,41.27358490566038
2026-09-16,PDR,
2026-09-16,PDS,14.38679245283019
2026-09-16,PEA,41.54929577464789
2026-09-16,PFO,73.80952380952381
2026-09-16,PFS,27.77777777777778
2026-09-16,PGD,76.85185185185185
2026-09-16,PGE,79.32389937106919
2026-09-16,PGH,0.8647798742138365
2026-09-16,PGS,31.41891891891892
2026-09-16,PHB,0.07861635220125787
2026-09-16,PHE,
2026-09-16,PHF,59.512578616352194
2026-09-16,PHI,57.0945945945946
2026-09-16,PHK,34.71337579617834
2026-09-16,PHN,
2026-09-16,PHS,34.827044025157235
2026-09-16,PHY,34.355345911949684
2026-09-16,PID,81.17283950617285
2026-09-16,PIL,3.968253968253968
2026-09-16,PIP,6.129032258064516
2026-09-16,PIR,30.28169014084507
2026-09-16,PIS,95.83333333333334
2026-09-16,PJL,33.87096774193548
2026-09-16,PJP,54.638364779874216
2026-09-16,PK1,13.870967741935484
2026-09-16,PKD,
2026-09-16,PKF,78.16901408450704
2026-09-16,PKH,4.777070063694268
2026-09-16,PKL,78.6624203821656
2026-09-16,PKM,3.5483870967741935
2026-09-16,PKN,64.07232704402516
2026-09-16,PKP,31.93548387096774
2026-09-16,PKR,15.806451612903224
2026-09-16,PKT,21.612903225806452
2026-09-16,PKU,34.040880503144656
2026-09-16,PKV,84.82704402515722
2026-09-16,PKZ,14.072327044025156
2026-09-16,PLA,
2026-09-16,PLR,82.25806451612904
2026-09-16,PLS,
2026-09-16,PMG,
2026-09-16,PMH,
2026-09-16,PMP,7.9402515723270435
2026-09-16,PNU,57.096774193548384
2026-09-16,PO7,27.437106918238996
2026-09-16,PO8,
2026-09-16,PO9,12.185534591194969
2026-09-16,POB,28.38050314465409
2026-09-16,POD,45.83333333333333
2026-09-16,POF,2.112676056338028
2026-09-16,POH,
2026-09-16,POI,15.330188679245282
2026-09-16,POS,15.487421383647797
2026-09-16,POU,72.562893081761
2026-09-16,PP1,13.05732484076433
2026-09-16,PPB,9.121621621621621
2026-09-16,PPD,15.644654088050313
2026-09-16,PPE,30.110062893081764
2026-09-16,PPF,57.311320754716974
2026-09-16,PPG,5.483870967741936
2026-09-16,PPH,0.33783783783783783
2026-09-16,PPI,16.451612903225808
2026-09-16,PPJ,44.193548387096776
2026-09-16,PPK,47.41935483870968
2026-09-16,PPM,74.76415094339622
2026-09-16,PPN,84.83870967741936
2026-09-16,PPO,16.58805031446541
2026-09-16,PPP,4.838709677419355
2026-09-16,PPS,45.361635220125784
2026-09-16,PPT,89.35483870967742
2026-09-16,PPU,18.31761006289308
2026-09-16,PPV,17.741935483870968
2026-09-16,PPZ,79.6774193548387
2026-09-16,PRD,94.51612903225806
2026-09-16,PRF,
2026-09-16,PRH,32.58064516129032
2026-09-16,PRR,14.516129032258066
2026-09-16,PRU,89.54402515723271
2026-09-16,PRV,10.64516129032258
2026-09-16,PRY,59.03225806451613
2026-09-16,PSD,
2026-09-16,PSE,57.74193548387097
2026-09-16,PSG,34.66981132075472
2026-09-16,PSH,74.66216216216216
2026-09-16,PSL,75.70754716981132
2026-09-16,PSO,
2026-09-16,PSR,12.342767295597485
2026-09-16,PSS,70.36163522012579
2026-09-16,PST,9.355345911949685
2026-09-16,PTC,71.14779874213836
2026-09-16,PTE,53.2258064516129
2026-09-16,PTF,89.70125786163521
2026-09-16,PTG,
2026-09-16,PTL,20.967741935483872
2026-09-16,PTN,73.94366197183099
2026-09-16,PTO,89.52702702702703
2026-09-16,PTP,68.06451612903226
2026-09-16,PTS,74.51612903225806
2026-09-16,PUA,
2026-09-16,PUC,99.60691823899371
2026-09-16,PUH,44.41823899371069
2026-09-16,PUK,46.17834394904459
2026-09-16,PUR,28.70967741935484
2026-09-16,PUT,
2026-09-16,PUV,
2026-09-16,PVK,80.57324840764332
2026-09-16,PYB,37.74193548387097
2026-09-16,PYD,8.569182389937106
2026-09-16,PYF,88.44339622641509
2026-09-16,PYH,10.509554140127388
2026-09-16,PYI,0.39308176100628933
2026-09-16,PYL,40.172955974842765
2026-09-16,PYR,5.1100628930817615
2026-09-16,PYS,47.72012578616352
2026-09-16,RAF,68.30985915492957
2026-09-16,RAI,
2026-09-16,RAN,
2026-09-16,RAV,62.5
2026-09-16,RAY,
2026-09-16,RBA,54.22535211267606
2026-09-16,RBB,47.46835443037975
2026-09-16,RBE,87.18553459119497
2026-09-16,RBF,23.417721518987342
2026-09-16,RBH,22.611464968152866
2026-09-16,RBI,77.12264150943396
2026-09-16,RBK,72.92993630573248
2026-09-16,RBL,32.15408805031446
2026-09-16,RBN,17.845911949685533
2026-09-16,RBP,72.58064516129032
2026-09-16,RBR,90.12738853503186
2026-09-16,RBT,94.5859872611465
2026-09-16,RBV,93.31210191082803
2026-09-16,RCL,
2026-09-16,RCS,
2026-09-16,RCV,30.89171974522293
2026-09-16,RD1,63.888888888888886
2026-09-16,RDF,24.29245283018868
2026-09-16,RDH,3.0660377358490565
2026-09-16,RDK,
2026-09-16,RDS,62.657232704402524
2026-09-16,RDT,68.63207547169812
2026-09-16,RDZ,75.39308176100629
2026-09-16,RE6,3.5211267605633805
2026-09-16,RE7,
2026-09-16,RE8,5.267295597484277
2026-09-16,RFM,89.68253968253968
2026-09-16,RGD,11.419753086419753
2026-09-16,RGH,31.210691823899374
2026-09-16,RHD,37.5
2026-09-16,RHI,94.93243243243244
2026-09-16,RHS,24.66216216216216
2026-09-16,RIA,76.4937106918239
2026-09-16,RIH,20.047169811320757
2026-09-16,RIK,21.296296296296298
2026-09-16,RJG,48.59154929577465
2026-09-16,RKC,71.29629629629629
2026-09-16,RKH,
2026-09-16,RKL,
2026-09-16,RKS,72.29299363057325
2026-09-16,RKV,96.4968152866242
2026-09-16,RLH,76.33647798742138
2026-09-16,RO1,0.967741935483871
2026-09-16,ROD,66.4308176100629
2026-09-16,ROF,36.242138364779876
2026-09-16,ROY,73.56687898089172
2026-09-16,RPC,52.160493827160494
2026-09-16,RPD,24.382716049382715
2026-09-16,RPG,58.45070422535211
2026-09-16,RPI,48.089171974522294
2026-09-16,RPK,
2026-09-16,RPL,57.4685534591195
2026-09-16,RPM,70.67901234567901
2026-09-16,RPN,15.80188679245283
2026-09-16,RPO,
2026-09-16,RPP,75.80645161290323
2026-09-16,RPS,59.98427672955975
2026-09-16,RPT,86.08490566037736
2026-09-16,RPU,76.11464968152866
2026-09-16,RPX,64.54402515723271
2026-09-16,RRA,26.7741935483871
2026-09-16,RRP,0.3225806451612903
2026-09-16,RS1,87.34276729559748
2026-09-16,RSF,82.94025157232704
2026-09-16,RSK,31.053459119496857
2026-09-16,RSY,27.594339622641513
2026-09-16,RSZ,1.9654088050314464
2026-09-16,RTA,46.4622641509434
2026-09-16,RTB,86.24213836477988
2026-09-16,RTD,22.530864197530864
2026-09-16,RTG,16.97530864197531
2026-09-16,RTH,14.544025157232705
2026-09-16,RTI,87.57961783439491
2026-09-16,RTP,19.57547169811321
2026-09-16,RUH,56.839622641509436
2026-09-16,RUT,25.617283950617285
2026-09-16,RVI,6.338028169014084
2026-09-16,RVS,49.44968553459119
2026-09-16,RYA,
2026-09-16,RYB,
2026-09-16,RYD,14.229559748427672
2026-09-16,RYF,32.4685534591195
2026-09-16,RYU,67.37421383647799
2026-09-16,RZR,
2026-09-16,SAP,54.516129032258064
2026-09-16,SAR,
2026-09-16,SAS,30.067567567567565
2026-09-16,SAT,
2026-09-16,SBH,
2026-09-16,SBI,21.933962264150946
2026-09-16,SBR,29.638364779874216
2026-09-16,SBS,
2026-09-16,SCZ,81.36792452830188
2026-09-16,SD1,
2026-09-16,SDA,79.79559748427673
2026-09-16,SEH,25.078616352201262
2026-09-16,SER,56.05345911949685
2026-09-16,SFA,80.73899371069182
2026-09-16,SFS,59.523809523809526
2026-09-16,SGK,30.555555555555557
2026-09-16,SGT,45.98765432098765
2026-09-16,SHC,87.5
2026-09-16,SHE,21.91358024691358
2026-09-16,SHI,33.72641509433962
2026-09-16,SHU,
2026-09-16,SIA,
2026-09-16,SIS,
2026-09-16,SJP,56.367924528301884
2026-09-16,SKL,60.322580645161295
2026-09-16,SKO,32.77027027027027
2026-09-16,SKS,
2026-09-16,SKT,53.79746835443038
2026-09-16,SKZ,81.21069182389937
2026-09-16,SLF,73.87096774193549
2026-09-16,SLG,10.472972972972974
2026-09-16,SLR,
2026-09-16,SLS,
2026-09-16,SMP,
2026-09-16,SNY,5.89622641509434
2026-09-16,SOS,57.098765432098766
2026-09-16,SPA,74.92138364779875
2026-09-16,SPD,
2026-09-16,SPE,81.68238993710692
2026-09-16,SPN,69.41823899371069
2026-09-16,SPP,68.70967741935485
2026-09-16,SPR,
2026-09-16,SPT,53.82165605095541
2026-09-16,SRA,
2026-09-16,SRE,
2026-09-16,SRL,93.58108108108108
2026-09-16,SRO,
2026-09-16,SSD,
2026-09-16,SSE,9.827044025157234
2026-09-16,SSF,
2026-09-16,SSK,68.20987654320987
2026-09-16,SSN,
2026-09-16,SSO,
2026-09-16,SSS,43.58108108108108
2026-09-16,SST,
2026-09-16,ST1,13.175675675675674
2026-09-16,STI,59.66981132075472
2026-09-16,STM,
2026-09-16,STS,54.95283018867924
2026-09-16,STZ,20.5188679245283
2026-09-16,SUA,90.4320987654321
2026-09-16,SUB,28.703703703703702
2026-09-16,SUC,52.77777777777778
2026-09-16,SUR,63.17567567567568
2026-09-16,SVB,18.209876543209877
2026-09-16,SVS,
2026-09-16,SVY,
2026-09-16,SYF,
2026-09-16,SYL,
2026-09-16,SYR,26.336477987421386
2026-09-16,SYS,50.07861635220125
2026-09-16,T3B,39.229559748427675
2026-09-16,TAL,13.380281690140844
2026-09-16,TAO,
2026-09-16,TAR,70.06172839506173
2026-09-16,TAU,28.716216216216218
2026-09-16,TAZ,
2026-09-16,TB9,80.4245283018868
2026-09-16,TBP,67.46031746031747
2026-09-16,TBT,15.822784810126583
2026-09-16,TBV,66.45569620253164
2026-09-16,TCA,20.422535211267608
2026-09-16,TCB,64.83870967741936
2026-09-16,TCC,32.78301886792453
2026-09-16,TCD,19.444444444444446
2026-09-16,TCF,
2026-09-16,TCG,
2026-09-16,TCH,57.94025157232704
2026-09-16,TCI,88.91509433962264
2026-09-16,TCS,19.732704402515726
2026-09-16,TDG,0.6329113924050633
2026-09-16,TDP,42.5314465408805
2026-09-16,TE3,79.32098765432099
2026-09-16,TE4,98.4567901234568
2026-09-16,TEJ,11.904761904761903
2026-09-16,TFE,86.94267515923568
2026-09-16,TFF,21.428571428571427
2026-09-16,TFU,38.607594936708864
2026-09-16,TGA,20.679012345679013
2026-09-16,TGE,80.15873015873017
2026-09-16,TGN,44.83870967741935
2026-09-16,TGR,13.271604938271606
2026-09-16,TGT,99.36708860759494
2026-09-16,TGV,2.751572327044025
2026-09-16,TGZ,71.4622641509434
2026-09-16,THD,
2026-09-16,THF,99.66216216216216
2026-09-16,THG,92.84591194968553
2026-09-16,THH,
2026-09-16,THO,44.10377358490566
2026-09-16,THS,
2026-09-16,THT,
2026-09-16,THV,2.4371069182389937
2026-09-16,TI1,65.48387096774194
2026-09-16,TI2,19.256756756756758
2026-09-16,TI3,11.14864864864865
2026-09-16,TI4,87.34567901234568
2026-09-16,TI6,41.139240506329116
2026-09-16,TI7,75.0
2026-09-16,TIE,95.6081081081081
2026-09-16,TIL,25.159235668789808
2026-09-16,TIP,81.05345911949685
2026-09-16,TIV,94.30379746835443
2026-09-16,TJB,
2026-09-16,TJF,
2026-09-16,TJI,
2026-09-16,TJL,
2026-09-16,TJT,76.76056338028168
2026-09-16,TKF,41.55405405405405
2026-09-16,TKH,
2026-09-16,TKK,50.0
2026-09-16,TKM,67.41935483870968
2026-09-16,TLC,99.07407407407408
2026-09-16,TLE,6.962025316455696
2026-09-16,TLH,1.0135135135135136
2026-09-16,TLK,19.67741935483871
2026-09-16,TLT,
2026-09-16,TLU,62.185534591194966
2026-09-16,TLV,99.67741935483872
2026-09-16,TLY,85.14150943396226
2026-09-16,TLZ,29.617834394904456
2026-09-16,TMC,58.333333333333336
2026-09-16,TMG,88.85135135135135
2026-09-16,TMM,99.29245283018868
2026-09-16,TMR,
2026-09-16,TMS,46.776729559748425
2026-09-16,TMU,69.04761904761905
2026-09-16,TMV,83.09748427672956
2026-09-16,TMZ,64.28571428571429
2026-09-16,TNB,30.738993710691826
2026-09-16,TND,89.81481481481481
2026-09-16,TNF,
2026-09-16,TNH,
2026-09-16,TNI,97.22222222222221
2026-09-16,TNK,76.58227848101265
2026-09-16,TNS,49.60691823899371
2026-09-16,TO8,53.85220125786163
2026-09-16,TOK,38.60062893081761
2026-09-16,TOT,51.26582278481012
2026-09-16,TP1,
2026-09-16,TP2,90.0
2026-09-16,TPC,
2026-09-16,TPE,22.151898734177212
2026-09-16,TPF,42.405063291139236
2026-09-16,TPJ,91.5880503144654
2026-09-16,TPL,5.69620253164557
2026-09-16,TPO,
2026-09-16,TPP,40.959119496855344
2026-09-16,TPR,
2026-09-16,TPV,
2026-09-16,TPZ,69.10828025477707
2026-09-16,TRJ,93.0379746835443
2026-09-16,TRN,
2026-09-16,TRO,51.40845070422535
2026-09-16,TRR,94.41823899371069
2026-09-16,TRU,47.452229299363054
2026-09-16,TSI,77.84810126582279
2026-09-16,TSP,
2026-09-16,TTA,31.690140845070424
2026-09-16,TTE,17.905405405405407
2026-09-16,TTL,35.4559748427673
2026-09-16,TTP,73.97798742138365
2026-09-16,TTS,
2026-09-16,TTV,51.02201257861635
2026-09-16,TTZ,
2026-09-16,TUA,44.36619718309859
2026-09-16,TVE,16.24203821656051
2026-09-16,TVN,99.20634920634922
2026-09-16,TYH,18.58108108108108
2026-09-16,TZC,31.790123456790127
2026-09-16,TZD,51.689189189189186
2026-09-16,TZH,
2026-09-16,TZL,66.77419354838709
2026-09-16,TZP,90.64465408805032
2026-09-16,TZT,32.278481012658226
2026-09-16,TZV,61.39240506329114
2026-09-16,UAB,
2026-09-16,UAP,
2026-09-16,UCN,
2026-09-16,UCP,8.064516129032258
2026-09-16,UFH,
2026-09-16,UHL,
2026-09-16,UHS,74.29245283018868
2026-09-16,ULH,22.40566037735849
2026-09-16,ULL,
2026-09-16,UNT,86.71383647798741
2026-09-16,UP1,62.676056338028175
2026-09-16,UP2,73.22580645161291
2026-09-16,UPD,48.191823899371066
2026-09-16,UPH,23.986486486486484
2026-09-16,UPP,38.387096774193544
2026-09-16,UPS,
2026-09-16,URA,0.9259259259259258
2026-09-16,URC,63.443396226415096
2026-09-16,URD,62.101910828025474
2026-09-16,URG,
2026-09-16,URM,
2026-09-16,URS,
2026-09-16,URV,
2026-09-16,USS,
2026-09-16,UST,
2026-09-16,USY,61.713836477987414
2026-09-16,UYH,78.69496855345912
2026-09-16,UZY,77.437106918239
2026-09-16,VAY,57.770270270270274
2026-09-16,VCD,30.64516129032258
2026-09-16,VCG,88.12893081761007
2026-09-16,VCY,40.4320987654321
2026-09-16,VFK,97.13375796178345
2026-09-16,VFO,75.35211267605634
2026-09-16,VFS,
2026-09-16,VHK,20.70063694267516
2026-09-16,VHS,30.254777070063692
2026-09-16,VK6,81.61290322580645
2026-09-16,VKI,92.03821656050955
2026-09-16,VKK,99.68152866242038
2026-09-16,VKR,
2026-09-16,VKT,96.83544303797468
2026-09-16,VKV,95.85987261146497
2026-09-16,VLT,50.0
2026-09-16,VMV,98.03459119496856
2026-09-16,VNK,28.223270440251575
2026-09-16,VPA,24.193548387096776
2026-09-16,VPD,
2026-09-16,VPE,
2026-09-16,VPH,53.04054054054054
2026-09-16,VPP,73.34905660377359
2026-09-16,VPS,6.367924528301887
2026-09-16,VRK,42.35668789808918
2026-09-16,VTF,
2026-09-16,VTL,99.04458598726114
2026-09-16,YA1,94.5754716981132
2026-09-16,YAC,
2026-09-16,YAE,43.67088607594937
2026-09-16,YAK,93.75
2026-09-16,YAN,
2026-09-16,YAR,
2026-09-16,YAS,76.01351351351352
2026-09-16,YAY,22.635135135135133
2026-09-16,YBE,4.430379746835443
2026-09-16,YBH,31.367924528301888
2026-09-16,YBJ,
2026-09-16,YBP,86.72839506172839
2026-09-16,YBR,76.80817610062893
2026-09-16,YBS,85.44303797468355
2026-09-16,YCG,
2026-09-16,YCH,
2026-09-16,YCK,29.009433962264154
2026-09-16,YCL,29.323899371069185
2026-09-16,YCP,24.60691823899371
2026-09-16,YCY,
2026-09-16,YDH,
2026-09-16,YDI,61.82432432432432
2026-09-16,YDK,57.59493670886076
2026-09-16,YDL,
2026-09-16,YDM,
2026-09-16,YDP,64.50617283950618
2026-09-16,YDZ,93.63207547169812
2026-09-16,YEF,94.25675675675676
2026-09-16,YFV,66.56050955414013
2026-09-16,YGM,76.96540880503144
2026-09-16,YHB,40.2027027027027
2026-09-16,YHI,21.462264150943398
2026-09-16,YHK,35.35031847133758
2026-09-16,YHP,
2026-09-16,YHS,36.14864864864865
2026-09-16,YHT,86.70886075949366
2026-09-16,YHY,10.770440251572328
2026-09-16,YHZ,42.22972972972973
2026-09-16,YIK,8.709677419354838
2026-09-16,YIS,
2026-09-16,YIT,5.246913580246913
2026-09-16,YIV,
2026-09-16,YJA,
2026-09-16,YJH,14.506172839506174
2026-09-16,YJK,
2026-09-16,YJU,
2026-09-16,YJY,87.65723270440252
2026-09-16,YKS,98.5062893081761
2026-09-16,YKT,24.647887323943664
2026-09-16,YLB,48.70967741935484
2026-09-16,YLC,34.25925925925926
2026-09-16,YLE,78.71621621621621
2026-09-16,YLO,29.32098765432099
2026-09-16,YLR,
2026-09-16,YLY,83.44594594594594
2026-09-16,YLZ,
2026-09-16,YMD,84.04088050314465
2026-09-16,YMH,77.27987421383648
2026-09-16,YMP,87.41935483870968
2026-09-16,YNF,
2026-09-16,YNK,56.996855345911946
2026-09-16,YNL,
2026-09-16,YOA,12.025316455696203
2026-09-16,YOS,55.11006289308176
2026-09-16,YOT,27.21518987341772
2026-09-16,YOZ,80.26729559748428
2026-09-16,YP1,
2026-09-16,YP2,
2026-09-16,YP4,82.62578616352201
2026-09-16,YPC,88.58024691358025
2026-09-16,YPD,
2026-09-16,YPF,58.88364779874213
2026-09-16,YPI,36.87106918238994
2026-09-16,YPK,72.72012578616352
2026-09-16,YPL,44.73270440251572
2026-09-16,YPN,71.77672955974843
2026-09-16,YPP,
2026-09-16,YPR,80.06756756756756
2026-09-16,YPT,42.90322580645161
2026-09-16,YPU,58.569182389937104
2026-09-16,YPV,
2026-09-16,YRZ,51.808176100628934
2026-09-16,YSA,60.92767295597484
2026-09-16,YSH,17.59259259259259
2026-09-16,YSL,32.1656050955414
2026-09-16,YSO,74.4496855345912
2026-09-16,YSU,93.51851851851852
2026-09-16,YTD,
2026-09-16,YTJ,
2026-09-16,YTO,
2026-09-16,YTR,
2026-09-16,YTV,84.87654320987654
2026-09-16,YTY,63.286163522012586
2026-09-16,YUB,20.67610062893082
2026-09-16,YUD,
2026-09-16,YUI,
2026-09-16,YUK,52.594339622641506
2026-09-16,YUN,92.37421383647799
2026-09-16,YUY,
2026-09-16,YVB,18.354430379746837
2026-09-16,YVD,12.580645161290322
2026-09-16,YVF,
2026-09-16,YVG,58.72641509433962
2026-09-16,YVO,
2026-09-16,YVS,
2026-09-16,YZC,63.27160493827161
2026-09-16,YZF,
2026-09-16,YZG,
2026-09-16,YZH,3.7162162162162162
2026-09-16,YZK,35.92767295597484
2026-09-16,YZL,47.24842767295597
2026-09-16,YZT,34.876543209876544
2026-09-16,ZA2,75.16129032258064
2026-09-16,ZAD,27.070063694267514
2026-09-16,ZAV,48.82075471698113
2026-09-16,ZAY,13.225806451612904
2026-09-16,ZBD,49.691358024691354
2026-09-16,ZBI,67.83439490445859
2026-09-16,ZBJ,52.58064516129032
2026-09-16,ZBN,13.915094339622641
2026-09-16,ZBO,57.62578616352201
2026-09-16,ZBZ,
2026-09-16,ZCA,
2026-09-16,ZCB,
2026-09-16,ZCC,
2026-09-16,ZCD,72.53521126760563
2026-09-16,ZCE,
2026-09-16,ZCG,83.25471698113208
2026-09-16,ZCH,
2026-09-16,ZCK,28.343949044585987
2026-09-16,ZCN,65.87301587301587
2026-09-16,ZDD,83.64197530864197
2026-09-16,ZDK,
2026-09-16,ZDZ,5.864197530864197
2026-09-16,ZFB,23.765432098765434
2026-09-16,ZHH,59.12162162162162
2026-09-16,ZIH,20.061728395061728
2026-09-16,ZJB,27.751572327044027
2026-09-16,ZJH,
2026-09-16,ZJI,19.88993710691824
2026-09-16,ZJL,50.33783783783784
2026-09-16,ZJT,
2026-09-16,ZJV,32.0945945945946
2026-09-16,ZK1,57.64331210191082
2026-09-16,ZK2,27.70700636942675
2026-09-16,ZLB,76.02201257861635
2026-09-16,ZLG,
2026-09-16,ZLH,48.986486486486484
2026-09-16,ZMT,52.90880503144654
2026-09-16,ZMU,71.61949685534591
2026-09-16,ZMY,13.88888888888889
2026-09-16,ZOS,36.71383647798742
2026-09-16,ZP1,
2026-09-16,ZP2,
2026-09-16,ZP3,
2026-09-16,ZP6,45.54140127388535
2026-09-16,ZP7,
2026-09-16,ZP8,24.838709677419356
2026-09-16,ZP9,49.36305732484077
2026-09-16,ZPA,93.00314465408806
2026-09-16,ZPC,18.253968253968253
2026-09-16,ZPE,39.80891719745223
2026-09-16,ZPF,51.27388535031847
2026-09-16,ZPG,81.84713375796179
2026-09-16,ZPH,11.935483870967742
2026-09-16,ZPJ,2.8662420382165608
2026-09-16,ZPK,95.22292993630573
2026-09-16,ZPN,
2026-09-16,ZPO,77.09677419354838
2026-09-16,ZPR,69.35483870967742
2026-09-16,ZR2,
2026-09-16,ZR3,14.858490566037736
2026-09-16,ZSB,82.15408805031447
2026-09-16,ZSF,96.95945945945947
2026-09-16,ZSG,40.476190476190474
2026-09-16,ZSN,
2026-09-16,ZTF,
2026-09-16,ZTG,81.74603174603175
2026-09-16,ZTV,59.797297297297305
2026-09-16,ZUD,
2026-09-16,ZUE,
2026-09-16,ZUS,70.67610062893081
2026-09-16,ZVB,78.5377358490566
2026-09-16,ZVO,32.31132075471698
2026-09-16,ZYC,
2026-09-16,ZYD,
2026-09-16,ZZL,68.94654088050315
2026-09-16,DP6,51.33647798742138
2026-09-16,ZJR,
2026-09-18,AAL,28.064516129032256
2026-09-18,AAS,76.96629213483146
2026-09-18,AAV,86.91275167785236
2026-09-18,ABG,35.74766355140187
2026-09-18,ABJ,
2026-09-18,ABU,94.78527607361963
2026-09-18,AC1,82.1875
2026-09-18,AC2,14.252336448598129
2026-09-18,AC3,21.573208722741434
2026-09-18,AC4,30.0
2026-09-18,AC5,96.65109034267913
2026-09-18,AC6,24.53271028037383
2026-09-18,AC7,1.4797507788161994
2026-09-18,AC8,10.358255451713395
2026-09-18,ACC,24.496644295302016
2026-09-18,ACD,40.79754601226993
2026-09-18,ACN,65.18691588785047
2026-09-18,ACU,91.1993769470405
2026-09-18,ADE,75.15337423312883
2026-09-18,ADP,38.59060402684564
2026-09-18,AED,35.88957055214724
2026-09-18,AES,91.57303370786516
2026-09-18,AEV,
2026-09-18,AFA,94.96644295302013
2026-09-18,AFO,24.305555555555554
2026-09-18,AFS,99.66442953020133
2026-09-18,AFT,78.85906040268456
2026-09-18,AFV,78.18791946308725
2026-09-18,AGC,95.39877300613497
2026-09-18,AHH,92.28971962616822
2026-09-18,AHI,34.56375838926174
2026-09-18,AHN,53.0373831775701
2026-09-18,AHU,39.87341772151899
2026-09-18,AHV,75.84269662921348
2026-09-18,AHZ,88.20224719101124
2026-09-18,AI1,97.42990654205607
2026-09-18,AIH,
2026-09-18,AII,
2026-09-18,AIM,
2026-09-18,AIR,
2026-09-18,AIS,86.12903225806451
2026-09-18,AJ1,94.1588785046729
2026-09-18,AJE,70.6386292834891
2026-09-18,AJK,80.60747663551402
2026-09-18,AJL,73.5981308411215
2026-09-18,AJN,62.69470404984424
2026-09-18,AK2,22.151898734177212
2026-09-18,AK3,56.04026845637584
2026-09-18,AKE,19.62025316455696
2026-09-18,AKU,88.25503355704699
2026-09-18,AL4,83.4375
2026-09-18,AL5,56.56250000000001
2026-09-18,AL6,78.4375
2026-09-18,AL7,82.8125
2026-09-18,ALC,69.46308724832215
2026-09-18,ALE,36.45161290322581
2026-09-18,AN1,56.74846625766872
2026-09-18,ANL,90.64516129032259
2026-09-18,ANZ,59.73520249221183
2026-09-18,AOJ,34.96884735202492
2026-09-18,AOY,70.80536912751678
2026-09-18,AP2,9.890965732087228
2026-09-18,AP4,9.423676012461058
2026-09-18,AP5,
2026-09-18,AP6,4.861111111111112
2026-09-18,AP7,80.7632398753894
2026-09-18,APJ,10.674157303370785
2026-09-18,APP,
2026-09-18,APT,29.746835443037973
2026-09-18,ARE,98.3221476510067
2026-09-18,ARF,
2026-09-18,ARL,56.74157303370787
2026-09-18,ARM,14.04494382022472
2026-09-18,ARP,
2026-09-18,AS1,
2026-09-18,AS3,17.990654205607477
2026-09-18,ASJ,48.65771812080537
2026-09-18,ATJ,
2026-09-18,AU1,82.63888888888889
2026-09-18,AUV,32.165109034267914
2026-09-18,AVC,17.523364485981308
2026-09-18,AVT,58.86075949367089
2026-09-18,AVZ,
2026-09-18,AY6,43.847352024922124
2026-09-18,AY7,71.88473520249221
2026-09-18,AYA,59.395973154362416
2026-09-18,AYR,81.64556962025317
2026-09-18,AZF,
2026-09-18,AZJ,88.70716510903426
2026-09-18,AZV,
2026-09-18,AZZ,
2026-09-18,BA1,87.92834890965732
2026-09-18,BAC,2.102803738317757
2026-09-18,BAG,33.43558282208589
2026-09-18,BAI,39.58333333333333
2026-09-18,BAL,
2026-09-18,BAO,
2026-09-18,BAS,
2026-09-18,BBF,52.53164556962025
2026-09-18,BBI,
2026-09-18,BBN,2.4143302180685358
2026-09-18,BBO,
2026-09-18,BBP,48.734177215189874
2026-09-18,BBS,81.23052959501558
2026-09-18,BCC,
2026-09-18,BCK,47.54601226993865
2026-09-18,BCO,62.81250000000001
2026-09-18,BDA,37.1875
2026-09-18,BDC,30.60747663551402
2026-09-18,BDI,9.26791277258567
2026-09-18,BDO,5.062305295950155
2026-09-18,BDS,5.033557046979865
2026-09-18,BDY,61.40939597315436
2026-09-18,BFE,38.764044943820224
2026-09-18,BFO,
2026-09-18,BFS,89.32584269662921
2026-09-18,BFT,41.2751677852349
2026-09-18,BGH,
2026-09-18,BGP,63.54838709677419
2026-09-18,BGR,10.40268456375839
2026-09-18,BHA,73.48993288590604
2026-09-18,BHE,29.517133956386292
2026-09-18,BHF,20.552147239263803
2026-09-18,BHH,7.242990654205607
2026-09-18,BHI,94.93769470404985
2026-09-18,BHL,21.72897196261682
2026-09-18,BHN,1.0124610591900312
2026-09-18,BHO,
2026-09-18,BI5,
2026-09-18,BIA,14.40809968847352
2026-09-18,BID,7.046979865771812
2026-09-18,BIG,54.0268456375839
2026-09-18,BIH,95.63758389261746
2026-09-18,BIK,3.8161993769470404
2026-09-18,BIO,20.469798657718123
2026-09-18,BIP,77.09677419354838
2026-09-18,BIS,86.21495327102804
2026-09-18,BIY,9.731543624161073
2026-09-18,BJD,64.25233644859813
2026-09-18,BKO,
2026-09-18,BKY,80.9375
2026-09-18,BLA,3.0373831775700935
2026-09-18,BLD,92.91277258566979
2026-09-18,BLT,67.36111111111111
2026-09-18,BMU,20.950155763239874
2026-09-18,BNC,77.9595015576324
2026-09-18,BNH,27.80373831775701
2026-09-18,BOH,7.554517133956386
2026-09-18,BOL,43.67088607594937
2026-09-18,BON,57.59493670886076
2026-09-18,BOP,72.66355140186917
2026-09-18,BOS,0.6944444444444444
2026-09-18,BP5,10.202492211838006
2026-09-18,BPD,97.58566978193146
2026-09-18,BPV,
2026-09-18,BPZ,99.03225806451613
2026-09-18,BRB,10.981308411214954
2026-09-18,BRC,50.85669781931465
2026-09-18,BRF,35.39325842696629
2026-09-18,BRG,71.93548387096774
2026-09-18,BRH,8.333333333333332
2026-09-18,BRR,74.0506329113924
2026-09-18,BRT,
2026-09-18,BRZ,
2026-09-18,BS1,96.96261682242991
2026-09-18,BSA,
2026-09-18,BSC,76.71339563862928
2026-09-18,BSD,50.389408099688474
2026-09-18,BSE,7.398753894080996
2026-09-18,BSF,
2026-09-18,BSH,
2026-09-18,BSM,84.81308411214953
2026-09-18,BSN,4.283489096573208
2026-09-18,BST,23.598130841121495
2026-09-18,BTE,57.36196319018405
2026-09-18,BTJ,88.86292834890965
2026-09-18,BTK,44.6875
2026-09-18,BTP,20.967741935483872
2026-09-18,BTY,
2026-09-18,BTZ,
2026-09-18,BUB,41.01123595505618
2026-09-18,BUC,
2026-09-18,BUP,
2026-09-18,BUT,
2026-09-18,BUV,
2026-09-18,BUY,7.718120805369128
2026-09-18,BV1,39.261744966442954
2026-09-18,BVB,
2026-09-18,BVC,
2026-09-18,BVD,31.595092024539877
2026-09-18,BVF,94.51612903225806
2026-09-18,BVH,34.50155763239876
2026-09-18,BVI,30.919003115264797
2026-09-18,BVK,
2026-09-18,BVM,31.074766355140188
2026-09-18,BVT,59.112149532710276
2026-09-18,BVV,32.20858895705521
2026-09-18,BVZ,95.7165109034268
2026-09-18,BYZ,53.81619937694704
2026-09-18,CAH,11.91588785046729
2026-09-18,CBD,6.931464174454828
2026-09-18,CBN,
2026-09-18,CBO,
2026-09-18,CEY,
2026-09-18,CFO,32.58064516129032
2026-09-18,CGD,
2026-09-18,CHY,17.367601246105917
2026-09-18,CIN,37.61682242990654
2026-09-18,CJD,65.34267912772586
2026-09-18,CJF,
2026-09-18,CJG,
2026-09-18,CJH,38.86292834890966
2026-09-18,CKF,49.6875
2026-09-18,CKL,91.1042944785276
2026-09-18,CKS,50.31250000000001
2026-09-18,COT,28.582554517133957
2026-09-18,CPT,17.484662576687114
2026-09-18,CPU,37.8125
2026-09-18,CRL,
2026-09-18,CSD,
2026-09-18,CSH,1.791277258566978
2026-09-18,CTF,
2026-09-18,CTG,
2026-09-18,CTM,
2026-09-18,CTP,
2026-09-18,CTV,
2026-09-18,CVA,
2026-09-18,CVB,
2026-09-18,CVC,
2026-09-18,CVD,
2026-09-18,CVE,
2026-09-18,CVF,
2026-09-18,CVK,61.5625
2026-09-18,CVL,89.0625
2026-09-18,CYD,56.61993769470405
2026-09-18,DA1,
2026-09-18,DAC,
2026-09-18,DAE,
2026-09-18,DAH,12.416107382550337
2026-09-18,DAI,
2026-09-18,DAL,
2026-09-18,DAP,96.45161290322581
2026-09-18,DAS,72.19626168224299
2026-09-18,DAT,
2026-09-18,DAV,54.127725856697815
2026-09-18,DAZ,
2026-09-18,DB2,
2026-09-18,DBA,47.91666666666667
2026-09-18,DBB,32.278481012658226
2026-09-18,DBG,
2026-09-18,DBH,23.417721518987342
2026-09-18,DBK,96.83544303797468
2026-09-18,DBP,72.08588957055214
2026-09-18,DBZ,72.78481012658227
2026-09-18,DCB,66.12903225806451
2026-09-18,DCD,
2026-09-18,DCE,
2026-09-18,DCN,2.903225806451613
2026-09-18,DCP,
2026-09-18,DCV,67.99065420560748
2026-09-18,DDA,35.280373831775705
2026-09-18,DDC,3.348909657320872
2026-09-18,DDE,
2026-09-18,DDF,39.018691588785046
2026-09-18,DDP,
2026-09-18,DEF,25.31152647975078
2026-09-18,DEH,31.20805369127517
2026-09-18,DEI,
2026-09-18,DFC,52.45398773006135
2026-09-18,DFD,69.2367601246106
2026-09-18,DFI,27.02492211838006
2026-09-18,DFO,
2026-09-18,DGF,86.80981595092024
2026-09-18,DGH,41.612903225806456
2026-09-18,DHI,4.906542056074766
2026-09-18,DHJ,3.0201342281879198
2026-09-18,DHM,28.651685393258425
2026-09-18,DHP,
2026-09-18,DHS,
2026-09-18,DHT,16.257668711656443
2026-09-18,DHV,4.750778816199377
2026-09-18,DID,61.04294478527608
2026-09-18,DIH,62.850467289719624
2026-09-18,DIM,
2026-09-18,DIP,64.19354838709678
2026-09-18,DK1,70.3125
2026-09-18,DK8,78.58255451713396
2026-09-18,DKA,54.4392523364486
2026-09-18,DKC,58.8006230529595
2026-09-18,DKH,22.8125
2026-09-18,DKL,59.68750000000001
2026-09-18,DKP,59.57943925233645
2026-09-18,DKR,12.071651090342678
2026-09-18,DKS,
2026-09-18,DL2,4.193548387096775
2026-09-18,DLD,81.54362416107382
2026-09-18,DLG,
2026-09-18,DLN,88.3956386292835
2026-09-18,DLY,29.354838709677416
2026-09-18,DLZ,69.70404984423676
2026-09-18,DMG,20.786516853932586
2026-09-18,DMI,
2026-09-18,DMV,
2026-09-18,DMZ,
2026-09-18,DNA,
2026-09-18,DNF,83.70786516853933
2026-09-18,DNH,27.49221183800623
2026-09-18,DNK,9.0625
2026-09-18,DNL,
2026-09-18,DNM,73.13084112149532
2026-09-18,DNP,69.35483870967742
2026-09-18,DNU,70.7943925233645
2026-09-18,DOC,45.24922118380063
2026-09-18,DOD,41.978193146417446
2026-09-18,DOH,36.68224299065421
2026-09-18,DOL,76.4018691588785
2026-09-18,DOR,
2026-09-18,DOS,
2026-09-18,DOV,47.89719626168225
2026-09-18,DP1,
2026-09-18,DP2,49.92211838006231
2026-09-18,DP3,
2026-09-18,DP4,
2026-09-18,DP5,
2026-09-18,DP7,
2026-09-18,DP8,93.75
2026-09-18,DP9,48.98753894080997
2026-09-18,DPB,52.8816199376947
2026-09-18,DPC,
2026-09-18,DPE,
2026-09-18,DPG,
2026-09-18,DPI,88.2398753894081
2026-09-18,DPK,91.5625
2026-09-18,DPL,
2026-09-18,DPN,
2026-09-18,DPT,96.30872483221476
2026-09-18,DPZ,
2026-09-18,DRA,17.6791277258567
2026-09-18,DRD,35.59190031152648
2026-09-18,DRH,5.841121495327103
2026-09-18,DRT,21.779141104294478
2026-09-18,DSC,
2026-09-18,DSD,47.27414330218069
2026-09-18,DSH,99.76635514018692
2026-09-18,DSP,70.2247191011236
2026-09-18,DSV,19.54828660436137
2026-09-18,DTH,1.006711409395973
2026-09-18,DTL,21.140939597315437
2026-09-18,DTM,63.49693251533742
2026-09-18,DTO,75.77881619937695
2026-09-18,DTP,
2026-09-18,DTV,
2026-09-18,DTZ,43.25153374233129
2026-09-18,DUC,
2026-09-18,DUD,44.626168224299064
2026-09-18,DUH,5.996884735202492
2026-09-18,DUT,61.7601246105919
2026-09-18,DUV,0.6329113924050633
2026-09-18,DVC,
2026-09-18,DVI,
2026-09-18,DVN,
2026-09-18,DVO,
2026-09-18,DVS,98.98753894080997
2026-09-18,DVT,74.5398773006135
2026-09-18,DVU,
2026-09-18,DVZ,
2026-09-18,DXP,54.69798657718121
2026-09-18,DYJ,39.17445482866044
2026-09-18,DYN,42.02453987730061
2026-09-18,DYS,95.40498442367601
2026-09-18,DZ2,
2026-09-18,DZE,60.738255033557046
2026-09-18,DZM,50.545171339563865
2026-09-18,DZP,
2026-09-18,DZS,97.74143302180686
2026-09-18,EBD,73.31288343558282
2026-09-18,EBI,36.21495327102804
2026-09-18,EBS,74.06542056074767
2026-09-18,EC2,49.328859060402685
2026-09-18,ECA,66.56441717791411
2026-09-18,ECB,86.7741935483871
2026-09-18,ECV,95.56962025316456
2026-09-18,EDD,89.2638036809816
2026-09-18,EDN,93.55828220858896
2026-09-18,EDP,80.3225806451613
2026-09-18,EDT,92.601246105919
2026-09-18,EDU,92.33128834355828
2026-09-18,EES,
2026-09-18,EGP,67.21183800623052
2026-09-18,EGR,46.93251533742331
2026-09-18,EHS,
2026-09-18,EIB,89.87730061349694
2026-09-18,EID,47.98657718120805
2026-09-18,EIL,76.45161290322581
2026-09-18,EJG,
2026-09-18,EKF,70.9375
2026-09-18,EKL,9.35483870967742
2026-09-18,ELZ,5.9375
2026-09-18,EME,26.401869158878505
2026-09-18,EML,38.34355828220859
2026-09-18,ENA,86.1963190184049
2026-09-18,ENJ,50.671140939597315
2026-09-18,ENO,95.87227414330218
2026-09-18,ENR,89.35483870967742
2026-09-18,ENS,84.96932515337423
2026-09-18,EP1,37.74193548387097
2026-09-18,EPA,95.16129032258065
2026-09-18,EPI,7.8125
2026-09-18,EPK,25.694444444444443
2026-09-18,EPO,
2026-09-18,EPP,79.6774193548387
2026-09-18,EPT,81.61290322580645
2026-09-18,ESG,76.5576323987539
2026-09-18,ESN,33.41121495327103
2026-09-18,ESP,16.121495327102803
2026-09-18,ETN,98.46625766871165
2026-09-18,EUN,31.386292834890966
2026-09-18,EUZ,47.741433021806856
2026-09-18,EVM,64.7239263803681
2026-09-18,EYT,42.13483146067416
2026-09-18,EZM,
2026-09-18,FAK,15.972222222222221
2026-09-18,FAL,18.75
2026-09-18,FBC,22.1875
2026-09-18,FBI,79.67289719626169
2026-09-18,FBN,86.37071651090342
2026-09-18,FBV,32.78816199376947
2026-09-18,FBZ,62.383177570093466
2026-09-18,FCK,28.4375
2026-09-18,FCS,98.36448598130842
2026-09-18,FD1,19.32515337423313
2026-09-18,FDE,58.64485981308412
2026-09-18,FDG,57.97546012269939
2026-09-18,FDO,
2026-09-18,FDV,
2026-09-18,FDZ,13.94080996884735
2026-09-18,FFD,17.741935483870968
2026-09-18,FFF,
2026-09-18,FFH,64.0625
2026-09-18,FFO,
2026-09-18,FFP,43.258426966292134
2026-09-18,FHI,
2026-09-18,FHP,46.774193548387096
2026-09-18,FHZ,
2026-09-18,FI3,27.21518987341772
2026-09-18,FI5,52.58064516129032
2026-09-18,FIB,13.194444444444445
2026-09-18,FID,18.711656441717793
2026-09-18,FIL,93.2258064516129
2026-09-18,FIT,6.962025316455696
2026-09-18,FJB,46.65109034267913
2026-09-18,FJC,82.63239875389408
2026-09-18,FJM,83.8785046728972
2026-09-18,FJN,78.42679127725857
2026-09-18,FJZ,37.30529595015577
2026-09-18,FKE,46.33956386292835
2026-09-18,FKV,54.59501557632399
2026-09-18,FLS,43.38006230529595
2026-09-18,FLY,3.9877300613496933
2026-09-18,FMG,28.426791277258566
2026-09-18,FMS,
2026-09-18,FMV,95.56074766355141
2026-09-18,FNO,61.65644171779141
2026-09-18,FNT,9.11214953271028
2026-09-18,FP4,5.529595015576324
2026-09-18,FPE,13.291139240506327
2026-09-18,FPG,42.601246105919
2026-09-18,FPH,67.4496644295302
2026-09-18,FPI,75.16129032258064
2026-09-18,FPK,41.139240506329116
2026-09-18,FPR,34.65732087227414
2026-09-18,FPZ,78.89408099688472
2026-09-18,FR1,8.177570093457943
2026-09-18,FRA,
2026-09-18,FRC,12.694704049844235
2026-09-18,FRZ,
2026-09-18,FS1,15.809968847352025
2026-09-18,FS2,32.00934579439252
2026-09-18,FS3,3.4375000000000004
2026-09-18,FS4,2.570093457943925
2026-09-18,FS5,51.79127725856698
2026-09-18,FS6,96.80685358255452
2026-09-18,FSF,84.19354838709677
2026-09-18,FSG,34.81308411214953
2026-09-18,FSH,48.87640449438202
2026-09-18,FSK,24.193548387096776
2026-09-18,FSM,12.538940809968846
2026-09-18,FSP,
2026-09-18,FSR,48.20872274143302
2026-09-18,FSU,37.640449438202246
2026-09-18,FSV,37.46105919003115
2026-09-18,FTL,30.64516129032258
2026-09-18,FTM,
2026-09-18,FTY,60.046728971962615
2026-09-18,FUA,27.85234899328859
2026-09-18,FUB,4.430379746835443
2026-09-18,FUM,
2026-09-18,FUN,94.00311526479751
2026-09-18,FUP,
2026-09-18,FVL,92.44548286604362
2026-09-18,FYA,24.376947040498443
2026-09-18,FYB,
2026-09-18,FYD,41.946308724832214
2026-09-18,FYF,77.02492211838006
2026-09-18,FYG,
2026-09-18,FYH,34.034267912772584
2026-09-18,FYI,82.4766355140187
2026-09-18,FYM,63.00623052959502
2026-09-18,FYO,80.37974683544303
2026-09-18,FYT,75.31645569620254
2026-09-18,FYZ,
2026-09-18,FZJ,64.60674157303372
2026-09-18,FZP,53.97196261682243
2026-09-18,GA1,25.949367088607595
2026-09-18,GAC,
2026-09-18,GAE,82.21476510067114
2026-09-18,GAF,56.711409395973156
2026-09-18,GAG,75.31152647975078
2026-09-18,GAH,73.92638036809815
2026-09-18,GAJ,
2026-09-18,GAL,17.096774193548388
2026-09-18,GAN,16.27725856697819
2026-09-18,GAS,65.80996884735202
2026-09-18,GAU,
2026-09-18,GAV,
2026-09-18,GBC,92.9530201342282
2026-09-18,GBG,89.59731543624162
2026-09-18,GBH,21.417445482866043
2026-09-18,GBJ,48.36448598130841
2026-09-18,GBL,86.70886075949366
2026-09-18,GBN,80.14018691588785
2026-09-18,GBP,
2026-09-18,GBV,50.0
2026-09-18,GBZ,54.49438202247191
2026-09-18,GCA,
2026-09-18,GCC,
2026-09-18,GCD,26.246105919003114
2026-09-18,GCI,
2026-09-18,GCZ,
2026-09-18,GDJ,
2026-09-18,GDP,
2026-09-18,GEC,
2026-09-18,GEI,1.9470404984423675
2026-09-18,GEZ,
2026-09-18,GFB,
2026-09-18,GFD,
2026-09-18,GFI,
2026-09-18,GFL,
2026-09-18,GFN,
2026-09-18,GFY,
2026-09-18,GGA,
2026-09-18,GGC,
2026-09-18,GGD,
2026-09-18,GGK,49.30555555555556
2026-09-18,GGM,
2026-09-18,GGN,
2026-09-18,GGP,
2026-09-18,GGR,
2026-09-18,GHS,15.771812080536913
2026-09-18,GID,5.704697986577181
2026-09-18,GIE,90.26845637583892
2026-09-18,GIH,
2026-09-18,GJA,
2026-09-18,GJB,9.550561797752808
2026-09-18,GJD,
2026-09-18,GJE,
2026-09-18,GJF,
2026-09-18,GJH,39.03225806451613
2026-09-18,GJM,32.476635514018696
2026-09-18,GJO,
2026-09-18,GKF,24.6875
2026-09-18,GKG,90.93959731543623
2026-09-18,GKH,31.290322580645164
2026-09-18,GKK,
2026-09-18,GKL,
2026-09-18,GKM,75.62305295950156
2026-09-18,GKV,12.1875
2026-09-18,GL1,58.7248322147651
2026-09-18,GLC,25.280898876404496
2026-09-18,GLG,25.15576323987539
2026-09-18,GLL,
2026-09-18,GLM,
2026-09-18,GLP,
2026-09-18,GLS,97.8125
2026-09-18,GLV,23.286604361370717
2026-09-18,GMA,65.33742331288343
2026-09-18,GMC,11.797752808988763
2026-09-18,GMD,52.24719101123596
2026-09-18,GME,
2026-09-18,GMI,22.0404984423676
2026-09-18,GMM,75.0
2026-09-18,GMN,82.25806451612904
2026-09-18,GMO,
2026-09-18,GMP,
2026-09-18,GMR,35.23489932885906
2026-09-18,GMZ,
2026-09-18,GNH,
2026-09-18,GNK,
2026-09-18,GNL,
2026-09-18,GNP,3.5483870967741935
2026-09-18,GNS,33.22147651006711
2026-09-18,GNZ,
2026-09-18,GO1,53.37078651685393
2026-09-18,GO3,1.6853932584269662
2026-09-18,GO4,3.932584269662921
2026-09-18,GO6,98.38709677419355
2026-09-18,GO9,19.12751677852349
2026-09-18,GOF,75.15576323987538
2026-09-18,GOH,16.44295302013423
2026-09-18,GOK,76.5625
2026-09-18,GOL,45.13888888888889
2026-09-18,GOP,95.80645161290322
2026-09-18,GP1,
2026-09-18,GP3,45.09345794392524
2026-09-18,GPA,15.822784810126583
2026-09-18,GPB,91.71779141104295
2026-09-18,GPC,45.716510903426794
2026-09-18,GPF,38.4375
2026-09-18,GPG,23.006134969325153
2026-09-18,GPH,
2026-09-18,GPI,75.76687116564416
2026-09-18,GPJ,
2026-09-18,GPL,82.00934579439252
2026-09-18,GPM,
2026-09-18,GPN,91.29032258064517
2026-09-18,GPT,37.11656441717792
2026-09-18,GPU,64.11042944785275
2026-09-18,GPV,
2026-09-18,GPZ,97.74193548387096
2026-09-18,GRL,30.45171339563863
2026-09-18,GRO,71.10591900311528
2026-09-18,GRT,22.483221476510067
2026-09-18,GSE,81.85358255451713
2026-09-18,GSG,
2026-09-18,GSL,
2026-09-18,GSO,
2026-09-18,GSP,88.9261744966443
2026-09-18,GSR,
2026-09-18,GTA,36.80555555555556
2026-09-18,GTF,38.607594936708864
2026-09-18,GTH,80.20134228187919
2026-09-18,GTK,
2026-09-18,GTL,22.903225806451612
2026-09-18,GTM,79.53020134228188
2026-09-18,GTN,
2026-09-18,GTY,33.8785046728972
2026-09-18,GTZ,19.662921348314608
2026-09-18,GUA,
2026-09-18,GUB,77.84810126582279
2026-09-18,GUC,
2026-09-18,GUF,46.62921348314607
2026-09-18,GUH,86.24161073825503
2026-09-18,GUK,35.9375
2026-09-18,GUM,24.15730337078652
2026-09-18,GUV,12.025316455696203
2026-09-18,GVA,27.300613496932513
2026-09-18,GVB,
2026-09-18,GVC,
2026-09-18,GVD,
2026-09-18,GVI,2.8089887640449436
2026-09-18,GVL,
2026-09-18,GVZ,
2026-09-18,GYC,
2026-09-18,GYG,
2026-09-18,GYK,87.9746835443038
2026-09-18,GYL,79.11392405063292
2026-09-18,GYN,
2026-09-18,GYR,
2026-09-18,GZB,
2026-09-18,GZD,
2026-09-18,GZE,94.78193146417445
2026-09-18,GZG,69.01840490797547
2026-09-18,GZH,15.030674846625766
2026-09-18,GZJ,32.02247191011236
2026-09-18,GZL,78.22085889570552
2026-09-18,GZM,95.24922118380063
2026-09-18,GZN,42.757009345794394
2026-09-18,GZO,
2026-09-18,GZP,72.47191011235955
2026-09-18,GZR,62.751677852349
2026-09-18,GZU,
2026-09-18,GZV,51.12359550561798
2026-09-18,GZY,13.803680981595093
2026-09-18,GZZ,32.82208588957055
2026-09-18,HAE,84.03426791277259
2026-09-18,HAG,77.64797507788161
2026-09-18,HAI,29.86111111111111
2026-09-18,HAM,38.19444444444444
2026-09-18,HAR,55.06230529595015
2026-09-18,HAT,
2026-09-18,HB1,72.0404984423676
2026-09-18,HB2,45.872274143302185
2026-09-18,HBF,56.25
2026-09-18,HBJ,
2026-09-18,HBN,55.61797752808989
2026-09-18,HBU,76.84563758389261
2026-09-18,HBV,24.84423676012461
2026-09-18,HCV,5.3125
2026-09-18,HDA,69.39252336448598
2026-09-18,HDD,76.99386503067484
2026-09-18,HDE,38.55140186915888
2026-09-18,HDH,0.7009345794392523
2026-09-18,HDJ,91.51090342679127
2026-09-18,HDK,54.75077881619937
2026-09-18,HDS,72.97507788161994
2026-09-18,HDV,63.47352024922118
2026-09-18,HEH,76.09034267912772
2026-09-18,HFA,
2026-09-18,HFI,15.937499999999998
2026-09-18,HFO,
2026-09-18,HFR,84.8993288590604
2026-09-18,HFV,52.41433021806854
2026-09-18,HFY,67.1875
2026-09-18,HGC,89.48598130841121
2026-09-18,HGH,
2026-09-18,HGJ,2.7258566978193146
2026-09-18,HGM,46.644295302013425
2026-09-18,HGR,73.28660436137072
2026-09-18,HGT,56.15264797507788
2026-09-18,HGU,
2026-09-18,HGV,18.302180685358255
2026-09-18,HIA,73.75389408099689
2026-09-18,HIF,20.327102803738317
2026-09-18,HIH,45.302013422818796
2026-09-18,HII,
2026-09-18,HIM,72.35202492211839
2026-09-18,HIP,68.70967741935485
2026-09-18,HIS,
2026-09-18,HIZ,71.47239263803681
2026-09-18,HJA,1.6355140186915886
2026-09-18,HJB,45.0920245398773
2026-09-18,HKG,49.38650306748466
2026-09-18,HKH,10.3125
2026-09-18,HKJ,40.32258064516129
2026-09-18,HKM,9.579439252336448
2026-09-18,HKP,4.6875
2026-09-18,HKR,21.105919003115265
2026-09-18,HKV,82.91139240506328
2026-09-18,HLA,11.137071651090343
2026-09-18,HLL,92.58064516129032
2026-09-18,HLR,0.3894080996884735
2026-09-18,HMC,
2026-09-18,HME,91.82242990654206
2026-09-18,HMG,83.25545171339563
2026-09-18,HMK,5.218068535825545
2026-09-18,HML,60.3125
2026-09-18,HMS,44.63087248322148
2026-09-18,HMT,37.92834890965732
2026-09-18,HMV,15.031152647975077
2026-09-18,HNS,60.20249221183801
2026-09-18,HOA,34.66257668711656
2026-09-18,HOY,44.38202247191011
2026-09-18,HP3,75.93457943925233
2026-09-18,HPC,
2026-09-18,HPD,55.52147239263804
2026-09-18,HPF,2.258566978193146
2026-09-18,HPH,7.419354838709677
2026-09-18,HPI,6.46417445482866
2026-09-18,HPJ,
2026-09-18,HPL,7.8660436137071645
2026-09-18,HPO,88.03680981595092
2026-09-18,HPT,68.9873417721519
2026-09-18,HPV,98.4375
2026-09-18,HPZ,
2026-09-18,HRZ,2.348993288590604
2026-09-18,HSA,48.15950920245399
2026-09-18,HSL,44.83870967741935
2026-09-18,HSP,55.21806853582555
2026-09-18,HST,20.88607594936709
2026-09-18,HTF,15.806451612903224
2026-09-18,HTJ,53.06748466257669
2026-09-18,HTK,0.5617977528089888
2026-09-18,HTS,90.97222222222221
2026-09-18,HTZ,13.629283489096572
2026-09-18,HUI,
2026-09-18,HUS,
2026-09-18,HVA,8.644859813084112
2026-09-18,HVB,3.1931464174454827
2026-09-18,HVC,22.50778816199377
2026-09-18,HVI,68.79194630872483
2026-09-18,HVK,1.89873417721519
2026-09-18,HVL,
2026-09-18,HVN,
2026-09-18,HVS,47.31543624161073
2026-09-18,HVT,82.9032258064516
2026-09-18,HVU,29.754601226993866
2026-09-18,HVV,
2026-09-18,HVZ,66.10738255033557
2026-09-18,HYK,65.65420560747664
2026-09-18,HYP,96.49532710280374
2026-09-18,HYU,94.62616822429906
2026-09-18,HYV,70.64516129032258
2026-09-18,HYY,
2026-09-18,HZV,
2026-09-18,IAC,
2026-09-18,IAE,26.07361963190184
2026-09-18,IAI,
2026-09-18,IAJ,
2026-09-18,IAM,26.40449438202247
2026-09-18,IAR,20.794392523364486
2026-09-18,IAS,25.778816199376948
2026-09-18,IAT,85.3125
2026-09-18,IAU,74.22118380062305
2026-09-18,IAY,52.083333333333336
2026-09-18,IBB,83.12883435582822
2026-09-18,IBC,
2026-09-18,IBE,5.685358255451713
2026-09-18,IBG,57.86604361370716
2026-09-18,IBJ,51.479750778816204
2026-09-18,IBK,90.50632911392405
2026-09-18,IBM,43.22429906542056
2026-09-18,IBP,
2026-09-18,IBR,91.04361370716511
2026-09-18,ICA,34.02777777777778
2026-09-18,ICC,29.141104294478527
2026-09-18,ICD,87.42331288343557
2026-09-18,ICE,33.87096774193548
2026-09-18,ICF,70.13422818791946
2026-09-18,ICG,
2026-09-18,ICH,38.95705521472393
2026-09-18,ICM,11.29032258064516
2026-09-18,ICN,81.38629283489097
2026-09-18,ICS,49.14330218068536
2026-09-18,ICV,
2026-09-18,ICZ,23.154362416107382
2026-09-18,IDD,42.912772585669785
2026-09-18,IDF,61.137071651090345
2026-09-18,IDH,36.577181208053695
2026-09-18,IDI,68.12080536912751
2026-09-18,IDL,38.387096774193544
2026-09-18,IDO,56.931464174454824
2026-09-18,IDP,26.090342679127726
2026-09-18,IDV,
2026-09-18,IDY,53.68098159509203
2026-09-18,IED,58.58895705521472
2026-09-18,IEN,18.925233644859812
2026-09-18,IEV,8.895705521472392
2026-09-18,IEZ,
2026-09-18,IFD,
2026-09-18,IFN,
2026-09-18,IFV,93.0379746835443
2026-09-18,IFY,
2026-09-18,IGF,
2026-09-18,IGL,54.516129032258064
2026-09-18,IGM,
2026-09-18,IGZ,
2026-09-18,IH1,62.08053691275168
2026-09-18,IHA,
2026-09-18,IHC,44.93769470404985
2026-09-18,IHK,21.812080536912752
2026-09-18,IHP,27.9595015576324
2026-09-18,IHT,50.0
2026-09-18,IHV,9.735202492211839
2026-09-18,IHY,
2026-09-18,IHZ,
2026-09-18,IIA,10.046728971962617
2026-09-18,IIC,
2026-09-18,IIE,4.127725856697819
2026-09-18,IIF,96.02803738317756
2026-09-18,IIH,60.06711409395973
2026-09-18,IIN,66.77419354838709
2026-09-18,IIS,1.32398753894081
2026-09-18,IJA,24.233128834355828
2026-09-18,IJB,93.75
2026-09-18,IJC,10.122699386503067
2026-09-18,IJE,
2026-09-18,IJF,
2026-09-18,IJH,85.95505617977528
2026-09-18,IJI,46.18380062305296
2026-09-18,IJK,
2026-09-18,IJL,41.1993769470405
2026-09-18,IJP,31.25
2026-09-18,IJT,83.72274143302181
2026-09-18,IJV,99.67741935483872
2026-09-18,IJZ,67.79141104294479
2026-09-18,IK2,84.19003115264798
2026-09-18,IKL,81.25
2026-09-18,IKP,6.25
2026-09-18,IKV,76.58227848101265
2026-09-18,ILC,79.98442367601245
2026-09-18,ILE,
2026-09-18,ILH,80.96774193548387
2026-09-18,ILI,93.22429906542055
2026-09-18,ILM,25.46728971962617
2026-09-18,ILP,
2026-09-18,ILU,
2026-09-18,ILZ,92.69662921348315
2026-09-18,IMB,
2026-09-18,IMF,64.40809968847351
2026-09-18,IMG,67.6791277258567
2026-09-18,IMH,
2026-09-18,IML,58.053691275167786
2026-09-18,IMO,
2026-09-18,IMS,
2026-09-18,IMT,
2026-09-18,IMY,
2026-09-18,IMZ,
2026-09-18,INH,42.63803680981595
2026-09-18,INV,
2026-09-18,INZ,85.90342679127725
2026-09-18,IOG,39.797507788161994
2026-09-18,IOH,58.177570093457945
2026-09-18,IOJ,81.69781931464173
2026-09-18,IOL,
2026-09-18,IOM,7.087227414330218
2026-09-18,ION,51.323987538940806
2026-09-18,IOO,73.87096774193549
2026-09-18,IOP,93.87096774193549
2026-09-18,IOT,
2026-09-18,IOV,
2026-09-18,IPA,22.66355140186916
2026-09-18,IPB,2.147239263803681
2026-09-18,IPC,
2026-09-18,IPE,
2026-09-18,IPF,82.3208722741433
2026-09-18,IPG,67.97752808988764
2026-09-18,IPJ,18.75
2026-09-18,IPK,
2026-09-18,IPO,
2026-09-18,IPP,67.83489096573209
2026-09-18,IPR,
2026-09-18,IPU,
2026-09-18,IPV,36.075949367088604
2026-09-18,IRB,91.35514018691589
2026-09-18,IRE,57.242990654205606
2026-09-18,IRF,87.07865168539325
2026-09-18,IRL,27.33644859813084
2026-09-18,IRO,42.13395638629284
2026-09-18,IRT,54.90797546012271
2026-09-18,IRV,98.20872274143302
2026-09-18,IRY,87.41935483870968
2026-09-18,ISR,
2026-09-18,ISS,
2026-09-18,IST,91.77215189873418
2026-09-18,ITA,
2026-09-18,ITC,74.16107382550335
2026-09-18,ITD,
2026-09-18,ITJ,53.19314641744548
2026-09-18,ITL,
2026-09-18,ITP,56.25
2026-09-18,ITR,
2026-09-18,ITV,89.58333333333334
2026-09-18,ITZ,
2026-09-18,IUA,33.56697819314642
2026-09-18,IUB,
2026-09-18,IUC,
2026-09-18,IUF,33.25545171339564
2026-09-18,IUH,29.775280898876407
2026-09-18,IUM,
2026-09-18,IUN,
2026-09-18,IUV,48.831775700934585
2026-09-18,IUZ,74.51612903225806
2026-09-18,IV2,12.850467289719624
2026-09-18,IV6,
2026-09-18,IV7,
2026-09-18,IV8,80.3125
2026-09-18,IVF,9.6875
2026-09-18,IVS,18.613707165109034
2026-09-18,IVY,56.13496932515337
2026-09-18,IYB,48.77300613496933
2026-09-18,IYP,
2026-09-18,IYR,98.05295950155764
2026-09-18,IYS,29.82866043613707
2026-09-18,IYV,22.352024922118378
2026-09-18,IZA,
2026-09-18,IZB,65.73033707865169
2026-09-18,IZE,
2026-09-18,IZL,71.72897196261682
2026-09-18,IZS,99.30555555555556
2026-09-18,IZV,
2026-09-18,IZY,70.95015576323988
2026-09-18,JET,8.282208588957054
2026-09-18,JOT,
2026-09-18,JUP,60.3582554517134
2026-09-18,KAC,86.5625
2026-09-18,KAN,31.25
2026-09-18,KAV,84.02777777777779
2026-09-18,KBJ,26.713395638629283
2026-09-18,KBP,
2026-09-18,KBZ,
2026-09-18,KCL,29.062500000000004
2026-09-18,KCR,95.13888888888889
2026-09-18,KCV,69.0625
2026-09-18,KDE,72.8125
2026-09-18,KDI,39.953271028037385
2026-09-18,KDK,
2026-09-18,KDL,57.8125
2026-09-18,KDO,47.8125
2026-09-18,KDS,55.93749999999999
2026-09-18,KDT,50.9375
2026-09-18,KDV,48.4375
2026-09-18,KDZ,54.0625
2026-09-18,KEI,
2026-09-18,KEO,
2026-09-18,KEU,43.4375
2026-09-18,KFZ,
2026-09-18,KGM,30.312499999999996
2026-09-18,KH1,20.9375
2026-09-18,KHA,63.42281879194631
2026-09-18,KHB,13.758389261744966
2026-09-18,KHC,4.0625
2026-09-18,KHD,12.812499999999998
2026-09-18,KHF,
2026-09-18,KHJ,8.4375
2026-09-18,KHP,75.80645161290323
2026-09-18,KHT,
2026-09-18,KHU,
2026-09-18,KIA,
2026-09-18,KIB,34.04907975460122
2026-09-18,KIE,83.54838709677419
2026-09-18,KIH,92.13395638629284
2026-09-18,KIK,29.6875
2026-09-18,KIS,46.5625
2026-09-18,KJK,
2026-09-18,KKB,
2026-09-18,KKC,17.1875
2026-09-18,KKE,
2026-09-18,KKH,82.58426966292134
2026-09-18,KKL,79.0625
2026-09-18,KKO,55.99688473520249
2026-09-18,KKP,52.570093457943926
2026-09-18,KKT,92.8125
2026-09-18,KLH,1.5625
2026-09-18,KLI,18.387096774193548
2026-09-18,KLL,
2026-09-18,KLM,
2026-09-18,KLS,
2026-09-18,KLU,25.483870967741932
2026-09-18,KMA,
2026-09-18,KME,65.3125
2026-09-18,KMF,70.13888888888889
2026-09-18,KMN,79.86111111111111
2026-09-18,KMT,
2026-09-18,KNC,61.44859813084113
2026-09-18,KNI,10.64516129032258
2026-09-18,KNJ,74.6875
2026-09-18,KNN,65.49844236760126
2026-09-18,KNP,
2026-09-18,KNS,
2026-09-18,KNT,
2026-09-18,KNV,
2026-09-18,KNZ,
2026-09-18,KO4,38.70716510903427
2026-09-18,KOB,72.1875
2026-09-18,KOD,7.668711656441718
2026-09-18,KOP,41.35514018691589
2026-09-18,KOT,94.29530201342283
2026-09-18,KOZ,
2026-09-18,KP3,27.647975077881622
2026-09-18,KPA,32.8125
2026-09-18,KPB,
2026-09-18,KPC,34.0625
2026-09-18,KPD,34.6875
2026-09-18,KPF,84.65732087227414
2026-09-18,KPH,42.61744966442953
2026-09-18,KPI,57.096774193548384
2026-09-18,KPK,
2026-09-18,KPM,
2026-09-18,KPP,23.548387096774192
2026-09-18,KPR,8.709677419354838
2026-09-18,KPS,62.22741433021807
2026-09-18,KPU,11.5625
2026-09-18,KRC,33.54430379746836
2026-09-18,KRF,90.49079754601227
2026-09-18,KRH,31.230529595015575
2026-09-18,KRO,63.161993769470406
2026-09-18,KRR,43.75
2026-09-18,KRS,46.49532710280374
2026-09-18,KRT,75.46728971962617
2026-09-18,KRV,88.19444444444444
2026-09-18,KSA,85.43613707165109
2026-09-18,KSC,
2026-09-18,KSK,73.22580645161291
2026-09-18,KSL,31.5625
2026-09-18,KSM,54.6875
2026-09-18,KSP,41.822429906542055
2026-09-18,KSR,35.3125
2026-09-18,KST,
2026-09-18,KSV,74.0625
2026-09-18,KSY,92.7570093457944
2026-09-18,KTE,
2026-09-18,KTI,7.187499999999999
2026-09-18,KTJ,45.3125
2026-09-18,KTM,52.1875
2026-09-18,KTN,62.18749999999999
2026-09-18,KTR,84.6875
2026-09-18,KTS,51.5625
2026-09-18,KTT,41.5625
2026-09-18,KTU,
2026-09-18,KTV,81.5625
2026-09-18,KU3,33.4375
2026-09-18,KUA,19.6875
2026-09-18,KUB,59.8159509202454
2026-09-18,KUD,71.5625
2026-09-18,KUP,31.853582554517136
2026-09-18,KUT,10.416666666666668
2026-09-18,KVA,
2026-09-18,KVK,60.9375
2026-09-18,KVR,87.8125
2026-09-18,KVS,77.49221183800623
2026-09-18,KVT,40.604026845637584
2026-09-18,KYA,18.456375838926174
2026-09-18,KYR,11.60436137071651
2026-09-18,KYS,66.74454828660437
2026-09-18,KZL,46.52777777777778
2026-09-18,KZO,
2026-09-18,KZU,32.63888888888889
2026-09-18,LAI,3.6604361370716507
2026-09-18,LET,
2026-09-18,LGK,
2026-09-18,LGO,11.448598130841122
2026-09-18,LHM,
2026-09-18,LHP,73.90965732087228
2026-09-18,LKF,77.08333333333334
2026-09-18,LKT,1.6129032258064515
2026-09-18,LLA,13.785046728971961
2026-09-18,LPH,98.67601246105919
2026-09-18,LRT,40.26479750778817
2026-09-18,LTC,86.8380062305296
2026-09-18,LTL,92.28187919463086
2026-09-18,LTS,41.66666666666667
2026-09-18,LZV,
2026-09-18,MAC,33.89261744966443
2026-09-18,MAD,9.509202453987731
2026-09-18,MAS,16.588785046728972
2026-09-18,MAV,
2026-09-18,MBL,99.079754601227
2026-09-18,MBR,24.68354430379747
2026-09-18,MCU,93.84735202492212
2026-09-18,MD1,15.644171779141105
2026-09-18,MD2,10.736196319018406
2026-09-18,MDF,66.85393258426966
2026-09-18,MET,77.60736196319019
2026-09-18,MGB,59.42367601246106
2026-09-18,MGD,
2026-09-18,MGE,13.006230529595014
2026-09-18,MGH,66.1214953271028
2026-09-18,MHF,4.3624161073825505
2026-09-18,MIK,43.53582554517134
2026-09-18,MJB,39.8876404494382
2026-09-18,MJE,14.6875
2026-09-18,MJG,33.146067415730336
2026-09-18,MJH,51.94704049844236
2026-09-18,MJK,24.221183800623052
2026-09-18,MJL,46.80685358255452
2026-09-18,MKA,6.5625
2026-09-18,MKG,43.75
2026-09-18,MKL,
2026-09-18,MLS,
2026-09-18,MLT,23.909657320872274
2026-09-18,MMH,80.87248322147651
2026-09-18,MOD,
2026-09-18,MOZ,43.068535825545176
2026-09-18,MP2,6.619937694704049
2026-09-18,MP4,19.23676012461059
2026-09-18,MPD,64.8753894080997
2026-09-18,MPE,13.870967741935484
2026-09-18,MPF,90.3125
2026-09-18,MPI,90.10903426791276
2026-09-18,MPK,87.1875
2026-09-18,MPL,27.419354838709676
2026-09-18,MPN,41.51090342679128
2026-09-18,MPP,36.059190031152646
2026-09-18,MPS,15.312500000000002
2026-09-18,MRI,37.77258566978193
2026-09-18,MSK,
2026-09-18,MSO,
2026-09-18,MSR,29.361370716510905
2026-09-18,MT1,76.24610591900311
2026-09-18,MT2,48.70967741935484
2026-09-18,MT5,3.9719626168224296
2026-09-18,MT6,2.083333333333333
2026-09-18,MT7,8.800623052959502
2026-09-18,MT8,0.0778816199376947
2026-09-18,MT9,14.56386292834891
2026-09-18,MTD,0.9202453987730062
2026-09-18,MTE,
2026-09-18,MTF,63.78504672897196
2026-09-18,MTG,40.109034267912776
2026-09-18,MTH,35.90604026845637
2026-09-18,MTI,
2026-09-18,MTK,32.1875
2026-09-18,MTL,19.70404984423676
2026-09-18,MTS,47.752808988764045
2026-09-18,MTU,21.884735202492212
2026-09-18,MTV,37.73006134969325
2026-09-18,MTX,51.22699386503068
2026-09-18,MUL,22.819314641744548
2026-09-18,MUT,57.71028037383178
2026-09-18,NAK,60.416666666666664
2026-09-18,NAL,57.638888888888886
2026-09-18,NAU,21.52777777777778
2026-09-18,NAV,51.63551401869159
2026-09-18,NBE,61.29283489096573
2026-09-18,NBH,99.29906542056075
2026-09-18,NBO,98.31460674157303
2026-09-18,NBZ,90.42056074766354
2026-09-18,NCS,70.48286604361371
2026-09-18,NCU,21.261682242990652
2026-09-18,NDL,
2026-09-18,NDS,30.140186915887853
2026-09-18,NES,
2026-09-18,NFF,71.34831460674157
2026-09-18,NFH,15.498442367601244
2026-09-18,NFK,2.881619937694704
2026-09-18,NHP,74.71910112359551
2026-09-18,NHT,
2026-09-18,NHV,
2026-09-18,NHY,14.429530201342283
2026-09-18,NIG,27.180685358255452
2026-09-18,NIS,86.6822429906542
2026-09-18,NJF,75.69444444444444
2026-09-18,NJG,58.333333333333336
2026-09-18,NJR,51.26582278481012
2026-09-18,NJY,96.5625
2026-09-18,NKA,53.43750000000001
2026-09-18,NKC,17.78523489932886
2026-09-18,NKH,55.84112149532711
2026-09-18,NKJ,
2026-09-18,NKK,37.149532710280376
2026-09-18,NKL,93.53582554517133
2026-09-18,NKM,2.8125
2026-09-18,NKP,6.441717791411043
2026-09-18,NKS,87.14953271028037
2026-09-18,NKT,55.3125
2026-09-18,NKV,
2026-09-18,NLC,92.36111111111111
2026-09-18,NLD,
2026-09-18,NLE,66.77852348993288
2026-09-18,NLK,93.38006230529595
2026-09-18,NLL,24.065420560747665
2026-09-18,NME,17.8125
2026-09-18,NMG,89.17445482866043
2026-09-18,NMP,53.87096774193548
2026-09-18,NMU,90.88785046728972
2026-09-18,NNF,1.6778523489932886
2026-09-18,NOA,33.09968847352025
2026-09-18,NOI,87.77258566978193
2026-09-18,NOV,
2026-09-18,NP1,28.894080996884735
2026-09-18,NPH,8.389261744966444
2026-09-18,NPK,
2026-09-18,NRC,1.5337423312883436
2026-09-18,NRG,24.838709677419356
2026-09-18,NRM,51.16822429906542
2026-09-18,NSA,57.74193548387097
2026-09-18,NSD,90.26479750778816
2026-09-18,NSH,89.797507788162
2026-09-18,NSK,85.1246105919003
2026-09-18,NSP,61.61290322580645
2026-09-18,NSS,
2026-09-18,NST,17.114093959731544
2026-09-18,NSY,65.96573208722741
2026-09-18,NTB,
2026-09-18,NTD,
2026-09-18,NTF,83.09968847352025
2026-09-18,NTI,23.619631901840492
2026-09-18,NTO,
2026-09-18,NTS,95.09345794392523
2026-09-18,NUB,39.6417445482866
2026-09-18,NUG,97.91666666666666
2026-09-18,NUH,15.100671140939598
2026-09-18,NVB,19.032258064516128
2026-09-18,NVC,26.869158878504674
2026-09-18,NVK,64.6875
2026-09-18,NVP,
2026-09-18,NVT,97.11838006230529
2026-09-18,NVZ,46.02803738317757
2026-09-18,NYH,
2026-09-18,NZH,12.576687116564417
2026-09-18,NZT,11.935483870967742
2026-09-18,NZU,52.81249999999999
2026-09-18,OAB,
2026-09-18,OAO,97.85276073619632
2026-09-18,OBI,14.556962025316455
2026-09-18,OBN,66.43302180685359
2026-09-18,OBP,81.28834355828221
2026-09-18,OBR,79.04984423676012
2026-09-18,OCM,
2026-09-18,OCN,
2026-09-18,OCT,
2026-09-18,ODD,50.70093457943925
2026-09-18,ODG,62.88343558282209
2026-09-18,ODN,97.27414330218068
2026-09-18,ODP,49.29906542056075
2026-09-18,ODS,71.57320872274143
2026-09-18,ODV,6.179775280898876
2026-09-18,OFA,19.0625
2026-09-18,OFB,91.97819314641744
2026-09-18,OFI,63.48314606741573
2026-09-18,OFK,49.0625
2026-09-18,OFO,
2026-09-18,OFS,62.35955056179775
2026-09-18,OGD,71.52777777777779
2026-09-18,OGF,84.17721518987342
2026-09-18,OGV,
2026-09-18,OHB,74.83221476510067
2026-09-18,OHI,35.124610591900314
2026-09-18,OHK,57.1875
2026-09-18,OIL,65.97222222222221
2026-09-18,OIR,58.98876404494382
2026-09-18,OIS,
2026-09-18,OJB,81.07476635514018
2026-09-18,OJH,30.29595015576324
2026-09-18,OJK,53.47222222222222
2026-09-18,OJT,30.89887640449438
2026-09-18,OJU,
2026-09-18,OJY,
2026-09-18,OKD,59.20245398773007
2026-09-18,OKF,87.61682242990653
2026-09-18,OKP,85.44303797468355
2026-09-18,OKT,94.30379746835443
2026-09-18,OLA,47.1183800623053
2026-09-18,OLD,7.303370786516854
2026-09-18,OLE,94.9438202247191
2026-09-18,OMB,
2026-09-18,OMC,
2026-09-18,OME,20.17133956386293
2026-09-18,OMG,72.81879194630872
2026-09-18,OMT,60.967741935483865
2026-09-18,ONB,68.30218068535827
2026-09-18,OND,59.267912772585674
2026-09-18,ONE,28.115264797507788
2026-09-18,ONF,96.52777777777779
2026-09-18,ONK,44.00311526479751
2026-09-18,ONN,79.2056074766355
2026-09-18,ONS,82.78816199376948
2026-09-18,ONT,77.18068535825545
2026-09-18,ONY,51.01246105919003
2026-09-18,OPB,60.42944785276073
2026-09-18,OPD,94.31464174454828
2026-09-18,OPF,70.85889570552148
2026-09-18,OPH,28.523489932885905
2026-09-18,OPI,45.97315436241611
2026-09-18,OPJ,0.3225806451612903
2026-09-18,OPL,41.41104294478527
2026-09-18,OPU,63.4375
2026-09-18,OPZ,
2026-09-18,ORC,15.654205607476634
2026-09-18,ORI,
2026-09-18,OSD,67.72151898734177
2026-09-18,OSF,88.55140186915888
2026-09-18,OSH,25.934579439252335
2026-09-18,OSL,62.65822784810127
2026-09-18,OSN,
2026-09-18,OTE,
2026-09-18,OTF,85.9375
2026-09-18,OTJ,64.58333333333334
2026-09-18,OTK,
2026-09-18,OTM,45.70552147239264
2026-09-18,OTZ,
2026-09-18,OUB,79.82866043613707
2026-09-18,OUD,69.54828660436138
2026-09-18,OUN,80.9190031152648
2026-09-18,OUR,69.0809968847352
2026-09-18,OUY,
2026-09-18,OVD,97.19101123595506
2026-09-18,OVR,
2026-09-18,OYL,62.25806451612903
2026-09-18,OYS,16.90031152647975
2026-09-18,OYT,89.01869158878505
2026-09-18,OZC,
2026-09-18,P1A,44.193548387096776
2026-09-18,PA2,9.027777777777777
2026-09-18,PAB,71.29032258064515
2026-09-18,PAC,
2026-09-18,PAF,27.083333333333332
2026-09-18,PAI,44.47852760736196
2026-09-18,PAL,86.80555555555556
2026-09-18,PAO,
2026-09-18,PAU,66.90031152647975
2026-09-18,PBE,86.52647975077882
2026-09-18,PBF,
2026-09-18,PBH,4.595015576323988
2026-09-18,PBI,17.415730337078653
2026-09-18,PBK,30.9375
2026-09-18,PBN,36.838006230529594
2026-09-18,PBR,0.3067484662576687
2026-09-18,PBS,64.56386292834891
2026-09-18,PBY,8.489096573208723
2026-09-18,PCE,29.049844236760126
2026-09-18,PCH,14.719626168224298
2026-09-18,PCN,48.5202492211838
2026-09-18,PCS,
2026-09-18,PDC,6.1526479750778815
2026-09-18,PDD,42.1875
2026-09-18,PDE,0.3125
2026-09-18,PDF,64.7196261682243
2026-09-18,PDG,8.95638629283489
2026-09-18,PDH,30.76323987538941
2026-09-18,PDR,
2026-09-18,PDS,12.22741433021807
2026-09-18,PEA,40.97222222222222
2026-09-18,PFO,61.23595505617978
2026-09-18,PFS,12.921348314606742
2026-09-18,PGD,84.3558282208589
2026-09-18,PGE,58.95638629283489
2026-09-18,PGH,1.1682242990654206
2026-09-18,PGS,6.375838926174497
2026-09-18,PHB,0.5451713395638629
2026-09-18,PHE,
2026-09-18,PHF,85.2803738317757
2026-09-18,PHI,52.68456375838926
2026-09-18,PHK,21.5625
2026-09-18,PHN,
2026-09-18,PHS,40.887850467289724
2026-09-18,PHY,17.834890965732086
2026-09-18,PID,69.6319018404908
2026-09-18,PIL,8.426966292134832
2026-09-18,PIP,15.161290322580644
2026-09-18,PIR,35.41666666666667
2026-09-18,PIS,99.14330218068535
2026-09-18,PJL,51.935483870967744
2026-09-18,PJP,54.28348909657321
2026-09-18,PK1,46.12903225806452
2026-09-18,PKD,
2026-09-18,PKF,74.30555555555556
2026-09-18,PKH,0.9375
2026-09-18,PKL,79.6875
2026-09-18,PKM,0.967741935483871
2026-09-18,PKN,42.44548286604362
2026-09-18,PKP,20.32258064516129
2026-09-18,PKR,39.67741935483871
2026-09-18,PKT,35.80645161290323
2026-09-18,PKU,24.68847352024922
2026-09-18,PKV,83.56697819314641
2026-09-18,PKZ,13.473520249221183
2026-09-18,PLA,
2026-09-18,PLR,42.25806451612903
2026-09-18,PLS,
2026-09-18,PMG,
2026-09-18,PMH,
2026-09-18,PMP,7.710280373831775
2026-09-18,PNU,59.03225806451613
2026-09-18,PO7,38.2398753894081
2026-09-18,PO8,
2026-09-18,PO9,12.383177570093459
2026-09-18,POB,16.43302180685358
2026-09-18,POD,53.348909657320874
2026-09-18,POF,3.4722222222222223
2026-09-18,POH,
2026-09-18,POI,16.74454828660436
2026-09-18,POS,18.146417445482864
2026-09-18,POU,45.5607476635514
2026-09-18,PP1,14.0625
2026-09-18,PPB,13.087248322147651
2026-09-18,PPD,23.130841121495326
2026-09-18,PPE,36.37071651090343
2026-09-18,PPF,63.62928348909658
2026-09-18,PPG,14.516129032258066
2026-09-18,PPH,0.33557046979865773
2026-09-18,PPI,10.0
2026-09-18,PPJ,50.645161290322584
2026-09-18,PPK,55.80645161290323
2026-09-18,PPM,80.29595015576324
2026-09-18,PPN,58.387096774193544
2026-09-18,PPO,15.965732087227414
2026-09-18,PPP,5.483870967741936
2026-09-18,PPS,39.33021806853583
2026-09-18,PPT,88.70967741935483
2026-09-18,PPU,19.080996884735203
2026-09-18,PPV,34.516129032258064
2026-09-18,PPZ,26.129032258064516
2026-09-18,PRD,84.83870967741936
2026-09-18,PRF,
2026-09-18,PRH,40.96774193548387
2026-09-18,PRR,19.67741935483871
2026-09-18,PRU,86.05919003115264
2026-09-18,PRV,47.41935483870968
2026-09-18,PRY,16.451612903225808
2026-09-18,PSD,
2026-09-18,PSE,12.580645161290322
2026-09-18,PSG,29.205607476635514
2026-09-18,PSH,57.38255033557047
2026-09-18,PSL,87.30529595015575
2026-09-18,PSO,
2026-09-18,PSR,10.514018691588785
2026-09-18,PSS,73.4423676012461
2026-09-18,PST,10.669781931464174
2026-09-18,PTC,74.68847352024922
2026-09-18,PTE,53.2258064516129
2026-09-18,PTF,93.06853582554517
2026-09-18,PTG,
2026-09-18,PTL,6.129032258064516
2026-09-18,PTN,85.41666666666666
2026-09-18,PTO,91.61073825503355
2026-09-18,PTP,60.322580645161295
2026-09-18,PTS,78.38709677419354
2026-09-18,PUA,
2026-09-18,PUC,99.9221183800623
2026-09-18,PUH,52.258566978193144
2026-09-18,PUK,47.1875
2026-09-18,PUR,55.16129032258065
2026-09-18,PUT,
2026-09-18,PUV,
2026-09-18,PVK,69.6875
2026-09-18,PYB,22.258064516129032
2026-09-18,PYD,19.859813084112147
2026-09-18,PYF,80.45171339563862
2026-09-18,PYH,13.4375
2026-09-18,PYI,6.308411214953271
2026-09-18,PYL,40.73208722741433
2026-09-18,PYR,8.021806853582554
2026-09-18,PYS,48.05295950155764
2026-09-18,RAF,61.80555555555556
2026-09-18,RAI,
2026-09-18,RAN,
2026-09-18,RAV,40.42056074766355
2026-09-18,RAY,
2026-09-18,RBA,63.19444444444444
2026-09-18,RBB,53.79746835443038
2026-09-18,RBE,89.33021806853583
2026-09-18,RBF,18.354430379746837
2026-09-18,RBH,18.4375
2026-09-18,RBI,62.53894080996885
2026-09-18,RBK,65.9375
2026-09-18,RBL,40.57632398753894
2026-09-18,RBN,23.442367601246104
2026-09-18,RBP,50.0
2026-09-18,RBR,75.3125
2026-09-18,RBT,97.1875
2026-09-18,RBV,94.6875
2026-09-18,RCL,
2026-09-18,RCS,
2026-09-18,RCV,24.0625
2026-09-18,RD1,78.83435582822086
2026-09-18,RDF,22.19626168224299
2026-09-18,RDH,3.5046728971962615
2026-09-18,RDK,
2026-09-18,RDS,64.09657320872275
2026-09-18,RDT,71.26168224299066
2026-09-18,RDZ,78.11526479750779
2026-09-18,RE6,6.25
2026-09-18,RE7,
2026-09-18,RE8,0.23364485981308408
2026-09-18,RFM,96.06741573033707
2026-09-18,RGD,7.05521472392638
2026-09-18,RGH,59.89096573208723
2026-09-18,RHD,36.52647975077882
2026-09-18,RHI,97.6510067114094
2026-09-18,RHS,29.86577181208054
2026-09-18,RIA,61.915887850467286
2026-09-18,RIH,25.0
2026-09-18,RIK,19.938650306748464
2026-09-18,RJG,50.69444444444444
2026-09-18,RKC,70.24539877300614
2026-09-18,RKH,
2026-09-18,RKL,
2026-09-18,RKS,84.0625
2026-09-18,RKV,95.9375
2026-09-18,RLH,70.32710280373831
2026-09-18,RO1,6.774193548387098
2026-09-18,ROD,68.14641744548287
2026-09-18,ROF,36.993769470404985
2026-09-18,ROY,77.8125
2026-09-18,RPC,72.69938650306749
2026-09-18,RPD,26.68711656441718
2026-09-18,RPG,78.47222222222221
2026-09-18,RPI,40.3125
2026-09-18,RPK,
2026-09-18,RPL,56.30841121495327
2026-09-18,RPM,65.95092024539878
2026-09-18,RPN,20.638629283489095
2026-09-18,RPO,
2026-09-18,RPP,56.451612903225815
2026-09-18,RPS,63.940809968847354
2026-09-18,RPT,88.08411214953271
2026-09-18,RPU,77.1875
2026-09-18,RPX,83.41121495327103
2026-09-18,RRA,59.67741935483871
2026-09-18,RRP,4.838709677419355
2026-09-18,RS1,98.5202492211838
2026-09-18,RSF,85.74766355140187
2026-09-18,RSK,31.697819314641745
2026-09-18,RSY,29.98442367601246
2026-09-18,RSZ,10.825545171339563
2026-09-18,RTA,53.660436137071656
2026-09-18,RTB,96.18380062305296
2026-09-18,RTD,16.87116564417178
2026-09-18,RTG,27.914110429447852
2026-09-18,RTH,20.482866043613708
2026-09-18,RTI,90.9375
2026-09-18,RTP,38.084112149532714
2026-09-18,RUH,35.90342679127726
2026-09-18,RUT,40.1840490797546
2026-09-18,RVI,7.638888888888889
2026-09-18,RVS,55.68535825545171
2026-09-18,RYA,
2026-09-18,RYB,
2026-09-18,RYD,17.21183800623053
2026-09-18,RYF,15.342679127725855
2026-09-18,RYU,46.96261682242991
2026-09-18,RZR,
2026-09-18,SAP,68.06451612903226
2026-09-18,SAR,
2026-09-18,SAS,31.879194630872483
2026-09-18,SAT,
2026-09-18,SBH,14.875389408099688
2026-09-18,SBI,26.557632398753896
2026-09-18,SBR,32.320872274143305
2026-09-18,SBS,
2026-09-18,SCZ,99.45482866043614
2026-09-18,SD1,5.828220858895705
2026-09-18,SDA,78.27102803738318
2026-09-18,SEH,17.056074766355138
2026-09-18,SER,60.51401869158879
2026-09-18,SFA,79.3613707165109
2026-09-18,SFS,45.50561797752809
2026-09-18,SGK,30.981595092024538
2026-09-18,SGT,62.26993865030674
2026-09-18,SHC,84.22818791946308
2026-09-18,SHE,5.214723926380368
2026-09-18,SHI,14.09657320872274
2026-09-18,SHU,6.775700934579438
2026-09-18,SIA,
2026-09-18,SIS,11.7601246105919
2026-09-18,SJP,58.48909657320872
2026-09-18,SKL,45.483870967741936
2026-09-18,SKO,53.355704697986575
2026-09-18,SKS,
2026-09-18,SKT,47.46835443037975
2026-09-18,SKZ,74.37694704049844
2026-09-18,SLF,51.29032258064517
2026-09-18,SLG,19.798657718120804
2026-09-18,SLR,
2026-09-18,SLS,
2026-09-18,SMP,
2026-09-18,SNY,5.373831775700935
2026-09-18,SOS,43.86503067484663
2026-09-18,SPA,72.81931464174455
2026-09-18,SPD,
2026-09-18,SPE,67.5233644859813
2026-09-18,SPN,65.03115264797508
2026-09-18,SPP,48.064516129032256
2026-09-18,SPR,
2026-09-18,SPT,39.0625
2026-09-18,SRA,
2026-09-18,SRE,
2026-09-18,SRL,93.6241610738255
2026-09-18,SRO,
2026-09-18,SSD,
2026-09-18,SSE,13.161993769470403
2026-09-18,SSF,
2026-09-18,SSK,79.4478527607362
2026-09-18,SSN,
2026-09-18,SSO,
2026-09-18,SSS,52.013422818791945
2026-09-18,SST,
2026-09-18,ST1,9.060402684563758
2026-09-18,STI,60.981308411214954
2026-09-18,STM,
2026-09-18,STS,57.398753894081
2026-09-18,STZ,23.753894080996886
2026-09-18,SUA,88.65030674846625
2026-09-18,SUB,11.349693251533742
2026-09-18,SUC,76.38036809815951
2026-09-18,SUR,77.51677852348993
2026-09-18,SVB,4.601226993865031
2026-09-18,SVS,
2026-09-18,SVY,
2026-09-18,SYF,
2026-09-18,SYL,
2026-09-18,SYR,28.738317757009348
2026-09-18,SYS,54.90654205607477
2026-09-18,T3B,15.186915887850466
2026-09-18,TAL,17.36111111111111
2026-09-18,TAO,
2026-09-18,TAR,67.17791411042946
2026-09-18,TAU,43.288590604026844
2026-09-18,TAZ,
2026-09-18,TB9,70.17133956386293
2026-09-18,TBP,73.59550561797754
2026-09-18,TBT,8.227848101265822
2026-09-18,TBV,89.24050632911393
2026-09-18,TCA,20.13888888888889
2026-09-18,TCB,79.03225806451613
2026-09-18,TCC,44.1588785046729
2026-09-18,TCD,11.96319018404908
2026-09-18,TCF,80.33707865168539
2026-09-18,TCG,
2026-09-18,TCH,58.02180685358256
2026-09-18,TCI,90.73208722741433
2026-09-18,TCS,18.769470404984425
2026-09-18,TDG,3.1645569620253164
2026-09-18,TDP,56.77570093457944
2026-09-18,TE3,54.29447852760736
2026-09-18,TE4,97.23926380368098
2026-09-18,TEJ,23.03370786516854
2026-09-18,TFE,88.4375
2026-09-18,TFF,57.865168539325836
2026-09-18,TFU,46.20253164556962
2026-09-18,TGA,18.098159509202453
2026-09-18,TGE,81.46067415730337
2026-09-18,TGN,62.903225806451616
2026-09-18,TGR,14.417177914110429
2026-09-18,TGT,60.12658227848101
2026-09-18,TGV,4.439252336448598
2026-09-18,TGZ,71.41744548286604
2026-09-18,THD,
2026-09-18,THF,25.838926174496645
2026-09-18,THG,96.33956386292834
2026-09-18,THH,
2026-09-18,THO,50.07788161993769
2026-09-18,THS,
2026-09-18,THT,
2026-09-18,THV,0.8566978193146416
2026-09-18,TI1,70.0
2026-09-18,TI2,37.919463087248324
2026-09-18,TI3,23.825503355704697
2026-09-18,TI4,94.1717791411043
2026-09-18,TI6,37.34177215189873
2026-09-18,TI7,80.06134969325154
2026-09-18,TIE,83.55704697986577
2026-09-18,TIL,10.9375
2026-09-18,TIP,93.69158878504673
2026-09-18,TIV,71.51898734177216
2026-09-18,TJB,
2026-09-18,TJF,21.910112359550563
2026-09-18,TJI,18.53932584269663
2026-09-18,TJL,
2026-09-18,TJT,59.02777777777778
2026-09-18,TKF,55.369127516778526
2026-09-18,TKH,
2026-09-18,TKK,60.1123595505618
2026-09-18,TKM,72.58064516129032
2026-09-18,TLC,99.69325153374233
2026-09-18,TLE,5.69620253164557
2026-09-18,TLH,3.691275167785235
2026-09-18,TLK,35.16129032258065
2026-09-18,TLT,
2026-09-18,TLU,66.58878504672897
2026-09-18,TLV,2.258064516129032
2026-09-18,TLY,
2026-09-18,TLZ,25.937500000000004
2026-09-18,TMC,80.67484662576688
2026-09-18,TMG,96.97986577181209
2026-09-18,TMM,70.01557632398755
2026-09-18,TMR,
2026-09-18,TMS,49.76635514018692
2026-09-18,TMU,84.8314606741573
2026-09-18,TMV,28.27102803738318
2026-09-18,TMZ,78.08988764044943
2026-09-18,TNB,34.345794392523366
2026-09-18,TND,83.74233128834356
2026-09-18,TNF,
2026-09-18,TNH,
2026-09-18,TNI,96.62576687116564
2026-09-18,TNK,61.39240506329114
2026-09-18,TNS,49.610591900311526
2026-09-18,TO8,49.45482866043614
2026-09-18,TOK,47.429906542056074
2026-09-18,TOT,70.25316455696202
2026-09-18,TP1,
2026-09-18,TP2,
2026-09-18,TPC,14.583333333333334
2026-09-18,TPE,31.0126582278481
2026-09-18,TPF,44.936708860759495
2026-09-18,TPJ,84.96884735202492
2026-09-18,TPL,10.759493670886076
2026-09-18,TPO,
2026-09-18,TPP,50.23364485981309
2026-09-18,TPR,
2026-09-18,TPV,
2026-09-18,TPZ,73.4375
2026-09-18,TRJ,66.45569620253164
2026-09-18,TRN,
2026-09-18,TRO,81.25
2026-09-18,TRR,98.83177570093457
2026-09-18,TRU,44.0625
2026-09-18,TSI,65.18987341772153
2026-09-18,TSP,
2026-09-18,TTA,28.47222222222222
2026-09-18,TTE,11.073825503355705
2026-09-18,TTL,38.39563862928349
2026-09-18,TTP,76.86915887850468
2026-09-18,TTS,
2026-09-18,TTV,55.373831775700936
2026-09-18,TTZ,
2026-09-18,TUA,42.36111111111111
2026-09-18,TVE,16.5625
2026-09-18,TVN,99.43820224719101
2026-09-18,TYH,27.181208053691275
2026-09-18,TZC,24.846625766871167
2026-09-18,TZD,51.34228187919463
2026-09-18,TZH,
2026-09-18,TZL,77.74193548387098
2026-09-18,TZP,89.64174454828661
2026-09-18,TZT,42.405063291139236
2026-09-18,TZV,55.06329113924051
2026-09-18,UAB,
2026-09-18,UAP,
2026-09-18,UCN,
2026-09-18,UCP,13.225806451612904
2026-09-18,UFH,
2026-09-18,UHL,
2026-09-18,UHS,39.48598130841122
2026-09-18,ULH,44.31464174454829
2026-09-18,ULL,
2026-09-18,UNT,87.46105919003115
2026-09-18,UP1,72.91666666666666
2026-09-18,UP2,64.83870967741936
2026-09-18,UPD,43.69158878504673
2026-09-18,UPH,39.93288590604027
2026-09-18,UPP,49.354838709677416
2026-09-18,UPS,
2026-09-18,URA,2.7607361963190185
2026-09-18,URC,63.3177570093458
2026-09-18,URD,68.4375
2026-09-18,URG,
2026-09-18,URM,
2026-09-18,URS,
2026-09-18,URV,
2026-09-18,USS,
2026-09-18,UST,
2026-09-18,USY,53.50467289719626
2026-09-18,UYH,81.54205607476635
2026-09-18,UZY,77.33644859813083
2026-09-18,VAY,64.76510067114094
2026-09-18,VCD,37.096774193548384
2026-09-18,VCG,89.95327102803739
2026-09-18,VCY,50.61349693251533
2026-09-18,VFK,94.0625
2026-09-18,VFO,68.75
2026-09-18,VFS,
2026-09-18,VHK,23.4375
2026-09-18,VHS,27.8125
2026-09-18,VK6,91.93548387096774
2026-09-18,VKI,92.1875
2026-09-18,VKK,99.6875
2026-09-18,VKR,97.09677419354838
2026-09-18,VKT,98.10126582278481
2026-09-18,VKV,93.4375
2026-09-18,VLT,54.861111111111114
2026-09-18,VMV,97.89719626168224
2026-09-18,VNK,34.190031152647975
2026-09-18,VPA,43.54838709677419
2026-09-18,VPD,
2026-09-18,VPE,
2026-09-18,VPH,37.24832214765101
2026-09-18,VPP,78.73831775700934
2026-09-18,VPS,11.292834890965732
2026-09-18,VRK,39.6875
2026-09-18,VTF,
2026-09-18,VTL,99.0625
2026-09-18,YA1,67.05607476635514
2026-09-18,YAC,50.0
2026-09-18,YAE,56.32911392405063
2026-09-18,YAK,68.75
2026-09-18,YAN,93.82022471910112
2026-09-18,YAR,
2026-09-18,YAS,76.1744966442953
2026-09-18,YAY,75.50335570469798
2026-09-18,YBE,9.49367088607595
2026-09-18,YBH,41.04361370716511
2026-09-18,YBJ,
2026-09-18,YBP,92.94478527607362
2026-09-18,YBR,61.60436137071651
2026-09-18,YBS,99.36708860759494
2026-09-18,YCG,
2026-09-18,YCH,79.21348314606742
2026-09-18,YCK,33.72274143302181
2026-09-18,YCL,31.542056074766357
2026-09-18,YCP,32.63239875389408
2026-09-18,YCY,67.8125
2026-09-18,YDH,
2026-09-18,YDI,71.47651006711409
2026-09-18,YDK,63.92405063291139
2026-09-18,YDL,
2026-09-18,YDM,
2026-09-18,YDP,46.31901840490797
2026-09-18,YDZ,77.80373831775701
2026-09-18,YEF,72.14765100671141
2026-09-18,YFV,66.5625
2026-09-18,YGM,86.99376947040498
2026-09-18,YHB,26.51006711409396
2026-09-18,YHI,22.97507788161994
2026-09-18,YHK,20.3125
2026-09-18,YHP,
2026-09-18,YHS,30.536912751677853
2026-09-18,YHT,50.0
2026-09-18,YHY,13.317757009345794
2026-09-18,YHZ,29.194630872483224
2026-09-18,YIK,28.70967741935484
2026-09-18,YIS,
2026-09-18,YIT,13.190184049079754
2026-09-18,YIV,
2026-09-18,YJA,
2026-09-18,YJH,28.52760736196319
2026-09-18,YJK,27.52808988764045
2026-09-18,YJU,
2026-09-18,YJY,79.51713395638629
2026-09-18,YKS,99.61059190031153
2026-09-18,YKT,11.805555555555555
2026-09-18,YLB,31.93548387096774
2026-09-18,YLC,39.57055214723926
2026-09-18,YLE,82.88590604026845
2026-09-18,YLO,51.84049079754601
2026-09-18,YLR,
2026-09-18,YLY,85.57046979865773
2026-09-18,YLZ,
2026-09-18,YMD,82.94392523364486
2026-09-18,YMH,84.50155763239874
2026-09-18,YMP,67.41935483870968
2026-09-18,YNF,
2026-09-18,YNK,57.55451713395638
2026-09-18,YNL,
2026-09-18,YOA,17.088607594936708
2026-09-18,YOS,48.676012461059194
2026-09-18,YOT,34.810126582278485
2026-09-18,YOZ,91.66666666666666
2026-09-18,YP1,
2026-09-18,YP2,
2026-09-18,YP4,90.57632398753894
2026-09-18,YPC,96.0122699386503
2026-09-18,YPD,
2026-09-18,YPF,60.82554517133957
2026-09-18,YPI,35.43613707165109
2026-09-18,YPK,67.36760124610592
2026-09-18,YPL,45.40498442367601
2026-09-18,YPN,66.27725856697819
2026-09-18,YPP,
2026-09-18,YPR,87.58389261744966
2026-09-18,YPT,65.48387096774194
2026-09-18,YPU,68.92523364485982
2026-09-18,YPV,16.292134831460675
2026-09-18,YRZ,57.08722741433022
2026-09-18,YSA,74.53271028037383
2026-09-18,YSH,21.165644171779142
2026-09-18,YSL,36.5625
2026-09-18,YSO,72.50778816199377
2026-09-18,YSU,85.58282208588957
2026-09-18,YTD,34.26966292134831
2026-09-18,YTJ,
2026-09-18,YTO,
2026-09-18,YTR,
2026-09-18,YTV,82.51533742331289
2026-09-18,YTY,55.52959501557633
2026-09-18,YUB,25.623052959501557
2026-09-18,YUD,
2026-09-18,YUI,
2026-09-18,YUK,52.10280373831776
2026-09-18,YUN,85.59190031152649
2026-09-18,YUY,
2026-09-18,YVB,28.48101265822785
2026-09-18,YVD,8.064516129032258
2026-09-18,YVF,
2026-09-18,YVG,44.47040498442368
2026-09-18,YVO,
2026-09-18,YVS,
2026-09-18,YZC,68.40490797546013
2026-09-18,YZF,
2026-09-18,YZG,15.168539325842698
2026-09-18,YZH,11.74496644295302
2026-09-18,YZK,44.781931464174455
2026-09-18,YZL,68.45794392523365
2026-09-18,YZT,35.2760736196319
2026-09-18,ZA2,90.0
2026-09-18,ZAD,40.9375
2026-09-18,ZAV,32.94392523364486
2026-09-18,ZAY,21.612903225806452
2026-09-18,ZBD,36.50306748466258
2026-09-18,ZBI,75.9375
2026-09-18,ZBJ,33.225806451612904
2026-09-18,ZBN,18.457943925233643
2026-09-18,ZBO,60.66978193146417
2026-09-18,ZBZ,
2026-09-18,ZCA,
2026-09-18,ZCB,
2026-09-18,ZCC,
2026-09-18,ZCD,22.916666666666664
2026-09-18,ZCE,
2026-09-18,ZCG,84.34579439252336
2026-09-18,ZCH,
2026-09-18,ZCK,25.3125
2026-09-18,ZCN,69.10112359550563
2026-09-18,ZDD,81.90184049079755
2026-09-18,ZDK,
2026-09-18,ZDZ,3.374233128834356
2026-09-18,ZFB,22.392638036809817
2026-09-18,ZHH,65.43624161073825
2026-09-18,ZIH,25.4601226993865
2026-09-18,ZJB,29.672897196261683
2026-09-18,ZJH,
2026-09-18,ZJI,19.39252336448598
2026-09-18,ZJL,32.5503355704698
2026-09-18,ZJT,
2026-09-18,ZJV,25.16778523489933
2026-09-18,ZK1,59.06249999999999
2026-09-18,ZK2,27.187499999999996
2026-09-18,ZLB,68.76947040498442
2026-09-18,ZLG,
2026-09-18,ZLH,43.95973154362416
2026-09-18,ZMT,52.72585669781932
2026-09-18,ZMU,69.85981308411215
2026-09-18,ZMY,30.368098159509206
2026-09-18,ZOS,47.585669781931465
2026-09-18,ZP1,
2026-09-18,ZP2,
2026-09-18,ZP3,
2026-09-18,ZP6,42.8125
2026-09-18,ZP7,
2026-09-18,ZP8,42.90322580645161
2026-09-18,ZP9,45.9375
2026-09-18,ZPA,94.47040498442367
2026-09-18,ZPC,5.056179775280898
2026-09-18,ZPE,26.5625
2026-09-18,ZPF,58.4375
2026-09-18,ZPG,89.6875
2026-09-18,ZPH,26.7741935483871
2026-09-18,ZPJ,2.1875
2026-09-18,ZPK,95.3125
2026-09-18,ZPN,
2026-09-18,ZPO,88.06451612903226
2026-09-18,ZPR,85.48387096774194
2026-09-18,ZR2,
2026-09-18,ZR3,20.01557632398754
2026-09-18,ZSB,82.16510903426791
2026-09-18,ZSF,98.99328859060402
2026-09-18,ZSG,36.51685393258427
2026-09-18,ZSN,
2026-09-18,ZTF,
2026-09-18,ZTG,90.4494382022472
2026-09-18,ZTV,64.09395973154362
2026-09-18,ZUD,
2026-09-18,ZUE,
2026-09-18,ZUS,74.84423676012462
2026-09-18,ZVB,68.61370716510903
2026-09-18,ZVO,42.28971962616823
2026-09-18,ZYC,
2026-09-18,ZYD,
2026-09-18,ZZL,62.071651090342684
2026-09-18,DPP,
2026-09-18,LFD,
2026-09-18,DP6,56.464174454828665
2026-09-18,ZJR,
