tarih,fonKodu,akis_oran_pct
2026-08-31,AAL,-13.563146458649697
2026-08-31,AAS,-2.902457859805148
2026-08-31,AAV,-7.349609297466508
2026-08-31,ABG,0.404922449628889
2026-08-31,ABJ,0.0
2026-08-31,ABU,0.0
2026-08-31,AC1,-2.207808724850872
2026-08-31,AC2,221.77365874890356
2026-08-31,AC3,0.0
2026-08-31,AC4,12.514260175354577
2026-08-31,AC5,1.7354259821615294
2026-08-31,AC6,0.3173914188495777
2026-08-31,AC7,-7.923483256245042
2026-08-31,AC8,-0.2067282605812638
2026-08-31,ACC,-37.18614831097537
2026-08-31,ACD,0.15834284082432606
2026-08-31,ACN,0.0
2026-08-31,ACU,-0.5979803903717428
2026-08-31,ADE,-4.412027486037619
2026-08-31,ADP,-9.18572964096099
2026-08-31,AED,1.023297098620219
2026-08-31,AES,-6.159410602847217
2026-08-31,AEV,-0.268548220764991
2026-08-31,AFA,0.81187417279665
2026-08-31,AFO,-1.86497708272074
2026-08-31,AFS,2.9316755463825985
2026-08-31,AFT,-2.2702750577322846
2026-08-31,AFV,1.6234483445521097
2026-08-31,AGC,-14.833665188758705
2026-08-31,AHH,0.0
2026-08-31,AHI,1.884777208415053
2026-08-31,AHN,-3.8436977739775067
2026-08-31,AHU,-29.822156657094485
2026-08-31,AHV,1.5644344109980663
2026-08-31,AHZ,5.729878327326615e-05
2026-08-31,AI1,1.1750896881836506e-06
2026-08-31,AIH,-1.6074897894753397
2026-08-31,AII,0.0
2026-08-31,AIM,0.0
2026-08-31,AIR,-0.5497321613702261
2026-08-31,AIS,5.5262151915789435
2026-08-31,AJ1,-28.35421704013256
2026-08-31,AJE,-6.789385683552409
2026-08-31,AJK,5.068904403279665
2026-08-31,AJL,-6.591839284187379
2026-08-31,AJN,-4.476867653835018
2026-08-31,AK2,44.83184024321831
2026-08-31,AK3,4.015409611762832
2026-08-31,AKE,0.3898259883914794
2026-08-31,AKU,-4.623453292356876
2026-08-31,AL4,0.0
2026-08-31,AL5,-2.2724642451517556
2026-08-31,AL6,0.0
2026-08-31,AL7,15.713529553872519
2026-08-31,ALC,-1.5478826689970762
2026-08-31,ALE,-0.07146381054267555
2026-08-31,AN1,0.8751881819762681
2026-08-31,ANL,11.472051300710852
2026-08-31,ANZ,-1.9484213825723555
2026-08-31,AOJ,-0.7657368795323544
2026-08-31,AOY,-8.039198266865483
2026-08-31,AP2,-3.063663628653272
2026-08-31,AP4,0.0
2026-08-31,AP5,3.355526765477592
2026-08-31,AP6,-1.7799893340105483e-05
2026-08-31,AP7,-4.219204737565816
2026-08-31,APJ,-2.9181317209469637
2026-08-31,APP,0.0
2026-08-31,APT,36.20892306535175
2026-08-31,ARE,13.754171252772665
2026-08-31,ARF,0.0
2026-08-31,ARL,-1.3975372411617328
2026-08-31,ARM,-5.248093134792441
2026-08-31,ARP,0.0
2026-08-31,AS1,-9.361761361534825
2026-08-31,AS3,0.0
2026-08-31,ASJ,-2.869682854685375
2026-08-31,ATJ,-0.010091969090862156
2026-08-31,AU1,26.218019988267233
2026-08-31,AUV,-36.03589643574184
2026-08-31,AVC,0.0
2026-08-31,AVT,17.393966498753972
2026-08-31,AVZ,0.0
2026-08-31,AY6,0.0
2026-08-31,AY7,0.0
2026-08-31,AYA,-2.692830361869888
2026-08-31,AYR,0.9965313633566725
2026-08-31,AZF,0.0
2026-08-31,AZJ,30.426606619623485
2026-08-31,AZV,-0.11007252667999354
2026-08-31,AZZ,0.0
2026-08-31,BA1,0.37727729323004044
2026-08-31,BAC,2.869610970989303
2026-08-31,BAG,-2.370190814477017
2026-08-31,BAI,41.271719086814194
2026-08-31,BAL,0.0
2026-08-31,BAO,0.0
2026-08-31,BAS,0.0
2026-08-31,BBF,2.2359804108822146
2026-08-31,BBI,0.0
2026-08-31,BBN,0.0
2026-08-31,BBO,0.0
2026-08-31,BBP,-3.899766504020002
2026-08-31,BBS,89.74771698479003
2026-08-31,BCC,-0.03533534146443131
2026-08-31,BCK,-14.626731885963776
2026-08-31,BCO,158.46037693469677
2026-08-31,BDA,26.79527858696521
2026-08-31,BDC,-6.690249276822077
2026-08-31,BDI,-1.7687345389831906e-09
2026-08-31,BDO,-37.41685087698642
2026-08-31,BDS,-18.977175790014954
2026-08-31,BDY,-3.3739019350285537
2026-08-31,BFE,6.852264900790968
2026-08-31,BFO,0.0
2026-08-31,BFS,45.54797381805471
2026-08-31,BFT,-30.84181017200604
2026-08-31,BGH,0.0
2026-08-31,BGP,-6.223962732938875
2026-08-31,BGR,7.957018660835725
2026-08-31,BHA,0.2516712074588415
2026-08-31,BHE,-0.7498797857132112
2026-08-31,BHF,-5.496214090964128
2026-08-31,BHH,-9.504035314750092e-07
2026-08-31,BHI,23.64600679395305
2026-08-31,BHL,22.578925582988123
2026-08-31,BHN,-0.5499482971461394
2026-08-31,BHO,0.0
2026-08-31,BI5,0.0
2026-08-31,BIA,236.259550027874
2026-08-31,BID,-0.9913078622662953
2026-08-31,BIG,-2.5684199621624715
2026-08-31,BIH,0.005702651065575155
2026-08-31,BIK,0.012496170287220281
2026-08-31,BIO,-8.621022968380569
2026-08-31,BIP,80.16917140147918
2026-08-31,BIS,-0.6758216101614539
2026-08-31,BIY,1.3429052093162834
2026-08-31,BJD,-9.451429119835158
2026-08-31,BKO,-42.234025523954784
2026-08-31,BKY,19.160550143267407
2026-08-31,BLA,0.0
2026-08-31,BLD,-5.29473021364548
2026-08-31,BLT,22.68919898020748
2026-08-31,BMU,-55.56592334401215
2026-08-31,BNC,-9.91815524283136
2026-08-31,BNH,5.685739262731864
2026-08-31,BOH,0.0
2026-08-31,BOL,29.55715208472866
2026-08-31,BON,-88.2465757276718
2026-08-31,BOP,4.901215394907291
2026-08-31,BOS,-0.706618978660323
2026-08-31,BP5,-67.85581783306563
2026-08-31,BPD,0.0
2026-08-31,BPZ,79.90234214725734
2026-08-31,BRB,-13.21975791853069
2026-08-31,BRC,-3.587228609200916
2026-08-31,BRF,-3.7364102678308546
2026-08-31,BRG,9.781895377191196
2026-08-31,BRH,-4.430989491138011
2026-08-31,BRR,776.081541131451
2026-08-31,BRT,-12.864068109103211
2026-08-31,BRZ,-13.700944904134873
2026-08-31,BS1,1816.0689318736352
2026-08-31,BSA,0.0
2026-08-31,BSC,-0.00010840695857788015
2026-08-31,BSD,17.726624072867285
2026-08-31,BSE,-2.3561137765965418e-06
2026-08-31,BSF,0.0
2026-08-31,BSH,21.88861010192099
2026-08-31,BSM,-6.19954521750882
2026-08-31,BSN,0.0
2026-08-31,BST,-9.873221753461703
2026-08-31,BTE,-10.80465425184376
2026-08-31,BTJ,-0.4817309487123172
2026-08-31,BTK,6.002429579989403
2026-08-31,BTP,-20.04874150602584
2026-08-31,BTY,0.0
2026-08-31,BTZ,-14.186362070853257
2026-08-31,BUB,-26.68102204614903
2026-08-31,BUC,288.9785755588434
2026-08-31,BUP,0.0
2026-08-31,BUT,-21.709040550736468
2026-08-31,BUV,-21.111346614459922
2026-08-31,BUY,-5.805061542137958
2026-08-31,BV1,1.3460299377712017
2026-08-31,BVB,0.0
2026-08-31,BVC,0.0
2026-08-31,BVD,-4.923005492407269
2026-08-31,BVF,1.3413831253318684
2026-08-31,BVH,0.0
2026-08-31,BVI,-2.4384025531645026
2026-08-31,BVK,-75.62001239151495
2026-08-31,BVM,-10.353153092941046
2026-08-31,BVT,0.0
2026-08-31,BVV,17.10629861378398
2026-08-31,BVZ,8.247186641782536
2026-08-31,BYZ,-0.002995972233371095
2026-08-31,CAH,-38.65408568541206
2026-08-31,CBD,623.9831983016315
2026-08-31,CBN,0.0
2026-08-31,CBO,0.0
2026-08-31,CEY,0.0
2026-08-31,CFO,-38.6073785489008
2026-08-31,CGD,0.0
2026-08-31,CHY,0.0379897259068444
2026-08-31,CIN,-5.732972268338127
2026-08-31,CJD,27406.690713291788
2026-08-31,CJF,-15.527332202587738
2026-08-31,CJG,0.0
2026-08-31,CJH,-2.422357426901437
2026-08-31,CKF,-2.6664026182929947
2026-08-31,CKL,-0.6322068149725193
2026-08-31,CKS,1.8545311842102643
2026-08-31,COT,0.5622364499366587
2026-08-31,CPT,-7.769872205793566
2026-08-31,CPU,11.479254868007214
2026-08-31,CRL,0.0
2026-08-31,CSD,0.0
2026-08-31,CSH,-1.1075408386649534e-06
2026-08-31,CTF,0.0
2026-08-31,CTG,0.0
2026-08-31,CTM,0.0
2026-08-31,CTP,0.0
2026-08-31,CTV,0.0
2026-08-31,CVA,0.0
2026-08-31,CVB,0.0
2026-08-31,CVC,0.0
2026-08-31,CVD,0.0
2026-08-31,CVE,0.0
2026-08-31,CVF,0.0
2026-08-31,CVK,-0.7919741839127659
2026-08-31,CVL,336.8747029935605
2026-08-31,CYD,2.4003840628148794
2026-08-31,DA1,-58.46539859408121
2026-08-31,DAC,0.0
2026-08-31,DAE,12.294799982752576
2026-08-31,DAH,-3.552451299486258
2026-08-31,DAI,-0.6068692898368324
2026-08-31,DAL,0.7890316474349091
2026-08-31,DAP,3806.1526844612404
2026-08-31,DAS,-2.8762746629151423
2026-08-31,DAT,-18.36775359937584
2026-08-31,DAV,4.332767739929171
2026-08-31,DAZ,0.0
2026-08-31,DB2,-4.388421976613374
2026-08-31,DBA,-2.580104498551007
2026-08-31,DBB,-6.683998278934503
2026-08-31,DBG,0.1287851398052439
2026-08-31,DBH,-2.8635300617998816
2026-08-31,DBK,4.076273916924148
2026-08-31,DBP,-0.11545637679332522
2026-08-31,DBZ,-4.747746744059424
2026-08-31,DCB,10.794161555986129
2026-08-31,DCD,0.0
2026-08-31,DCE,0.0
2026-08-31,DCN,204.2053165310959
2026-08-31,DCP,-0.9112861656793082
2026-08-31,DCV,-0.037354128840135746
2026-08-31,DDA,2.7353745251099553
2026-08-31,DDC,-5.281473304606093
2026-08-31,DDE,0.0
2026-08-31,DDF,22.20969536237534
2026-08-31,DDP,0.0
2026-08-31,DEF,-1.1518301585774957
2026-08-31,DEH,126.94286610735404
2026-08-31,DEI,0.0
2026-08-31,DFC,-33.521624367407135
2026-08-31,DFD,-0.4347379100031688
2026-08-31,DFI,-6.823560426009395
2026-08-31,DFO,0.24274233710737614
2026-08-31,DGF,-48.650123316226825
2026-08-31,DGH,14.977847610654027
2026-08-31,DHI,11.755507612979937
2026-08-31,DHJ,0.888064338360974
2026-08-31,DHM,-10.245582235404438
2026-08-31,DHP,0.0
2026-08-31,DHS,0.0
2026-08-31,DHT,16.150478791837493
2026-08-31,DHV,-8.04777323781387
2026-08-31,DID,1.9591613862085335
2026-08-31,DIH,0.0
2026-08-31,DIM,0.0
2026-08-31,DIP,-2.643110074418869
2026-08-31,DK1,1.306831879625311
2026-08-31,DK8,67.6000761885248
2026-08-31,DKA,0.0
2026-08-31,DKC,1.5709455965001369
2026-08-31,DKH,-2.541829377688361
2026-08-31,DKL,-1.2005389777385025
2026-08-31,DKP,-0.7287178348877016
2026-08-31,DKR,-61.10670259666361
2026-08-31,DKS,0.0
2026-08-31,DL2,-40.43381008490096
2026-08-31,DLD,2.573503181308057
2026-08-31,DLG,-1.8429662679289287
2026-08-31,DLN,50.51731427329553
2026-08-31,DLY,-8.159635143050933
2026-08-31,DLZ,2.8744223543404304
2026-08-31,DMG,-1.4557486211302546
2026-08-31,DMI,126.1040713956632
2026-08-31,DMR,0.0
2026-08-31,DMV,0.0
2026-08-31,DMZ,0.0
2026-08-31,DNA,0.0
2026-08-31,DNF,1276.7569354289221
2026-08-31,DNH,-9.134530660426504
2026-08-31,DNK,-0.4280075674168982
2026-08-31,DNL,0.0
2026-08-31,DNM,2.397277386831854
2026-08-31,DNP,91.73484783253912
2026-08-31,DNU,0.0
2026-08-31,DOC,-6.823739829650835e-05
2026-08-31,DOD,-24.098550220769596
2026-08-31,DOH,2166.087017322285
2026-08-31,DOL,11.07030707089475
2026-08-31,DOR,-0.00924739087772698
2026-08-31,DOS,0.0
2026-08-31,DOV,-0.6684099007837144
2026-08-31,DP1,0.0
2026-08-31,DP2,2.8609395224090663
2026-08-31,DP3,-0.15448538515370167
2026-08-31,DP4,-0.8970667879569728
2026-08-31,DP5,0.0
2026-08-31,DP6,-0.025098080578066867
2026-08-31,DP7,0.0
2026-08-31,DP8,0.0
2026-08-31,DP9,0.0
2026-08-31,DPB,-16.735807784799224
2026-08-31,DPC,-0.8713941574957069
2026-08-31,DPE,0.0
2026-08-31,DPG,0.0
2026-08-31,DPI,-0.269238815596519
2026-08-31,DPK,-8.34490044706321
2026-08-31,DPL,0.0
2026-08-31,DPN,0.0
2026-08-31,DPP,-74.4656789290571
2026-08-31,DPT,-3.387413641972007
2026-08-31,DPZ,0.0
2026-08-31,DRA,-1.4373190041716861
2026-08-31,DRD,-0.3253270760281363
2026-08-31,DRH,-5.8246590439178535e-06
2026-08-31,DRT,3.73435489096138
2026-08-31,DSC,0.0
2026-08-31,DSD,-22.149332066335823
2026-08-31,DSH,22.936968217457622
2026-08-31,DSP,-2.4935215716768258
2026-08-31,DSV,-69.5542074007532
2026-08-31,DTH,-0.2833014839487833
2026-08-31,DTL,-0.6942975288910493
2026-08-31,DTM,-4.497537574016261
2026-08-31,DTO,-0.022850537108666087
2026-08-31,DTP,0.0
2026-08-31,DTV,0.0
2026-08-31,DTZ,3.781755412203795
2026-08-31,DUC,0.0
2026-08-31,DUD,6.7692603808434475
2026-08-31,DUH,-105.23468355323627
2026-08-31,DUT,-0.0008733785951140911
2026-08-31,DUV,3.7938530359131235
2026-08-31,DVC,0.0
2026-08-31,DVI,0.0
2026-08-31,DVN,0.0
2026-08-31,DVO,0.0
2026-08-31,DVS,30.250221994032607
2026-08-31,DVT,-0.7423863441992503
2026-08-31,DVU,-0.24162855257656027
2026-08-31,DVZ,0.0
2026-08-31,DXP,-7.207662727618494
2026-08-31,DYJ,0.0
2026-08-31,DYN,-0.6769369177969246
2026-08-31,DYS,0.0
2026-08-31,DZ2,0.0
2026-08-31,DZE,-4.9631305117938975
2026-08-31,DZM,-15.627997152748568
2026-08-31,DZP,0.0
2026-08-31,DZS,-2.322907967303474
2026-08-31,EBD,-2.9232855343146134
2026-08-31,EBI,0.001184455967051597
2026-08-31,EBS,0.23941386407324736
2026-08-31,EC2,-3.873880731751856
2026-08-31,ECA,13.390030010187068
2026-08-31,ECB,8.452054541622873
2026-08-31,ECV,1.2834671746451631
2026-08-31,EDD,25.404980135017176
2026-08-31,EDN,22.25460036080033
2026-08-31,EDP,20.05819740178657
2026-08-31,EDT,-4.347860197425352
2026-08-31,EDU,0.021331183716520485
2026-08-31,EES,0.1834900635895008
2026-08-31,EGP,0.0
2026-08-31,EGR,12.70654914287522
2026-08-31,EHS,0.0
2026-08-31,EIB,-4.206724199117351
2026-08-31,EID,-3.6283239171561585
2026-08-31,EIL,-8.564246299847571
2026-08-31,EJG,0.0
2026-08-31,EKF,-12.815636749365009
2026-08-31,EKL,-15.787764499470324
2026-08-31,ELZ,-29.942253346941545
2026-08-31,EME,-0.05313855916748803
2026-08-31,EML,-2.977360199744642
2026-08-31,ENA,37.325332940963804
2026-08-31,ENJ,-0.7676192487541112
2026-08-31,ENO,9.765060144140419
2026-08-31,ENR,52.032914909008184
2026-08-31,ENS,5.2357601582153634
2026-08-31,EP1,17.703229153936697
2026-08-31,EPA,0.15164867646878916
2026-08-31,EPI,0.4170683178219986
2026-08-31,EPK,-10.739338120247972
2026-08-31,EPO,0.0
2026-08-31,EPP,-1.7198278755777567
2026-08-31,EPT,36.97487137025844
2026-08-31,ESG,-0.2866789160025369
2026-08-31,ESN,0.0
2026-08-31,ESP,-5.03132139132501
2026-08-31,ETN,0.002254210853458333
2026-08-31,EUN,-0.7209683725851402
2026-08-31,EUZ,0.7074848346724425
2026-08-31,EVM,9.232137713841595
2026-08-31,EYT,-2.57940018424022
2026-08-31,EZM,0.0
2026-08-31,FAK,-22.722832121914706
2026-08-31,FAL,-1.7042480936851025
2026-08-31,FBC,-3.099268478284659
2026-08-31,FBI,12.688159454037331
2026-08-31,FBN,0.00021144212182724686
2026-08-31,FBV,-0.4049108623162762
2026-08-31,FBZ,8.201647620803735
2026-08-31,FCK,-2.956016457533833
2026-08-31,FCS,-17.77862757813182
2026-08-31,FD1,-6.939230361301722
2026-08-31,FDE,-0.0767689750564957
2026-08-31,FDG,-21.44205256167403
2026-08-31,FDO,0.0
2026-08-31,FDV,0.0
2026-08-31,FDZ,0.0
2026-08-31,FFD,451.76690462079296
2026-08-31,FFF,0.0
2026-08-31,FFH,-3.0954993109537727
2026-08-31,FFO,0.0
2026-08-31,FFP,-16.80443349554431
2026-08-31,FHI,-1.388220665264055
2026-08-31,FHP,-28.638733094217063
2026-08-31,FHZ,0.0
2026-08-31,FI3,1.0121337018217507
2026-08-31,FI5,4.998635929112435
2026-08-31,FIB,-0.8401302175126799
2026-08-31,FID,-5.410703200181892
2026-08-31,FIL,1.6614525258342974
2026-08-31,FIT,18.201621107854038
2026-08-31,FJB,-0.780920984729359
2026-08-31,FJC,0.0
2026-08-31,FJM,-6.822294604579334
2026-08-31,FJN,0.0
2026-08-31,FJZ,-0.9292809495336168
2026-08-31,FKE,1.5704212745687043
2026-08-31,FKV,-0.5006340660489053
2026-08-31,FLS,2.6224217942815344
2026-08-31,FLY,15.305113932863257
2026-08-31,FMG,-0.13313692413509118
2026-08-31,FMS,0.0
2026-08-31,FMV,0.0072003442033340085
2026-08-31,FNO,-3.357073789010211
2026-08-31,FNT,11.041215282025762
2026-08-31,FP4,-28.26459871533337
2026-08-31,FPE,-0.18825164836537364
2026-08-31,FPG,-3.6390887193182277
2026-08-31,FPH,-2.5176542926413115
2026-08-31,FPI,-23.743575620312832
2026-08-31,FPK,-13.676581234333618
2026-08-31,FPR,-1.1517360956683969
2026-08-31,FPZ,-3.35147071607202
2026-08-31,FR1,0.0
2026-08-31,FRA,0.0
2026-08-31,FRC,0.019807661836080865
2026-08-31,FRZ,0.0
2026-08-31,FS1,-6.1895118260730975
2026-08-31,FS2,4.716175547624083
2026-08-31,FS3,0.0
2026-08-31,FS4,0.0
2026-08-31,FS5,43.436776175254636
2026-08-31,FS6,46.73095970213933
2026-08-31,FSF,-2.8110139888124492
2026-08-31,FSG,-6.302407412851855
2026-08-31,FSH,-4.89394605999408
2026-08-31,FSK,16.50755865699189
2026-08-31,FSM,0.03488121532007406
2026-08-31,FSP,-58.4315916753679
2026-08-31,FSR,-8.315763848444343
2026-08-31,FSU,84.20182415530455
2026-08-31,FSV,-0.40774198906794734
2026-08-31,FTL,-23.212687041755554
2026-08-31,FTY,-0.006059897313814282
2026-08-31,FUA,-1.6160821654806135
2026-08-31,FUB,-0.7057689307486683
2026-08-31,FUM,0.0
2026-08-31,FUN,158.70886588071932
2026-08-31,FUP,-9.846000742841957
2026-08-31,FVL,-0.11588426476768432
2026-08-31,FYA,-1.0832603415650817
2026-08-31,FYB,0.0
2026-08-31,FYD,-8.112728416266298
2026-08-31,FYF,-0.6067771012658159
2026-08-31,FYG,0.0
2026-08-31,FYH,-2.267351116147618
2026-08-31,FYI,-55.25074566717916
2026-08-31,FYM,0.0
2026-08-31,FYO,13.433997267953101
2026-08-31,FYT,-0.8049874528216461
2026-08-31,FYZ,0.0
2026-08-31,FZJ,-2.5906416958499667
2026-08-31,FZP,-8.03616817720574
2026-08-31,GA1,1.2344567989724464
2026-08-31,GAC,0.0
2026-08-31,GAE,-5.174476743361711
2026-08-31,GAF,-3.077753961412694
2026-08-31,GAG,2.8965239714285187
2026-08-31,GAH,-3.7433475928202316
2026-08-31,GAJ,0.0
2026-08-31,GAL,107.48914877471478
2026-08-31,GAN,0.0
2026-08-31,GAS,0.335983258521712
2026-08-31,GAU,0.0
2026-08-31,GAV,0.0
2026-08-31,GBC,9.601323436879843
2026-08-31,GBG,9.127207971222875
2026-08-31,GBH,-1.1620621891154097
2026-08-31,GBJ,3.077171879719047
2026-08-31,GBL,-2.070419203968099
2026-08-31,GBN,-0.09554093262200862
2026-08-31,GBP,-1.5883370943130175
2026-08-31,GBV,-12.177651886943988
2026-08-31,GBZ,11.0924362366898
2026-08-31,GCA,-0.14131100743526614
2026-08-31,GCC,0.0
2026-08-31,GCD,20.51541380822371
2026-08-31,GCI,0.0
2026-08-31,GCZ,0.0
2026-08-31,GDJ,0.0
2026-08-31,GDP,0.0
2026-08-31,GEC,12.262058434269441
2026-08-31,GEI,0.0
2026-08-31,GEZ,0.0
2026-08-31,GFB,-1.9930663664773314
2026-08-31,GFD,-2.94709260209836
2026-08-31,GFI,0.0
2026-08-31,GFL,0.0
2026-08-31,GFN,0.0
2026-08-31,GFY,-2.9984290377006326
2026-08-31,GGA,-4.459385025978644
2026-08-31,GGC,0.0
2026-08-31,GGD,-4.654473139131889
2026-08-31,GGK,-3.182233501378572
2026-08-31,GGM,0.0
2026-08-31,GGN,0.0
2026-08-31,GGP,0.0
2026-08-31,GGR,0.0
2026-08-31,GHS,-17.39171983624514
2026-08-31,GID,-16.39985833210898
2026-08-31,GIE,-7.454397120889866
2026-08-31,GIH,-18.76817537223485
2026-08-31,GJA,0.0
2026-08-31,GJB,-4.209929376540571
2026-08-31,GJD,-0.23770850519852513
2026-08-31,GJE,0.0
2026-08-31,GJF,-0.5989119806147883
2026-08-31,GJH,-36.29671029201707
2026-08-31,GJM,-0.622406462522796
2026-08-31,GJO,0.0
2026-08-31,GKF,0.18322320865730687
2026-08-31,GKG,-6.738081408559903
2026-08-31,GKH,4.266873396684629
2026-08-31,GKK,0.0
2026-08-31,GKL,0.0
2026-08-31,GKM,0.0
2026-08-31,GKV,-0.17429850109478637
2026-08-31,GL1,7.6378297831600745
2026-08-31,GLC,0.8583848496172936
2026-08-31,GLG,-12.531805383310568
2026-08-31,GLL,2.638687827551236
2026-08-31,GLM,0.0
2026-08-31,GLP,0.0
2026-08-31,GLS,-3.4638197133860875
2026-08-31,GLV,0.07720873074810679
2026-08-31,GMA,9.356063702346884
2026-08-31,GMC,-2.570499352966902
2026-08-31,GMD,396.5686261978574
2026-08-31,GME,0.0
2026-08-31,GMI,3.1774208059934668
2026-08-31,GMM,0.0
2026-08-31,GMN,-3.4490598702324125
2026-08-31,GMO,-0.07228195555520946
2026-08-31,GMP,-1.2024473404015297
2026-08-31,GMR,-9.0766044014224
2026-08-31,GMZ,-2.2648544995130093
2026-08-31,GNH,14.506432375745614
2026-08-31,GNK,2.1718084442724916
2026-08-31,GNL,-3.5864747858334365
2026-08-31,GNP,208.99994826718978
2026-08-31,GNS,0.6287787624598253
2026-08-31,GNZ,-1.5192324453705783
2026-08-31,GO1,-1.4596021780021273
2026-08-31,GO3,-3.0574095695340606
2026-08-31,GO4,-7.473003444743825
2026-08-31,GO6,1.4705020165708653
2026-08-31,GO9,-13.897398684499674
2026-08-31,GOF,5.273684560143442
2026-08-31,GOH,-3.3920543435599497
2026-08-31,GOL,-2.998613913530125
2026-08-31,GOP,14.594158366927374
2026-08-31,GP1,0.0
2026-08-31,GP3,3.1969568709228264
2026-08-31,GPA,4.08710319838934
2026-08-31,GPB,-1.4331518872571343
2026-08-31,GPC,-2.0928107662182094
2026-08-31,GPF,8.066178058673758
2026-08-31,GPG,4.297157106771764
2026-08-31,GPH,0.0
2026-08-31,GPI,-1.77977036717908
2026-08-31,GPJ,-6.822259414816589
2026-08-31,GPL,-0.3519107261358868
2026-08-31,GPM,0.0
2026-08-31,GPN,25.33651595183305
2026-08-31,GPT,-5.328760835046265
2026-08-31,GPU,-3.011475041439745
2026-08-31,GPV,-0.670920526880615
2026-08-31,GPZ,91.53376848558901
2026-08-31,GRL,-10.495728535246455
2026-08-31,GRO,-0.8261151688825661
2026-08-31,GRT,-5.460463171032537
2026-08-31,GSE,1.292070916626198
2026-08-31,GSG,0.0
2026-08-31,GSL,-53.735202255281976
2026-08-31,GSO,2852.849847965707
2026-08-31,GSP,7.909229795363376
2026-08-31,GSR,0.0
2026-08-31,GTA,-0.39216256198698923
2026-08-31,GTF,-16.562323580220756
2026-08-31,GTH,-11.580211518860704
2026-08-31,GTK,0.0
2026-08-31,GTL,8.45078292017963
2026-08-31,GTM,-10.473459933032961
2026-08-31,GTN,0.0
2026-08-31,GTY,-7.038137833852742
2026-08-31,GTZ,-4.064477275286812
2026-08-31,GUA,0.0
2026-08-31,GUB,14.425242326289126
2026-08-31,GUC,-58.39947514005955
2026-08-31,GUF,9.535995170633043
2026-08-31,GUH,2.6995619415095864
2026-08-31,GUK,-0.03203810068548388
2026-08-31,GUM,-2.5584543823895123
2026-08-31,GUV,22.996039737410452
2026-08-31,GVA,0.08727613404531306
2026-08-31,GVB,0.0
2026-08-31,GVC,0.0
2026-08-31,GVD,0.0
2026-08-31,GVI,-2.2643922855231655
2026-08-31,GVL,0.0
2026-08-31,GVZ,0.0
2026-08-31,GYC,0.0
2026-08-31,GYG,-0.8285756997459598
2026-08-31,GYK,2.6461968250065593
2026-08-31,GYL,-4.808507708455025
2026-08-31,GYN,0.0
2026-08-31,GYR,-1.9770705947608467
2026-08-31,GZB,0.0
2026-08-31,GZD,0.0
2026-08-31,GZE,-3.021368022722796
2026-08-31,GZG,10.444001368991836
2026-08-31,GZH,-9.43716037423577
2026-08-31,GZJ,-3.095691607486371
2026-08-31,GZL,1.0271652263082236
2026-08-31,GZM,64.8328136251038
2026-08-31,GZN,-2.363362265236137
2026-08-31,GZO,0.0
2026-08-31,GZP,-1.8585199927517566
2026-08-31,GZR,-0.2323094939675525
2026-08-31,GZU,0.0
2026-08-31,GZV,-0.7734455271230156
2026-08-31,GZY,-10.281260087113347
2026-08-31,GZZ,-15.72440693542942
2026-08-31,HAE,0.19302685122268584
2026-08-31,HAG,0.0
2026-08-31,HAI,30.78033294896404
2026-08-31,HAM,-0.9651583850027194
2026-08-31,HAR,-11.099142314749129
2026-08-31,HAT,-25.180967564357847
2026-08-31,HB1,-5.553552854780873
2026-08-31,HB2,-3.581870195648048
2026-08-31,HBF,-3.427713311005523
2026-08-31,HBJ,0.0
2026-08-31,HBN,-6.6537985225370715
2026-08-31,HBU,-3.5887000284014454
2026-08-31,HBV,-1.6870824972859791e-06
2026-08-31,HCV,9.806764964800259
2026-08-31,HDA,-28.285877606371514
2026-08-31,HDD,113.08855860300457
2026-08-31,HDE,2.265861853225229
2026-08-31,HDH,-1.4345607376501023e-05
2026-08-31,HDJ,0.0
2026-08-31,HDK,-0.3784406701044066
2026-08-31,HDS,0.0
2026-08-31,HDV,1.5195584244039895
2026-08-31,HEH,-20.354155410175554
2026-08-31,HFA,0.0
2026-08-31,HFI,2.678306217149927
2026-08-31,HFO,24.105770741946507
2026-08-31,HFR,-31.454874166767244
2026-08-31,HFV,-1.9214592006707436
2026-08-31,HFY,-29.89740889906589
2026-08-31,HGC,0.3143415063186115
2026-08-31,HGH,-39.51376328291131
2026-08-31,HGJ,0.0
2026-08-31,HGM,-28.85272771957933
2026-08-31,HGR,53.21837940105875
2026-08-31,HGT,0.0
2026-08-31,HGU,0.0
2026-08-31,HGV,-9.314777976827735
2026-08-31,HIA,4.7663534606813815
2026-08-31,HIF,1.6206922909726351
2026-08-31,HIH,-9.513659633662215
2026-08-31,HII,0.0
2026-08-31,HIM,-2.3838383073478577
2026-08-31,HIP,5.8583865123579955
2026-08-31,HIS,0.0
2026-08-31,HIZ,2.2826469855447953
2026-08-31,HJA,0.0
2026-08-31,HJB,-31.010324726227484
2026-08-31,HKG,4.701607095869238
2026-08-31,HKH,-33.32910660591929
2026-08-31,HKJ,8.499122161030815
2026-08-31,HKM,-10.87945630460041
2026-08-31,HKP,-29.1318849261686
2026-08-31,HKR,-6.37530491454783
2026-08-31,HKV,9.048098392061457
2026-08-31,HLA,-0.014345800215740816
2026-08-31,HLL,12.703326029713146
2026-08-31,HLR,18.77854045457693
2026-08-31,HMC,15.371230172582253
2026-08-31,HME,1.9063495722952506
2026-08-31,HMG,12.227021308394216
2026-08-31,HMK,-45.664104903375616
2026-08-31,HML,0.43098292251293835
2026-08-31,HMS,-7.697743747716758
2026-08-31,HMT,-0.0026461815593016094
2026-08-31,HMV,0.0
2026-08-31,HNS,0.09671775660711274
2026-08-31,HOA,5.937945066978283
2026-08-31,HOY,-3.0192142143034166
2026-08-31,HP3,104.83997344813969
2026-08-31,HPC,1.4777451555307142
2026-08-31,HPD,-4.415862780132458
2026-08-31,HPF,0.0
2026-08-31,HPH,-45.84966955680364
2026-08-31,HPI,0.0
2026-08-31,HPJ,-51.05270860163531
2026-08-31,HPL,0.0
2026-08-31,HPO,-7.65213991768499
2026-08-31,HPT,8.084407292321059
2026-08-31,HPV,-9.69163080007062
2026-08-31,HPZ,-0.010518402990430784
2026-08-31,HRZ,-27.75183731265501
2026-08-31,HSA,-1.9490352740588013
2026-08-31,HSL,-0.011332511784354482
2026-08-31,HSP,1.6802593920065931
2026-08-31,HST,-2.1255511817231962
2026-08-31,HTF,-2.9616634932374306
2026-08-31,HTJ,93.96426938299506
2026-08-31,HTK,10.022463740281797
2026-08-31,HTS,10.08404246243116
2026-08-31,HTZ,0.0
2026-08-31,HUI,0.0
2026-08-31,HUS,0.0
2026-08-31,HVA,-9.255041721262259
2026-08-31,HVB,0.0969369977457899
2026-08-31,HVC,-3.646593481463625e-05
2026-08-31,HVI,-2.439927364041451
2026-08-31,HVK,-28.391079250986106
2026-08-31,HVL,0.0
2026-08-31,HVN,0.0
2026-08-31,HVS,-2.6449019889497456
2026-08-31,HVT,9.373443307046319
2026-08-31,HVU,0.7131183502891704
2026-08-31,HVV,0.0
2026-08-31,HVZ,-4.534750113129435
2026-08-31,HYK,0.4989217508696733
2026-08-31,HYP,0.04509007808176169
2026-08-31,HYU,-4.466205090110165
2026-08-31,HYV,-4.542607076758755
2026-08-31,HYY,0.0
2026-08-31,HZV,0.0
2026-08-31,IAC,0.0
2026-08-31,IAE,10.628558389808896
2026-08-31,IAI,0.0
2026-08-31,IAJ,0.0
2026-08-31,IAM,-7.159925161623698
2026-08-31,IAR,-1.2165381777615776
2026-08-31,IAS,0.0
2026-08-31,IAT,3.1713304229398482
2026-08-31,IAU,-6.670361990794552
2026-08-31,IAY,-10.790489290572033
2026-08-31,IBB,-7.392588668762453
2026-08-31,IBC,0.0
2026-08-31,IBE,0.0
2026-08-31,IBG,0.0
2026-08-31,IBJ,0.0
2026-08-31,IBK,-0.6822714638765057
2026-08-31,IBM,-3.2956461728115767
2026-08-31,IBP,0.0
2026-08-31,IBR,2.0406831319206344
2026-08-31,ICA,-4.913362619290375
2026-08-31,ICC,-9.48766144542114
2026-08-31,ICD,-18.89665995470213
2026-08-31,ICE,22.076409568071316
2026-08-31,ICF,20.425061480274877
2026-08-31,ICG,0.0
2026-08-31,ICH,354.4275580233576
2026-08-31,ICN,122.21350335941558
2026-08-31,ICS,-10.32028752103917
2026-08-31,ICV,-33.45480368555466
2026-08-31,ICZ,3.068090847123616
2026-08-31,IDD,-0.03395399243980861
2026-08-31,IDF,-6.26277462096443
2026-08-31,IDH,-4.818319015547675
2026-08-31,IDI,170.69260731597714
2026-08-31,IDL,21.425433308512176
2026-08-31,IDO,0.3630494507316134
2026-08-31,IDP,-15.12829511413919
2026-08-31,IDV,-0.9137233130282933
2026-08-31,IDY,-8.34343805760227
2026-08-31,IED,-8.236881910342326
2026-08-31,IEN,-18.330036228289913
2026-08-31,IEV,46.652089059665634
2026-08-31,IEZ,0.08224894248020409
2026-08-31,IFD,0.0
2026-08-31,IFN,-13.494601952713825
2026-08-31,IFV,51.72810167899122
2026-08-31,IFY,0.0
2026-08-31,IGF,0.0
2026-08-31,IGL,2.2238736132672523
2026-08-31,IGM,1.5384247510624176
2026-08-31,IGZ,-77.99226209569616
2026-08-31,IH1,1.1840951856840436
2026-08-31,IHA,-10.32786637640008
2026-08-31,IHC,22.595046563539405
2026-08-31,IHK,-1.4493413896812555
2026-08-31,IHP,-0.9059702188761664
2026-08-31,IHT,-3.8454770125013242
2026-08-31,IHV,0.04021774216575311
2026-08-31,IHY,0.0
2026-08-31,IHZ,-4.50295920919122
2026-08-31,IIA,0.0
2026-08-31,IIC,0.0
2026-08-31,IIE,-5.702771651626771
2026-08-31,IIF,0.0
2026-08-31,IIH,-3.672339768177444
2026-08-31,IIN,7.746288871768546
2026-08-31,IIS,-1.731645952205749
2026-08-31,IJA,-12.8766527813309
2026-08-31,IJB,15.513293915325077
2026-08-31,IJC,-6.099356036856575
2026-08-31,IJE,-9.285429922984717
2026-08-31,IJF,0.0
2026-08-31,IJH,-29.920540017583114
2026-08-31,IJI,72.04040609701781
2026-08-31,IJK,-0.8416701459418472
2026-08-31,IJL,0.0
2026-08-31,IJP,-1.8310725137572186
2026-08-31,IJT,86.33319631922241
2026-08-31,IJV,2.941119841355467
2026-08-31,IJZ,0.8838470558513674
2026-08-31,IK2,0.0
2026-08-31,IKL,8.649804806357647
2026-08-31,IKP,-6.586843662773749
2026-08-31,IKV,2.1690292355898504
2026-08-31,ILC,0.0
2026-08-31,ILE,0.0
2026-08-31,ILH,11.750677077213965
2026-08-31,ILI,0.9290826664887702
2026-08-31,ILM,0.0
2026-08-31,ILP,-0.11428868152912314
2026-08-31,ILU,15.733494380155456
2026-08-31,ILZ,10.801251933523279
2026-08-31,IMB,-25.557559649102128
2026-08-31,IMF,0.0
2026-08-31,IMG,0.0
2026-08-31,IMH,0.0
2026-08-31,IML,-7.915606763046684
2026-08-31,IMO,0.0
2026-08-31,IMS,0.0
2026-08-31,IMT,0.0
2026-08-31,IMY,0.0
2026-08-31,IMZ,0.0
2026-08-31,INH,-6.847387414481145
2026-08-31,INV,0.0
2026-08-31,INZ,0.0014015640451123215
2026-08-31,IOG,-3.471375655844437
2026-08-31,IOH,-7.902658950612945
2026-08-31,IOJ,0.0
2026-08-31,IOL,0.0
2026-08-31,IOM,-2.1143084448959004
2026-08-31,ION,0.0
2026-08-31,IOO,117.20082540044442
2026-08-31,IOP,-5.676911770581635
2026-08-31,IOT,0.0
2026-08-31,IOV,0.0
2026-08-31,IPA,0.0
2026-08-31,IPB,-2.7752174534568104
2026-08-31,IPC,0.0
2026-08-31,IPE,0.0
2026-08-31,IPF,0.0
2026-08-31,IPG,-1.5718676405209389
2026-08-31,IPJ,-4.112792065733381
2026-08-31,IPK,-0.7418738379953244
2026-08-31,IPO,0.0
2026-08-31,IPP,-6.209690318817482
2026-08-31,IPR,0.0
2026-08-31,IPU,0.0
2026-08-31,IPV,-1.5053586401009016
2026-08-31,IRB,3.190648315561137
2026-08-31,IRE,-2.0297704406193464
2026-08-31,IRF,-6.75768973113813
2026-08-31,IRL,-0.3128882309259273
2026-08-31,IRO,-1.860790750570312
2026-08-31,IRT,-3.227938870814403
2026-08-31,IRV,41.071973322508995
2026-08-31,IRY,-6.009330580566745
2026-08-31,ISR,0.0
2026-08-31,ISS,0.0
2026-08-31,IST,20.22816620452623
2026-08-31,ITA,0.0
2026-08-31,ITC,-1.9260346121325385
2026-08-31,ITD,0.0
2026-08-31,ITJ,0.0
2026-08-31,ITL,0.0
2026-08-31,ITP,-3.602979327638986
2026-08-31,ITR,0.0
2026-08-31,ITV,0.0
2026-08-31,ITZ,2.1154372205968537
2026-08-31,IUA,-4.84720825862055
2026-08-31,IUB,0.0
2026-08-31,IUC,0.0
2026-08-31,IUF,2.906117425013593
2026-08-31,IUH,-3.046483897953755
2026-08-31,IUM,0.0
2026-08-31,IUN,0.0
2026-08-31,IUV,-1.4691213659748177
2026-08-31,IUZ,5.426331794672447
2026-08-31,IV2,0.0
2026-08-31,IV6,0.0
2026-08-31,IV7,0.0
2026-08-31,IV8,7.358128669588251
2026-08-31,IVF,-56.463801337237264
2026-08-31,IVS,1.2424577078598322
2026-08-31,IVY,1.5993005672593645
2026-08-31,IYB,8.932127628480625
2026-08-31,IYP,0.0
2026-08-31,IYR,-1.1341590067426597
2026-08-31,IYS,-0.003494671785706529
2026-08-31,IYV,-3.0461008648316024
2026-08-31,IZA,0.0
2026-08-31,IZB,-4.626695433795662
2026-08-31,IZE,0.0
2026-08-31,IZL,-0.0005876211929813999
2026-08-31,IZS,24.393950409856213
2026-08-31,IZV,0.0
2026-08-31,IZY,0.0
2026-08-31,JET,-2.2837854553406016
2026-08-31,JOT,0.0
2026-08-31,JUP,-0.5375100123782544
2026-08-31,KAC,-12.480503887722227
2026-08-31,KAN,1.3384173997911137
2026-08-31,KAV,-3.6303567322920145
2026-08-31,KBJ,-6.766779395715543
2026-08-31,KBP,0.0
2026-08-31,KBZ,0.0
2026-08-31,KCL,2.737208761064673
2026-08-31,KCR,22.471844001303843
2026-08-31,KCV,-4.852224018652056
2026-08-31,KDE,8.921330869428072
2026-08-31,KDI,-29.166023522986357
2026-08-31,KDK,0.0
2026-08-31,KDL,-1.8180012311395217
2026-08-31,KDO,15.837202883051752
2026-08-31,KDS,-4.999344494744327
2026-08-31,KDT,-0.5730286851186239
2026-08-31,KDV,-15.577874635869323
2026-08-31,KDZ,6.063241711629859
2026-08-31,KEI,0.0
2026-08-31,KEO,0.0
2026-08-31,KEU,-4.868817483606916
2026-08-31,KFZ,0.0
2026-08-31,KGM,-2.2248086039111206
2026-08-31,KH1,-0.7242490675595024
2026-08-31,KHA,268.5047191871053
2026-08-31,KHB,-29.128029639488407
2026-08-31,KHC,-56.8803377623132
2026-08-31,KHD,0.0
2026-08-31,KHF,0.0
2026-08-31,KHJ,-1.6385620732178006
2026-08-31,KHP,24.46376986815525
2026-08-31,KHT,8.656405881631592
2026-08-31,KHU,0.0
2026-08-31,KIA,-3.3530920508107673
2026-08-31,KIB,3.945644559648156
2026-08-31,KIE,31.78215237064133
2026-08-31,KIH,-0.0026003414106602917
2026-08-31,KIK,-2.7746623565588475
2026-08-31,KIS,-0.9692281545034157
2026-08-31,KJK,0.0
2026-08-31,KKB,0.0
2026-08-31,KKC,7.258251319580642
2026-08-31,KKE,0.0
2026-08-31,KKH,-2.9106751459132716
2026-08-31,KKL,2.4409703237709626
2026-08-31,KKO,-0.015910747279535925
2026-08-31,KKP,-0.3535580695604046
2026-08-31,KKT,-7.625946195333161
2026-08-31,KLH,-27.89700522002291
2026-08-31,KLI,22.08943652545659
2026-08-31,KLL,0.0
2026-08-31,KLM,0.0
2026-08-31,KLS,-13.889272023267882
2026-08-31,KLU,10.351811522003105
2026-08-31,KMA,0.0
2026-08-31,KME,-8.549886724592941
2026-08-31,KMF,2.8240547619430476
2026-08-31,KMN,1.0423779931797807
2026-08-31,KMT,0.0
2026-08-31,KNC,0.0
2026-08-31,KNI,23.005962974053862
2026-08-31,KNJ,28.54152209072438
2026-08-31,KNN,0.3407871210116789
2026-08-31,KNP,-11.365216699436296
2026-08-31,KNS,0.0
2026-08-31,KNT,0.0
2026-08-31,KNV,0.0
2026-08-31,KNZ,0.0
2026-08-31,KO4,-0.7936722201271161
2026-08-31,KOB,-2.14096055987685
2026-08-31,KOD,1.0956009305416312
2026-08-31,KOP,0.0
2026-08-31,KOT,-28.93123772601737
2026-08-31,KOZ,0.0
2026-08-31,KP3,-4.455476866230045
2026-08-31,KPA,10.746640189990558
2026-08-31,KPB,0.0
2026-08-31,KPC,3.2636866825052997
2026-08-31,KPD,-22.42504983967044
2026-08-31,KPF,-65.9961029055377
2026-08-31,KPH,-1.9246996545872646
2026-08-31,KPI,29.564044072101836
2026-08-31,KPK,0.0
2026-08-31,KPM,0.0
2026-08-31,KPP,-2.388260648261094
2026-08-31,KPR,-5.561689170818959
2026-08-31,KPS,0.0
2026-08-31,KPU,-2.7254715425374845
2026-08-31,KRC,-1.632194037346988
2026-08-31,KRF,-14.888772515234983
2026-08-31,KRH,-0.00016722695979727508
2026-08-31,KRO,-1.740550559217496
2026-08-31,KRR,-6.120020589168174
2026-08-31,KRS,-2.778853788044046
2026-08-31,KRT,-2.3753262312112167
2026-08-31,KRV,-0.2679364166467586
2026-08-31,KSA,1.631891628908449
2026-08-31,KSC,0.0
2026-08-31,KSK,-5.766503216783537
2026-08-31,KSL,1.2255072279801884
2026-08-31,KSM,-3.345797807169102
2026-08-31,KSP,0.0
2026-08-31,KSR,1.7312597396972607
2026-08-31,KST,-3.513854196945395
2026-08-31,KSV,34.68862214963086
2026-08-31,KSY,3.396270824859262
2026-08-31,KTE,0.0
2026-08-31,KTI,2.641464214063121
2026-08-31,KTJ,5.868456022302725
2026-08-31,KTM,1.2756671281522318
2026-08-31,KTN,-16.12400978265448
2026-08-31,KTR,0.01980887950993213
2026-08-31,KTS,-2.0976439924281896
2026-08-31,KTT,3.093537280603513
2026-08-31,KTU,0.0
2026-08-31,KTV,-2.4988968422511735
2026-08-31,KU3,-4.190383859907612
2026-08-31,KUA,-10.897868626781031
2026-08-31,KUB,-1.193948524259861
2026-08-31,KUD,26.97321530722041
2026-08-31,KUP,0.7499351841604893
2026-08-31,KUT,-1.6870248114266726
2026-08-31,KVA,0.0
2026-08-31,KVK,54.86335076625757
2026-08-31,KVR,-15.504078631683479
2026-08-31,KVS,-2.936653416077735
2026-08-31,KVT,-10.191812388943939
2026-08-31,KYA,-2.1319193907695033
2026-08-31,KYR,0.0
2026-08-31,KYS,0.0
2026-08-31,KZL,-5.756010954623924
2026-08-31,KZO,0.0
2026-08-31,KZU,7.501754082408478
2026-08-31,LAI,-43.909225178582325
2026-08-31,LET,0.0
2026-08-31,LFD,-98.19590166776838
2026-08-31,LGK,2.473698668369339
2026-08-31,LGO,0.0
2026-08-31,LHM,0.0
2026-08-31,LHP,-2.231060309045574
2026-08-31,LKF,39.095239244290184
2026-08-31,LKT,76.9696551918068
2026-08-31,LLA,-6.692471312143082
2026-08-31,LPH,32.151506761468404
2026-08-31,LRT,6.005836164723282
2026-08-31,LTC,-0.5006897528620934
2026-08-31,LTL,-81.87087543249467
2026-08-31,LTS,0.197624530895958
2026-08-31,LZV,0.0
2026-08-31,MAC,-3.8209294632146626
2026-08-31,MAD,-0.9851980257223318
2026-08-31,MAS,0.22357636321193594
2026-08-31,MAV,0.0
2026-08-31,MBL,-0.009539334171438209
2026-08-31,MBR,10.075329861873263
2026-08-31,MCU,203.20374019288053
2026-08-31,MD1,17.357723163410036
2026-08-31,MD2,4.305065361540276
2026-08-31,MDF,-8.232910887822674
2026-08-31,MET,-1.9490707848810134
2026-08-31,MGB,-6.795215328598195
2026-08-31,MGD,0.0
2026-08-31,MGE,0.9786979323489866
2026-08-31,MGH,0.057985652468750176
2026-08-31,MHF,-16.777093850506603
2026-08-31,MIK,-0.011673025957474705
2026-08-31,MJB,0.9547843808090608
2026-08-31,MJE,-8.534339808650158
2026-08-31,MJG,-3.5201320536469134
2026-08-31,MJH,0.1486001310786446
2026-08-31,MJK,-4.75828450022551
2026-08-31,MJL,13.797286824850987
2026-08-31,MKA,-4.260358527104942
2026-08-31,MKG,-3.914779369198001
2026-08-31,MKL,0.0
2026-08-31,MLS,0.0
2026-08-31,MLT,-12.302039978175825
2026-08-31,MMH,-5.148670770139467
2026-08-31,MOD,-0.0625161238659619
2026-08-31,MOZ,-0.06484759660451084
2026-08-31,MP2,0.0
2026-08-31,MP4,2.021551412487071
2026-08-31,MPD,12.115606806901358
2026-08-31,MPE,-0.18625414104693627
2026-08-31,MPF,3.851049988334268
2026-08-31,MPI,0.012319962913939577
2026-08-31,MPK,-12.605441850053154
2026-08-31,MPL,-4.6040702438179455
2026-08-31,MPN,-1.4772914767855831
2026-08-31,MPP,-10.801744991466734
2026-08-31,MPS,-4.942376412470967
2026-08-31,MRI,6.4930990639631
2026-08-31,MSK,-0.007257323889530129
2026-08-31,MSO,-4.512588113860281
2026-08-31,MSR,-10.654928756705377
2026-08-31,MT1,-6.710395503773209
2026-08-31,MT2,-15.600824100837926
2026-08-31,MT5,-0.006175565464607467
2026-08-31,MT6,42.622026879653845
2026-08-31,MT7,0.0
2026-08-31,MT8,-31.694858873754946
2026-08-31,MT9,102.81376896523496
2026-08-31,MTD,-0.961422317558631
2026-08-31,MTE,-37.273067360037096
2026-08-31,MTF,-7.481677641446708
2026-08-31,MTG,76.1877240639445
2026-08-31,MTH,2.5299498536135188
2026-08-31,MTI,0.0
2026-08-31,MTK,605.894212218103
2026-08-31,MTL,723.0226766574538
2026-08-31,MTS,-27.132743830337315
2026-08-31,MTU,-0.00746180089826783
2026-08-31,MTV,-0.9455704506999941
2026-08-31,MTX,-3.96375901575115
2026-08-31,MUL,14.215741445686763
2026-08-31,MUT,-0.7403068451891721
2026-08-31,NAK,-0.5969560392104627
2026-08-31,NAL,49513.2856737594
2026-08-31,NAU,-11.079319711635014
2026-08-31,NAV,19.518512546016755
2026-08-31,NBE,14.423670024070864
2026-08-31,NBH,16.094453269654394
2026-08-31,NBO,15.948708366218131
2026-08-31,NBZ,4.695547069245413
2026-08-31,NCS,7.068692575382009
2026-08-31,NCU,-0.49693738172900376
2026-08-31,NDL,0.0
2026-08-31,NDS,-9.022834078686708
2026-08-31,NES,0.0
2026-08-31,NFF,-16.776849972271997
2026-08-31,NFH,-0.8840575656173484
2026-08-31,NFK,-0.8480446411164845
2026-08-31,NHP,-2.5141137858441924
2026-08-31,NHT,0.0
2026-08-31,NHV,0.0
2026-08-31,NHY,-16.88468722253121
2026-08-31,NIG,-17.87847156132877
2026-08-31,NIS,1.1454351887091894
2026-08-31,NJF,-0.23155242293133663
2026-08-31,NJG,0.0
2026-08-31,NJR,43.336758820908464
2026-08-31,NJY,-9.990332104736249
2026-08-31,NKA,-15.25169892397988
2026-08-31,NKC,-9.326664478964085
2026-08-31,NKH,-0.9175843134788231
2026-08-31,NKJ,0.0
2026-08-31,NKK,0.0010347361694409414
2026-08-31,NKL,7.868805090955819
2026-08-31,NKM,-0.9826413229413381
2026-08-31,NKP,-1.399529916124097
2026-08-31,NKS,-1.8792405569218245
2026-08-31,NKT,21.105898951160473
2026-08-31,NKV,0.0
2026-08-31,NLC,0.0
2026-08-31,NLD,0.0
2026-08-31,NLE,-3.1399035318029735
2026-08-31,NLK,13.357129475182022
2026-08-31,NLL,-0.034095895231785106
2026-08-31,NME,-1.863481745705791
2026-08-31,NMG,0.0
2026-08-31,NMP,441338.80244327255
2026-08-31,NMU,51.46119394482946
2026-08-31,NNF,-16.670962547516673
2026-08-31,NOA,0.0
2026-08-31,NOI,11.39070722913331
2026-08-31,NOV,0.0
2026-08-31,NP1,-3.5701177787014573
2026-08-31,NPH,-16.24631522943529
2026-08-31,NPK,-0.0021886958503781833
2026-08-31,NRC,-4.453774933762384
2026-08-31,NRG,4.716699582456844
2026-08-31,NRM,0.0
2026-08-31,NSA,-10.72366955354637
2026-08-31,NSD,8.016711803376394
2026-08-31,NSH,16.344636038311712
2026-08-31,NSK,-0.011810501707295569
2026-08-31,NSP,3.8376008580108962
2026-08-31,NSS,0.0
2026-08-31,NST,-6.0421783195823275
2026-08-31,NSY,-0.6260709775696821
2026-08-31,NTB,-3.318578546917157e-05
2026-08-31,NTD,0.0
2026-08-31,NTF,0.0
2026-08-31,NTI,1.210745358244032
2026-08-31,NTO,0.0
2026-08-31,NTS,0.0
2026-08-31,NUB,-2.3226377406741805
2026-08-31,NUG,-97.8128214751516
2026-08-31,NUH,-36.00483027662845
2026-08-31,NVB,-1.6257903962399467
2026-08-31,NVC,44.064573226956014
2026-08-31,NVK,-0.003664514290185736
2026-08-31,NVP,0.0
2026-08-31,NVT,-2.898890693142615
2026-08-31,NVZ,-0.23778631818017165
2026-08-31,NYH,0.0
2026-08-31,NZH,-6.89168474408715
2026-08-31,NZT,17.20716745571007
2026-08-31,NZU,-5.269591052258022
2026-08-31,OAB,0.0
2026-08-31,OAO,3002.1829299890674
2026-08-31,OBI,-0.4415181482909163
2026-08-31,OBN,-2.135284042940273
2026-08-31,OBP,-0.26238641238888966
2026-08-31,OBR,-3.958534027517085
2026-08-31,OCM,0.0419684292947035
2026-08-31,OCN,0.0
2026-08-31,OCT,-1.3708239405590508
2026-08-31,ODD,-0.002642598316025582
2026-08-31,ODG,-4.509417184836894
2026-08-31,ODN,106.3761235018164
2026-08-31,ODP,-0.4602779625255463
2026-08-31,ODS,-1.7436804574870486
2026-08-31,ODV,-2.786226572787118
2026-08-31,OFA,-3.4551729231651347
2026-08-31,OFB,-0.5538605696351627
2026-08-31,OFI,-1.3990634681451137
2026-08-31,OFK,-9.393880744041333
2026-08-31,OFO,0.0
2026-08-31,OFS,-0.6724990686213527
2026-08-31,OGD,-1.523479997583766
2026-08-31,OGF,3.9791079047487696
2026-08-31,OGV,-2.3665543241645195
2026-08-31,OHB,-0.07111646444423757
2026-08-31,OHI,-37.310767305396375
2026-08-31,OHK,2.971790303312699
2026-08-31,OIL,1.7471462669708928
2026-08-31,OIR,3.5015392242306773
2026-08-31,OIS,0.0
2026-08-31,OJB,-6.533240098604597
2026-08-31,OJH,-2.3131821509364476
2026-08-31,OJK,-0.18619130775878645
2026-08-31,OJT,-1.3048941603597874
2026-08-31,OJU,-4.9970941793438595
2026-08-31,OJY,-3.502925717710398
2026-08-31,OKD,-5.495566572683676
2026-08-31,OKF,0.0
2026-08-31,OKP,3.828295635029308
2026-08-31,OKT,-4.312485370222998
2026-08-31,OLA,-1.06169178013311
2026-08-31,OLD,-7.5873583015003545
2026-08-31,OLE,-2.714591983128175
2026-08-31,OMB,0.0
2026-08-31,OMC,-0.6818540709964669
2026-08-31,OME,-1.0696705374027944
2026-08-31,OMG,-5.441494878865835
2026-08-31,OMT,51.35242842094341
2026-08-31,ONB,-4.99144484633192
2026-08-31,OND,-1.250709693538846
2026-08-31,ONE,9.195597706032132
2026-08-31,ONF,2.7475353265961253
2026-08-31,ONK,-1.4560650760586302
2026-08-31,ONN,12.136230996390127
2026-08-31,ONS,-1.3408293469015038
2026-08-31,ONT,-10.020215664627456
2026-08-31,ONY,-1.0527252950230053
2026-08-31,OPB,-0.20063393933156715
2026-08-31,OPD,0.040896814645948666
2026-08-31,OPF,0.1388404489186743
2026-08-31,OPH,0.26740611218186594
2026-08-31,OPI,-1.018199762887068
2026-08-31,OPJ,366.97580015928224
2026-08-31,OPL,-9.938319950243125
2026-08-31,OPZ,0.0
2026-08-31,ORC,0.0016599034474113997
2026-08-31,ORI,0.6013388600957258
2026-08-31,OSD,-0.8579096543387972
2026-08-31,OSF,-35.56041620149619
2026-08-31,OSH,0.0
2026-08-31,OSL,0.6538659761244943
2026-08-31,OSN,-2.7680401363627642
2026-08-31,OTE,0.0
2026-08-31,OTF,7.26991108445392
2026-08-31,OTJ,-3.3790010012920084
2026-08-31,OTK,-6.371404374164297
2026-08-31,OTM,-0.12123029322839908
2026-08-31,OTZ,0.0
2026-08-31,OUB,0.0
2026-08-31,OUD,-0.23134854109150313
2026-08-31,OUN,-1.1229042809894416
2026-08-31,OUR,0.0
2026-08-31,OUY,0.0
2026-08-31,OVD,3.0139435034888336
2026-08-31,OVR,0.0
2026-08-31,OYL,14.298512587096399
2026-08-31,OYS,-2.3221130208783856
2026-08-31,OYT,10.256110485390025
2026-08-31,OZC,-72.47799102888197
2026-08-31,P1A,-17.689320780463817
2026-08-31,PA2,42.815860234716325
2026-08-31,PAB,27.8231340554557
2026-08-31,PAC,0.0
2026-08-31,PAF,-5.299819480731639
2026-08-31,PAI,-6.218277826978285
2026-08-31,PAL,-6.968072390561996
2026-08-31,PAO,0.19859340054696795
2026-08-31,PAU,-0.9862502171423445
2026-08-31,PBE,-18.544422916433234
2026-08-31,PBF,0.0
2026-08-31,PBH,0.23378174748707065
2026-08-31,PBI,9.811017849603813
2026-08-31,PBK,-8.472428891181444
2026-08-31,PBN,-2.075964116493747
2026-08-31,PBR,-76.91813005728208
2026-08-31,PBS,0.0
2026-08-31,PBY,-0.05829380644154365
2026-08-31,PCE,-65.97000595643037
2026-08-31,PCH,-0.0009601487459049931
2026-08-31,PCN,0.0
2026-08-31,PCS,14.025686158880418
2026-08-31,PDC,-0.0020681098364215785
2026-08-31,PDD,-5.090491028957113
2026-08-31,PDE,-14.240513809226696
2026-08-31,PDF,-1.6434920998841795
2026-08-31,PDG,-76.97272303271944
2026-08-31,PDH,-0.38185082240450063
2026-08-31,PDR,0.0
2026-08-31,PDS,-0.0006456801437307371
2026-08-31,PEA,0.05757895670299028
2026-08-31,PFO,-1.5694596371405047
2026-08-31,PFS,2.726334436133118
2026-08-31,PGD,-10.758746099565883
2026-08-31,PGE,-0.00026690896350475043
2026-08-31,PGH,0.6924087667355485
2026-08-31,PGS,-2.7660598616186354
2026-08-31,PHB,-14.105858885888706
2026-08-31,PHE,-53.84451729668754
2026-08-31,PHF,0.0
2026-08-31,PHI,9.743617499056352
2026-08-31,PHK,4.1468390677857085
2026-08-31,PHN,4.8063005686130795
2026-08-31,PHS,-22.866297742012936
2026-08-31,PHY,-2.9246129844778803
2026-08-31,PID,1.7153073055430048
2026-08-31,PIL,-8.800875216068205
2026-08-31,PIP,-44.97469508528687
2026-08-31,PIR,-7.809989380968297
2026-08-31,PIS,38.06376376369852
2026-08-31,PJL,-1.1228417503727566
2026-08-31,PJP,-9.636574213871974
2026-08-31,PK1,-83.74207217022838
2026-08-31,PKD,44.62565624741187
2026-08-31,PKF,-5.026366238207108
2026-08-31,PKH,6.242803384703547
2026-08-31,PKL,-68.69145675765085
2026-08-31,PKM,18.079223852600148
2026-08-31,PKN,-7.183069541021577
2026-08-31,PKP,45.65810203571794
2026-08-31,PKR,-4.090851161424672
2026-08-31,PKT,5.462539667383596
2026-08-31,PKU,-4.9856496774515415
2026-08-31,PKV,33.20480249788864
2026-08-31,PKZ,-8.312232338622408
2026-08-31,PLA,4.163857452416478
2026-08-31,PLR,11.308390560611215
2026-08-31,PLS,0.0
2026-08-31,PMG,0.0
2026-08-31,PMH,-89.49154872638854
2026-08-31,PMP,-12.181807256264973
2026-08-31,PNU,40.11836377757677
2026-08-31,PO7,-41.66838973979604
2026-08-31,PO8,-18.832863885942263
2026-08-31,PO9,220.93863143230288
2026-08-31,POB,-0.009049404507490172
2026-08-31,POD,-5.459715884016651
2026-08-31,POF,4.897934820707499
2026-08-31,POH,0.0
2026-08-31,POI,-3.538279038865015e-07
2026-08-31,POS,-7.675717917096087
2026-08-31,POU,-4.820604754658025
2026-08-31,PP1,-7.14259100525147
2026-08-31,PPB,-1.3171730041242125
2026-08-31,PPD,-4.451584546693606
2026-08-31,PPE,-0.005282188800583578
2026-08-31,PPF,-40.54721090904731
2026-08-31,PPG,-3.8131630104652023
2026-08-31,PPH,-9.47233409674428
2026-08-31,PPI,15.337545041919864
2026-08-31,PPJ,6.891706613291956
2026-08-31,PPK,1.7238497911507011
2026-08-31,PPM,-8.54556688736948
2026-08-31,PPN,-1.2823787730574738
2026-08-31,PPO,-3.382493656028337e-05
2026-08-31,PPP,-7.028032276502065
2026-08-31,PPS,-9.830471826737043
2026-08-31,PPT,16.350160001166973
2026-08-31,PPU,-1.1186871465424122e-05
2026-08-31,PPV,63.13028313472302
2026-08-31,PPZ,-5.987864229333934
2026-08-31,PRD,4.847200865993707
2026-08-31,PRF,0.0
2026-08-31,PRH,-6.880363737193639
2026-08-31,PRR,-13.324623840751443
2026-08-31,PRU,-6.975621443283544
2026-08-31,PRV,17.883203965325343
2026-08-31,PRY,-1.6526690333514078
2026-08-31,PSD,0.0
2026-08-31,PSE,-8.16593086808832
2026-08-31,PSG,-13.766243018527197
2026-08-31,PSH,-12.057059620142518
2026-08-31,PSL,-26.28314282340023
2026-08-31,PSO,0.0
2026-08-31,PSR,0.32666746868199087
2026-08-31,PSS,-16.989288360895692
2026-08-31,PST,36.140049295495956
2026-08-31,PTC,0.0
2026-08-31,PTE,23.21956128378146
2026-08-31,PTF,-8.85126976278956
2026-08-31,PTG,0.0
2026-08-31,PTL,31.28874396284277
2026-08-31,PTN,34.08871152697876
2026-08-31,PTO,-5.430626176900604
2026-08-31,PTP,-21.929571223410154
2026-08-31,PTS,11.84159044400015
2026-08-31,PUA,0.0
2026-08-31,PUC,-45.70333929563258
2026-08-31,PUH,-7.7695423131076025
2026-08-31,PUK,-1.5924708756310162
2026-08-31,PUR,0.8553250238629942
2026-08-31,PUT,0.0
2026-08-31,PUV,0.0
2026-08-31,PVK,13.901048492787387
2026-08-31,PYB,-18.121667852423478
2026-08-31,PYD,-0.0011232502710280337
2026-08-31,PYF,99.44440834177112
2026-08-31,PYH,-9.421499884542136
2026-08-31,PYI,-25.391394368769166
2026-08-31,PYL,0.0
2026-08-31,PYR,-5.6007774066097085
2026-08-31,PYS,-1.8082534608973921
2026-08-31,RAF,-21.31191533866121
2026-08-31,RAI,0.0
2026-08-31,RAN,0.0
2026-08-31,RAV,0.0
2026-08-31,RAY,0.0
2026-08-31,RBA,-0.7188254664143798
2026-08-31,RBB,-4.801013849631402
2026-08-31,RBE,0.0
2026-08-31,RBF,27.28604965084133
2026-08-31,RBH,-3.2913965188637198
2026-08-31,RBI,-22.917881722904404
2026-08-31,RBK,-21.455744495847878
2026-08-31,RBL,-6.324020575568773
2026-08-31,RBN,-5.107802561213084
2026-08-31,RBP,10.68621916720704
2026-08-31,RBR,51.74216120827831
2026-08-31,RBT,0.7672953690200909
2026-08-31,RBV,15.476567394807883
2026-08-31,RCL,0.0
2026-08-31,RCS,0.0
2026-08-31,RCV,4.228031103905593
2026-08-31,RD1,0.1655182103717091
2026-08-31,RDF,-5.069721950804551
2026-08-31,RDH,0.0
2026-08-31,RDK,136.8950927015067
2026-08-31,RDS,301.27951043208736
2026-08-31,RDT,2.3144835271025253
2026-08-31,RDZ,-6.137975170740931e-07
2026-08-31,RE6,316.40899320751646
2026-08-31,RE7,0.0
2026-08-31,RE8,1.7671265217200676
2026-08-31,RFM,45.78999057081868
2026-08-31,RGD,-3.807737945291417
2026-08-31,RGH,0.03306217061253661
2026-08-31,RHD,0.0
2026-08-31,RHI,17.015210789573175
2026-08-31,RHS,-3.5554328601958645
2026-08-31,RIA,-35.80697427765598
2026-08-31,RIH,35.043528213568635
2026-08-31,RIK,-25.08630257900061
2026-08-31,RJG,-13.27651356665775
2026-08-31,RKC,-13.577905115472397
2026-08-31,RKH,0.1828470907536474
2026-08-31,RKL,0.0
2026-08-31,RKS,-2.358070741742067
2026-08-31,RKV,14.777428248412452
2026-08-31,RLH,4.100138915976643
2026-08-31,RO1,-3.052706749639213
2026-08-31,ROD,-15.87185673444501
2026-08-31,ROF,6.9774087753021945
2026-08-31,ROY,0.0
2026-08-31,RPC,-1.7363303917902781
2026-08-31,RPD,-6.340207371163191
2026-08-31,RPG,-3.229510001599
2026-08-31,RPI,-8.394182366870597
2026-08-31,RPK,0.0
2026-08-31,RPL,0.0006631645607442611
2026-08-31,RPM,22.63346753661751
2026-08-31,RPN,0.0
2026-08-31,RPO,0.0
2026-08-31,RPP,-1.2250207269524127
2026-08-31,RPS,-0.3452232771052807
2026-08-31,RPT,0.11214679738756683
2026-08-31,RPU,0.0
2026-08-31,RPX,-1.9106443799769817
2026-08-31,RRA,-45.17741088977388
2026-08-31,RRP,2.1823605993028945
2026-08-31,RS1,-7.3421788012092595
2026-08-31,RSF,3.8514638247577784
2026-08-31,RSK,-1.6128595151267129
2026-08-31,RSY,0.0
2026-08-31,RSZ,-1.130782625192661
2026-08-31,RTA,0.0
2026-08-31,RTB,-14.787584482242616
2026-08-31,RTD,-2.663094856138
2026-08-31,RTG,-3.054495600347883
2026-08-31,RTH,-21.810916253097094
2026-08-31,RTI,98.49679671871519
2026-08-31,RTP,-5.475759436004347
2026-08-31,RUH,0.23157150572758084
2026-08-31,RUT,9.917016236982823
2026-08-31,RVI,0.0
2026-08-31,RVS,-0.23935452017839423
2026-08-31,RYA,0.0
2026-08-31,RYB,0.0
2026-08-31,RYD,0.0
2026-08-31,RYF,6.369365055440941
2026-08-31,RYU,3.2501461097104674
2026-08-31,RZR,0.0
2026-08-31,SAP,-2.6662084827726242
2026-08-31,SAR,0.0
2026-08-31,SAS,-4.504115859760789
2026-08-31,SAT,0.0
2026-08-31,SBH,-12.1409123916942
2026-08-31,SBI,0.0
2026-08-31,SBR,0.0
2026-08-31,SBS,0.0
2026-08-31,SCZ,-1.649814768109225
2026-08-31,SD1,76.12219011830888
2026-08-31,SDA,-0.013226754515389762
2026-08-31,SEH,-0.005123851248926479
2026-08-31,SER,-0.3150667290273912
2026-08-31,SFA,1.6580303036310133
2026-08-31,SFS,0.7410032736427431
2026-08-31,SGK,0.22071320522873272
2026-08-31,SGT,3.7155952997530455
2026-08-31,SHC,44.20027707892842
2026-08-31,SHE,8.704220704298878
2026-08-31,SHI,-4.6385032984171924e-07
2026-08-31,SHU,219.8289792902028
2026-08-31,SIA,-101.30996870589644
2026-08-31,SIS,535.0371569912212
2026-08-31,SJP,-0.4596015076845413
2026-08-31,SKL,-29.358194350185162
2026-08-31,SKO,-11.056391778447669
2026-08-31,SKS,0.0
2026-08-31,SKT,15.844233196895413
2026-08-31,SKZ,-4.904361739202554
2026-08-31,SLF,11.883657661857416
2026-08-31,SLG,-1.7181692087197706
2026-08-31,SLR,0.0
2026-08-31,SLS,0.005489511440888026
2026-08-31,SMP,0.0
2026-08-31,SNY,-10.242460774015226
2026-08-31,SOS,88.38276108722765
2026-08-31,SPA,0.30136126804147145
2026-08-31,SPD,0.0
2026-08-31,SPE,4.6270795187873395
2026-08-31,SPN,-5.026442599902472
2026-08-31,SPP,-13.513691519761764
2026-08-31,SPR,-6.955960094452837
2026-08-31,SPT,-9.067620940355075
2026-08-31,SRA,-11.046738575510709
2026-08-31,SRE,0.0
2026-08-31,SRL,-64.53023831512148
2026-08-31,SRO,0.0
2026-08-31,SSD,0.0
2026-08-31,SSE,0.22982267626154104
2026-08-31,SSF,0.0
2026-08-31,SSK,1.6504189203094262
2026-08-31,SSN,0.0
2026-08-31,SSO,0.0
2026-08-31,SSS,-7.24709510656985
2026-08-31,SST,0.0
2026-08-31,ST1,-1.3720223183566864
2026-08-31,STI,-0.5227424589991474
2026-08-31,STM,0.0
2026-08-31,STS,0.0
2026-08-31,STZ,-0.36687114642206714
2026-08-31,SUA,-2.0847937978608995
2026-08-31,SUB,-2.8260293373770513
2026-08-31,SUC,5.198340488151566
2026-08-31,SUR,0.016155490202673563
2026-08-31,SVB,-2.733452912982671
2026-08-31,SVS,0.0
2026-08-31,SVY,0.02810517217897135
2026-08-31,SYF,-4.6020239208293
2026-08-31,SYL,0.0
2026-08-31,SYR,0.0
2026-08-31,SYS,0.0
2026-08-31,T3B,1.0594913540286113
2026-08-31,TAL,1.0815361911320116
2026-08-31,TAO,0.0
2026-08-31,TAR,-5.703366450879019
2026-08-31,TAU,3.091629617386429
2026-08-31,TAZ,0.0
2026-08-31,TB9,0.9270410817897115
2026-08-31,TBP,-0.6766972013885315
2026-08-31,TBT,14.342813864179618
2026-08-31,TBV,-2.775473426292105
2026-08-31,TCA,-1.1911596839831748
2026-08-31,TCB,-1.9569928270036827
2026-08-31,TCC,-7.553412724297731
2026-08-31,TCD,-1.9095112615075127
2026-08-31,TCF,-8.99111803355544
2026-08-31,TCG,0.0
2026-08-31,TCH,-0.5746434965121524
2026-08-31,TCI,-0.0034414960745828807
2026-08-31,TCS,-0.09134842908668496
2026-08-31,TDG,-0.048123715557941725
2026-08-31,TDP,0.0
2026-08-31,TE3,-2.8318304728042616
2026-08-31,TE4,1.4563594784319671
2026-08-31,TEJ,3.1165461250303816
2026-08-31,TFE,-3.5389593049466166
2026-08-31,TFF,-6.412329018405588
2026-08-31,TFU,-54.45627118910392
2026-08-31,TGA,-3.579649071373304
2026-08-31,TGE,-6.634851481985924
2026-08-31,TGN,-7.54408624946647
2026-08-31,TGR,-6.56008517786099
2026-08-31,TGT,25.47250615474524
2026-08-31,TGV,0.019311912512982945
2026-08-31,TGZ,0.0
2026-08-31,THD,-1.7131865279705407
2026-08-31,THF,5775.977841074949
2026-08-31,THG,-0.5309763030204977
2026-08-31,THH,0.0
2026-08-31,THO,0.0
2026-08-31,THS,0.0
2026-08-31,THT,61.92110639602547
2026-08-31,THV,0.018128982580348407
2026-08-31,TI1,6.763443437269864
2026-08-31,TI2,-3.206419863261243
2026-08-31,TI3,-3.01320191438917
2026-08-31,TI4,-5.001581862671215
2026-08-31,TI6,-13.966078263370314
2026-08-31,TI7,-2.09853921301066
2026-08-31,TIE,-3.4938584182603982
2026-08-31,TIL,1.4020724224238992
2026-08-31,TIP,1786.8969629722849
2026-08-31,TIV,23.23542390994823
2026-08-31,TJB,0.0
2026-08-31,TJF,-1.7877484151401148
2026-08-31,TJI,-1.6882606084414158
2026-08-31,TJL,-0.000548905832768951
2026-08-31,TJT,-2.3017621237591093
2026-08-31,TKF,-1.2733962810047004
2026-08-31,TKH,-0.008214400573030408
2026-08-31,TKK,-2.3395334406439687
2026-08-31,TKM,2.389729350890763
2026-08-31,TLC,47.80024855062318
2026-08-31,TLE,-0.4007997297295243
2026-08-31,TLH,-2.1542641983333435
2026-08-31,TLK,6.380829261498865
2026-08-31,TLT,0.0
2026-08-31,TLU,0.0
2026-08-31,TLV,-0.42614925630831507
2026-08-31,TLY,5.792606748643467
2026-08-31,TLZ,8.239208871598073
2026-08-31,TMC,21.986921921349783
2026-08-31,TMG,3.503738168459565
2026-08-31,TMM,32.922949830463686
2026-08-31,TMR,-1.1398933823014759
2026-08-31,TMS,1.3526034556491924
2026-08-31,TMU,-3.195102765930259
2026-08-31,TMV,32.629060741284945
2026-08-31,TMZ,0.025209081688866555
2026-08-31,TNB,-3.4926669388250184
2026-08-31,TND,-1.3747013057584416
2026-08-31,TNF,0.0
2026-08-31,TNH,14084.656620203992
2026-08-31,TNI,-3.8690665214950446
2026-08-31,TNK,9.299441810771587
2026-08-31,TNS,0.0
2026-08-31,TO8,1.9329278603576532
2026-08-31,TOK,1.2083460792046448
2026-08-31,TOT,-2.1406939778452547
2026-08-31,TP1,0.0
2026-08-31,TP2,12.011711879118671
2026-08-31,TPC,-0.25474385629909696
2026-08-31,TPE,-2.7613896503148823
2026-08-31,TPF,-1.0988272632237195
2026-08-31,TPJ,-6.328859350654384
2026-08-31,TPL,-1.0057532493146413
2026-08-31,TPO,0.0
2026-08-31,TPP,-0.9579680866993049
2026-08-31,TPR,-85.1262030966287
2026-08-31,TPV,6.969755998848835
2026-08-31,TPZ,19.54982055110632
2026-08-31,TRJ,11.656510354552454
2026-08-31,TRN,0.0
2026-08-31,TRO,-11.332529309008207
2026-08-31,TRR,-2.193177344228686
2026-08-31,TRU,-0.7310269343093588
2026-08-31,TSI,2.316642517762977
2026-08-31,TSP,0.0
2026-08-31,TTA,-1.101240827705211
2026-08-31,TTE,0.6348596757024381
2026-08-31,TTL,-0.7172702000616936
2026-08-31,TTP,-0.11648904218691351
2026-08-31,TTS,0.0
2026-08-31,TTV,-4.886045438859507
2026-08-31,TTZ,0.0
2026-08-31,TUA,-2.7009600570362577
2026-08-31,TVE,-14.0313954738111
2026-08-31,TVN,36.43600992193382
2026-08-31,TYH,-7.355698449660536
2026-08-31,TZC,0.10728750419801636
2026-08-31,TZD,-0.7611274317115345
2026-08-31,TZH,0.0
2026-08-31,TZL,-0.16987212005590702
2026-08-31,TZP,-0.2024905923712397
2026-08-31,TZT,8.53247216204352
2026-08-31,TZV,36.862261355662376
2026-08-31,UAB,29.703658804803435
2026-08-31,UAP,0.0
2026-08-31,UCN,0.0060840100183358605
2026-08-31,UCP,-23.046167919971744
2026-08-31,UFH,0.0
2026-08-31,UHL,0.0
2026-08-31,UHS,0.0
2026-08-31,ULH,-1.3520908414165351
2026-08-31,ULL,0.0
2026-08-31,UNT,-1.260430419557112
2026-08-31,UP1,4.4406275613156225
2026-08-31,UP2,23.318911060339044
2026-08-31,UPD,-3.8586945394505467
2026-08-31,UPH,-61.19950629609181
2026-08-31,UPP,-4.689725929938701
2026-08-31,UPS,0.0
2026-08-31,URA,-10.810194595700146
2026-08-31,URC,-1.7779009522698188
2026-08-31,URD,-0.013753811536836753
2026-08-31,URG,0.0
2026-08-31,URM,85.01131120049057
2026-08-31,URS,0.0
2026-08-31,URV,0.0
2026-08-31,USS,0.0
2026-08-31,UST,0.0
2026-08-31,USY,-9.277291357632746
2026-08-31,UYH,-3.708187860924958
2026-08-31,UZY,36.33788523808191
2026-08-31,VAY,20.32178642147275
2026-08-31,VCD,-60.57481029583434
2026-08-31,VCG,-0.0803700931725325
2026-08-31,VCY,-7.318321206174802
2026-08-31,VFK,-0.33445503986710395
2026-08-31,VFO,545.907568720291
2026-08-31,VFS,0.0
2026-08-31,VHS,10.289051325908668
2026-08-31,VK6,-7.899492449522491
2026-08-31,VKI,-80.32758752532843
2026-08-31,VKK,61.19307951590086
2026-08-31,VKT,21.307846535970075
2026-08-31,VKV,90.67816846990769
2026-08-31,VLT,7.309820786287687
2026-08-31,VMV,22.33812372385995
2026-08-31,VNK,3.4922746813912657
2026-08-31,VPA,-27.270637793752435
2026-08-31,VPP,12.783956386976152
2026-08-31,VPS,-21.382461461576202
2026-08-31,VRK,-15.84352549135781
2026-08-31,VTF,0.0
2026-08-31,VTL,32.85442169586844
2026-08-31,YA1,56.88181330121924
2026-08-31,YAC,-2.746529270467244
2026-08-31,YAE,-31.837420525159153
2026-08-31,YAK,-1.5123090491264994
2026-08-31,YAN,-1.568426438151906
2026-08-31,YAR,0.0
2026-08-31,YAS,-2.551459624920079
2026-08-31,YAY,0.643155491447626
2026-08-31,YBE,-0.587757816576497
2026-08-31,YBH,-6.756638740870096
2026-08-31,YBJ,0.0
2026-08-31,YBP,-0.7178091445090911
2026-08-31,YBR,7.325112979973701
2026-08-31,YBS,-2.8096173767673243
2026-08-31,YCG,0.0
2026-08-31,YCH,-2.185763123082679
2026-08-31,YCK,0.5048971162062846
2026-08-31,YCL,-15.647316473234413
2026-08-31,YCP,0.9350884189466826
2026-08-31,YCY,15.730778178702096
2026-08-31,YDH,26.81326085823215
2026-08-31,YDI,-0.28440528303187596
2026-08-31,YDK,-0.32087880174171735
2026-08-31,YDL,0.0
2026-08-31,YDM,0.0
2026-08-31,YDP,2.59168966991184
2026-08-31,YDZ,-1.4309302800680082
2026-08-31,YEF,6.4993872931782315
2026-08-31,YFV,-0.6987131225502557
2026-08-31,YGM,-5.358656041712593
2026-08-31,YHB,-4.8759864365581835
2026-08-31,YHI,-3.9761682565092986
2026-08-31,YHK,-20.6295698114335
2026-08-31,YHP,-2.7242648072443445
2026-08-31,YHS,-5.65025719494118
2026-08-31,YHT,14.875458028022129
2026-08-31,YHY,0.0
2026-08-31,YHZ,14.4122483308218
2026-08-31,YIK,-47.722295851756904
2026-08-31,YIS,0.014543852325876063
2026-08-31,YIT,-4.370969626415961
2026-08-31,YIV,0.0
2026-08-31,YJA,0.0
2026-08-31,YJH,-4.7740098456685915
2026-08-31,YJK,-1.0374631316328715
2026-08-31,YJU,0.0
2026-08-31,YJY,-0.4495154577208979
2026-08-31,YKS,-0.5268026600780823
2026-08-31,YKT,-1.9788610419673953
2026-08-31,YLB,15.528149535811167
2026-08-31,YLC,-14.635877182877294
2026-08-31,YLE,-24.45943720500762
2026-08-31,YLO,-3.055918662291693
2026-08-31,YLR,0.0
2026-08-31,YLY,-12.283728953997873
2026-08-31,YLZ,10.620828738764567
2026-08-31,YMD,0.8477534610055053
2026-08-31,YMH,-8.571292639238777
2026-08-31,YMP,42.19335575490238
2026-08-31,YNF,5821.4381409407815
2026-08-31,YNK,1.069583294717547
2026-08-31,YNL,0.0
2026-08-31,YOA,-0.24363228840559645
2026-08-31,YOS,-5.357703973975092
2026-08-31,YOT,3.080444502023619
2026-08-31,YOZ,5.968656570181598
2026-08-31,YP1,0.0
2026-08-31,YP2,0.0
2026-08-31,YP4,-1.2869199665133568
2026-08-31,YPC,-6.718708242513443
2026-08-31,YPD,0.0
2026-08-31,YPF,-3.7726010282015126
2026-08-31,YPI,-2.3264542215063377
2026-08-31,YPK,-3.2559990467091744
2026-08-31,YPL,0.14876605829997142
2026-08-31,YPN,9.481522948079615
2026-08-31,YPP,0.0
2026-08-31,YPR,-2.8337463898129043
2026-08-31,YPT,2.9555311705295777
2026-08-31,YPU,10.605832146881305
2026-08-31,YPV,-1.3659388455639165
2026-08-31,YRZ,-0.21378145630011067
2026-08-31,YSA,22.90568269417655
2026-08-31,YSH,20.643872118690123
2026-08-31,YSL,-0.4000211671998141
2026-08-31,YSO,17.284003105530484
2026-08-31,YSU,-1.2024771762801922
2026-08-31,YTD,-0.5864511615354612
2026-08-31,YTJ,0.0
2026-08-31,YTO,0.0
2026-08-31,YTR,0.0
2026-08-31,YTV,-12.108650399399618
2026-08-31,YTY,6.9981554996149855
2026-08-31,YUB,-3.6476580839998065
2026-08-31,YUD,-1.4143094636510498
2026-08-31,YUI,0.0
2026-08-31,YUK,-0.010549603338671798
2026-08-31,YUN,3.539356973441992
2026-08-31,YUY,0.0
2026-08-31,YVB,9.041763888770948
2026-08-31,YVD,10.362007198498047
2026-08-31,YVF,0.0
2026-08-31,YVG,0.8650822282344262
2026-08-31,YVO,0.0
2026-08-31,YVS,0.0
2026-08-31,YZC,0.3798257753815102
2026-08-31,YZF,0.0
2026-08-31,YZG,-2.8190446254274066
2026-08-31,YZH,2.5878348580455093
2026-08-31,YZK,-1.5424055159287795
2026-08-31,YZL,-4.453224115960549
2026-08-31,YZT,56.92402372751801
2026-08-31,ZA2,-14.884875907331862
2026-08-31,ZAD,23.365309561601862
2026-08-31,ZAV,-2.0429291545441273
2026-08-31,ZAY,-10.209447432417775
2026-08-31,ZBD,-0.36329997714638046
2026-08-31,ZBI,-11.357698317180281
2026-08-31,ZBJ,27.127079561476826
2026-08-31,ZBN,-3.385520924377862
2026-08-31,ZBO,0.0147157701411255
2026-08-31,ZBZ,0.0
2026-08-31,ZCA,0.0
2026-08-31,ZCB,-64.29966852752946
2026-08-31,ZCC,0.0
2026-08-31,ZCD,-1.384681172840091
2026-08-31,ZCE,0.0
2026-08-31,ZCF,0.0
2026-08-31,ZCG,23.57995313853192
2026-08-31,ZCH,0.0
2026-08-31,ZCK,2.4536833032594894
2026-08-31,ZCN,10.456390762942865
2026-08-31,ZDD,0.006256878641945978
2026-08-31,ZDK,0.0
2026-08-31,ZDZ,-1.3497985193053033
2026-08-31,ZFB,-1.5066177909954297
2026-08-31,ZFZ,0.0
2026-08-31,ZHH,3.777393391285324
2026-08-31,ZIH,3639.426246475039
2026-08-31,ZJB,-3.3328269941001696
2026-08-31,ZJH,0.0
2026-08-31,ZJI,-3.063700082034518
2026-08-31,ZJL,-1.1381246015792141
2026-08-31,ZJT,0.0
2026-08-31,ZJV,0.04378213074836157
2026-08-31,ZK1,9.292590092934066
2026-08-31,ZK2,-34.07335235063481
2026-08-31,ZKK,0.0
2026-08-31,ZLB,-3.2745446898481854
2026-08-31,ZLG,0.0
2026-08-31,ZLH,0.20214139389773406
2026-08-31,ZMT,2.0505792996010035
2026-08-31,ZMU,2.716860287356024
2026-08-31,ZMY,-1.187946060884679
2026-08-31,ZNF,0.0
2026-08-31,ZOS,0.0
2026-08-31,ZP1,0.0
2026-08-31,ZP2,0.0
2026-08-31,ZP3,0.0
2026-08-31,ZP6,-12.420005518648805
2026-08-31,ZP7,-15.361488686337033
2026-08-31,ZP8,4.092520414076664
2026-08-31,ZP9,-0.1245404249358084
2026-08-31,ZPA,32.47507923909674
2026-08-31,ZPC,-0.2895492148204019
2026-08-31,ZPE,-0.2380860039861052
2026-08-31,ZPF,0.028156277991723898
2026-08-31,ZPG,-1.122744054791381
2026-08-31,ZPH,66.4007357439059
2026-08-31,ZPJ,-6.189792254915699
2026-08-31,ZPK,16.91838495522505
2026-08-31,ZPN,-1.479709629123418
2026-08-31,ZPO,277.6967826940792
2026-08-31,ZPR,79.34040240309638
2026-08-31,ZR2,0.0
2026-08-31,ZR3,0.009892685663349015
2026-08-31,ZSB,5.055613402708122
2026-08-31,ZSF,-1.0176838096517686
2026-08-31,ZSG,-0.2595914215063975
2026-08-31,ZSK,0.0
2026-08-31,ZSN,0.0
2026-08-31,ZTF,0.0
2026-08-31,ZTG,-17.43154751872433
2026-08-31,ZTV,9067.333539424573
2026-08-31,ZUD,0.0
2026-08-31,ZUE,0.0
2026-08-31,ZUS,-2.6828982294566095
2026-08-31,ZVB,-0.25042841113054065
2026-08-31,ZVO,-1.069741102766474
2026-08-31,ZYC,0.0
2026-08-31,ZYD,0.0
2026-08-31,ZZL,0.0
2026-08-31,FDY,-2.200567040828485
2026-08-31,ZJR,0.0
2026-08-31,DKY,0.0
2026-08-31,FKH,-21.03063796531407
2026-09-01,AAL,-13.563146458649697
2026-09-01,AAS,-2.902457859805148
2026-09-01,AAV,-7.349609297466508
2026-09-01,ABG,0.404922449628889
2026-09-01,ABJ,0.0
2026-09-01,ABU,0.0
2026-09-01,AC1,-2.207808724850872
2026-09-01,AC2,221.77365874890356
2026-09-01,AC3,0.0
2026-09-01,AC4,12.514260175354577
2026-09-01,AC5,1.7354259821615294
2026-09-01,AC6,0.3173914188495777
2026-09-01,AC7,-7.923483256245042
2026-09-01,AC8,-0.2067282605812638
2026-09-01,ACC,-37.18614831097537
2026-09-01,ACD,0.15834284082432606
2026-09-01,ACN,0.0
2026-09-01,ACU,-0.5979803903717428
2026-09-01,ADE,-4.412027486037619
2026-09-01,ADP,-9.18572964096099
2026-09-01,AED,1.023297098620219
2026-09-01,AES,-6.159410602847217
2026-09-01,AEV,-0.268548220764991
2026-09-01,AFA,0.81187417279665
2026-09-01,AFO,-1.86497708272074
2026-09-01,AFS,2.9316755463825985
2026-09-01,AFT,-2.2702750577322846
2026-09-01,AFV,1.6234483445521097
2026-09-01,AGC,-14.833665188758705
2026-09-01,AHH,0.0
2026-09-01,AHI,1.884777208415053
2026-09-01,AHN,-3.8436977739775067
2026-09-01,AHU,-29.822156657094485
2026-09-01,AHV,1.5644344109980663
2026-09-01,AHZ,5.729878327326615e-05
2026-09-01,AI1,1.1750896881836506e-06
2026-09-01,AIH,-1.6074897894753397
2026-09-01,AII,0.0
2026-09-01,AIM,0.0
2026-09-01,AIR,-0.5497321613702261
2026-09-01,AIS,5.5262151915789435
2026-09-01,AJ1,-28.35421704013256
2026-09-01,AJE,-6.789385683552409
2026-09-01,AJK,5.068904403279665
2026-09-01,AJL,-6.591839284187379
2026-09-01,AJN,-4.476867653835018
2026-09-01,AK2,44.83184024321831
2026-09-01,AK3,4.015409611762832
2026-09-01,AKE,0.3898259883914794
2026-09-01,AKU,-4.623453292356876
2026-09-01,AL4,0.0
2026-09-01,AL5,-2.2724642451517556
2026-09-01,AL6,0.0
2026-09-01,AL7,15.713529553872519
2026-09-01,ALC,-1.5478826689970762
2026-09-01,ALE,-0.07146381054267555
2026-09-01,AN1,0.8751881819762681
2026-09-01,ANL,11.472051300710852
2026-09-01,ANZ,-1.9484213825723555
2026-09-01,AOJ,-0.7657368795323544
2026-09-01,AOY,-8.039198266865483
2026-09-01,AP2,-3.063663628653272
2026-09-01,AP4,0.0
2026-09-01,AP5,3.355526765477592
2026-09-01,AP6,-1.7799893340105483e-05
2026-09-01,AP7,-4.219204737565816
2026-09-01,APJ,-2.9181317209469637
2026-09-01,APP,0.0
2026-09-01,APT,36.20892306535175
2026-09-01,ARE,13.754171252772665
2026-09-01,ARF,0.0
2026-09-01,ARL,-1.3975372411617328
2026-09-01,ARM,-5.248093134792441
2026-09-01,ARP,0.0
2026-09-01,AS1,-9.361761361534825
2026-09-01,AS3,0.0
2026-09-01,ASJ,-2.869682854685375
2026-09-01,ATJ,-0.010091969090862156
2026-09-01,AU1,26.218019988267233
2026-09-01,AUV,-36.03589643574184
2026-09-01,AVC,0.0
2026-09-01,AVT,17.393966498753972
2026-09-01,AVZ,0.0
2026-09-01,AY6,0.0
2026-09-01,AY7,0.0
2026-09-01,AYA,-2.692830361869888
2026-09-01,AYR,0.9965313633566725
2026-09-01,AZF,0.0
2026-09-01,AZJ,30.426606619623485
2026-09-01,AZV,-0.11007252667999354
2026-09-01,AZZ,0.0
2026-09-01,BA1,0.37727729323004044
2026-09-01,BAC,2.869610970989303
2026-09-01,BAG,-2.370190814477017
2026-09-01,BAI,41.271719086814194
2026-09-01,BAL,0.0
2026-09-01,BAO,0.0
2026-09-01,BAS,0.0
2026-09-01,BBF,2.2359804108822146
2026-09-01,BBI,0.0
2026-09-01,BBN,0.0
2026-09-01,BBO,0.0
2026-09-01,BBP,-3.899766504020002
2026-09-01,BBS,89.74771698479003
2026-09-01,BCC,-0.03533534146443131
2026-09-01,BCK,-14.626731885963776
2026-09-01,BCO,158.46037693469677
2026-09-01,BDA,26.79527858696521
2026-09-01,BDC,-6.690249276822077
2026-09-01,BDI,-1.7687345389831906e-09
2026-09-01,BDO,-37.41685087698642
2026-09-01,BDS,-18.977175790014954
2026-09-01,BDY,-3.3739019350285537
2026-09-01,BFE,6.852264900790968
2026-09-01,BFO,0.0
2026-09-01,BFS,45.54797381805471
2026-09-01,BFT,-30.84181017200604
2026-09-01,BGH,0.0
2026-09-01,BGP,-6.223962732938875
2026-09-01,BGR,7.957018660835725
2026-09-01,BHA,0.2516712074588415
2026-09-01,BHE,-0.7498797857132112
2026-09-01,BHF,-5.496214090964128
2026-09-01,BHH,-9.504035314750092e-07
2026-09-01,BHI,23.64600679395305
2026-09-01,BHL,22.578925582988123
2026-09-01,BHN,-0.5499482971461394
2026-09-01,BHO,0.0
2026-09-01,BI5,0.0
2026-09-01,BIA,236.259550027874
2026-09-01,BID,-0.9913078622662953
2026-09-01,BIG,-2.5684199621624715
2026-09-01,BIH,0.005702651065575155
2026-09-01,BIK,0.012496170287220281
2026-09-01,BIO,-8.621022968380569
2026-09-01,BIP,80.16917140147918
2026-09-01,BIS,-0.6758216101614539
2026-09-01,BIY,1.3429052093162834
2026-09-01,BJD,-9.451429119835158
2026-09-01,BKO,-42.234025523954784
2026-09-01,BKY,19.160550143267407
2026-09-01,BLA,0.0
2026-09-01,BLD,-5.29473021364548
2026-09-01,BLT,22.68919898020748
2026-09-01,BMU,-55.56592334401215
2026-09-01,BNC,-9.91815524283136
2026-09-01,BNH,5.685739262731864
2026-09-01,BOH,0.0
2026-09-01,BOL,29.55715208472866
2026-09-01,BON,-88.2465757276718
2026-09-01,BOP,4.901215394907291
2026-09-01,BOS,-0.706618978660323
2026-09-01,BP5,-67.85581783306563
2026-09-01,BPD,0.0
2026-09-01,BPZ,79.90234214725734
2026-09-01,BRB,-13.21975791853069
2026-09-01,BRC,-3.587228609200916
2026-09-01,BRF,-3.7364102678308546
2026-09-01,BRG,9.781895377191196
2026-09-01,BRH,-4.430989491138011
2026-09-01,BRR,776.081541131451
2026-09-01,BRT,-12.864068109103211
2026-09-01,BRZ,-13.700944904134873
2026-09-01,BS1,1816.0689318736352
2026-09-01,BSA,0.0
2026-09-01,BSC,-0.00010840695857788015
2026-09-01,BSD,17.726624072867285
2026-09-01,BSE,-2.3561137765965418e-06
2026-09-01,BSF,0.0
2026-09-01,BSH,21.88861010192099
2026-09-01,BSM,-6.19954521750882
2026-09-01,BSN,0.0
2026-09-01,BST,-9.873221753461703
2026-09-01,BTE,-10.80465425184376
2026-09-01,BTJ,-0.4817309487123172
2026-09-01,BTK,6.002429579989403
2026-09-01,BTP,-20.04874150602584
2026-09-01,BTY,0.0
2026-09-01,BTZ,-14.186362070853257
2026-09-01,BUB,-26.68102204614903
2026-09-01,BUC,288.9785755588434
2026-09-01,BUP,0.0
2026-09-01,BUT,-21.709040550736468
2026-09-01,BUV,-21.111346614459922
2026-09-01,BUY,-5.805061542137958
2026-09-01,BV1,1.3460299377712017
2026-09-01,BVB,0.0
2026-09-01,BVC,0.0
2026-09-01,BVD,-4.923005492407269
2026-09-01,BVF,1.3413831253318684
2026-09-01,BVH,0.0
2026-09-01,BVI,-2.4384025531645026
2026-09-01,BVK,-75.62001239151495
2026-09-01,BVM,-10.353153092941046
2026-09-01,BVT,0.0
2026-09-01,BVV,17.10629861378398
2026-09-01,BVZ,8.247186641782536
2026-09-01,BYZ,-0.002995972233371095
2026-09-01,CAH,-38.65408568541206
2026-09-01,CBD,623.9831983016315
2026-09-01,CBN,0.0
2026-09-01,CBO,0.0
2026-09-01,CEY,0.0
2026-09-01,CFO,-38.6073785489008
2026-09-01,CGD,0.0
2026-09-01,CHY,0.0379897259068444
2026-09-01,CIN,-5.732972268338127
2026-09-01,CJD,27406.690713291788
2026-09-01,CJF,-15.527332202587738
2026-09-01,CJG,0.0
2026-09-01,CJH,-2.422357426901437
2026-09-01,CKF,-2.6664026182929947
2026-09-01,CKL,-0.6322068149725193
2026-09-01,CKS,1.8545311842102643
2026-09-01,COT,0.5622364499366587
2026-09-01,CPT,-7.769872205793566
2026-09-01,CPU,11.479254868007214
2026-09-01,CRL,0.0
2026-09-01,CSD,0.0
2026-09-01,CSH,-1.1075408386649534e-06
2026-09-01,CTF,0.0
2026-09-01,CTG,0.0
2026-09-01,CTM,0.0
2026-09-01,CTP,0.0
2026-09-01,CTV,0.0
2026-09-01,CVA,0.0
2026-09-01,CVB,0.0
2026-09-01,CVC,0.0
2026-09-01,CVD,0.0
2026-09-01,CVE,0.0
2026-09-01,CVF,0.0
2026-09-01,CVK,-0.7919741839127659
2026-09-01,CVL,336.8747029935605
2026-09-01,CYD,2.4003840628148794
2026-09-01,DA1,-58.46539859408121
2026-09-01,DAC,0.0
2026-09-01,DAE,12.294799982752576
2026-09-01,DAH,-3.552451299486258
2026-09-01,DAI,-0.6068692898368324
2026-09-01,DAL,0.7890316474349091
2026-09-01,DAP,3806.1526844612404
2026-09-01,DAS,-2.8762746629151423
2026-09-01,DAT,-18.36775359937584
2026-09-01,DAV,4.332767739929171
2026-09-01,DAZ,0.0
2026-09-01,DB2,-4.388421976613374
2026-09-01,DBA,-2.580104498551007
2026-09-01,DBB,-6.683998278934503
2026-09-01,DBG,0.1287851398052439
2026-09-01,DBH,-2.8635300617998816
2026-09-01,DBK,4.076273916924148
2026-09-01,DBP,-0.11545637679332522
2026-09-01,DBZ,-4.747746744059424
2026-09-01,DCB,10.794161555986129
2026-09-01,DCD,0.0
2026-09-01,DCE,0.0
2026-09-01,DCN,204.2053165310959
2026-09-01,DCP,-0.9112861656793082
2026-09-01,DCV,-0.037354128840135746
2026-09-01,DDA,2.7353745251099553
2026-09-01,DDC,-5.281473304606093
2026-09-01,DDE,0.0
2026-09-01,DDF,22.20969536237534
2026-09-01,DDP,0.0
2026-09-01,DEF,-1.1518301585774957
2026-09-01,DEH,126.94286610735404
2026-09-01,DEI,0.0
2026-09-01,DFC,-33.521624367407135
2026-09-01,DFD,-0.4347379100031688
2026-09-01,DFI,-6.823560426009395
2026-09-01,DFO,0.24274233710737614
2026-09-01,DGF,-48.650123316226825
2026-09-01,DGH,14.977847610654027
2026-09-01,DHI,11.755507612979937
2026-09-01,DHJ,0.888064338360974
2026-09-01,DHM,-10.245582235404438
2026-09-01,DHP,0.0
2026-09-01,DHS,0.0
2026-09-01,DHT,16.150478791837493
2026-09-01,DHV,-8.04777323781387
2026-09-01,DID,1.9591613862085335
2026-09-01,DIH,0.0
2026-09-01,DIM,0.0
2026-09-01,DIP,-2.643110074418869
2026-09-01,DK1,1.306831879625311
2026-09-01,DK8,67.6000761885248
2026-09-01,DKA,0.0
2026-09-01,DKC,1.5709455965001369
2026-09-01,DKH,-2.541829377688361
2026-09-01,DKL,-1.2005389777385025
2026-09-01,DKP,-0.7287178348877016
2026-09-01,DKR,-61.10670259666361
2026-09-01,DKS,0.0
2026-09-01,DL2,-40.43381008490096
2026-09-01,DLD,2.573503181308057
2026-09-01,DLG,-1.8429662679289287
2026-09-01,DLN,50.51731427329553
2026-09-01,DLY,-8.159635143050933
2026-09-01,DLZ,2.8744223543404304
2026-09-01,DMG,-1.4557486211302546
2026-09-01,DMI,126.1040713956632
2026-09-01,DMR,0.0
2026-09-01,DMV,0.0
2026-09-01,DMZ,0.0
2026-09-01,DNA,0.0
2026-09-01,DNF,1276.7569354289221
2026-09-01,DNH,-9.134530660426504
2026-09-01,DNK,-0.4280075674168982
2026-09-01,DNL,0.0
2026-09-01,DNM,2.397277386831854
2026-09-01,DNP,91.73484783253912
2026-09-01,DNU,0.0
2026-09-01,DOC,-6.823739829650835e-05
2026-09-01,DOD,-24.098550220769596
2026-09-01,DOH,2166.087017322285
2026-09-01,DOL,11.07030707089475
2026-09-01,DOR,-0.00924739087772698
2026-09-01,DOS,0.0
2026-09-01,DOV,-0.6684099007837144
2026-09-01,DP1,0.0
2026-09-01,DP2,2.8609395224090663
2026-09-01,DP3,-0.15448538515370167
2026-09-01,DP4,-0.8970667879569728
2026-09-01,DP5,0.0
2026-09-01,DP6,-0.025098080578066867
2026-09-01,DP7,0.0
2026-09-01,DP8,0.0
2026-09-01,DP9,0.0
2026-09-01,DPB,-16.735807784799224
2026-09-01,DPC,-0.8713941574957069
2026-09-01,DPE,0.0
2026-09-01,DPG,0.0
2026-09-01,DPI,-0.269238815596519
2026-09-01,DPK,-8.34490044706321
2026-09-01,DPL,0.0
2026-09-01,DPN,0.0
2026-09-01,DPP,-74.4656789290571
2026-09-01,DPT,-3.387413641972007
2026-09-01,DPZ,0.0
2026-09-01,DRA,-1.4373190041716861
2026-09-01,DRD,-0.3253270760281363
2026-09-01,DRH,-5.8246590439178535e-06
2026-09-01,DRT,3.73435489096138
2026-09-01,DSC,0.0
2026-09-01,DSD,-22.149332066335823
2026-09-01,DSH,22.936968217457622
2026-09-01,DSP,-2.4935215716768258
2026-09-01,DSV,-69.5542074007532
2026-09-01,DTH,-0.2833014839487833
2026-09-01,DTL,-0.6942975288910493
2026-09-01,DTM,-4.497537574016261
2026-09-01,DTO,-0.022850537108666087
2026-09-01,DTP,0.0
2026-09-01,DTV,0.0
2026-09-01,DTZ,3.781755412203795
2026-09-01,DUC,0.0
2026-09-01,DUD,6.7692603808434475
2026-09-01,DUH,-105.23468355323627
2026-09-01,DUT,-0.0008733785951140911
2026-09-01,DUV,3.7938530359131235
2026-09-01,DVC,0.0
2026-09-01,DVI,0.0
2026-09-01,DVN,0.0
2026-09-01,DVO,0.0
2026-09-01,DVS,30.250221994032607
2026-09-01,DVT,-0.7423863441992503
2026-09-01,DVU,-0.24162855257656027
2026-09-01,DVZ,0.0
2026-09-01,DXP,-7.207662727618494
2026-09-01,DYJ,0.0
2026-09-01,DYN,-0.6769369177969246
2026-09-01,DYS,0.0
2026-09-01,DZ2,0.0
2026-09-01,DZE,-4.9631305117938975
2026-09-01,DZM,-15.627997152748568
2026-09-01,DZP,0.0
2026-09-01,DZS,-2.322907967303474
2026-09-01,EBD,-2.9232855343146134
2026-09-01,EBI,0.001184455967051597
2026-09-01,EBS,0.23941386407324736
2026-09-01,EC2,-3.873880731751856
2026-09-01,ECA,13.390030010187068
2026-09-01,ECB,8.452054541622873
2026-09-01,ECV,1.2834671746451631
2026-09-01,EDD,25.404980135017176
2026-09-01,EDN,22.25460036080033
2026-09-01,EDP,20.05819740178657
2026-09-01,EDT,-4.347860197425352
2026-09-01,EDU,0.021331183716520485
2026-09-01,EES,0.1834900635895008
2026-09-01,EGP,0.0
2026-09-01,EGR,12.70654914287522
2026-09-01,EHS,0.0
2026-09-01,EIB,-4.206724199117351
2026-09-01,EID,-3.6283239171561585
2026-09-01,EIL,-8.564246299847571
2026-09-01,EJG,0.0
2026-09-01,EKF,-12.815636749365009
2026-09-01,EKL,-15.787764499470324
2026-09-01,ELZ,-29.942253346941545
2026-09-01,EME,-0.05313855916748803
2026-09-01,EML,-2.977360199744642
2026-09-01,ENA,37.325332940963804
2026-09-01,ENJ,-0.7676192487541112
2026-09-01,ENO,9.765060144140419
2026-09-01,ENR,52.032914909008184
2026-09-01,ENS,5.2357601582153634
2026-09-01,EP1,17.703229153936697
2026-09-01,EPA,0.15164867646878916
2026-09-01,EPI,0.4170683178219986
2026-09-01,EPK,-10.739338120247972
2026-09-01,EPO,0.0
2026-09-01,EPP,-1.7198278755777567
2026-09-01,EPT,36.97487137025844
2026-09-01,ESG,-0.2866789160025369
2026-09-01,ESN,0.0
2026-09-01,ESP,-5.03132139132501
2026-09-01,ETN,0.002254210853458333
2026-09-01,EUN,-0.7209683725851402
2026-09-01,EUZ,0.7074848346724425
2026-09-01,EVM,9.232137713841595
2026-09-01,EYT,-2.57940018424022
2026-09-01,EZM,0.0
2026-09-01,FAK,-22.722832121914706
2026-09-01,FAL,-1.7042480936851025
2026-09-01,FBC,-3.099268478284659
2026-09-01,FBI,12.688159454037331
2026-09-01,FBN,0.00021144212182724686
2026-09-01,FBV,-0.4049108623162762
2026-09-01,FBZ,8.201647620803735
2026-09-01,FCK,-2.956016457533833
2026-09-01,FCS,-17.77862757813182
2026-09-01,FD1,-6.939230361301722
2026-09-01,FDE,-0.0767689750564957
2026-09-01,FDG,-21.44205256167403
2026-09-01,FDO,0.0
2026-09-01,FDV,0.0
2026-09-01,FDZ,0.0
2026-09-01,FFD,451.76690462079296
2026-09-01,FFF,0.0
2026-09-01,FFH,-3.0954993109537727
2026-09-01,FFO,0.0
2026-09-01,FFP,-16.80443349554431
2026-09-01,FHI,-1.388220665264055
2026-09-01,FHP,-28.638733094217063
2026-09-01,FHZ,0.0
2026-09-01,FI3,1.0121337018217507
2026-09-01,FI5,4.998635929112435
2026-09-01,FIB,-0.8401302175126799
2026-09-01,FID,-5.410703200181892
2026-09-01,FIL,1.6614525258342974
2026-09-01,FIT,18.201621107854038
2026-09-01,FJB,-0.780920984729359
2026-09-01,FJC,0.0
2026-09-01,FJM,-6.822294604579334
2026-09-01,FJN,0.0
2026-09-01,FJZ,-0.9292809495336168
2026-09-01,FKE,1.5704212745687043
2026-09-01,FKV,-0.5006340660489053
2026-09-01,FLS,2.6224217942815344
2026-09-01,FLY,15.305113932863257
2026-09-01,FMG,-0.13313692413509118
2026-09-01,FMS,0.0
2026-09-01,FMV,0.0072003442033340085
2026-09-01,FNO,-3.357073789010211
2026-09-01,FNT,11.041215282025762
2026-09-01,FP4,-28.26459871533337
2026-09-01,FPE,-0.18825164836537364
2026-09-01,FPG,-3.6390887193182277
2026-09-01,FPH,-2.5176542926413115
2026-09-01,FPI,-23.743575620312832
2026-09-01,FPK,-13.676581234333618
2026-09-01,FPR,-1.1517360956683969
2026-09-01,FPZ,-3.35147071607202
2026-09-01,FR1,0.0
2026-09-01,FRA,0.0
2026-09-01,FRC,0.019807661836080865
2026-09-01,FRZ,0.0
2026-09-01,FS1,-6.1895118260730975
2026-09-01,FS2,4.716175547624083
2026-09-01,FS3,0.0
2026-09-01,FS4,0.0
2026-09-01,FS5,43.436776175254636
2026-09-01,FS6,46.73095970213933
2026-09-01,FSF,-2.8110139888124492
2026-09-01,FSG,-6.302407412851855
2026-09-01,FSH,-4.89394605999408
2026-09-01,FSK,16.50755865699189
2026-09-01,FSM,0.03488121532007406
2026-09-01,FSP,-58.4315916753679
2026-09-01,FSR,-8.315763848444343
2026-09-01,FSU,84.20182415530455
2026-09-01,FSV,-0.40774198906794734
2026-09-01,FTL,-23.212687041755554
2026-09-01,FTY,-0.006059897313814282
2026-09-01,FUA,-1.6160821654806135
2026-09-01,FUB,-0.7057689307486683
2026-09-01,FUM,0.0
2026-09-01,FUN,158.70886588071932
2026-09-01,FUP,-9.846000742841957
2026-09-01,FVL,-0.11588426476768432
2026-09-01,FYA,-1.0832603415650817
2026-09-01,FYB,0.0
2026-09-01,FYD,-8.112728416266298
2026-09-01,FYF,-0.6067771012658159
2026-09-01,FYG,0.0
2026-09-01,FYH,-2.267351116147618
2026-09-01,FYI,-55.25074566717916
2026-09-01,FYM,0.0
2026-09-01,FYO,13.433997267953101
2026-09-01,FYT,-0.8049874528216461
2026-09-01,FYZ,0.0
2026-09-01,FZJ,-2.5906416958499667
2026-09-01,FZP,-8.03616817720574
2026-09-01,GA1,1.2344567989724464
2026-09-01,GAC,0.0
2026-09-01,GAE,-5.174476743361711
2026-09-01,GAF,-3.077753961412694
2026-09-01,GAG,2.8965239714285187
2026-09-01,GAH,-3.7433475928202316
2026-09-01,GAJ,0.0
2026-09-01,GAL,107.48914877471478
2026-09-01,GAN,0.0
2026-09-01,GAS,0.335983258521712
2026-09-01,GAU,0.0
2026-09-01,GAV,0.0
2026-09-01,GBC,9.601323436879843
2026-09-01,GBG,9.127207971222875
2026-09-01,GBH,-1.1620621891154097
2026-09-01,GBJ,3.077171879719047
2026-09-01,GBL,-2.070419203968099
2026-09-01,GBN,-0.09554093262200862
2026-09-01,GBP,-1.5883370943130175
2026-09-01,GBV,-12.177651886943988
2026-09-01,GBZ,11.0924362366898
2026-09-01,GCA,-0.14131100743526614
2026-09-01,GCC,0.0
2026-09-01,GCD,20.51541380822371
2026-09-01,GCI,0.0
2026-09-01,GCZ,0.0
2026-09-01,GDJ,0.0
2026-09-01,GDP,0.0
2026-09-01,GEC,12.262058434269441
2026-09-01,GEI,0.0
2026-09-01,GEZ,0.0
2026-09-01,GFB,-1.9930663664773314
2026-09-01,GFD,-2.94709260209836
2026-09-01,GFI,0.0
2026-09-01,GFL,0.0
2026-09-01,GFN,0.0
2026-09-01,GFY,-2.9984290377006326
2026-09-01,GGA,-4.459385025978644
2026-09-01,GGC,0.0
2026-09-01,GGD,-4.654473139131889
2026-09-01,GGK,-3.182233501378572
2026-09-01,GGM,0.0
2026-09-01,GGN,0.0
2026-09-01,GGP,0.0
2026-09-01,GGR,0.0
2026-09-01,GHS,-17.39171983624514
2026-09-01,GID,-16.39985833210898
2026-09-01,GIE,-7.454397120889866
2026-09-01,GIH,-18.76817537223485
2026-09-01,GJA,0.0
2026-09-01,GJB,-4.209929376540571
2026-09-01,GJD,-0.23770850519852513
2026-09-01,GJE,0.0
2026-09-01,GJF,-0.5989119806147883
2026-09-01,GJH,-36.29671029201707
2026-09-01,GJM,-0.622406462522796
2026-09-01,GJO,0.0
2026-09-01,GKF,0.18322320865730687
2026-09-01,GKG,-6.738081408559903
2026-09-01,GKH,4.266873396684629
2026-09-01,GKK,0.0
2026-09-01,GKL,0.0
2026-09-01,GKM,0.0
2026-09-01,GKV,-0.17429850109478637
2026-09-01,GL1,7.6378297831600745
2026-09-01,GLC,0.8583848496172936
2026-09-01,GLG,-12.531805383310568
2026-09-01,GLL,2.638687827551236
2026-09-01,GLM,0.0
2026-09-01,GLP,0.0
2026-09-01,GLS,-3.4638197133860875
2026-09-01,GLV,0.07720873074810679
2026-09-01,GMA,9.356063702346884
2026-09-01,GMC,-2.570499352966902
2026-09-01,GMD,396.5686261978574
2026-09-01,GME,0.0
2026-09-01,GMI,3.1774208059934668
2026-09-01,GMM,0.0
2026-09-01,GMN,-3.4490598702324125
2026-09-01,GMO,-0.07228195555520946
2026-09-01,GMP,-1.2024473404015297
2026-09-01,GMR,-9.0766044014224
2026-09-01,GMZ,-2.2648544995130093
2026-09-01,GNH,14.506432375745614
2026-09-01,GNK,2.1718084442724916
2026-09-01,GNL,-3.5864747858334365
2026-09-01,GNP,208.99994826718978
2026-09-01,GNS,0.6287787624598253
2026-09-01,GNZ,-1.5192324453705783
2026-09-01,GO1,-1.4596021780021273
2026-09-01,GO3,-3.0574095695340606
2026-09-01,GO4,-7.473003444743825
2026-09-01,GO6,1.4705020165708653
2026-09-01,GO9,-13.897398684499674
2026-09-01,GOF,5.273684560143442
2026-09-01,GOH,-3.3920543435599497
2026-09-01,GOL,-2.998613913530125
2026-09-01,GOP,14.594158366927374
2026-09-01,GP1,0.0
2026-09-01,GP3,3.1969568709228264
2026-09-01,GPA,4.08710319838934
2026-09-01,GPB,-1.4331518872571343
2026-09-01,GPC,-2.0928107662182094
2026-09-01,GPF,8.066178058673758
2026-09-01,GPG,4.297157106771764
2026-09-01,GPH,0.0
2026-09-01,GPI,-1.77977036717908
2026-09-01,GPJ,-6.822259414816589
2026-09-01,GPL,-0.3519107261358868
2026-09-01,GPM,0.0
2026-09-01,GPN,25.33651595183305
2026-09-01,GPT,-5.328760835046265
2026-09-01,GPU,-3.011475041439745
2026-09-01,GPV,-0.670920526880615
2026-09-01,GPZ,91.53376848558901
2026-09-01,GRL,-10.495728535246455
2026-09-01,GRO,-0.8261151688825661
2026-09-01,GRT,-5.460463171032537
2026-09-01,GSE,1.292070916626198
2026-09-01,GSG,0.0
2026-09-01,GSL,-53.735202255281976
2026-09-01,GSO,2852.849847965707
2026-09-01,GSP,7.909229795363376
2026-09-01,GSR,0.0
2026-09-01,GTA,-0.39216256198698923
2026-09-01,GTF,-16.562323580220756
2026-09-01,GTH,-11.580211518860704
2026-09-01,GTK,0.0
2026-09-01,GTL,8.45078292017963
2026-09-01,GTM,-10.473459933032961
2026-09-01,GTN,0.0
2026-09-01,GTY,-7.038137833852742
2026-09-01,GTZ,-4.064477275286812
2026-09-01,GUA,0.0
2026-09-01,GUB,14.425242326289126
2026-09-01,GUC,-58.39947514005955
2026-09-01,GUF,9.535995170633043
2026-09-01,GUH,2.6995619415095864
2026-09-01,GUK,-0.03203810068548388
2026-09-01,GUM,-2.5584543823895123
2026-09-01,GUV,22.996039737410452
2026-09-01,GVA,0.08727613404531306
2026-09-01,GVB,0.0
2026-09-01,GVC,0.0
2026-09-01,GVD,0.0
2026-09-01,GVI,-2.2643922855231655
2026-09-01,GVL,0.0
2026-09-01,GVZ,0.0
2026-09-01,GYC,0.0
2026-09-01,GYG,-0.8285756997459598
2026-09-01,GYK,2.6461968250065593
2026-09-01,GYL,-4.808507708455025
2026-09-01,GYN,0.0
2026-09-01,GYR,-1.9770705947608467
2026-09-01,GZB,0.0
2026-09-01,GZD,0.0
2026-09-01,GZE,-3.021368022722796
2026-09-01,GZG,10.444001368991836
2026-09-01,GZH,-9.43716037423577
2026-09-01,GZJ,-3.095691607486371
2026-09-01,GZL,1.0271652263082236
2026-09-01,GZM,64.8328136251038
2026-09-01,GZN,-2.363362265236137
2026-09-01,GZO,0.0
2026-09-01,GZP,-1.8585199927517566
2026-09-01,GZR,-0.2323094939675525
2026-09-01,GZU,0.0
2026-09-01,GZV,-0.7734455271230156
2026-09-01,GZY,-10.281260087113347
2026-09-01,GZZ,-15.72440693542942
2026-09-01,HAE,0.19302685122268584
2026-09-01,HAG,0.0
2026-09-01,HAI,30.78033294896404
2026-09-01,HAM,-0.9651583850027194
2026-09-01,HAR,-11.099142314749129
2026-09-01,HAT,-25.180967564357847
2026-09-01,HB1,-5.553552854780873
2026-09-01,HB2,-3.581870195648048
2026-09-01,HBF,-3.427713311005523
2026-09-01,HBJ,0.0
2026-09-01,HBN,-6.6537985225370715
2026-09-01,HBU,-3.5887000284014454
2026-09-01,HBV,-1.6870824972859791e-06
2026-09-01,HCV,9.806764964800259
2026-09-01,HDA,-28.285877606371514
2026-09-01,HDD,113.08855860300457
2026-09-01,HDE,2.265861853225229
2026-09-01,HDH,-1.4345607376501023e-05
2026-09-01,HDJ,0.0
2026-09-01,HDK,-0.3784406701044066
2026-09-01,HDS,0.0
2026-09-01,HDV,1.5195584244039895
2026-09-01,HEH,-20.354155410175554
2026-09-01,HFA,0.0
2026-09-01,HFI,2.678306217149927
2026-09-01,HFO,24.105770741946507
2026-09-01,HFR,-31.454874166767244
2026-09-01,HFV,-1.9214592006707436
2026-09-01,HFY,-29.89740889906589
2026-09-01,HGC,0.3143415063186115
2026-09-01,HGH,-39.51376328291131
2026-09-01,HGJ,0.0
2026-09-01,HGM,-28.85272771957933
2026-09-01,HGR,53.21837940105875
2026-09-01,HGT,0.0
2026-09-01,HGU,0.0
2026-09-01,HGV,-9.314777976827735
2026-09-01,HIA,4.7663534606813815
2026-09-01,HIF,1.6206922909726351
2026-09-01,HIH,-9.513659633662215
2026-09-01,HII,0.0
2026-09-01,HIM,-2.3838383073478577
2026-09-01,HIP,5.8583865123579955
2026-09-01,HIS,0.0
2026-09-01,HIZ,2.2826469855447953
2026-09-01,HJA,0.0
2026-09-01,HJB,-31.010324726227484
2026-09-01,HKG,4.701607095869238
2026-09-01,HKH,-33.32910660591929
2026-09-01,HKJ,8.499122161030815
2026-09-01,HKM,-10.87945630460041
2026-09-01,HKP,-29.1318849261686
2026-09-01,HKR,-6.37530491454783
2026-09-01,HKV,9.048098392061457
2026-09-01,HLA,-0.014345800215740816
2026-09-01,HLL,12.703326029713146
2026-09-01,HLR,18.77854045457693
2026-09-01,HMC,15.371230172582253
2026-09-01,HME,1.9063495722952506
2026-09-01,HMG,12.227021308394216
2026-09-01,HMK,-45.664104903375616
2026-09-01,HML,0.43098292251293835
2026-09-01,HMS,-7.697743747716758
2026-09-01,HMT,-0.0026461815593016094
2026-09-01,HMV,0.0
2026-09-01,HNS,0.09671775660711274
2026-09-01,HOA,5.937945066978283
2026-09-01,HOY,-3.0192142143034166
2026-09-01,HP3,104.83997344813969
2026-09-01,HPC,1.4777451555307142
2026-09-01,HPD,-4.415862780132458
2026-09-01,HPF,0.0
2026-09-01,HPH,-45.84966955680364
2026-09-01,HPI,0.0
2026-09-01,HPJ,-51.05270860163531
2026-09-01,HPL,0.0
2026-09-01,HPO,-7.65213991768499
2026-09-01,HPT,8.084407292321059
2026-09-01,HPV,-9.69163080007062
2026-09-01,HPZ,-0.010518402990430784
2026-09-01,HRZ,-27.75183731265501
2026-09-01,HSA,-1.9490352740588013
2026-09-01,HSL,-0.011332511784354482
2026-09-01,HSP,1.6802593920065931
2026-09-01,HST,-2.1255511817231962
2026-09-01,HTF,-2.9616634932374306
2026-09-01,HTJ,93.96426938299506
2026-09-01,HTK,10.022463740281797
2026-09-01,HTS,10.08404246243116
2026-09-01,HTZ,0.0
2026-09-01,HUI,0.0
2026-09-01,HUS,0.0
2026-09-01,HVA,-9.255041721262259
2026-09-01,HVB,0.0969369977457899
2026-09-01,HVC,-3.646593481463625e-05
2026-09-01,HVI,-2.439927364041451
2026-09-01,HVK,-28.391079250986106
2026-09-01,HVL,0.0
2026-09-01,HVN,0.0
2026-09-01,HVS,-2.6449019889497456
2026-09-01,HVT,9.373443307046319
2026-09-01,HVU,0.7131183502891704
2026-09-01,HVV,0.0
2026-09-01,HVZ,-4.534750113129435
2026-09-01,HYK,0.4989217508696733
2026-09-01,HYP,0.04509007808176169
2026-09-01,HYU,-4.466205090110165
2026-09-01,HYV,-4.542607076758755
2026-09-01,HYY,0.0
2026-09-01,HZV,0.0
2026-09-01,IAC,0.0
2026-09-01,IAE,10.628558389808896
2026-09-01,IAI,0.0
2026-09-01,IAJ,0.0
2026-09-01,IAM,-7.159925161623698
2026-09-01,IAR,-1.2165381777615776
2026-09-01,IAS,0.0
2026-09-01,IAT,3.1713304229398482
2026-09-01,IAU,-6.670361990794552
2026-09-01,IAY,-10.790489290572033
2026-09-01,IBB,-7.392588668762453
2026-09-01,IBC,0.0
2026-09-01,IBE,0.0
2026-09-01,IBG,0.0
2026-09-01,IBJ,0.0
2026-09-01,IBK,-0.6822714638765057
2026-09-01,IBM,-3.2956461728115767
2026-09-01,IBP,0.0
2026-09-01,IBR,2.0406831319206344
2026-09-01,ICA,-4.913362619290375
2026-09-01,ICC,-9.48766144542114
2026-09-01,ICD,-18.89665995470213
2026-09-01,ICE,22.076409568071316
2026-09-01,ICF,20.425061480274877
2026-09-01,ICG,0.0
2026-09-01,ICH,354.4275580233576
2026-09-01,ICN,122.21350335941558
2026-09-01,ICS,-10.32028752103917
2026-09-01,ICV,-33.45480368555466
2026-09-01,ICZ,3.068090847123616
2026-09-01,IDD,-0.03395399243980861
2026-09-01,IDF,-6.26277462096443
2026-09-01,IDH,-4.818319015547675
2026-09-01,IDI,170.69260731597714
2026-09-01,IDL,21.425433308512176
2026-09-01,IDO,0.3630494507316134
2026-09-01,IDP,-15.12829511413919
2026-09-01,IDV,-0.9137233130282933
2026-09-01,IDY,-8.34343805760227
2026-09-01,IED,-8.236881910342326
2026-09-01,IEN,-18.330036228289913
2026-09-01,IEV,46.652089059665634
2026-09-01,IEZ,0.08224894248020409
2026-09-01,IFD,0.0
2026-09-01,IFN,-13.494601952713825
2026-09-01,IFV,51.72810167899122
2026-09-01,IFY,0.0
2026-09-01,IGF,0.0
2026-09-01,IGL,2.2238736132672523
2026-09-01,IGM,1.5384247510624176
2026-09-01,IGZ,-77.99226209569616
2026-09-01,IH1,1.1840951856840436
2026-09-01,IHA,-10.32786637640008
2026-09-01,IHC,22.595046563539405
2026-09-01,IHK,-1.4493413896812555
2026-09-01,IHP,-0.9059702188761664
2026-09-01,IHT,-3.8454770125013242
2026-09-01,IHV,0.04021774216575311
2026-09-01,IHY,0.0
2026-09-01,IHZ,-4.50295920919122
2026-09-01,IIA,0.0
2026-09-01,IIC,0.0
2026-09-01,IIE,-5.702771651626771
2026-09-01,IIF,0.0
2026-09-01,IIH,-3.672339768177444
2026-09-01,IIN,7.746288871768546
2026-09-01,IIS,-1.731645952205749
2026-09-01,IJA,-12.8766527813309
2026-09-01,IJB,15.513293915325077
2026-09-01,IJC,-6.099356036856575
2026-09-01,IJE,-9.285429922984717
2026-09-01,IJF,0.0
2026-09-01,IJH,-29.920540017583114
2026-09-01,IJI,72.04040609701781
2026-09-01,IJK,-0.8416701459418472
2026-09-01,IJL,0.0
2026-09-01,IJP,-1.8310725137572186
2026-09-01,IJT,86.33319631922241
2026-09-01,IJV,2.941119841355467
2026-09-01,IJZ,0.8838470558513674
2026-09-01,IK2,0.0
2026-09-01,IKL,8.649804806357647
2026-09-01,IKP,-6.586843662773749
2026-09-01,IKV,2.1690292355898504
2026-09-01,ILC,0.0
2026-09-01,ILE,0.0
2026-09-01,ILH,11.750677077213965
2026-09-01,ILI,0.9290826664887702
2026-09-01,ILM,0.0
2026-09-01,ILP,-0.11428868152912314
2026-09-01,ILU,15.733494380155456
2026-09-01,ILZ,10.801251933523279
2026-09-01,IMB,-25.557559649102128
2026-09-01,IMF,0.0
2026-09-01,IMG,0.0
2026-09-01,IMH,0.0
2026-09-01,IML,-7.915606763046684
2026-09-01,IMO,0.0
2026-09-01,IMS,0.0
2026-09-01,IMT,0.0
2026-09-01,IMY,0.0
2026-09-01,IMZ,0.0
2026-09-01,INH,-6.847387414481145
2026-09-01,INV,0.0
2026-09-01,INZ,0.0014015640451123215
2026-09-01,IOG,-3.471375655844437
2026-09-01,IOH,-7.902658950612945
2026-09-01,IOJ,0.0
2026-09-01,IOL,0.0
2026-09-01,IOM,-2.1143084448959004
2026-09-01,ION,0.0
2026-09-01,IOO,117.20082540044442
2026-09-01,IOP,-5.676911770581635
2026-09-01,IOT,0.0
2026-09-01,IOV,0.0
2026-09-01,IPA,0.0
2026-09-01,IPB,-2.7752174534568104
2026-09-01,IPC,0.0
2026-09-01,IPE,0.0
2026-09-01,IPF,0.0
2026-09-01,IPG,-1.5718676405209389
2026-09-01,IPJ,-4.112792065733381
2026-09-01,IPK,-0.7418738379953244
2026-09-01,IPO,0.0
2026-09-01,IPP,-6.209690318817482
2026-09-01,IPR,0.0
2026-09-01,IPU,0.0
2026-09-01,IPV,-1.5053586401009016
2026-09-01,IRB,3.190648315561137
2026-09-01,IRE,-2.0297704406193464
2026-09-01,IRF,-6.75768973113813
2026-09-01,IRL,-0.3128882309259273
2026-09-01,IRO,-1.860790750570312
2026-09-01,IRT,-3.227938870814403
2026-09-01,IRV,41.071973322508995
2026-09-01,IRY,-6.009330580566745
2026-09-01,ISR,0.0
2026-09-01,ISS,0.0
2026-09-01,IST,20.22816620452623
2026-09-01,ITA,0.0
2026-09-01,ITC,-1.9260346121325385
2026-09-01,ITD,0.0
2026-09-01,ITJ,0.0
2026-09-01,ITL,0.0
2026-09-01,ITP,-3.602979327638986
2026-09-01,ITR,0.0
2026-09-01,ITV,0.0
2026-09-01,ITZ,2.1154372205968537
2026-09-01,IUA,-4.84720825862055
2026-09-01,IUB,0.0
2026-09-01,IUC,0.0
2026-09-01,IUF,2.906117425013593
2026-09-01,IUH,-3.046483897953755
2026-09-01,IUM,0.0
2026-09-01,IUN,0.0
2026-09-01,IUV,-1.4691213659748177
2026-09-01,IUZ,5.426331794672447
2026-09-01,IV2,0.0
2026-09-01,IV6,0.0
2026-09-01,IV7,0.0
2026-09-01,IV8,7.358128669588251
2026-09-01,IVF,-56.463801337237264
2026-09-01,IVS,1.2424577078598322
2026-09-01,IVY,1.5993005672593645
2026-09-01,IYB,8.932127628480625
2026-09-01,IYP,0.0
2026-09-01,IYR,-1.1341590067426597
2026-09-01,IYS,-0.003494671785706529
2026-09-01,IYV,-3.0461008648316024
2026-09-01,IZA,0.0
2026-09-01,IZB,-4.626695433795662
2026-09-01,IZE,0.0
2026-09-01,IZL,-0.0005876211929813999
2026-09-01,IZS,24.393950409856213
2026-09-01,IZV,0.0
2026-09-01,IZY,0.0
2026-09-01,JET,-2.2837854553406016
2026-09-01,JOT,0.0
2026-09-01,JUP,-0.5375100123782544
2026-09-01,KAC,-12.480503887722227
2026-09-01,KAN,1.3384173997911137
2026-09-01,KAV,-3.6303567322920145
2026-09-01,KBJ,-6.766779395715543
2026-09-01,KBP,0.0
2026-09-01,KBZ,0.0
2026-09-01,KCL,2.737208761064673
2026-09-01,KCR,22.471844001303843
2026-09-01,KCV,-4.852224018652056
2026-09-01,KDE,8.921330869428072
2026-09-01,KDI,-29.166023522986357
2026-09-01,KDK,0.0
2026-09-01,KDL,-1.8180012311395217
2026-09-01,KDO,15.837202883051752
2026-09-01,KDS,-4.999344494744327
2026-09-01,KDT,-0.5730286851186239
2026-09-01,KDV,-15.577874635869323
2026-09-01,KDZ,6.063241711629859
2026-09-01,KEI,0.0
2026-09-01,KEO,0.0
2026-09-01,KEU,-4.868817483606916
2026-09-01,KFZ,0.0
2026-09-01,KGM,-2.2248086039111206
2026-09-01,KH1,-0.7242490675595024
2026-09-01,KHA,268.5047191871053
2026-09-01,KHB,-29.128029639488407
2026-09-01,KHC,-56.8803377623132
2026-09-01,KHD,0.0
2026-09-01,KHF,0.0
2026-09-01,KHJ,-1.6385620732178006
2026-09-01,KHP,24.46376986815525
2026-09-01,KHT,8.656405881631592
2026-09-01,KHU,0.0
2026-09-01,KIA,-3.3530920508107673
2026-09-01,KIB,3.945644559648156
2026-09-01,KIE,31.78215237064133
2026-09-01,KIH,-0.0026003414106602917
2026-09-01,KIK,-2.7746623565588475
2026-09-01,KIS,-0.9692281545034157
2026-09-01,KJK,0.0
2026-09-01,KKB,0.0
2026-09-01,KKC,7.258251319580642
2026-09-01,KKE,0.0
2026-09-01,KKH,-2.9106751459132716
2026-09-01,KKL,2.4409703237709626
2026-09-01,KKO,-0.015910747279535925
2026-09-01,KKP,-0.3535580695604046
2026-09-01,KKT,-7.625946195333161
2026-09-01,KLH,-27.89700522002291
2026-09-01,KLI,22.08943652545659
2026-09-01,KLL,0.0
2026-09-01,KLM,0.0
2026-09-01,KLS,-13.889272023267882
2026-09-01,KLU,10.351811522003105
2026-09-01,KMA,0.0
2026-09-01,KME,-8.549886724592941
2026-09-01,KMF,2.8240547619430476
2026-09-01,KMN,1.0423779931797807
2026-09-01,KMT,0.0
2026-09-01,KNC,0.0
2026-09-01,KNI,23.005962974053862
2026-09-01,KNJ,28.54152209072438
2026-09-01,KNN,0.3407871210116789
2026-09-01,KNP,-11.365216699436296
2026-09-01,KNS,0.0
2026-09-01,KNT,0.0
2026-09-01,KNV,0.0
2026-09-01,KNZ,0.0
2026-09-01,KO4,-0.7936722201271161
2026-09-01,KOB,-2.14096055987685
2026-09-01,KOD,1.0956009305416312
2026-09-01,KOP,0.0
2026-09-01,KOT,-28.93123772601737
2026-09-01,KOZ,0.0
2026-09-01,KP3,-4.455476866230045
2026-09-01,KPA,10.746640189990558
2026-09-01,KPB,0.0
2026-09-01,KPC,3.2636866825052997
2026-09-01,KPD,-22.42504983967044
2026-09-01,KPF,-65.9961029055377
2026-09-01,KPH,-1.9246996545872646
2026-09-01,KPI,29.564044072101836
2026-09-01,KPK,0.0
2026-09-01,KPM,0.0
2026-09-01,KPP,-2.388260648261094
2026-09-01,KPR,-5.561689170818959
2026-09-01,KPS,0.0
2026-09-01,KPU,-2.7254715425374845
2026-09-01,KRC,-1.632194037346988
2026-09-01,KRF,-14.888772515234983
2026-09-01,KRH,-0.00016722695979727508
2026-09-01,KRO,-1.740550559217496
2026-09-01,KRR,-6.120020589168174
2026-09-01,KRS,-2.778853788044046
2026-09-01,KRT,-2.3753262312112167
2026-09-01,KRV,-0.2679364166467586
2026-09-01,KSA,1.631891628908449
2026-09-01,KSC,0.0
2026-09-01,KSK,-5.766503216783537
2026-09-01,KSL,1.2255072279801884
2026-09-01,KSM,-3.345797807169102
2026-09-01,KSP,0.0
2026-09-01,KSR,1.7312597396972607
2026-09-01,KST,-3.513854196945395
2026-09-01,KSV,34.68862214963086
2026-09-01,KSY,3.396270824859262
2026-09-01,KTE,0.0
2026-09-01,KTI,2.641464214063121
2026-09-01,KTJ,5.868456022302725
2026-09-01,KTM,1.2756671281522318
2026-09-01,KTN,-16.12400978265448
2026-09-01,KTR,0.01980887950993213
2026-09-01,KTS,-2.0976439924281896
2026-09-01,KTT,3.093537280603513
2026-09-01,KTU,0.0
2026-09-01,KTV,-2.4988968422511735
2026-09-01,KU3,-4.190383859907612
2026-09-01,KUA,-10.897868626781031
2026-09-01,KUB,-1.193948524259861
2026-09-01,KUD,26.97321530722041
2026-09-01,KUP,0.7499351841604893
2026-09-01,KUT,-1.6870248114266726
2026-09-01,KVA,0.0
2026-09-01,KVK,54.86335076625757
2026-09-01,KVR,-15.504078631683479
2026-09-01,KVS,-2.936653416077735
2026-09-01,KVT,-10.191812388943939
2026-09-01,KYA,-2.1319193907695033
2026-09-01,KYR,0.0
2026-09-01,KYS,0.0
2026-09-01,KZL,-5.756010954623924
2026-09-01,KZO,0.0
2026-09-01,KZU,7.501754082408478
2026-09-01,LAI,-43.909225178582325
2026-09-01,LET,0.0
2026-09-01,LFD,-98.19590166776838
2026-09-01,LGK,2.473698668369339
2026-09-01,LGO,0.0
2026-09-01,LHM,0.0
2026-09-01,LHP,-2.231060309045574
2026-09-01,LKF,39.095239244290184
2026-09-01,LKT,76.9696551918068
2026-09-01,LLA,-6.692471312143082
2026-09-01,LPH,32.151506761468404
2026-09-01,LRT,6.005836164723282
2026-09-01,LTC,-0.5006897528620934
2026-09-01,LTL,-81.87087543249467
2026-09-01,LTS,0.197624530895958
2026-09-01,LZV,0.0
2026-09-01,MAC,-3.8209294632146626
2026-09-01,MAD,-0.9851980257223318
2026-09-01,MAS,0.22357636321193594
2026-09-01,MAV,0.0
2026-09-01,MBL,-0.009539334171438209
2026-09-01,MBR,10.075329861873263
2026-09-01,MCU,203.20374019288053
2026-09-01,MD1,17.357723163410036
2026-09-01,MD2,4.305065361540276
2026-09-01,MDF,-8.232910887822674
2026-09-01,MET,-1.9490707848810134
2026-09-01,MGB,-6.795215328598195
2026-09-01,MGD,0.0
2026-09-01,MGE,0.9786979323489866
2026-09-01,MGH,0.057985652468750176
2026-09-01,MHF,-16.777093850506603
2026-09-01,MIK,-0.011673025957474705
2026-09-01,MJB,0.9547843808090608
2026-09-01,MJE,-8.534339808650158
2026-09-01,MJG,-3.5201320536469134
2026-09-01,MJH,0.1486001310786446
2026-09-01,MJK,-4.75828450022551
2026-09-01,MJL,13.797286824850987
2026-09-01,MKA,-4.260358527104942
2026-09-01,MKG,-3.914779369198001
2026-09-01,MKL,0.0
2026-09-01,MLS,0.0
2026-09-01,MLT,-12.302039978175825
2026-09-01,MMH,-5.148670770139467
2026-09-01,MOD,-0.0625161238659619
2026-09-01,MOZ,-0.06484759660451084
2026-09-01,MP2,0.0
2026-09-01,MP4,2.021551412487071
2026-09-01,MPD,12.115606806901358
2026-09-01,MPE,-0.18625414104693627
2026-09-01,MPF,3.851049988334268
2026-09-01,MPI,0.012319962913939577
2026-09-01,MPK,-12.605441850053154
2026-09-01,MPL,-4.6040702438179455
2026-09-01,MPN,-1.4772914767855831
2026-09-01,MPP,-10.801744991466734
2026-09-01,MPS,-4.942376412470967
2026-09-01,MRI,6.4930990639631
2026-09-01,MSK,-0.007257323889530129
2026-09-01,MSO,-4.512588113860281
2026-09-01,MSR,-10.654928756705377
2026-09-01,MT1,-6.710395503773209
2026-09-01,MT2,-15.600824100837926
2026-09-01,MT5,-0.006175565464607467
2026-09-01,MT6,42.622026879653845
2026-09-01,MT7,0.0
2026-09-01,MT8,-31.694858873754946
2026-09-01,MT9,102.81376896523496
2026-09-01,MTD,-0.961422317558631
2026-09-01,MTE,-37.273067360037096
2026-09-01,MTF,-7.481677641446708
2026-09-01,MTG,76.1877240639445
2026-09-01,MTH,2.5299498536135188
2026-09-01,MTI,0.0
2026-09-01,MTK,605.894212218103
2026-09-01,MTL,723.0226766574538
2026-09-01,MTS,-27.132743830337315
2026-09-01,MTU,-0.00746180089826783
2026-09-01,MTV,-0.9455704506999941
2026-09-01,MTX,-3.96375901575115
2026-09-01,MUL,14.215741445686763
2026-09-01,MUT,-0.7403068451891721
2026-09-01,NAK,-0.5969560392104627
2026-09-01,NAL,49513.2856737594
2026-09-01,NAU,-11.079319711635014
2026-09-01,NAV,19.518512546016755
2026-09-01,NBE,14.423670024070864
2026-09-01,NBH,16.094453269654394
2026-09-01,NBO,15.948708366218131
2026-09-01,NBZ,4.695547069245413
2026-09-01,NCS,7.068692575382009
2026-09-01,NCU,-0.49693738172900376
2026-09-01,NDL,0.0
2026-09-01,NDS,-9.022834078686708
2026-09-01,NES,0.0
2026-09-01,NFF,-16.776849972271997
2026-09-01,NFH,-0.8840575656173484
2026-09-01,NFK,-0.8480446411164845
2026-09-01,NHP,-2.5141137858441924
2026-09-01,NHT,0.0
2026-09-01,NHV,0.0
2026-09-01,NHY,-16.88468722253121
2026-09-01,NIG,-17.87847156132877
2026-09-01,NIS,1.1454351887091894
2026-09-01,NJF,-0.23155242293133663
2026-09-01,NJG,0.0
2026-09-01,NJR,43.336758820908464
2026-09-01,NJY,-9.990332104736249
2026-09-01,NKA,-15.25169892397988
2026-09-01,NKC,-9.326664478964085
2026-09-01,NKH,-0.9175843134788231
2026-09-01,NKJ,0.0
2026-09-01,NKK,0.0010347361694409414
2026-09-01,NKL,7.868805090955819
2026-09-01,NKM,-0.9826413229413381
2026-09-01,NKP,-1.399529916124097
2026-09-01,NKS,-1.8792405569218245
2026-09-01,NKT,21.105898951160473
2026-09-01,NKV,0.0
2026-09-01,NLC,0.0
2026-09-01,NLD,0.0
2026-09-01,NLE,-3.1399035318029735
2026-09-01,NLK,13.357129475182022
2026-09-01,NLL,-0.034095895231785106
2026-09-01,NME,-1.863481745705791
2026-09-01,NMG,0.0
2026-09-01,NMP,441338.80244327255
2026-09-01,NMU,51.46119394482946
2026-09-01,NNF,-16.670962547516673
2026-09-01,NOA,0.0
2026-09-01,NOI,11.39070722913331
2026-09-01,NOV,0.0
2026-09-01,NP1,-3.5701177787014573
2026-09-01,NPH,-16.24631522943529
2026-09-01,NPK,-0.0021886958503781833
2026-09-01,NRC,-4.453774933762384
2026-09-01,NRG,4.716699582456844
2026-09-01,NRM,0.0
2026-09-01,NSA,-10.72366955354637
2026-09-01,NSD,8.016711803376394
2026-09-01,NSH,16.344636038311712
2026-09-01,NSK,-0.011810501707295569
2026-09-01,NSP,3.8376008580108962
2026-09-01,NSS,0.0
2026-09-01,NST,-6.0421783195823275
2026-09-01,NSY,-0.6260709775696821
2026-09-01,NTB,-3.318578546917157e-05
2026-09-01,NTD,0.0
2026-09-01,NTF,0.0
2026-09-01,NTI,1.210745358244032
2026-09-01,NTO,0.0
2026-09-01,NTS,0.0
2026-09-01,NUB,-2.3226377406741805
2026-09-01,NUG,-97.8128214751516
2026-09-01,NUH,-36.00483027662845
2026-09-01,NVB,-1.6257903962399467
2026-09-01,NVC,44.064573226956014
2026-09-01,NVK,-0.003664514290185736
2026-09-01,NVP,0.0
2026-09-01,NVT,-2.898890693142615
2026-09-01,NVZ,-0.23778631818017165
2026-09-01,NYH,0.0
2026-09-01,NZH,-6.89168474408715
2026-09-01,NZT,17.20716745571007
2026-09-01,NZU,-5.269591052258022
2026-09-01,OAB,0.0
2026-09-01,OAO,3002.1829299890674
2026-09-01,OBI,-0.4415181482909163
2026-09-01,OBN,-2.135284042940273
2026-09-01,OBP,-0.26238641238888966
2026-09-01,OBR,-3.958534027517085
2026-09-01,OCM,0.0419684292947035
2026-09-01,OCN,0.0
2026-09-01,OCT,-1.3708239405590508
2026-09-01,ODD,-0.002642598316025582
2026-09-01,ODG,-4.509417184836894
2026-09-01,ODN,106.3761235018164
2026-09-01,ODP,-0.4602779625255463
2026-09-01,ODS,-1.7436804574870486
2026-09-01,ODV,-2.786226572787118
2026-09-01,OFA,-3.4551729231651347
2026-09-01,OFB,-0.5538605696351627
2026-09-01,OFI,-1.3990634681451137
2026-09-01,OFK,-9.393880744041333
2026-09-01,OFO,0.0
2026-09-01,OFS,-0.6724990686213527
2026-09-01,OGD,-1.523479997583766
2026-09-01,OGF,3.9791079047487696
2026-09-01,OGV,-2.3665543241645195
2026-09-01,OHB,-0.07111646444423757
2026-09-01,OHI,-37.310767305396375
2026-09-01,OHK,2.971790303312699
2026-09-01,OIL,1.7471462669708928
2026-09-01,OIR,3.5015392242306773
2026-09-01,OIS,0.0
2026-09-01,OJB,-6.533240098604597
2026-09-01,OJH,-2.3131821509364476
2026-09-01,OJK,-0.18619130775878645
2026-09-01,OJT,-1.3048941603597874
2026-09-01,OJU,-4.9970941793438595
2026-09-01,OJY,-3.502925717710398
2026-09-01,OKD,-5.495566572683676
2026-09-01,OKF,0.0
2026-09-01,OKP,3.828295635029308
2026-09-01,OKT,-4.312485370222998
2026-09-01,OLA,-1.06169178013311
2026-09-01,OLD,-7.5873583015003545
2026-09-01,OLE,-2.714591983128175
2026-09-01,OMB,0.0
2026-09-01,OMC,-0.6818540709964669
2026-09-01,OME,-1.0696705374027944
2026-09-01,OMG,-5.441494878865835
2026-09-01,OMT,51.35242842094341
2026-09-01,ONB,-4.99144484633192
2026-09-01,OND,-1.250709693538846
2026-09-01,ONE,9.195597706032132
2026-09-01,ONF,2.7475353265961253
2026-09-01,ONK,-1.4560650760586302
2026-09-01,ONN,12.136230996390127
2026-09-01,ONS,-1.3408293469015038
2026-09-01,ONT,-10.020215664627456
2026-09-01,ONY,-1.0527252950230053
2026-09-01,OPB,-0.20063393933156715
2026-09-01,OPD,0.040896814645948666
2026-09-01,OPF,0.1388404489186743
2026-09-01,OPH,0.26740611218186594
2026-09-01,OPI,-1.018199762887068
2026-09-01,OPJ,366.97580015928224
2026-09-01,OPL,-9.938319950243125
2026-09-01,OPZ,0.0
2026-09-01,ORC,0.0016599034474113997
2026-09-01,ORI,0.6013388600957258
2026-09-01,OSD,-0.8579096543387972
2026-09-01,OSF,-35.56041620149619
2026-09-01,OSH,0.0
2026-09-01,OSL,0.6538659761244943
2026-09-01,OSN,-2.7680401363627642
2026-09-01,OTE,0.0
2026-09-01,OTF,7.26991108445392
2026-09-01,OTJ,-3.3790010012920084
2026-09-01,OTK,-6.371404374164297
2026-09-01,OTM,-0.12123029322839908
2026-09-01,OTZ,0.0
2026-09-01,OUB,0.0
2026-09-01,OUD,-0.23134854109150313
2026-09-01,OUN,-1.1229042809894416
2026-09-01,OUR,0.0
2026-09-01,OUY,0.0
2026-09-01,OVD,3.0139435034888336
2026-09-01,OVR,0.0
2026-09-01,OYL,14.298512587096399
2026-09-01,OYS,-2.3221130208783856
2026-09-01,OYT,10.256110485390025
2026-09-01,OZC,-72.47799102888197
2026-09-01,P1A,-17.689320780463817
2026-09-01,PA2,42.815860234716325
2026-09-01,PAB,27.8231340554557
2026-09-01,PAC,0.0
2026-09-01,PAF,-5.299819480731639
2026-09-01,PAI,-6.218277826978285
2026-09-01,PAL,-6.968072390561996
2026-09-01,PAO,0.19859340054696795
2026-09-01,PAU,-0.9862502171423445
2026-09-01,PBE,-18.544422916433234
2026-09-01,PBF,0.0
2026-09-01,PBH,0.23378174748707065
2026-09-01,PBI,9.811017849603813
2026-09-01,PBK,-8.472428891181444
2026-09-01,PBN,-2.075964116493747
2026-09-01,PBR,-76.91813005728208
2026-09-01,PBS,0.0
2026-09-01,PBY,-0.05829380644154365
2026-09-01,PCE,-65.97000595643037
2026-09-01,PCH,-0.0009601487459049931
2026-09-01,PCN,0.0
2026-09-01,PCS,14.025686158880418
2026-09-01,PDC,-0.0020681098364215785
2026-09-01,PDD,-5.090491028957113
2026-09-01,PDE,-14.240513809226696
2026-09-01,PDF,-1.6434920998841795
2026-09-01,PDG,-76.97272303271944
2026-09-01,PDH,-0.38185082240450063
2026-09-01,PDR,0.0
2026-09-01,PDS,-0.0006456801437307371
2026-09-01,PEA,0.05757895670299028
2026-09-01,PFO,-1.5694596371405047
2026-09-01,PFS,2.726334436133118
2026-09-01,PGD,-10.758746099565883
2026-09-01,PGE,-0.00026690896350475043
2026-09-01,PGH,0.6924087667355485
2026-09-01,PGS,-2.7660598616186354
2026-09-01,PHB,-14.105858885888706
2026-09-01,PHE,-53.84451729668754
2026-09-01,PHF,0.0
2026-09-01,PHI,9.743617499056352
2026-09-01,PHK,4.1468390677857085
2026-09-01,PHN,4.8063005686130795
2026-09-01,PHS,-22.866297742012936
2026-09-01,PHY,-2.9246129844778803
2026-09-01,PID,1.7153073055430048
2026-09-01,PIL,-8.800875216068205
2026-09-01,PIP,-44.97469508528687
2026-09-01,PIR,-7.809989380968297
2026-09-01,PIS,38.06376376369852
2026-09-01,PJL,-1.1228417503727566
2026-09-01,PJP,-9.636574213871974
2026-09-01,PK1,-83.74207217022838
2026-09-01,PKD,44.62565624741187
2026-09-01,PKF,-5.026366238207108
2026-09-01,PKH,6.242803384703547
2026-09-01,PKL,-68.69145675765085
2026-09-01,PKM,18.079223852600148
2026-09-01,PKN,-7.183069541021577
2026-09-01,PKP,45.65810203571794
2026-09-01,PKR,-4.090851161424672
2026-09-01,PKT,5.462539667383596
2026-09-01,PKU,-4.9856496774515415
2026-09-01,PKV,33.20480249788864
2026-09-01,PKZ,-8.312232338622408
2026-09-01,PLA,4.163857452416478
2026-09-01,PLR,11.308390560611215
2026-09-01,PLS,0.0
2026-09-01,PMG,0.0
2026-09-01,PMH,-89.49154872638854
2026-09-01,PMP,-12.181807256264973
2026-09-01,PNU,40.11836377757677
2026-09-01,PO7,-41.66838973979604
2026-09-01,PO8,-18.832863885942263
2026-09-01,PO9,220.93863143230288
2026-09-01,POB,-0.009049404507490172
2026-09-01,POD,-5.459715884016651
2026-09-01,POF,4.897934820707499
2026-09-01,POH,0.0
2026-09-01,POI,-3.538279038865015e-07
2026-09-01,POS,-7.675717917096087
2026-09-01,POU,-4.820604754658025
2026-09-01,PP1,-7.14259100525147
2026-09-01,PPB,-1.3171730041242125
2026-09-01,PPD,-4.451584546693606
2026-09-01,PPE,-0.005282188800583578
2026-09-01,PPF,-40.54721090904731
2026-09-01,PPG,-3.8131630104652023
2026-09-01,PPH,-9.47233409674428
2026-09-01,PPI,15.337545041919864
2026-09-01,PPJ,6.891706613291956
2026-09-01,PPK,1.7238497911507011
2026-09-01,PPM,-8.54556688736948
2026-09-01,PPN,-1.2823787730574738
2026-09-01,PPO,-3.382493656028337e-05
2026-09-01,PPP,-7.028032276502065
2026-09-01,PPS,-9.830471826737043
2026-09-01,PPT,16.350160001166973
2026-09-01,PPU,-1.1186871465424122e-05
2026-09-01,PPV,63.13028313472302
2026-09-01,PPZ,-5.987864229333934
2026-09-01,PRD,4.847200865993707
2026-09-01,PRF,0.0
2026-09-01,PRH,-6.880363737193639
2026-09-01,PRR,-13.324623840751443
2026-09-01,PRU,-6.975621443283544
2026-09-01,PRV,17.883203965325343
2026-09-01,PRY,-1.6526690333514078
2026-09-01,PSD,0.0
2026-09-01,PSE,-8.16593086808832
2026-09-01,PSG,-13.766243018527197
2026-09-01,PSH,-12.057059620142518
2026-09-01,PSL,-26.28314282340023
2026-09-01,PSO,0.0
2026-09-01,PSR,0.32666746868199087
2026-09-01,PSS,-16.989288360895692
2026-09-01,PST,36.140049295495956
2026-09-01,PTC,0.0
2026-09-01,PTE,23.21956128378146
2026-09-01,PTF,-8.85126976278956
2026-09-01,PTG,0.0
2026-09-01,PTL,31.28874396284277
2026-09-01,PTN,34.08871152697876
2026-09-01,PTO,-5.430626176900604
2026-09-01,PTP,-21.929571223410154
2026-09-01,PTS,11.84159044400015
2026-09-01,PUA,0.0
2026-09-01,PUC,-45.70333929563258
2026-09-01,PUH,-7.7695423131076025
2026-09-01,PUK,-1.5924708756310162
2026-09-01,PUR,0.8553250238629942
2026-09-01,PUT,0.0
2026-09-01,PUV,0.0
2026-09-01,PVK,13.901048492787387
2026-09-01,PYB,-18.121667852423478
2026-09-01,PYD,-0.0011232502710280337
2026-09-01,PYF,99.44440834177112
2026-09-01,PYH,-9.421499884542136
2026-09-01,PYI,-25.391394368769166
2026-09-01,PYL,0.0
2026-09-01,PYR,-5.6007774066097085
2026-09-01,PYS,-1.8082534608973921
2026-09-01,RAF,-21.31191533866121
2026-09-01,RAI,0.0
2026-09-01,RAN,0.0
2026-09-01,RAV,0.0
2026-09-01,RAY,0.0
2026-09-01,RBA,-0.7188254664143798
2026-09-01,RBB,-4.801013849631402
2026-09-01,RBE,0.0
2026-09-01,RBF,27.28604965084133
2026-09-01,RBH,-3.2913965188637198
2026-09-01,RBI,-22.917881722904404
2026-09-01,RBK,-21.455744495847878
2026-09-01,RBL,-6.324020575568773
2026-09-01,RBN,-5.107802561213084
2026-09-01,RBP,10.68621916720704
2026-09-01,RBR,51.74216120827831
2026-09-01,RBT,0.7672953690200909
2026-09-01,RBV,15.476567394807883
2026-09-01,RCL,0.0
2026-09-01,RCS,0.0
2026-09-01,RCV,4.228031103905593
2026-09-01,RD1,0.1655182103717091
2026-09-01,RDF,-5.069721950804551
2026-09-01,RDH,0.0
2026-09-01,RDK,136.8950927015067
2026-09-01,RDS,301.27951043208736
2026-09-01,RDT,2.3144835271025253
2026-09-01,RDZ,-6.137975170740931e-07
2026-09-01,RE6,316.40899320751646
2026-09-01,RE7,0.0
2026-09-01,RE8,1.7671265217200676
2026-09-01,RFM,45.78999057081868
2026-09-01,RGD,-3.807737945291417
2026-09-01,RGH,0.03306217061253661
2026-09-01,RHD,0.0
2026-09-01,RHI,17.015210789573175
2026-09-01,RHS,-3.5554328601958645
2026-09-01,RIA,-35.80697427765598
2026-09-01,RIH,35.043528213568635
2026-09-01,RIK,-25.08630257900061
2026-09-01,RJG,-13.27651356665775
2026-09-01,RKC,-13.577905115472397
2026-09-01,RKH,0.1828470907536474
2026-09-01,RKL,0.0
2026-09-01,RKS,-2.358070741742067
2026-09-01,RKV,14.777428248412452
2026-09-01,RLH,4.100138915976643
2026-09-01,RO1,-3.052706749639213
2026-09-01,ROD,-15.87185673444501
2026-09-01,ROF,6.9774087753021945
2026-09-01,ROY,0.0
2026-09-01,RPC,-1.7363303917902781
2026-09-01,RPD,-6.340207371163191
2026-09-01,RPG,-3.229510001599
2026-09-01,RPI,-8.394182366870597
2026-09-01,RPK,0.0
2026-09-01,RPL,0.0006631645607442611
2026-09-01,RPM,22.63346753661751
2026-09-01,RPN,0.0
2026-09-01,RPO,0.0
2026-09-01,RPP,-1.2250207269524127
2026-09-01,RPS,-0.3452232771052807
2026-09-01,RPT,0.11214679738756683
2026-09-01,RPU,0.0
2026-09-01,RPX,-1.9106443799769817
2026-09-01,RRA,-45.17741088977388
2026-09-01,RRP,2.1823605993028945
2026-09-01,RS1,-7.3421788012092595
2026-09-01,RSF,3.8514638247577784
2026-09-01,RSK,-1.6128595151267129
2026-09-01,RSY,0.0
2026-09-01,RSZ,-1.130782625192661
2026-09-01,RTA,0.0
2026-09-01,RTB,-14.787584482242616
2026-09-01,RTD,-2.663094856138
2026-09-01,RTG,-3.054495600347883
2026-09-01,RTH,-21.810916253097094
2026-09-01,RTI,98.49679671871519
2026-09-01,RTP,-5.475759436004347
2026-09-01,RUH,0.23157150572758084
2026-09-01,RUT,9.917016236982823
2026-09-01,RVI,0.0
2026-09-01,RVS,-0.23935452017839423
2026-09-01,RYA,0.0
2026-09-01,RYB,0.0
2026-09-01,RYD,0.0
2026-09-01,RYF,6.369365055440941
2026-09-01,RYU,3.2501461097104674
2026-09-01,RZR,0.0
2026-09-01,SAP,-2.6662084827726242
2026-09-01,SAR,0.0
2026-09-01,SAS,-4.504115859760789
2026-09-01,SAT,0.0
2026-09-01,SBH,-12.1409123916942
2026-09-01,SBI,0.0
2026-09-01,SBR,0.0
2026-09-01,SBS,0.0
2026-09-01,SCZ,-1.649814768109225
2026-09-01,SD1,76.12219011830888
2026-09-01,SDA,-0.013226754515389762
2026-09-01,SEH,-0.005123851248926479
2026-09-01,SER,-0.3150667290273912
2026-09-01,SFA,1.6580303036310133
2026-09-01,SFS,0.7410032736427431
2026-09-01,SGK,0.22071320522873272
2026-09-01,SGT,3.7155952997530455
2026-09-01,SHC,44.20027707892842
2026-09-01,SHE,8.704220704298878
2026-09-01,SHI,-4.6385032984171924e-07
2026-09-01,SHU,219.8289792902028
2026-09-01,SIA,-101.30996870589644
2026-09-01,SIS,535.0371569912212
2026-09-01,SJP,-0.4596015076845413
2026-09-01,SKL,-29.358194350185162
2026-09-01,SKO,-11.056391778447669
2026-09-01,SKS,0.0
2026-09-01,SKT,15.844233196895413
2026-09-01,SKZ,-4.904361739202554
2026-09-01,SLF,11.883657661857416
2026-09-01,SLG,-1.7181692087197706
2026-09-01,SLR,0.0
2026-09-01,SLS,0.005489511440888026
2026-09-01,SMP,0.0
2026-09-01,SNY,-10.242460774015226
2026-09-01,SOS,88.38276108722765
2026-09-01,SPA,0.30136126804147145
2026-09-01,SPD,0.0
2026-09-01,SPE,4.6270795187873395
2026-09-01,SPN,-5.026442599902472
2026-09-01,SPP,-13.513691519761764
2026-09-01,SPR,-6.955960094452837
2026-09-01,SPT,-9.067620940355075
2026-09-01,SRA,-11.046738575510709
2026-09-01,SRE,0.0
2026-09-01,SRL,-64.53023831512148
2026-09-01,SRO,0.0
2026-09-01,SSD,0.0
2026-09-01,SSE,0.22982267626154104
2026-09-01,SSF,0.0
2026-09-01,SSK,1.6504189203094262
2026-09-01,SSN,0.0
2026-09-01,SSO,0.0
2026-09-01,SSS,-7.24709510656985
2026-09-01,SST,0.0
2026-09-01,ST1,-1.3720223183566864
2026-09-01,STI,-0.5227424589991474
2026-09-01,STM,0.0
2026-09-01,STS,0.0
2026-09-01,STZ,-0.36687114642206714
2026-09-01,SUA,-2.0847937978608995
2026-09-01,SUB,-2.8260293373770513
2026-09-01,SUC,5.198340488151566
2026-09-01,SUR,0.016155490202673563
2026-09-01,SVB,-2.733452912982671
2026-09-01,SVS,0.0
2026-09-01,SVY,0.02810517217897135
2026-09-01,SYF,-4.6020239208293
2026-09-01,SYL,0.0
2026-09-01,SYR,0.0
2026-09-01,SYS,0.0
2026-09-01,T3B,1.0594913540286113
2026-09-01,TAL,1.0815361911320116
2026-09-01,TAO,0.0
2026-09-01,TAR,-5.703366450879019
2026-09-01,TAU,3.091629617386429
2026-09-01,TAZ,0.0
2026-09-01,TB9,0.9270410817897115
2026-09-01,TBP,-0.6766972013885315
2026-09-01,TBT,14.342813864179618
2026-09-01,TBV,-2.775473426292105
2026-09-01,TCA,-1.1911596839831748
2026-09-01,TCB,-1.9569928270036827
2026-09-01,TCC,-7.553412724297731
2026-09-01,TCD,-1.9095112615075127
2026-09-01,TCF,-8.99111803355544
2026-09-01,TCG,0.0
2026-09-01,TCH,-0.5746434965121524
2026-09-01,TCI,-0.0034414960745828807
2026-09-01,TCS,-0.09134842908668496
2026-09-01,TDG,-0.048123715557941725
2026-09-01,TDP,0.0
2026-09-01,TE3,-2.8318304728042616
2026-09-01,TE4,1.4563594784319671
2026-09-01,TEJ,3.1165461250303816
2026-09-01,TFE,-3.5389593049466166
2026-09-01,TFF,-6.412329018405588
2026-09-01,TFU,-54.45627118910392
2026-09-01,TGA,-3.579649071373304
2026-09-01,TGE,-6.634851481985924
2026-09-01,TGN,-7.54408624946647
2026-09-01,TGR,-6.56008517786099
2026-09-01,TGT,25.47250615474524
2026-09-01,TGV,0.019311912512982945
2026-09-01,TGZ,0.0
2026-09-01,THD,-1.7131865279705407
2026-09-01,THF,5775.977841074949
2026-09-01,THG,-0.5309763030204977
2026-09-01,THH,0.0
2026-09-01,THO,0.0
2026-09-01,THS,0.0
2026-09-01,THT,61.92110639602547
2026-09-01,THV,0.018128982580348407
2026-09-01,TI1,6.763443437269864
2026-09-01,TI2,-3.206419863261243
2026-09-01,TI3,-3.01320191438917
2026-09-01,TI4,-5.001581862671215
2026-09-01,TI6,-13.966078263370314
2026-09-01,TI7,-2.09853921301066
2026-09-01,TIE,-3.4938584182603982
2026-09-01,TIL,1.4020724224238992
2026-09-01,TIP,1786.8969629722849
2026-09-01,TIV,23.23542390994823
2026-09-01,TJB,0.0
2026-09-01,TJF,-1.7877484151401148
2026-09-01,TJI,-1.6882606084414158
2026-09-01,TJL,-0.000548905832768951
2026-09-01,TJT,-2.3017621237591093
2026-09-01,TKF,-1.2733962810047004
2026-09-01,TKH,-0.008214400573030408
2026-09-01,TKK,-2.3395334406439687
2026-09-01,TKM,2.389729350890763
2026-09-01,TLC,47.80024855062318
2026-09-01,TLE,-0.4007997297295243
2026-09-01,TLH,-2.1542641983333435
2026-09-01,TLK,6.380829261498865
2026-09-01,TLT,0.0
2026-09-01,TLU,0.0
2026-09-01,TLV,-0.42614925630831507
2026-09-01,TLY,5.792606748643467
2026-09-01,TLZ,8.239208871598073
2026-09-01,TMC,21.986921921349783
2026-09-01,TMG,3.503738168459565
2026-09-01,TMM,32.922949830463686
2026-09-01,TMR,-1.1398933823014759
2026-09-01,TMS,1.3526034556491924
2026-09-01,TMU,-3.195102765930259
2026-09-01,TMV,32.629060741284945
2026-09-01,TMZ,0.025209081688866555
2026-09-01,TNB,-3.4926669388250184
2026-09-01,TND,-1.3747013057584416
2026-09-01,TNF,0.0
2026-09-01,TNH,14084.656620203992
2026-09-01,TNI,-3.8690665214950446
2026-09-01,TNK,9.299441810771587
2026-09-01,TNS,0.0
2026-09-01,TO8,1.9329278603576532
2026-09-01,TOK,1.2083460792046448
2026-09-01,TOT,-2.1406939778452547
2026-09-01,TP1,0.0
2026-09-01,TP2,12.011711879118671
2026-09-01,TPC,-0.25474385629909696
2026-09-01,TPE,-2.7613896503148823
2026-09-01,TPF,-1.0988272632237195
2026-09-01,TPJ,-6.328859350654384
2026-09-01,TPL,-1.0057532493146413
2026-09-01,TPO,0.0
2026-09-01,TPP,-0.9579680866993049
2026-09-01,TPR,-85.1262030966287
2026-09-01,TPV,6.969755998848835
2026-09-01,TPZ,19.54982055110632
2026-09-01,TRJ,11.656510354552454
2026-09-01,TRN,0.0
2026-09-01,TRO,-11.332529309008207
2026-09-01,TRR,-2.193177344228686
2026-09-01,TRU,-0.7310269343093588
2026-09-01,TSI,2.316642517762977
2026-09-01,TSP,0.0
2026-09-01,TTA,-1.101240827705211
2026-09-01,TTE,0.6348596757024381
2026-09-01,TTL,-0.7172702000616936
2026-09-01,TTP,-0.11648904218691351
2026-09-01,TTS,0.0
2026-09-01,TTV,-4.886045438859507
2026-09-01,TTZ,0.0
2026-09-01,TUA,-2.7009600570362577
2026-09-01,TVE,-14.0313954738111
2026-09-01,TVN,36.43600992193382
2026-09-01,TYH,-7.355698449660536
2026-09-01,TZC,0.10728750419801636
2026-09-01,TZD,-0.7611274317115345
2026-09-01,TZH,0.0
2026-09-01,TZL,-0.16987212005590702
2026-09-01,TZP,-0.2024905923712397
2026-09-01,TZT,8.53247216204352
2026-09-01,TZV,36.862261355662376
2026-09-01,UAB,29.703658804803435
2026-09-01,UAP,0.0
2026-09-01,UCN,0.0060840100183358605
2026-09-01,UCP,-23.046167919971744
2026-09-01,UFH,0.0
2026-09-01,UHL,0.0
2026-09-01,UHS,0.0
2026-09-01,ULH,-1.3520908414165351
2026-09-01,ULL,0.0
2026-09-01,UNT,-1.260430419557112
2026-09-01,UP1,4.4406275613156225
2026-09-01,UP2,23.318911060339044
2026-09-01,UPD,-3.8586945394505467
2026-09-01,UPH,-61.19950629609181
2026-09-01,UPP,-4.689725929938701
2026-09-01,UPS,0.0
2026-09-01,URA,-10.810194595700146
2026-09-01,URC,-1.7779009522698188
2026-09-01,URD,-0.013753811536836753
2026-09-01,URG,0.0
2026-09-01,URM,85.01131120049057
2026-09-01,URS,0.0
2026-09-01,URV,0.0
2026-09-01,USS,0.0
2026-09-01,UST,0.0
2026-09-01,USY,-9.277291357632746
2026-09-01,UYH,-3.708187860924958
2026-09-01,UZY,36.33788523808191
2026-09-01,VAY,20.32178642147275
2026-09-01,VCD,-60.57481029583434
2026-09-01,VCG,-0.0803700931725325
2026-09-01,VCY,-7.318321206174802
2026-09-01,VFK,-0.33445503986710395
2026-09-01,VFO,545.907568720291
2026-09-01,VFS,0.0
2026-09-01,VHS,10.289051325908668
2026-09-01,VK6,-7.899492449522491
2026-09-01,VKI,-80.32758752532843
2026-09-01,VKK,61.19307951590086
2026-09-01,VKT,21.307846535970075
2026-09-01,VKV,90.67816846990769
2026-09-01,VLT,7.309820786287687
2026-09-01,VMV,22.33812372385995
2026-09-01,VNK,3.4922746813912657
2026-09-01,VPA,-27.270637793752435
2026-09-01,VPP,12.783956386976152
2026-09-01,VPS,-21.382461461576202
2026-09-01,VRK,-15.84352549135781
2026-09-01,VTF,0.0
2026-09-01,VTL,32.85442169586844
2026-09-01,YA1,56.88181330121924
2026-09-01,YAC,-2.746529270467244
2026-09-01,YAE,-31.837420525159153
2026-09-01,YAK,-1.5123090491264994
2026-09-01,YAN,-1.568426438151906
2026-09-01,YAR,0.0
2026-09-01,YAS,-2.551459624920079
2026-09-01,YAY,0.643155491447626
2026-09-01,YBE,-0.587757816576497
2026-09-01,YBH,-6.756638740870096
2026-09-01,YBJ,0.0
2026-09-01,YBP,-0.7178091445090911
2026-09-01,YBR,7.325112979973701
2026-09-01,YBS,-2.8096173767673243
2026-09-01,YCG,0.0
2026-09-01,YCH,-2.185763123082679
2026-09-01,YCK,0.5048971162062846
2026-09-01,YCL,-15.647316473234413
2026-09-01,YCP,0.9350884189466826
2026-09-01,YCY,15.730778178702096
2026-09-01,YDH,26.81326085823215
2026-09-01,YDI,-0.28440528303187596
2026-09-01,YDK,-0.32087880174171735
2026-09-01,YDL,0.0
2026-09-01,YDM,0.0
2026-09-01,YDP,2.59168966991184
2026-09-01,YDZ,-1.4309302800680082
2026-09-01,YEF,6.4993872931782315
2026-09-01,YFV,-0.6987131225502557
2026-09-01,YGM,-5.358656041712593
2026-09-01,YHB,-4.8759864365581835
2026-09-01,YHI,-3.9761682565092986
2026-09-01,YHK,-20.6295698114335
2026-09-01,YHP,-2.7242648072443445
2026-09-01,YHS,-5.65025719494118
2026-09-01,YHT,14.875458028022129
2026-09-01,YHY,0.0
2026-09-01,YHZ,14.4122483308218
2026-09-01,YIK,-47.722295851756904
2026-09-01,YIS,0.014543852325876063
2026-09-01,YIT,-4.370969626415961
2026-09-01,YIV,0.0
2026-09-01,YJA,0.0
2026-09-01,YJH,-4.7740098456685915
2026-09-01,YJK,-1.0374631316328715
2026-09-01,YJU,0.0
2026-09-01,YJY,-0.4495154577208979
2026-09-01,YKS,-0.5268026600780823
2026-09-01,YKT,-1.9788610419673953
2026-09-01,YLB,15.528149535811167
2026-09-01,YLC,-14.635877182877294
2026-09-01,YLE,-24.45943720500762
2026-09-01,YLO,-3.055918662291693
2026-09-01,YLR,0.0
2026-09-01,YLY,-12.283728953997873
2026-09-01,YLZ,10.620828738764567
2026-09-01,YMD,0.8477534610055053
2026-09-01,YMH,-8.571292639238777
2026-09-01,YMP,42.19335575490238
2026-09-01,YNF,5821.4381409407815
2026-09-01,YNK,1.069583294717547
2026-09-01,YNL,0.0
2026-09-01,YOA,-0.24363228840559645
2026-09-01,YOS,-5.357703973975092
2026-09-01,YOT,3.080444502023619
2026-09-01,YOZ,5.968656570181598
2026-09-01,YP1,0.0
2026-09-01,YP2,0.0
2026-09-01,YP4,-1.2869199665133568
2026-09-01,YPC,-6.718708242513443
2026-09-01,YPD,0.0
2026-09-01,YPF,-3.7726010282015126
2026-09-01,YPI,-2.3264542215063377
2026-09-01,YPK,-3.2559990467091744
2026-09-01,YPL,0.14876605829997142
2026-09-01,YPN,9.481522948079615
2026-09-01,YPP,0.0
2026-09-01,YPR,-2.8337463898129043
2026-09-01,YPT,2.9555311705295777
2026-09-01,YPU,10.605832146881305
2026-09-01,YPV,-1.3659388455639165
2026-09-01,YRZ,-0.21378145630011067
2026-09-01,YSA,22.90568269417655
2026-09-01,YSH,20.643872118690123
2026-09-01,YSL,-0.4000211671998141
2026-09-01,YSO,17.284003105530484
2026-09-01,YSU,-1.2024771762801922
2026-09-01,YTD,-0.5864511615354612
2026-09-01,YTJ,0.0
2026-09-01,YTO,0.0
2026-09-01,YTR,0.0
2026-09-01,YTV,-12.108650399399618
2026-09-01,YTY,6.9981554996149855
2026-09-01,YUB,-3.6476580839998065
2026-09-01,YUD,-1.4143094636510498
2026-09-01,YUI,0.0
2026-09-01,YUK,-0.010549603338671798
2026-09-01,YUN,3.539356973441992
2026-09-01,YUY,0.0
2026-09-01,YVB,9.041763888770948
2026-09-01,YVD,10.362007198498047
2026-09-01,YVF,0.0
2026-09-01,YVG,0.8650822282344262
2026-09-01,YVO,0.0
2026-09-01,YVS,0.0
2026-09-01,YZC,0.3798257753815102
2026-09-01,YZF,0.0
2026-09-01,YZG,-2.8190446254274066
2026-09-01,YZH,2.5878348580455093
2026-09-01,YZK,-1.5424055159287795
2026-09-01,YZL,-4.453224115960549
2026-09-01,YZT,56.92402372751801
2026-09-01,ZA2,-14.884875907331862
2026-09-01,ZAD,23.365309561601862
2026-09-01,ZAV,-2.0429291545441273
2026-09-01,ZAY,-10.209447432417775
2026-09-01,ZBD,-0.36329997714638046
2026-09-01,ZBI,-11.357698317180281
2026-09-01,ZBJ,27.127079561476826
2026-09-01,ZBN,-3.385520924377862
2026-09-01,ZBO,0.0147157701411255
2026-09-01,ZBZ,0.0
2026-09-01,ZCA,0.0
2026-09-01,ZCB,-64.29966852752946
2026-09-01,ZCC,0.0
2026-09-01,ZCD,-1.384681172840091
2026-09-01,ZCE,0.0
2026-09-01,ZCF,0.0
2026-09-01,ZCG,23.57995313853192
2026-09-01,ZCH,0.0
2026-09-01,ZCK,2.4536833032594894
2026-09-01,ZCN,10.456390762942865
2026-09-01,ZDD,0.006256878641945978
2026-09-01,ZDK,0.0
2026-09-01,ZDZ,-1.3497985193053033
2026-09-01,ZFB,-1.5066177909954297
2026-09-01,ZFZ,0.0
2026-09-01,ZHH,3.777393391285324
2026-09-01,ZIH,3639.426246475039
2026-09-01,ZJB,-3.3328269941001696
2026-09-01,ZJH,0.0
2026-09-01,ZJI,-3.063700082034518
2026-09-01,ZJL,-1.1381246015792141
2026-09-01,ZJT,0.0
2026-09-01,ZJV,0.04378213074836157
2026-09-01,ZK1,9.292590092934066
2026-09-01,ZK2,-34.07335235063481
2026-09-01,ZKK,0.0
2026-09-01,ZLB,-3.2745446898481854
2026-09-01,ZLG,0.0
2026-09-01,ZLH,0.20214139389773406
2026-09-01,ZMT,2.0505792996010035
2026-09-01,ZMU,2.716860287356024
2026-09-01,ZMY,-1.187946060884679
2026-09-01,ZNF,0.0
2026-09-01,ZOS,0.0
2026-09-01,ZP1,0.0
2026-09-01,ZP2,0.0
2026-09-01,ZP3,0.0
2026-09-01,ZP6,-12.420005518648805
2026-09-01,ZP7,-15.361488686337033
2026-09-01,ZP8,4.092520414076664
2026-09-01,ZP9,-0.1245404249358084
2026-09-01,ZPA,32.47507923909674
2026-09-01,ZPC,-0.2895492148204019
2026-09-01,ZPE,-0.2380860039861052
2026-09-01,ZPF,0.028156277991723898
2026-09-01,ZPG,-1.122744054791381
2026-09-01,ZPH,66.4007357439059
2026-09-01,ZPJ,-6.189792254915699
2026-09-01,ZPK,16.91838495522505
2026-09-01,ZPN,-1.479709629123418
2026-09-01,ZPO,277.6967826940792
2026-09-01,ZPR,79.34040240309638
2026-09-01,ZR2,0.0
2026-09-01,ZR3,0.009892685663349015
2026-09-01,ZSB,5.055613402708122
2026-09-01,ZSF,-1.0176838096517686
2026-09-01,ZSG,-0.2595914215063975
2026-09-01,ZSK,0.0
2026-09-01,ZSN,0.0
2026-09-01,ZTF,0.0
2026-09-01,ZTG,-17.43154751872433
2026-09-01,ZTV,9067.333539424573
2026-09-01,ZUD,0.0
2026-09-01,ZUE,0.0
2026-09-01,ZUS,-2.6828982294566095
2026-09-01,ZVB,-0.25042841113054065
2026-09-01,ZVO,-1.069741102766474
2026-09-01,ZYC,0.0
2026-09-01,ZYD,0.0
2026-09-01,ZZL,0.0
2026-09-01,FDY,-2.200567040828485
2026-09-01,ZJR,0.0
2026-09-01,DKY,0.0
2026-09-01,FKH,-21.03063796531407
2026-09-02,AAL,-8.943921543095904
2026-09-02,AAS,-2.8953298514265575
2026-09-02,AAV,-6.961466832835023
2026-09-02,ABG,-2.683199854204366
2026-09-02,ABJ,0.0
2026-09-02,ABU,0.0
2026-09-02,AC1,4.308509499624561
2026-09-02,AC2,221.77365874890356
2026-09-02,AC3,0.0
2026-09-02,AC4,10.001424772209873
2026-09-02,AC5,1.7363468806618032
2026-09-02,AC6,0.3173914188495777
2026-09-02,AC7,-7.923483256245042
2026-09-02,AC8,-0.2067282605812638
2026-09-02,ACC,-37.66161414631533
2026-09-02,ACD,0.10495052087439889
2026-09-02,ACN,0.0
2026-09-02,ACU,-0.7915929657846482
2026-09-02,ADE,-4.582306611162484
2026-09-02,ADP,-9.236141764160822
2026-09-02,AED,2.2741310934651047
2026-09-02,AES,-6.7565113764469995
2026-09-02,AEV,-0.11904307963986403
2026-09-02,AFA,0.9155424656028931
2026-09-02,AFO,-2.3161055902696743
2026-09-02,AFS,2.2499206407617396
2026-09-02,AFT,-2.3355151808924224
2026-09-02,AFV,1.6183800194812445
2026-09-02,AGC,-14.747313577385066
2026-09-02,AHH,0.0
2026-09-02,AHI,-0.08922185287268222
2026-09-02,AHN,-2.4358499750370624
2026-09-02,AHU,-32.565244737805784
2026-09-02,AHV,3.161162334343523
2026-09-02,AHZ,83.13259916268045
2026-09-02,AI1,1.1750896881836506e-06
2026-09-02,AIH,-1.6074897894753397
2026-09-02,AII,0.0
2026-09-02,AIM,0.0
2026-09-02,AIR,0.4475102990156547
2026-09-02,AIS,12.128192250122693
2026-09-02,AJ1,-36.27075033790989
2026-09-02,AJE,-6.789385683552409
2026-09-02,AJK,5.140849979471206
2026-09-02,AJL,-6.782163443091678
2026-09-02,AJN,-4.601240758015846
2026-09-02,AK2,48.21601211964544
2026-09-02,AK3,4.171102461298353
2026-09-02,AKE,0.36661225358842325
2026-09-02,AKU,-4.452254874873045
2026-09-02,AL4,0.0
2026-09-02,AL5,-2.3456047281069066
2026-09-02,AL6,0.0
2026-09-02,AL7,20.90608209816788
2026-09-02,ALC,-0.8015786997515725
2026-09-02,ALE,0.22260588155640243
2026-09-02,AN1,0.7306820416041397
2026-09-02,ANL,15.268407825097437
2026-09-02,ANZ,-1.9484213825723555
2026-09-02,AOJ,-0.7661809061816705
2026-09-02,AOY,-8.264336800497597
2026-09-02,AP2,-3.063663628653272
2026-09-02,AP4,0.0
2026-09-02,AP5,3.355526765477592
2026-09-02,AP6,-1.7799893340105483e-05
2026-09-02,AP7,-4.282440187765142
2026-09-02,APJ,-4.285123240257045
2026-09-02,APP,0.0
2026-09-02,APT,37.28564765049633
2026-09-02,ARE,23.11425167449038
2026-09-02,ARF,0.0
2026-09-02,ARL,-1.6746690285697492
2026-09-02,ARM,-5.334162647601131
2026-09-02,ARP,0.0
2026-09-02,AS1,-9.360429522113838
2026-09-02,AS3,0.0
2026-09-02,ASJ,-3.514880633029803
2026-09-02,ATJ,-0.010091969090862156
2026-09-02,AU1,23.489542688746045
2026-09-02,AUV,-36.048118958472294
2026-09-02,AVC,0.0
2026-09-02,AVT,17.798580263938202
2026-09-02,AVZ,0.0
2026-09-02,AY6,0.0
2026-09-02,AY7,0.0
2026-09-02,AYA,-3.0939824566970255
2026-09-02,AYR,0.18742225915268237
2026-09-02,AZF,0.0
2026-09-02,AZJ,32.69051962071892
2026-09-02,AZV,-0.11007252667999354
2026-09-02,AZZ,-9.357309103141568e-05
2026-09-02,BA1,1.0548922070181868
2026-09-02,BAC,2.869610970989303
2026-09-02,BAG,-1.8045339558550206
2026-09-02,BAI,66.19528479226095
2026-09-02,BAL,0.0
2026-09-02,BAO,0.0
2026-09-02,BAS,0.0
2026-09-02,BBF,2.357334024882172
2026-09-02,BBI,0.0
2026-09-02,BBN,0.0
2026-09-02,BBO,0.0
2026-09-02,BBP,-3.9613453816430146
2026-09-02,BBS,90.0270992783879
2026-09-02,BCC,-0.03533534146443131
2026-09-02,BCK,-13.543622722721882
2026-09-02,BCO,253.14536293396657
2026-09-02,BDA,26.93452798885409
2026-09-02,BDC,-6.711822925579725
2026-09-02,BDI,-1.7687345389831906e-09
2026-09-02,BDO,-37.41685087698642
2026-09-02,BDS,-19.995838876347914
2026-09-02,BDY,4.573910517634042
2026-09-02,BFE,7.713390875197332
2026-09-02,BFO,0.0
2026-09-02,BFS,40.825621385079394
2026-09-02,BFT,-30.265071918779324
2026-09-02,BGH,0.0
2026-09-02,BGP,-3.2833581332893553
2026-09-02,BGR,11.348334970107853
2026-09-02,BHA,-0.18564389259462388
2026-09-02,BHE,1.8452998498507105
2026-09-02,BHF,-9.481717569444072
2026-09-02,BHH,-9.504035314750092e-07
2026-09-02,BHI,22.540765014829052
2026-09-02,BHL,21.542467800450737
2026-09-02,BHN,-0.5499482971461394
2026-09-02,BHO,0.0
2026-09-02,BI5,0.0
2026-09-02,BIA,236.259550027874
2026-09-02,BID,-1.280507028352712
2026-09-02,BIG,-2.0431965595699655
2026-09-02,BIH,0.004890893618071497
2026-09-02,BIK,0.012496170287220281
2026-09-02,BIO,-9.26630959608355
2026-09-02,BIP,120.84025974034867
2026-09-02,BIS,-0.6758216101614539
2026-09-02,BIY,1.3783769777546615
2026-09-02,BJD,-6.69688077956241
2026-09-02,BKO,-0.08205822326245085
2026-09-02,BKY,21.734375498355778
2026-09-02,BLA,0.0
2026-09-02,BLD,-5.963759278349805
2026-09-02,BLT,19.04966979923891
2026-09-02,BMU,-56.70406387351434
2026-09-02,BNC,-9.906250404275418
2026-09-02,BNH,6.3949314880143175
2026-09-02,BOH,0.0
2026-09-02,BOL,29.925024768181206
2026-09-02,BON,-88.82794920429785
2026-09-02,BOP,4.901215394907291
2026-09-02,BOS,-1.7830445514593323
2026-09-02,BP5,-67.85581783306563
2026-09-02,BPD,0.0
2026-09-02,BPZ,94.06791412604834
2026-09-02,BRB,-13.21975791853069
2026-09-02,BRC,-14.95844708355347
2026-09-02,BRF,-5.207919105767433
2026-09-02,BRG,11.753131903417666
2026-09-02,BRH,-4.430989491138011
2026-09-02,BRR,1058.660634873571
2026-09-02,BRT,-17.21669953808732
2026-09-02,BRZ,-13.700944904134873
2026-09-02,BS1,3103.2619573026172
2026-09-02,BSA,0.0
2026-09-02,BSC,-0.00010840695857788015
2026-09-02,BSD,17.730625580356335
2026-09-02,BSE,-2.3561137765965418e-06
2026-09-02,BSF,0.0
2026-09-02,BSH,24.376759324517305
2026-09-02,BSM,-8.710844459391849
2026-09-02,BSN,0.0
2026-09-02,BST,-10.007341536561238
2026-09-02,BTE,-10.696005209061854
2026-09-02,BTJ,-1.8064898951457748
2026-09-02,BTK,7.004138918757327
2026-09-02,BTP,-22.07740477609463
2026-09-02,BTY,0.0
2026-09-02,BTZ,-14.366676379054063
2026-09-02,BUB,-25.25694505632572
2026-09-02,BUC,-87.60078125539071
2026-09-02,BUP,0.0
2026-09-02,BUT,-21.709040550736468
2026-09-02,BUV,-25.17873921390373
2026-09-02,BUY,-5.530195691428592
2026-09-02,BV1,-0.5664231294376242
2026-09-02,BVB,0.0
2026-09-02,BVC,0.0
2026-09-02,BVD,-4.247488373122291
2026-09-02,BVF,7.062188745532804
2026-09-02,BVH,0.0
2026-09-02,BVI,-5.197385826995708
2026-09-02,BVK,-78.4650405733077
2026-09-02,BVM,-10.333009557039961
2026-09-02,BVT,0.0
2026-09-02,BVV,16.79637995458791
2026-09-02,BVZ,9.352557911240847
2026-09-02,BYZ,-0.002995972233371095
2026-09-02,CAH,-45.51755017083984
2026-09-02,CBD,623.9831983016315
2026-09-02,CBN,0.0
2026-09-02,CBO,0.0
2026-09-02,CEY,0.0
2026-09-02,CFO,-45.222911994344706
2026-09-02,CGD,0.0
2026-09-02,CHY,0.0379897259068444
2026-09-02,CIN,-5.605695681239196
2026-09-02,CJD,29771.36369518241
2026-09-02,CJF,-15.527332202587738
2026-09-02,CJG,0.0
2026-09-02,CJH,-2.5377677852244203
2026-09-02,CKF,-0.07703613653695103
2026-09-02,CKL,6.793267884731057
2026-09-02,CKS,1.7311530693606545
2026-09-02,COT,0.5676141052677076
2026-09-02,CPT,-8.449184354285487
2026-09-02,CPU,11.83053066904676
2026-09-02,CRL,0.0
2026-09-02,CSD,0.0
2026-09-02,CSH,-1.1075408386649534e-06
2026-09-02,CTF,0.0
2026-09-02,CTG,0.0
2026-09-02,CTM,0.0
2026-09-02,CTP,0.0
2026-09-02,CTV,0.0
2026-09-02,CVA,0.0
2026-09-02,CVB,0.0
2026-09-02,CVC,0.0
2026-09-02,CVD,0.0
2026-09-02,CVE,0.0
2026-09-02,CVF,0.0
2026-09-02,CVK,-0.8138571258738171
2026-09-02,CVL,314.80185699823085
2026-09-02,CYD,2.57220474907123
2026-09-02,DA1,-58.46295207211769
2026-09-02,DAC,0.0
2026-09-02,DAE,12.294799982752576
2026-09-02,DAH,-3.7627042701448996
2026-09-02,DAI,-0.6068692898368324
2026-09-02,DAL,0.7890316474349091
2026-09-02,DAP,3550.499061773595
2026-09-02,DAS,-3.109046378376053
2026-09-02,DAT,-18.36775359937584
2026-09-02,DAV,4.341207921920849
2026-09-02,DAZ,0.0
2026-09-02,DB2,-4.388421976613374
2026-09-02,DBA,-2.819083917490024
2026-09-02,DBB,10.595977099770034
2026-09-02,DBG,0.1287851398052439
2026-09-02,DBH,-2.90704356843795
2026-09-02,DBK,-4.136014869573124
2026-09-02,DBP,-1.447998174336974
2026-09-02,DBZ,-5.337382966897391
2026-09-02,DCB,10.784031371332912
2026-09-02,DCD,0.0
2026-09-02,DCE,0.0
2026-09-02,DCN,119.25785414222699
2026-09-02,DCP,-0.9112861656793082
2026-09-02,DCV,-0.037354128840135746
2026-09-02,DDA,11.08394207361958
2026-09-02,DDC,-5.281473304606093
2026-09-02,DDE,0.0
2026-09-02,DDF,17.463907067234548
2026-09-02,DDP,0.0
2026-09-02,DEF,-1.1538006807664372
2026-09-02,DEH,153.05178887546413
2026-09-02,DEI,0.0
2026-09-02,DFC,-33.52533436665386
2026-09-02,DFD,-0.2961661127084394
2026-09-02,DFI,-16.815802514529164
2026-09-02,DFO,0.24274233710737614
2026-09-02,DGF,-75.62606297603394
2026-09-02,DGH,0.6504846626012565
2026-09-02,DHI,11.755507612979937
2026-09-02,DHJ,1.3858062639683726
2026-09-02,DHM,-10.51185838605721
2026-09-02,DHP,0.0
2026-09-02,DHS,0.0
2026-09-02,DHT,16.535585498531987
2026-09-02,DHV,-20.862677818144583
2026-09-02,DID,1.9578064925057785
2026-09-02,DIH,0.0
2026-09-02,DIM,0.0
2026-09-02,DIP,-7.287734300426712
2026-09-02,DK1,1.6782300850669212
2026-09-02,DK8,67.6000761885248
2026-09-02,DKA,0.0
2026-09-02,DKC,1.574312952199721
2026-09-02,DKH,-2.7249891413699308
2026-09-02,DKL,-1.2005389777385025
2026-09-02,DKP,-0.7287178348877016
2026-09-02,DKR,-66.21758339284786
2026-09-02,DKS,0.0
2026-09-02,DL2,-49.24099071590364
2026-09-02,DLD,5.346524254984792
2026-09-02,DLG,-1.8429662679289287
2026-09-02,DLN,56.27170776901659
2026-09-02,DLY,-11.445413248280962
2026-09-02,DLZ,2.8885648611917256
2026-09-02,DMG,-1.5174140828371923
2026-09-02,DMI,167.5001987675158
2026-09-02,DMR,0.0
2026-09-02,DMV,0.0
2026-09-02,DMZ,0.0
2026-09-02,DNA,0.0
2026-09-02,DNF,879.6934478856699
2026-09-02,DNH,-9.403044629188226
2026-09-02,DNK,-0.4271953817510221
2026-09-02,DNL,0.0
2026-09-02,DNM,1.6559659460882665
2026-09-02,DNP,100.99226509102755
2026-09-02,DNU,0.0
2026-09-02,DOC,-6.823739829650835e-05
2026-09-02,DOD,-24.098550220769596
2026-09-02,DOH,2754.021551308245
2026-09-02,DOL,11.081212379639636
2026-09-02,DOR,-0.00924739087772698
2026-09-02,DOS,0.0
2026-09-02,DOV,-0.9150258656571845
2026-09-02,DP1,0.0
2026-09-02,DP2,2.8609395224090663
2026-09-02,DP3,-0.15448538515370167
2026-09-02,DP4,-0.8970667879569728
2026-09-02,DP5,0.0
2026-09-02,DP6,-0.025098080578066867
2026-09-02,DP7,0.0
2026-09-02,DP8,0.0
2026-09-02,DP9,0.0
2026-09-02,DPB,-17.176209893510638
2026-09-02,DPC,-0.8713941574957069
2026-09-02,DPE,0.0
2026-09-02,DPG,0.0
2026-09-02,DPI,-18.75185398541264
2026-09-02,DPK,-7.7709692985840535
2026-09-02,DPL,0.0
2026-09-02,DPN,0.0
2026-09-02,DPP,-74.4656789290571
2026-09-02,DPT,-3.439190637556338
2026-09-02,DPZ,0.0
2026-09-02,DRA,-1.3967170749815234
2026-09-02,DRD,-0.3253270760281363
2026-09-02,DRH,-5.8246590439178535e-06
2026-09-02,DRT,-8.705286006165752
2026-09-02,DSC,0.0
2026-09-02,DSD,-20.563540382902225
2026-09-02,DSH,31.06887166220904
2026-09-02,DSP,-1.2139286337731232
2026-09-02,DSV,-69.54564114658422
2026-09-02,DTH,-0.3293654652926403
2026-09-02,DTL,-1.1837585158635915
2026-09-02,DTM,-5.062105310697574
2026-09-02,DTO,-0.022850537108666087
2026-09-02,DTP,0.0
2026-09-02,DTV,0.0
2026-09-02,DTZ,3.763131450045107
2026-09-02,DUC,0.0
2026-09-02,DUD,6.862013120394642
2026-09-02,DUH,-105.79550730191363
2026-09-02,DUT,-0.0008733785951140911
2026-09-02,DUV,6.395484775958334
2026-09-02,DVC,0.0
2026-09-02,DVI,0.0
2026-09-02,DVN,0.0
2026-09-02,DVO,0.0
2026-09-02,DVS,28.807951000157452
2026-09-02,DVT,-0.40451938495341333
2026-09-02,DVU,-2.771303392832728
2026-09-02,DVZ,0.0
2026-09-02,DXP,-7.399952226072033
2026-09-02,DYJ,0.0
2026-09-02,DYN,-0.6310737174990503
2026-09-02,DYS,0.0
2026-09-02,DZ2,0.0
2026-09-02,DZE,-5.658592983309782
2026-09-02,DZM,-15.684992051560325
2026-09-02,DZP,0.0
2026-09-02,DZS,-3.130420595832856
2026-09-02,EBD,-3.5304819466578152
2026-09-02,EBI,2.595938603825888
2026-09-02,EBS,3.6784741663582268
2026-09-02,EC2,-4.609165131317809
2026-09-02,ECA,16.469976992950684
2026-09-02,ECB,8.383921940799954
2026-09-02,ECV,11.230504140349478
2026-09-02,EDD,41.067748149022485
2026-09-02,EDN,22.320643553426002
2026-09-02,EDP,18.497663641175997
2026-09-02,EDT,-4.718193561870494
2026-09-02,EDU,-0.046657715812061434
2026-09-02,EES,0.1834900635895008
2026-09-02,EGP,0.0
2026-09-02,EGR,12.778228404087793
2026-09-02,EHS,0.0
2026-09-02,EIB,-4.209177535567336
2026-09-02,EID,-4.202797241866143
2026-09-02,EIL,-2.8643836983867175
2026-09-02,EJG,0.0
2026-09-02,EKF,-14.121883875274726
2026-09-02,EKL,-18.973576842248775
2026-09-02,ELZ,-29.938710160714376
2026-09-02,EME,-0.05313855916748803
2026-09-02,EML,-1.5773293743154664
2026-09-02,ENA,50.03527758066738
2026-09-02,ENJ,-1.0656470986508872
2026-09-02,ENO,10.152049136197727
2026-09-02,ENR,57.66201775180277
2026-09-02,ENS,5.861390733374872
2026-09-02,EP1,21.356119792601795
2026-09-02,EPA,2.2543944343739897
2026-09-02,EPI,0.6012455864213294
2026-09-02,EPK,-10.873547722847295
2026-09-02,EPO,0.0
2026-09-02,EPP,-1.7447169787774137
2026-09-02,EPT,13.147051747710147
2026-09-02,ESG,-0.28277001787539047
2026-09-02,ESN,0.0
2026-09-02,ESP,-4.943431466619242
2026-09-02,ETN,10.604471563985443
2026-09-02,EUN,-2.540074991137952
2026-09-02,EUZ,1.3102567290725746
2026-09-02,EVM,9.548313261263235
2026-09-02,EYT,-2.618671844827332
2026-09-02,EZM,0.0
2026-09-02,FAK,-23.44394149573434
2026-09-02,FAL,-1.6975485249208735
2026-09-02,FBC,-4.337546245206584
2026-09-02,FBI,12.41156849880646
2026-09-02,FBN,1008.8394806255031
2026-09-02,FBV,-0.39719890076662223
2026-09-02,FBZ,8.228970023466738
2026-09-02,FCK,-3.453780228679814
2026-09-02,FCS,-16.98384311045819
2026-09-02,FD1,-7.024548692830714
2026-09-02,FDE,-0.0767689750564957
2026-09-02,FDG,-40.91488445173025
2026-09-02,FDO,0.0
2026-09-02,FDV,0.0
2026-09-02,FDZ,0.0
2026-09-02,FFD,-17.969150494135544
2026-09-02,FFF,0.0
2026-09-02,FFH,-3.2874524212728677
2026-09-02,FFO,0.0
2026-09-02,FFP,-16.495211334758242
2026-09-02,FHI,-1.388220665264055
2026-09-02,FHP,-37.66767529836283
2026-09-02,FHZ,0.0
2026-09-02,FI3,6.479152444929887
2026-09-02,FI5,5.569272262974186
2026-09-02,FIB,-0.3671722945570126
2026-09-02,FID,-5.43688176251148
2026-09-02,FIL,2.104263814971878
2026-09-02,FIT,26.579449592163286
2026-09-02,FJB,-0.8025556347178278
2026-09-02,FJC,0.0
2026-09-02,FJM,-6.822294604579334
2026-09-02,FJN,0.0
2026-09-02,FJZ,-2.4372282922687236
2026-09-02,FKE,0.4788454284009041
2026-09-02,FKV,-0.5006340660489053
2026-09-02,FLS,2.9724557920438195
2026-09-02,FLY,15.17445464637491
2026-09-02,FMG,3.986493258995921
2026-09-02,FMS,0.0
2026-09-02,FMV,0.0072281879683943505
2026-09-02,FNO,-3.333812472154264
2026-09-02,FNT,1.9225854760475256
2026-09-02,FP4,-28.86059239501742
2026-09-02,FPE,-2.023107673339827
2026-09-02,FPG,-6.001665740783771
2026-09-02,FPH,-2.611061942398185
2026-09-02,FPI,-16.82423270126093
2026-09-02,FPK,-13.706842946059899
2026-09-02,FPR,-1.1511136255495387
2026-09-02,FPZ,-2.6047474088374374
2026-09-02,FR1,0.0
2026-09-02,FRA,0.0
2026-09-02,FRC,-12.247350092327201
2026-09-02,FRZ,0.0
2026-09-02,FS1,-6.1895118260730975
2026-09-02,FS2,4.716175547624083
2026-09-02,FS3,0.0
2026-09-02,FS4,0.0
2026-09-02,FS5,126.07592164503869
2026-09-02,FS6,46.781406104586885
2026-09-02,FSF,-3.7291955559683267
2026-09-02,FSG,-6.886628592644159
2026-09-02,FSH,-4.974241572499644
2026-09-02,FSK,19.25548814458714
2026-09-02,FSM,0.03488121532007406
2026-09-02,FSP,-58.26990464738925
2026-09-02,FSR,-7.0018710801582245
2026-09-02,FSU,93.28709981572423
2026-09-02,FSV,-0.40774198906794734
2026-09-02,FTL,-36.797002966870906
2026-09-02,FTY,-0.006059897313814282
2026-09-02,FUA,-2.0632827962655473
2026-09-02,FUB,0.11914913270920245
2026-09-02,FUM,0.0
2026-09-02,FUN,177.75740966723936
2026-09-02,FUP,-9.846000742841957
2026-09-02,FVL,-0.11588426476768432
2026-09-02,FYA,-1.9890188033145029
2026-09-02,FYB,0.0
2026-09-02,FYD,-8.105155014747695
2026-09-02,FYF,0.0025890045249267217
2026-09-02,FYG,0.0
2026-09-02,FYH,-2.267351116147618
2026-09-02,FYI,-55.25435565576312
2026-09-02,FYM,0.0
2026-09-02,FYO,12.280496639825959
2026-09-02,FYT,5.881145259041319
2026-09-02,FYZ,0.0
2026-09-02,FZJ,-2.6860603479500758
2026-09-02,FZP,-8.251142876712674
2026-09-02,GA1,2.2755825059087744
2026-09-02,GAC,0.0
2026-09-02,GAE,-4.357873977724158
2026-09-02,GAF,-3.2482199495989827
2026-09-02,GAG,2.098932317913294
2026-09-02,GAH,-3.98496103864828
2026-09-02,GAJ,0.0
2026-09-02,GAL,91.93677618153804
2026-09-02,GAN,0.0
2026-09-02,GAS,0.2512926683305183
2026-09-02,GAU,0.0
2026-09-02,GAV,0.0
2026-09-02,GBC,9.682440305090498
2026-09-02,GBG,9.651965824950736
2026-09-02,GBH,-1.2681358092344122
2026-09-02,GBJ,22.252794896901403
2026-09-02,GBL,-5.682115956973103
2026-09-02,GBN,-0.09046680489157292
2026-09-02,GBP,-1.5883370943130175
2026-09-02,GBV,-12.18988950302042
2026-09-02,GBZ,10.689903550775826
2026-09-02,GCA,-0.14131100743526614
2026-09-02,GCC,0.0
2026-09-02,GCD,22.112220701234843
2026-09-02,GCI,0.0
2026-09-02,GCZ,0.0
2026-09-02,GDJ,0.0
2026-09-02,GDP,0.0
2026-09-02,GEC,12.262058434269441
2026-09-02,GEI,0.0
2026-09-02,GEZ,0.0
2026-09-02,GFB,-1.9930663664773314
2026-09-02,GFD,-2.94709260209836
2026-09-02,GFI,0.0
2026-09-02,GFL,0.0
2026-09-02,GFN,0.0
2026-09-02,GFY,-2.9984290377006326
2026-09-02,GGA,-4.459385025978644
2026-09-02,GGC,0.0
2026-09-02,GGD,-4.654473139131889
2026-09-02,GGK,-3.308883409396564
2026-09-02,GGM,0.0
2026-09-02,GGN,0.0
2026-09-02,GGP,0.0
2026-09-02,GGR,-0.21312708971117822
2026-09-02,GHS,-17.750162071131992
2026-09-02,GID,-15.956375676972389
2026-09-02,GIE,-5.943865275096027
2026-09-02,GIH,-19.30508087796766
2026-09-02,GJA,0.0
2026-09-02,GJB,-4.843073880051688
2026-09-02,GJD,-0.4181415596597017
2026-09-02,GJE,0.0
2026-09-02,GJF,-0.5989119806147883
2026-09-02,GJH,-38.27012879805598
2026-09-02,GJM,-0.5978323245871638
2026-09-02,GJO,0.0
2026-09-02,GKF,0.13353789225324073
2026-09-02,GKG,-4.481021751940912
2026-09-02,GKH,4.742078412171726
2026-09-02,GKK,0.0
2026-09-02,GKL,0.0
2026-09-02,GKM,0.0
2026-09-02,GKV,4.014211569865336
2026-09-02,GL1,7.390484851768029
2026-09-02,GLC,0.8721232064670829
2026-09-02,GLG,-17.917849218483646
2026-09-02,GLL,2.1938924630455
2026-09-02,GLM,0.0
2026-09-02,GLP,0.0
2026-09-02,GLS,-2.408151903409205
2026-09-02,GLV,0.07720873074810679
2026-09-02,GMA,6.708983985317664
2026-09-02,GMC,-2.764440219849077
2026-09-02,GMD,396.5686261978574
2026-09-02,GME,0.0
2026-09-02,GMI,1.0190794403961643
2026-09-02,GMM,0.0
2026-09-02,GMN,-6.159624871740175
2026-09-02,GMO,-0.07228195555520946
2026-09-02,GMP,-1.2024473404015297
2026-09-02,GMR,-10.353541465039976
2026-09-02,GMZ,-2.2648544995130093
2026-09-02,GNH,16.01477971132031
2026-09-02,GNK,2.1718084442724916
2026-09-02,GNL,-3.5864747858334365
2026-09-02,GNP,552.3384124374309
2026-09-02,GNS,0.6728415072730299
2026-09-02,GNZ,-1.461407248818832
2026-09-02,GO1,-1.5089613846311938
2026-09-02,GO3,-3.0909440830683277
2026-09-02,GO4,-7.694717473379995
2026-09-02,GO6,-6.398704869051287
2026-09-02,GO9,-14.296511812727106
2026-09-02,GOF,8.33129958549261
2026-09-02,GOH,-4.056642245944427
2026-09-02,GOL,-2.7913517944248336
2026-09-02,GOP,11.723653802400658
2026-09-02,GP1,0.0
2026-09-02,GP3,4.761456560847656
2026-09-02,GPA,7.031854558129466
2026-09-02,GPB,-1.3026107480203548
2026-09-02,GPC,-2.1309893983735244
2026-09-02,GPF,9.315403009035633
2026-09-02,GPG,4.001832065753594
2026-09-02,GPH,0.0
2026-09-02,GPI,-1.6643602529619648
2026-09-02,GPJ,-6.822259414816589
2026-09-02,GPL,-0.46962042001693693
2026-09-02,GPM,0.0
2026-09-02,GPN,20.851512900479925
2026-09-02,GPT,-5.434309638667205
2026-09-02,GPU,-3.5092693227461447
2026-09-02,GPV,-0.670920526880615
2026-09-02,GPZ,84.11451951070859
2026-09-02,GRL,-9.992261818363602
2026-09-02,GRO,0.7644644618790174
2026-09-02,GRT,-5.905313182704935
2026-09-02,GSE,2.207220102207386
2026-09-02,GSG,0.0
2026-09-02,GSL,-53.735202255281976
2026-09-02,GSO,6636.818838275761
2026-09-02,GSP,7.984698015343277
2026-09-02,GSR,0.0
2026-09-02,GTA,-0.8006151736107567
2026-09-02,GTF,-1.6216017335774127
2026-09-02,GTH,-14.212693918550096
2026-09-02,GTK,0.0
2026-09-02,GTL,5.2738018051919155
2026-09-02,GTM,-10.09433245143872
2026-09-02,GTN,0.0
2026-09-02,GTY,-7.054178917615124
2026-09-02,GTZ,-4.575311618857046
2026-09-02,GUA,0.0
2026-09-02,GUB,16.5738589938628
2026-09-02,GUC,-29.206505251507263
2026-09-02,GUF,10.98599674012729
2026-09-02,GUH,3.470860556800917
2026-09-02,GUK,-0.4185825717409966
2026-09-02,GUM,-2.8381964751580617
2026-09-02,GUV,25.142675810124793
2026-09-02,GVA,-0.04215291460407754
2026-09-02,GVB,0.0
2026-09-02,GVC,0.0
2026-09-02,GVD,0.0
2026-09-02,GVI,-2.4725244751909483
2026-09-02,GVL,0.0
2026-09-02,GVZ,0.0
2026-09-02,GYC,0.0
2026-09-02,GYG,-0.8285756997459598
2026-09-02,GYK,2.64049644575738
2026-09-02,GYL,1.8920270821531666
2026-09-02,GYN,0.0
2026-09-02,GYR,-1.9770705947608467
2026-09-02,GZB,0.0
2026-09-02,GZD,0.0
2026-09-02,GZE,-3.5061559801102926
2026-09-02,GZG,10.03992323944814
2026-09-02,GZH,-10.342650914300282
2026-09-02,GZJ,-2.874362901174734
2026-09-02,GZL,0.34067049142695927
2026-09-02,GZM,53.10360254692843
2026-09-02,GZN,-2.5871501152428027
2026-09-02,GZO,0.0
2026-09-02,GZP,-1.5777712092417655
2026-09-02,GZR,-0.05777900118689763
2026-09-02,GZU,0.0
2026-09-02,GZV,-0.050056790926811756
2026-09-02,GZY,-11.14174858161947
2026-09-02,GZZ,-16.001769519109608
2026-09-02,HAE,-0.3572021800269989
2026-09-02,HAG,0.0
2026-09-02,HAI,42.611921446978265
2026-09-02,HAM,-1.1775790398295527
2026-09-02,HAR,-11.099142314749129
2026-09-02,HAT,-26.2388453363058
2026-09-02,HB1,-6.006926086471134
2026-09-02,HB2,-3.7721103236849873
2026-09-02,HBF,-3.59945947393114
2026-09-02,HBJ,0.0
2026-09-02,HBN,-6.621871352044355
2026-09-02,HBU,-1.8341566991749776
2026-09-02,HBV,-1.6870824972859791e-06
2026-09-02,HCV,-2.9708264330894756
2026-09-02,HDA,-29.482924154629153
2026-09-02,HDD,113.33684484546531
2026-09-02,HDE,2.2053860443050177
2026-09-02,HDH,-1.4345607376501023e-05
2026-09-02,HDJ,0.0
2026-09-02,HDK,-0.3784406701044066
2026-09-02,HDS,0.0
2026-09-02,HDV,1.5101081168752917
2026-09-02,HEH,-28.531827775741764
2026-09-02,HFA,0.0
2026-09-02,HFI,2.7693892785078527
2026-09-02,HFO,36.877708995091744
2026-09-02,HFR,-33.161816797799474
2026-09-02,HFV,-1.9780046570937546
2026-09-02,HFY,6.295233600813055
2026-09-02,HGC,0.30973923367797446
2026-09-02,HGH,-39.51376328291131
2026-09-02,HGJ,0.0
2026-09-02,HGM,-28.327751030722848
2026-09-02,HGR,53.22676356718992
2026-09-02,HGT,0.0
2026-09-02,HGU,0.0
2026-09-02,HGV,-10.282086853771835
2026-09-02,HIA,4.7397164009562145
2026-09-02,HIF,1.4295955683522983
2026-09-02,HIH,-9.03680932220919
2026-09-02,HII,0.0
2026-09-02,HIM,-2.454369332987918
2026-09-02,HIP,0.9497925709907235
2026-09-02,HIS,0.0
2026-09-02,HIZ,2.284254227179286
2026-09-02,HJA,0.0
2026-09-02,HJB,-30.466153459403166
2026-09-02,HKG,7.791953627019009
2026-09-02,HKH,-34.974029217084905
2026-09-02,HKJ,7.715139937771659
2026-09-02,HKM,-15.533108949439885
2026-09-02,HKP,-39.10091624971337
2026-09-02,HKR,-6.417449880148483
2026-09-02,HKV,9.198447215639064
2026-09-02,HLA,-0.014345800215740816
2026-09-02,HLL,9.250328008841434
2026-09-02,HLR,19.75952785247624
2026-09-02,HMC,14.891532626154483
2026-09-02,HME,2.8891930793175225
2026-09-02,HMG,12.99821396510806
2026-09-02,HMK,-49.73631034163948
2026-09-02,HML,90.15907760435724
2026-09-02,HMS,-8.864416745257271
2026-09-02,HMT,-0.0026461815593016094
2026-09-02,HMV,0.0
2026-09-02,HNS,0.09671775660711274
2026-09-02,HOA,5.444385852183589
2026-09-02,HOY,-2.6639771483600776
2026-09-02,HP3,103.46268068689086
2026-09-02,HPC,0.5037476689407618
2026-09-02,HPD,-4.043626633227884
2026-09-02,HPF,0.0
2026-09-02,HPH,-47.80942932171374
2026-09-02,HPI,0.0
2026-09-02,HPJ,-51.05270860163531
2026-09-02,HPL,0.0
2026-09-02,HPO,-8.203649197237956
2026-09-02,HPT,8.712541977783053
2026-09-02,HPV,-14.828885438186429
2026-09-02,HPZ,-0.010518402990430784
2026-09-02,HRZ,-32.30184483456909
2026-09-02,HSA,-1.9673158416224052
2026-09-02,HSL,0.16475467451424267
2026-09-02,HSP,1.6802593920065931
2026-09-02,HST,0.941578308087823
2026-09-02,HTF,-4.195006551035943
2026-09-02,HTJ,95.66902169413359
2026-09-02,HTK,9.015091770808608
2026-09-02,HTS,10.729902483288434
2026-09-02,HTZ,0.0
2026-09-02,HUI,0.0
2026-09-02,HUS,0.0
2026-09-02,HVA,-9.255041721262259
2026-09-02,HVB,0.0969369977457899
2026-09-02,HVC,-3.646593481463625e-05
2026-09-02,HVI,-1.9482540317908175
2026-09-02,HVK,-36.3336898014551
2026-09-02,HVL,0.0
2026-09-02,HVN,0.0
2026-09-02,HVS,-2.6603422441378597
2026-09-02,HVT,12.633196123037008
2026-09-02,HVU,-7.119657168045446
2026-09-02,HVV,0.0
2026-09-02,HVZ,-13.321140743151073
2026-09-02,HYK,0.4989217508696733
2026-09-02,HYP,0.0381183548276105
2026-09-02,HYU,-4.006966643339208
2026-09-02,HYV,-4.642937464102513
2026-09-02,HYY,0.0
2026-09-02,HZV,0.0
2026-09-02,IAC,0.0
2026-09-02,IAE,9.795464676112744
2026-09-02,IAI,0.0
2026-09-02,IAJ,0.0
2026-09-02,IAM,-7.119616279999172
2026-09-02,IAR,-1.3284058063852546
2026-09-02,IAS,0.0
2026-09-02,IAT,3.2141761820199384
2026-09-02,IAU,-8.855169866064537
2026-09-02,IAY,-10.764991747004075
2026-09-02,IBB,-7.640225616407611
2026-09-02,IBC,0.0
2026-09-02,IBE,0.0
2026-09-02,IBG,0.0
2026-09-02,IBJ,0.0
2026-09-02,IBK,-0.8016739933801462
2026-09-02,IBM,-3.2956461728115767
2026-09-02,IBP,0.0
2026-09-02,IBR,8.667392480303572
2026-09-02,ICA,-4.917377247185764
2026-09-02,ICC,-9.655283145224507
2026-09-02,ICD,-18.895346440810407
2026-09-02,ICE,26.269254052476974
2026-09-02,ICF,23.228136702661438
2026-09-02,ICG,0.0
2026-09-02,ICH,371.27865022522815
2026-09-02,ICN,105.10896718935454
2026-09-02,ICS,-12.045642208081393
2026-09-02,ICV,-18.05439009837381
2026-09-02,ICZ,2.6440788780335613
2026-09-02,IDD,-0.03395399243980861
2026-09-02,IDF,-6.249173034019249
2026-09-02,IDH,-6.444320106711975
2026-09-02,IDI,336.9267456046842
2026-09-02,IDL,9.197062805004268
2026-09-02,IDO,0.15323635606770983
2026-09-02,IDP,-15.12829511413919
2026-09-02,IDV,-0.9137233130282933
2026-09-02,IDY,-8.126592077903453
2026-09-02,IED,-6.8393980550389335
2026-09-02,IEN,-16.982830349185594
2026-09-02,IEV,47.31446507630923
2026-09-02,IEZ,0.08224894248020409
2026-09-02,IFD,0.0
2026-09-02,IFN,-12.192849300787142
2026-09-02,IFV,53.4370939305991
2026-09-02,IFY,0.0
2026-09-02,IGF,0.0
2026-09-02,IGL,1.5389579442674333
2026-09-02,IGM,1.5384247510624176
2026-09-02,IGZ,-68.82845333974775
2026-09-02,IH1,1.1929617037410232
2026-09-02,IHA,-10.302622852895915
2026-09-02,IHC,23.19815332783061
2026-09-02,IHK,-2.1570568720629946
2026-09-02,IHP,-4.066347581883907
2026-09-02,IHT,-4.01946119022019
2026-09-02,IHV,0.04021774216575311
2026-09-02,IHY,0.0
2026-09-02,IHZ,-4.520849858771924
2026-09-02,IIA,0.0
2026-09-02,IIC,0.0
2026-09-02,IIE,-7.468192358410489
2026-09-02,IIF,144.34254240933973
2026-09-02,IIH,-4.573632305340792
2026-09-02,IIN,12.300387108099276
2026-09-02,IIS,-1.731645952205749
2026-09-02,IJA,-13.104147092316126
2026-09-02,IJB,14.763531057078403
2026-09-02,IJC,-7.329038558995792
2026-09-02,IJE,-9.285429922984717
2026-09-02,IJF,0.0
2026-09-02,IJH,-29.936654319218125
2026-09-02,IJI,67.606948253548
2026-09-02,IJK,-0.8416701459418472
2026-09-02,IJL,0.0
2026-09-02,IJP,-1.8924923804818952
2026-09-02,IJT,86.30516433612411
2026-09-02,IJV,8.076841301173063
2026-09-02,IJZ,1.194455166125311
2026-09-02,IK2,0.0
2026-09-02,IKL,8.392279652546346
2026-09-02,IKP,-6.532456618194189
2026-09-02,IKV,-21.14744997663858
2026-09-02,ILC,0.0
2026-09-02,ILE,0.0
2026-09-02,ILH,23.420120977975426
2026-09-02,ILI,0.9290826664887702
2026-09-02,ILM,0.0
2026-09-02,ILP,-0.11428868152912314
2026-09-02,ILU,15.733494380155456
2026-09-02,ILZ,10.691891020899128
2026-09-02,IMB,-25.913704818872034
2026-09-02,IMF,0.0
2026-09-02,IMG,0.0
2026-09-02,IMH,0.0
2026-09-02,IML,-8.183400184825578
2026-09-02,IMO,0.0
2026-09-02,IMS,0.0
2026-09-02,IMT,0.0
2026-09-02,IMY,0.0
2026-09-02,IMZ,0.0
2026-09-02,INH,-6.737826043839328
2026-09-02,INV,0.0
2026-09-02,INZ,0.0014015640451123215
2026-09-02,IOG,-3.8920972461620233
2026-09-02,IOH,-7.204668936533001
2026-09-02,IOJ,0.0
2026-09-02,IOL,0.0
2026-09-02,IOM,-2.1143084448959004
2026-09-02,ION,0.0
2026-09-02,IOO,48.151786695108456
2026-09-02,IOP,-6.968591474966544
2026-09-02,IOT,0.0
2026-09-02,IOV,0.0
2026-09-02,IPA,0.0
2026-09-02,IPB,-3.4749809728659415
2026-09-02,IPC,0.0
2026-09-02,IPE,0.0
2026-09-02,IPF,0.0
2026-09-02,IPG,-1.5892345616474568
2026-09-02,IPJ,-4.316735970093069
2026-09-02,IPK,-0.7418738379953244
2026-09-02,IPO,0.0
2026-09-02,IPP,-6.210252668053222
2026-09-02,IPR,0.0
2026-09-02,IPU,0.0
2026-09-02,IPV,-1.517751763082651
2026-09-02,IRB,3.0563139731960067
2026-09-02,IRE,-2.0297704406193464
2026-09-02,IRF,-6.682747936989982
2026-09-02,IRL,-0.3128882309259273
2026-09-02,IRO,-2.6517279134896503
2026-09-02,IRT,-3.6162395274961656
2026-09-02,IRV,41.45301657487225
2026-09-02,IRY,-4.793023213512761
2026-09-02,ISR,0.0
2026-09-02,ISS,0.0
2026-09-02,IST,15.60099733215761
2026-09-02,ITA,0.0
2026-09-02,ITC,-1.780374438156989
2026-09-02,ITD,0.0
2026-09-02,ITJ,0.0
2026-09-02,ITL,0.0
2026-09-02,ITP,-3.728929345765704
2026-09-02,ITR,0.0
2026-09-02,ITV,0.0
2026-09-02,ITZ,2.1154372205968537
2026-09-02,IUA,-4.84720825862055
2026-09-02,IUB,0.0
2026-09-02,IUC,0.0
2026-09-02,IUF,3.0480932199045045
2026-09-02,IUH,-3.4503765768905263
2026-09-02,IUM,0.0
2026-09-02,IUN,0.0
2026-09-02,IUV,-1.4903449569375073
2026-09-02,IUZ,4.246675806072984
2026-09-02,IV2,0.0
2026-09-02,IV6,0.0
2026-09-02,IV7,0.0
2026-09-02,IV8,9.191344528400878
2026-09-02,IVF,-55.466522971521705
2026-09-02,IVS,-4.238767060088484
2026-09-02,IVY,1.5276958436686425
2026-09-02,IYB,8.13175328509687
2026-09-02,IYP,0.0
2026-09-02,IYR,-1.1341590067426597
2026-09-02,IYS,-0.003494671785706529
2026-09-02,IYV,-3.0461008648316024
2026-09-02,IZA,0.0
2026-09-02,IZB,61.26620651232342
2026-09-02,IZE,0.0
2026-09-02,IZL,-0.0005876211929813999
2026-09-02,IZS,16.758939273632585
2026-09-02,IZV,0.0
2026-09-02,IZY,0.0
2026-09-02,JET,-3.3036462933801616
2026-09-02,JOT,0.0
2026-09-02,JUP,-0.5374099953979942
2026-09-02,KAC,-20.934214524817083
2026-09-02,KAN,1.3384173997911137
2026-09-02,KAV,-3.6902704854889326
2026-09-02,KBJ,-6.948820838257301
2026-09-02,KBP,0.0
2026-09-02,KBZ,0.0
2026-09-02,KCL,1.7660604114868539
2026-09-02,KCR,22.403790620519143
2026-09-02,KCV,-3.5561476878744966
2026-09-02,KDE,10.619691377146724
2026-09-02,KDI,-29.166023522986357
2026-09-02,KDK,0.0
2026-09-02,KDL,-1.7146450374638207
2026-09-02,KDO,15.662980714215305
2026-09-02,KDS,-6.325367890568858
2026-09-02,KDT,-0.13321627910229772
2026-09-02,KDV,-13.424453642638706
2026-09-02,KDZ,16.87582385761641
2026-09-02,KEI,0.0
2026-09-02,KEO,0.0
2026-09-02,KEU,6.302122060454107
2026-09-02,KFZ,0.0
2026-09-02,KGM,-2.9545746519563423
2026-09-02,KH1,0.8031022083556636
2026-09-02,KHA,283.91164582929116
2026-09-02,KHB,-29.613997969780826
2026-09-02,KHC,-56.62365044632871
2026-09-02,KHD,0.0
2026-09-02,KHF,0.0
2026-09-02,KHJ,-3.0417641151558654
2026-09-02,KHP,0.607344163290533
2026-09-02,KHT,6.353347970406054
2026-09-02,KHU,0.0
2026-09-02,KIA,-3.3514670450001267
2026-09-02,KIB,2.2565608537895727
2026-09-02,KIE,46.16270340687204
2026-09-02,KIH,-0.0026003414106602917
2026-09-02,KIK,-3.4827830531160675
2026-09-02,KIS,-0.8818458309578021
2026-09-02,KJK,0.0
2026-09-02,KKB,0.0
2026-09-02,KKC,7.137292872435884
2026-09-02,KKE,0.0
2026-09-02,KKH,-2.8525503113049533
2026-09-02,KKL,1.6190517240303188
2026-09-02,KKO,-0.015910747279535925
2026-09-02,KKP,-0.19819600497772982
2026-09-02,KKT,-9.681806834876948
2026-09-02,KLH,-29.76336487336687
2026-09-02,KLI,23.81926367550292
2026-09-02,KLL,0.0
2026-09-02,KLM,0.0
2026-09-02,KLS,-22.104033559121717
2026-09-02,KLU,7.7681763209094905
2026-09-02,KMA,0.0
2026-09-02,KME,0.6689358811179962
2026-09-02,KMF,9.646402022642803
2026-09-02,KMN,0.0284644203882997
2026-09-02,KMT,0.0
2026-09-02,KNC,0.0
2026-09-02,KNI,23.728632850620563
2026-09-02,KNJ,29.418915222986243
2026-09-02,KNN,0.3409562062275033
2026-09-02,KNP,-11.365216699436296
2026-09-02,KNS,0.0
2026-09-02,KNT,0.0
2026-09-02,KNV,0.0
2026-09-02,KNZ,0.0
2026-09-02,KO4,-0.7936722201271161
2026-09-02,KOB,1.7649666522709186
2026-09-02,KOD,0.9980340311462989
2026-09-02,KOP,0.0
2026-09-02,KOT,-28.692860945293745
2026-09-02,KOZ,0.0
2026-09-02,KP3,-4.455476866230045
2026-09-02,KPA,11.035423118995952
2026-09-02,KPB,0.0
2026-09-02,KPC,3.928138801450564
2026-09-02,KPD,-22.502306752175905
2026-09-02,KPF,-71.68178796340106
2026-09-02,KPH,-2.520175671554272
2026-09-02,KPI,34.518716168264696
2026-09-02,KPK,0.0
2026-09-02,KPM,0.0
2026-09-02,KPP,-2.692100167001798
2026-09-02,KPR,-13.623085471014573
2026-09-02,KPS,0.0
2026-09-02,KPU,-1.5327919890312474
2026-09-02,KRC,-2.0655665198980224
2026-09-02,KRF,-15.108249732596981
2026-09-02,KRH,-0.00016722695979727508
2026-09-02,KRO,-1.740550559217496
2026-09-02,KRR,-5.486397692441947
2026-09-02,KRS,-5.052499887935822
2026-09-02,KRT,6.87931574030753
2026-09-02,KRV,-0.2679364166467586
2026-09-02,KSA,-0.6735489754576934
2026-09-02,KSC,0.0
2026-09-02,KSK,-6.450783068320215
2026-09-02,KSL,1.2254842403952686
2026-09-02,KSM,2.1742201636553533
2026-09-02,KSP,0.0
2026-09-02,KSR,1.2048443909204307
2026-09-02,KST,-4.06215596529733
2026-09-02,KSV,32.50833275275083
2026-09-02,KSY,3.396270824859262
2026-09-02,KTE,0.0
2026-09-02,KTI,3.1385392574949225
2026-09-02,KTJ,5.76086125684891
2026-09-02,KTM,2.52474297266187
2026-09-02,KTN,-16.274789569371322
2026-09-02,KTR,-0.046392346349673264
2026-09-02,KTS,0.8881970109006512
2026-09-02,KTT,3.4256880622387165
2026-09-02,KTU,0.0
2026-09-02,KTV,-0.3071752063450701
2026-09-02,KU3,-1.7038991480222119
2026-09-02,KUA,-11.550748109112273
2026-09-02,KUB,-1.371822680010072
2026-09-02,KUD,26.53857658787529
2026-09-02,KUP,0.6257899730836509
2026-09-02,KUT,-4.603063022200818
2026-09-02,KVA,0.0
2026-09-02,KVK,54.84182443595731
2026-09-02,KVR,-15.454153719830648
2026-09-02,KVS,-6.639958731559183
2026-09-02,KVT,-10.133020379200897
2026-09-02,KYA,-2.1420826143945852
2026-09-02,KYR,0.0
2026-09-02,KYS,0.0
2026-09-02,KZL,-3.1319735449194397
2026-09-02,KZO,0.0
2026-09-02,KZU,7.280155937290924
2026-09-02,LAI,-43.909225178582325
2026-09-02,LET,0.0
2026-09-02,LFD,-98.19590166776838
2026-09-02,LGK,4.016732298415075
2026-09-02,LGO,0.0
2026-09-02,LHM,0.0
2026-09-02,LHP,-2.231060309045574
2026-09-02,LKF,40.68363561087021
2026-09-02,LKT,-0.8321013868783095
2026-09-02,LLA,-7.0646836586467785
2026-09-02,LPH,33.544155921529224
2026-09-02,LRT,6.005836164723282
2026-09-02,LTC,-0.5414808223092469
2026-09-02,LTL,-83.76775943764972
2026-09-02,LTS,0.197624530895958
2026-09-02,LZV,0.0
2026-09-02,MAC,-4.481742204594089
2026-09-02,MAD,-0.9555757822658958
2026-09-02,MAS,0.08273319542683831
2026-09-02,MAV,0.0
2026-09-02,MBL,0.1770020875128432
2026-09-02,MBR,14.609403965891705
2026-09-02,MCU,206.8411861899344
2026-09-02,MD1,17.31830166873875
2026-09-02,MD2,3.4260850125233375
2026-09-02,MDF,-8.44397232720956
2026-09-02,MET,-1.9796166963323776
2026-09-02,MGB,-17.097952901120355
2026-09-02,MGD,0.0
2026-09-02,MGE,0.9786979323489866
2026-09-02,MGH,-0.0012425446505234738
2026-09-02,MHF,-23.24192663568491
2026-09-02,MIK,-0.011673025957474705
2026-09-02,MJB,1.173178999340314
2026-09-02,MJE,-2.100670322627722
2026-09-02,MJG,-3.6230351403172616
2026-09-02,MJH,0.1486001310786446
2026-09-02,MJK,-4.963099144487545
2026-09-02,MJL,13.797286824850987
2026-09-02,MKA,-7.414711379707355
2026-09-02,MKG,-4.268391025678207
2026-09-02,MKL,0.0
2026-09-02,MLS,0.0
2026-09-02,MLT,-12.36209218561576
2026-09-02,MMH,-3.519363254717563
2026-09-02,MOD,-0.8067654050596239
2026-09-02,MOZ,3.109014029554459
2026-09-02,MP2,0.0
2026-09-02,MP4,2.021551412487071
2026-09-02,MPD,12.115606806901358
2026-09-02,MPE,8.379546953560551
2026-09-02,MPF,3.6011972739897273
2026-09-02,MPI,-0.42860504995943904
2026-09-02,MPK,-13.797081763460927
2026-09-02,MPL,-4.339614521028378
2026-09-02,MPN,-1.4772914767855831
2026-09-02,MPP,-11.32098562596001
2026-09-02,MPS,-5.244486883575618
2026-09-02,MRI,6.478553621796455
2026-09-02,MSK,-0.007257323889530129
2026-09-02,MSO,-4.512588113860281
2026-09-02,MSR,-14.482770524172453
2026-09-02,MT1,-6.710089282993696
2026-09-02,MT2,-19.672139675479606
2026-09-02,MT5,-0.006175565464607467
2026-09-02,MT6,64.47248639885362
2026-09-02,MT7,-0.036437403679469245
2026-09-02,MT8,-33.25223469402294
2026-09-02,MT9,102.81376896523496
2026-09-02,MTD,-0.5704078140442237
2026-09-02,MTE,-37.273067360037096
2026-09-02,MTF,-7.542775378163008
2026-09-02,MTG,68.68444849202126
2026-09-02,MTH,2.967658620921496
2026-09-02,MTI,0.0
2026-09-02,MTK,621.4425733434397
2026-09-02,MTL,723.0226766574538
2026-09-02,MTS,-27.032208659411662
2026-09-02,MTU,-0.00746180089826783
2026-09-02,MTV,-1.0315413817497696
2026-09-02,MTX,-3.6549221410376496
2026-09-02,MUL,27.331651281147373
2026-09-02,MUT,-2.5596513009813338
2026-09-02,NAK,-0.7793044467057012
2026-09-02,NAL,49513.2856737594
2026-09-02,NAU,-11.91992931917084
2026-09-02,NAV,19.518512546016755
2026-09-02,NBE,14.423670024070864
2026-09-02,NBH,15.299044231183458
2026-09-02,NBO,15.70464213867837
2026-09-02,NBZ,4.849705727604578
2026-09-02,NCS,7.03962247815569
2026-09-02,NCU,-0.49693738172900376
2026-09-02,NDL,0.0
2026-09-02,NDS,-9.022834078686708
2026-09-02,NES,0.0
2026-09-02,NFF,-16.797644429902654
2026-09-02,NFH,-1.8103417726473254
2026-09-02,NFK,-5.76035721687883
2026-09-02,NHP,-2.378500236967615
2026-09-02,NHT,0.0
2026-09-02,NHV,0.0
2026-09-02,NHY,-17.27157679489382
2026-09-02,NIG,-17.85861485700903
2026-09-02,NIS,-6.28214987836294
2026-09-02,NJF,-4.193637131902132
2026-09-02,NJG,0.0
2026-09-02,NJR,43.00889060604557
2026-09-02,NJY,-10.678703918476465
2026-09-02,NKA,-15.25169892397988
2026-09-02,NKC,-9.718218292901858
2026-09-02,NKH,-0.9175843134788231
2026-09-02,NKJ,0.0
2026-09-02,NKK,0.0010347361694409414
2026-09-02,NKL,6.844766651730977
2026-09-02,NKM,-2.982189770049081
2026-09-02,NKP,-2.263437333426509
2026-09-02,NKS,-1.8792405569218245
2026-09-02,NKT,23.705593514759986
2026-09-02,NKV,0.0
2026-09-02,NLC,0.0
2026-09-02,NLD,0.0
2026-09-02,NLE,-3.0611011025452313
2026-09-02,NLK,9.677680861868577
2026-09-02,NLL,-0.034095895231785106
2026-09-02,NME,-1.9847260137427367
2026-09-02,NMG,0.0
2026-09-02,NMP,397190.7304605325
2026-09-02,NMU,55.46176029929711
2026-09-02,NNF,-18.488233637814307
2026-09-02,NOA,0.0
2026-09-02,NOI,11.39070722913331
2026-09-02,NOV,0.0
2026-09-02,NP1,-3.8949673682854917
2026-09-02,NPH,-28.176086186947693
2026-09-02,NPK,-0.0021886958503781833
2026-09-02,NRC,-4.779017062489776
2026-09-02,NRG,3.8398737274559975
2026-09-02,NRM,0.0
2026-09-02,NSA,-11.334969710110212
2026-09-02,NSD,8.01477471899253
2026-09-02,NSH,16.145890295755937
2026-09-02,NSK,-0.03741932480199122
2026-09-02,NSP,2.314317959749139
2026-09-02,NSS,0.0
2026-09-02,NST,-6.640787430802715
2026-09-02,NSY,-1.3170362638536253
2026-09-02,NTB,-3.318578546917157e-05
2026-09-02,NTD,0.0
2026-09-02,NTF,0.0
2026-09-02,NTI,0.4424036498248677
2026-09-02,NTO,0.0
2026-09-02,NTS,0.0
2026-09-02,NUB,-2.3950620624361814
2026-09-02,NUG,-97.8128214751516
2026-09-02,NUH,-36.945050036938795
2026-09-02,NVB,-2.607579029173132
2026-09-02,NVC,44.06334204871296
2026-09-02,NVK,55.60865333571676
2026-09-02,NVP,0.0
2026-09-02,NVT,-2.9057982596792122
2026-09-02,NVZ,-0.05735267832745221
2026-09-02,NYH,0.0
2026-09-02,NZH,-7.456484641334969
2026-09-02,NZT,8.934420170280868
2026-09-02,NZU,-5.269591052258022
2026-09-02,OAB,0.0
2026-09-02,OAO,3569.4769607493063
2026-09-02,OBI,-0.4694806151304903
2026-09-02,OBN,-4.154193099153392
2026-09-02,OBP,-0.14120592460000259
2026-09-02,OBR,-10.98594753117998
2026-09-02,OCM,0.0419684292947035
2026-09-02,OCN,0.0
2026-09-02,OCT,-1.3708239405590508
2026-09-02,ODD,-0.002642598316025582
2026-09-02,ODG,-4.324536521719192
2026-09-02,ODN,111.0673043860932
2026-09-02,ODP,0.340247408434711
2026-09-02,ODS,-2.09690948905861
2026-09-02,ODV,-3.2469411503149823
2026-09-02,OFA,-3.5842439200383893
2026-09-02,OFB,-0.5538605696351627
2026-09-02,OFI,-1.4437091128417068
2026-09-02,OFK,-9.88099579596627
2026-09-02,OFO,0.0
2026-09-02,OFS,-0.708283809104136
2026-09-02,OGD,-1.860858876467204
2026-09-02,OGF,3.5244430938357842
2026-09-02,OGV,-2.3665543241645195
2026-09-02,OHB,-1.9373676197168854
2026-09-02,OHI,-37.310767305396375
2026-09-02,OHK,6.879372424666649
2026-09-02,OIL,2.1776511383310746
2026-09-02,OIR,-2.1994391278904097
2026-09-02,OIS,0.0
2026-09-02,OJB,-6.550336565983837
2026-09-02,OJH,-2.3131821509364476
2026-09-02,OJK,-0.3785482494456607
2026-09-02,OJT,-1.2304104992549327
2026-09-02,OJU,-4.9970941793438595
2026-09-02,OJY,-3.601637083319917
2026-09-02,OKD,-5.471913727979207
2026-09-02,OKF,0.0
2026-09-02,OKP,4.3505447351712
2026-09-02,OKT,-6.716530903542416
2026-09-02,OLA,-0.5027723940421983
2026-09-02,OLD,-7.649971109353232
2026-09-02,OLE,-3.5204677108054394
2026-09-02,OMB,0.0
2026-09-02,OMC,-0.6818540709964669
2026-09-02,OME,-1.0696705374027944
2026-09-02,OMG,-5.309661277599502
2026-09-02,OMT,42.53352846686238
2026-09-02,ONB,-4.992481112791104
2026-09-02,OND,-1.250709693538846
2026-09-02,ONE,11.96811839821902
2026-09-02,ONF,2.778121065185961
2026-09-02,ONK,0.7679221430704096
2026-09-02,ONN,31.453749602084137
2026-09-02,ONS,-1.1845811721400892
2026-09-02,ONT,-10.020215664627456
2026-09-02,ONY,-1.0473388269859578
2026-09-02,OPB,-0.14310435396302382
2026-09-02,OPD,0.04396632590637977
2026-09-02,OPF,-0.20576904221283177
2026-09-02,OPH,0.12907304622892063
2026-09-02,OPI,-1.6517941333918726
2026-09-02,OPJ,176.2159564805424
2026-09-02,OPL,-10.145334877725467
2026-09-02,OPZ,0.0
2026-09-02,ORC,16.73069624779357
2026-09-02,ORI,0.6013388600957258
2026-09-02,OSD,-0.5488484539300321
2026-09-02,OSF,-43.631412576271046
2026-09-02,OSH,0.0
2026-09-02,OSL,5.725163117955559
2026-09-02,OSN,-2.7809011832244708
2026-09-02,OTE,0.0
2026-09-02,OTF,7.729255389134273
2026-09-02,OTJ,-4.215901897093033
2026-09-02,OTK,-6.373707503733267
2026-09-02,OTM,-0.11313153082506727
2026-09-02,OTZ,0.0
2026-09-02,OUB,-0.02309045304530316
2026-09-02,OUD,0.14445379532878794
2026-09-02,OUN,-2.1980948721820144
2026-09-02,OUR,0.0
2026-09-02,OUY,0.0
2026-09-02,OVD,3.8918500442829433
2026-09-02,OVR,0.0
2026-09-02,OYL,13.362007091986069
2026-09-02,OYS,-5.061045283192963
2026-09-02,OYT,10.256808875350737
2026-09-02,OZC,-72.47799102888197
2026-09-02,P1A,21.12339157766089
2026-09-02,PA2,62.662361540726586
2026-09-02,PAB,27.173723967888442
2026-09-02,PAC,0.0
2026-09-02,PAF,-6.510675443100977
2026-09-02,PAI,-6.523253185320144
2026-09-02,PAL,-7.494414705030304
2026-09-02,PAO,-7.478274735380797
2026-09-02,PAU,-0.9353812851306452
2026-09-02,PBE,-18.544422916433234
2026-09-02,PBF,0.0
2026-09-02,PBH,0.23378174748707065
2026-09-02,PBI,11.124501559694325
2026-09-02,PBK,-8.472428891181444
2026-09-02,PBN,-1.661434992092049
2026-09-02,PBR,-80.7682026441995
2026-09-02,PBS,0.0
2026-09-02,PBY,-0.05829380644154365
2026-09-02,PCE,-65.16087136096931
2026-09-02,PCH,-0.0009601487459049931
2026-09-02,PCN,0.0
2026-09-02,PCS,9.247979255479944
2026-09-02,PDC,0.056112716480383074
2026-09-02,PDD,-5.091022472771038
2026-09-02,PDE,-14.240513809226696
2026-09-02,PDF,-1.679392743165323
2026-09-02,PDG,-76.97272303271944
2026-09-02,PDH,-0.38185082240450063
2026-09-02,PDR,0.0
2026-09-02,PDS,-0.0006456801437307371
2026-09-02,PEA,0.08465043510213388
2026-09-02,PFO,-1.5709371907184915
2026-09-02,PFS,2.164720242301032
2026-09-02,PGD,-10.525263364522603
2026-09-02,PGE,-0.00026690896350475043
2026-09-02,PGH,0.6924087667355485
2026-09-02,PGS,-2.8239232411049238
2026-09-02,PHB,-14.105858885888706
2026-09-02,PHE,-57.15801457189965
2026-09-02,PHF,0.0
2026-09-02,PHI,10.290865547399818
2026-09-02,PHK,-0.7021786442189304
2026-09-02,PHN,4.8063005686130795
2026-09-02,PHS,-22.866297742012936
2026-09-02,PHY,-2.9246129844778803
2026-09-02,PID,0.09329674240294596
2026-09-02,PIL,-10.213807058949262
2026-09-02,PIP,-44.89265964981961
2026-09-02,PIR,-11.400804301392174
2026-09-02,PIS,38.548083982871795
2026-09-02,PJL,-1.9852732791399306
2026-09-02,PJP,-9.636574213871974
2026-09-02,PK1,-81.86086636117994
2026-09-02,PKD,29.156688622769916
2026-09-02,PKF,-5.617234247486113
2026-09-02,PKH,6.242803384703547
2026-09-02,PKL,-35.92496009242531
2026-09-02,PKM,17.644265021877704
2026-09-02,PKN,-31.551855376090437
2026-09-02,PKP,42.18875336716246
2026-09-02,PKR,-4.354113110112545
2026-09-02,PKT,25.69204669976231
2026-09-02,PKU,-30.485380010630138
2026-09-02,PKV,17.686788619846624
2026-09-02,PKZ,-8.312232338622408
2026-09-02,PLA,-10.395101762341117
2026-09-02,PLR,13.016230878821627
2026-09-02,PLS,0.0
2026-09-02,PMG,0.0
2026-09-02,PMH,-89.49154872638854
2026-09-02,PMP,-18.683573524230045
2026-09-02,PNU,32.68985462357797
2026-09-02,PO7,-41.66838973979604
2026-09-02,PO8,-18.832863885942263
2026-09-02,PO9,189.76472024552567
2026-09-02,POB,-0.009049404507490172
2026-09-02,POD,-5.228232565780416
2026-09-02,POF,4.897934820707499
2026-09-02,POH,0.0
2026-09-02,POI,-3.538279038865015e-07
2026-09-02,POS,-9.776927314883926
2026-09-02,POU,-4.329869850026189
2026-09-02,PP1,-7.560905816032909
2026-09-02,PPB,-1.3738502866313185
2026-09-02,PPD,-4.451584546693606
2026-09-02,PPE,-0.030831302935563486
2026-09-02,PPF,-40.54721090904731
2026-09-02,PPG,-6.820177056938132
2026-09-02,PPH,-11.521522765630568
2026-09-02,PPI,2.283850355913044
2026-09-02,PPJ,6.217791908553138
2026-09-02,PPK,1.9059424944161945
2026-09-02,PPM,-9.64417284640536
2026-09-02,PPN,0.9891313061753763
2026-09-02,PPO,-3.382493656028337e-05
2026-09-02,PPP,-7.449304437797199
2026-09-02,PPS,-10.151385727592473
2026-09-02,PPT,-3.680943871321755
2026-09-02,PPU,-1.1186871465424122e-05
2026-09-02,PPV,64.9895161656747
2026-09-02,PPZ,-9.302530845062686
2026-09-02,PRD,7.346414385668484
2026-09-02,PRF,0.0
2026-09-02,PRH,-9.442797149750538
2026-09-02,PRR,-5.868787236413265
2026-09-02,PRU,-7.943663008818261
2026-09-02,PRV,19.84004850870496
2026-09-02,PRY,-2.650511826629518
2026-09-02,PSD,0.0
2026-09-02,PSE,-11.724552434162115
2026-09-02,PSG,-16.896456867309606
2026-09-02,PSH,-12.905829402423501
2026-09-02,PSL,-26.27130759044256
2026-09-02,PSO,0.0
2026-09-02,PSR,0.32666746868199087
2026-09-02,PSS,-22.660012988819016
2026-09-02,PST,36.140049295495956
2026-09-02,PTC,0.0
2026-09-02,PTE,15.073900888911979
2026-09-02,PTF,-7.1832216221766405
2026-09-02,PTG,0.0
2026-09-02,PTL,18.30798091256918
2026-09-02,PTN,55.57415504292392
2026-09-02,PTO,-13.194248499151644
2026-09-02,PTP,-17.20494242468875
2026-09-02,PTS,15.561946803904295
2026-09-02,PUA,0.0
2026-09-02,PUC,-45.85305762759412
2026-09-02,PUH,-7.7695423131076025
2026-09-02,PUK,3.9885067122676134
2026-09-02,PUR,-0.2641366167370831
2026-09-02,PUT,0.0
2026-09-02,PUV,0.0
2026-09-02,PVK,3.1556953530654686
2026-09-02,PYB,-18.978404630488612
2026-09-02,PYD,-0.0011232502710280337
2026-09-02,PYF,99.39751928907884
2026-09-02,PYH,-9.421499884542136
2026-09-02,PYI,-25.391394368769166
2026-09-02,PYL,0.0
2026-09-02,PYR,-7.160021935723712
2026-09-02,PYS,-2.148967313959062
2026-09-02,RAF,-21.31191533866121
2026-09-02,RAI,0.0
2026-09-02,RAN,0.0
2026-09-02,RAV,0.0
2026-09-02,RAY,0.0
2026-09-02,RBA,-1.7106033373196512
2026-09-02,RBB,-4.865924896979595
2026-09-02,RBE,0.0
2026-09-02,RBF,27.453940761151497
2026-09-02,RBH,-3.7349494444017384
2026-09-02,RBI,-26.973945480373633
2026-09-02,RBK,-32.95893645267413
2026-09-02,RBL,-6.439664633283812
2026-09-02,RBN,-12.269594950631072
2026-09-02,RBP,-2.382399473198943
2026-09-02,RBR,41.22158191586678
2026-09-02,RBT,-8.732658499872468
2026-09-02,RBV,8.617810084089486
2026-09-02,RCL,0.0
2026-09-02,RCS,0.0
2026-09-02,RCV,8.319756842936881
2026-09-02,RD1,-0.3915133503958994
2026-09-02,RDF,-6.900925953488922
2026-09-02,RDH,0.0
2026-09-02,RDK,136.8950927015067
2026-09-02,RDS,301.27951043208736
2026-09-02,RDT,2.215658092107677
2026-09-02,RDZ,-6.137975170740931e-07
2026-09-02,RE6,513.1838927489097
2026-09-02,RE7,0.0
2026-09-02,RE8,1.7671265217200676
2026-09-02,RFM,37.00772983444469
2026-09-02,RGD,-4.044981640121625
2026-09-02,RGH,0.0335776794595391
2026-09-02,RHD,0.0
2026-09-02,RHI,17.334640453872034
2026-09-02,RHS,-4.52735706348445
2026-09-02,RIA,-35.80697427765598
2026-09-02,RIH,34.14266921783183
2026-09-02,RIK,-26.639354035381384
2026-09-02,RJG,-13.46952622486982
2026-09-02,RKC,-13.522833844270796
2026-09-02,RKH,0.2093808904224267
2026-09-02,RKL,0.0
2026-09-02,RKS,-1.105884398187639
2026-09-02,RKV,42.14073034936506
2026-09-02,RLH,3.8934692471990844
2026-09-02,RO1,-2.9163701257981547
2026-09-02,ROD,-15.87185673444501
2026-09-02,ROF,5.412540178821583
2026-09-02,ROY,0.0
2026-09-02,RPC,-2.0248154124929836
2026-09-02,RPD,-6.5845147455265405
2026-09-02,RPG,-3.530872098972567
2026-09-02,RPI,-8.525854155217901
2026-09-02,RPK,0.0
2026-09-02,RPL,-2.5546714771672403
2026-09-02,RPM,22.068532474299253
2026-09-02,RPN,0.0
2026-09-02,RPO,0.0
2026-09-02,RPP,-1.0139934648927218
2026-09-02,RPS,-0.359208875779789
2026-09-02,RPT,0.05357831491290541
2026-09-02,RPU,0.0
2026-09-02,RPX,-1.9106443799769817
2026-09-02,RRA,-47.992654435536366
2026-09-02,RRP,1.0145296331220264
2026-09-02,RS1,-8.1591785707251
2026-09-02,RSF,5.560159166935408
2026-09-02,RSK,-3.008529220846091
2026-09-02,RSY,0.0
2026-09-02,RSZ,-1.130782625192661
2026-09-02,RTA,0.0
2026-09-02,RTB,-7.848913649145403
2026-09-02,RTD,-2.955828887192873
2026-09-02,RTG,-3.3060898833905976
2026-09-02,RTH,-24.364347745921417
2026-09-02,RTI,66.1062300033727
2026-09-02,RTP,-6.7316558349155935
2026-09-02,RUH,0.23157150572758084
2026-09-02,RUT,3.2696926880257693
2026-09-02,RVI,0.0
2026-09-02,RVS,-1.7158695998890545
2026-09-02,RYA,0.0
2026-09-02,RYB,0.0
2026-09-02,RYD,0.0
2026-09-02,RYF,4.914890398256239
2026-09-02,RYU,2.9406242245152625
2026-09-02,RZR,0.0
2026-09-02,SAP,-16.916590596983184
2026-09-02,SAR,0.0
2026-09-02,SAS,-4.666336975850728
2026-09-02,SAT,0.0
2026-09-02,SBH,-17.08101607891546
2026-09-02,SBI,0.0
2026-09-02,SBR,0.0
2026-09-02,SBS,0.0
2026-09-02,SCZ,-1.649814768109225
2026-09-02,SD1,90.1853109234613
2026-09-02,SDA,-0.013226754515389762
2026-09-02,SEH,-0.005123851248926479
2026-09-02,SER,-0.32867694616712256
2026-09-02,SFA,1.7993407502516958
2026-09-02,SFS,0.7423150788304111
2026-09-02,SGK,0.18491018455540112
2026-09-02,SGT,-0.7075861094122782
2026-09-02,SHC,55.61213614587953
2026-09-02,SHE,8.714822163488508
2026-09-02,SHI,-4.6385032984171924e-07
2026-09-02,SHU,251.33843316203445
2026-09-02,SIA,-101.23742006696222
2026-09-02,SIS,610.1189713831029
2026-09-02,SJP,-0.4596015076845413
2026-09-02,SKL,-31.142730966706324
2026-09-02,SKO,-10.534880941666373
2026-09-02,SKS,0.0
2026-09-02,SKT,16.421437473408943
2026-09-02,SKZ,-5.783739594580194
2026-09-02,SLF,13.274777891078973
2026-09-02,SLG,-2.1008371791904077
2026-09-02,SLR,0.0
2026-09-02,SLS,0.005489511440888026
2026-09-02,SMP,0.0
2026-09-02,SNY,-11.923888215461476
2026-09-02,SOS,70.54711264012114
2026-09-02,SPA,2.55850056204435
2026-09-02,SPD,0.0
2026-09-02,SPE,7.725071476057255
2026-09-02,SPN,11.827186139296353
2026-09-02,SPP,-15.208603984679367
2026-09-02,SPR,0.39520625473309057
2026-09-02,SPT,-6.684327688510017
2026-09-02,SRA,-11.046738575510709
2026-09-02,SRE,0.0
2026-09-02,SRL,-67.81767879235444
2026-09-02,SRO,0.0
2026-09-02,SSD,0.0
2026-09-02,SSE,0.22982267626154104
2026-09-02,SSF,0.0
2026-09-02,SSK,3.5317214751557953
2026-09-02,SSN,0.0
2026-09-02,SSO,0.0
2026-09-02,SSS,-7.762665552059629
2026-09-02,SST,0.0
2026-09-02,ST1,-2.0009232514286723
2026-09-02,STI,-0.4899317850063663
2026-09-02,STM,0.0
2026-09-02,STS,0.0
2026-09-02,STZ,-0.36687114642206714
2026-09-02,SUA,-1.486620877144448
2026-09-02,SUB,-3.7625156913844062
2026-09-02,SUC,5.634698228750726
2026-09-02,SUR,0.008578830220220348
2026-09-02,SVB,-7.907647232879082
2026-09-02,SVS,0.0
2026-09-02,SVY,0.02810517217897135
2026-09-02,SYF,-4.6020239208293
2026-09-02,SYL,0.0
2026-09-02,SYR,0.0
2026-09-02,SYS,0.0
2026-09-02,T3B,-36.8878040835525
2026-09-02,TAL,-0.1633190967067582
2026-09-02,TAO,0.0
2026-09-02,TAR,-5.560141251670676
2026-09-02,TAU,2.8956884107876455
2026-09-02,TAZ,0.0
2026-09-02,TB9,0.3060061650806113
2026-09-02,TBP,-0.6766972013885315
2026-09-02,TBT,20.84872917898004
2026-09-02,TBV,-4.547547997316325
2026-09-02,TCA,-1.5441458852129408
2026-09-02,TCB,-2.9113165562148327
2026-09-02,TCC,-6.615979536955212
2026-09-02,TCD,-2.1372419468043455
2026-09-02,TCF,-9.245334849987152
2026-09-02,TCG,0.0
2026-09-02,TCH,-0.5746434965121524
2026-09-02,TCI,-0.0034414960745828807
2026-09-02,TCS,-0.18026822388441052
2026-09-02,TDG,0.022636282859603674
2026-09-02,TDP,0.0
2026-09-02,TE3,-3.7881811402671652
2026-09-02,TE4,2.433257805224841
2026-09-02,TEJ,3.0152827767185597
2026-09-02,TFE,-3.8203596971454603
2026-09-02,TFF,-6.362408330680848
2026-09-02,TFU,-59.73912847345082
2026-09-02,TGA,-3.5663030312121426
2026-09-02,TGE,-6.667396786816769
2026-09-02,TGN,-24.021917183698747
2026-09-02,TGR,-6.522103505609659
2026-09-02,TGT,32.372318391755705
2026-09-02,TGV,0.019311912512982945
2026-09-02,TGZ,0.0
2026-09-02,THD,-1.7095775711539443
2026-09-02,THF,6698.7211264894195
2026-09-02,THG,-0.5485934380202293
2026-09-02,THH,0.0
2026-09-02,THO,0.0
2026-09-02,THS,0.0
2026-09-02,THT,8.61436369803852
2026-09-02,THV,0.018128982580348407
2026-09-02,TI1,3.0598994311414462
2026-09-02,TI2,-3.999009683502074
2026-09-02,TI3,-3.5871573169761257
2026-09-02,TI4,-5.777467645895989
2026-09-02,TI6,-12.276548026418803
2026-09-02,TI7,-1.970940382308866
2026-09-02,TIE,-3.897429882918501
2026-09-02,TIL,0.31162575348665833
2026-09-02,TIP,1641.240036286219
2026-09-02,TIV,26.32349832842282
2026-09-02,TJB,0.0
2026-09-02,TJF,-1.3927920261008118
2026-09-02,TJI,-1.6630377968533339
2026-09-02,TJL,-0.000548905832768951
2026-09-02,TJT,-2.522828008276554
2026-09-02,TKF,-1.3869448250894711
2026-09-02,TKH,-0.008214400573030408
2026-09-02,TKK,-1.7457523746535637
2026-09-02,TKM,2.7623381713305952
2026-09-02,TLC,58.25855662593161
2026-09-02,TLE,-0.4216040279979057
2026-09-02,TLH,-2.3546012170936206
2026-09-02,TLK,6.263716578828092
2026-09-02,TLT,0.0
2026-09-02,TLU,0.0
2026-09-02,TLV,4.408472943487578
2026-09-02,TLY,-6.991229929958628
2026-09-02,TLZ,9.161613219584803
2026-09-02,TMC,19.635570780553522
2026-09-02,TMG,3.931648438139911
2026-09-02,TMM,42.06152779722762
2026-09-02,TMR,-1.1355243727142075
2026-09-02,TMS,-0.10231525206336556
2026-09-02,TMU,-3.185823849865526
2026-09-02,TMV,30.00816333292491
2026-09-02,TMZ,0.3950798910449668
2026-09-02,TNB,-6.936666574467119
2026-09-02,TND,-1.7120766152384195
2026-09-02,TNF,0.0
2026-09-02,TNH,14084.656620203992
2026-09-02,TNI,-2.9394011929171824
2026-09-02,TNK,12.912677169672268
2026-09-02,TNS,0.0
2026-09-02,TO8,1.9329278603576532
2026-09-02,TOK,1.0920186215873533
2026-09-02,TOT,-3.326220689427327
2026-09-02,TP1,0.0
2026-09-02,TP2,11.18196240493738
2026-09-02,TPC,-1.5319522167962167
2026-09-02,TPE,-2.7613896503148823
2026-09-02,TPF,-1.0621469551754925
2026-09-02,TPJ,-6.336629285132192
2026-09-02,TPL,-0.9145007869588073
2026-09-02,TPO,0.0
2026-09-02,TPP,-0.6705530021051441
2026-09-02,TPR,-85.1262030966287
2026-09-02,TPV,6.743202689183835
2026-09-02,TPZ,19.05255855784023
2026-09-02,TRJ,11.975166511505
2026-09-02,TRN,0.0
2026-09-02,TRO,-10.991949617371995
2026-09-02,TRR,-2.3211563421265105
2026-09-02,TRU,0.5950133680252016
2026-09-02,TSI,6.3112453225741065
2026-09-02,TSP,0.0
2026-09-02,TTA,-1.5264991791099503
2026-09-02,TTE,-0.08073227325629079
2026-09-02,TTL,-0.8318071015263924
2026-09-02,TTP,-0.11648904218691351
2026-09-02,TTS,0.0
2026-09-02,TTV,-5.583685353898295
2026-09-02,TTZ,0.0
2026-09-02,TUA,-2.9160284863413004
2026-09-02,TVE,-14.028767612834415
2026-09-02,TVN,12.667686001211484
2026-09-02,TYH,-7.360005450659409
2026-09-02,TZC,0.1215889025153078
2026-09-02,TZD,-1.5692976257685647
2026-09-02,TZH,0.0
2026-09-02,TZL,-3.7448197928279447
2026-09-02,TZP,-0.2388139322100482
2026-09-02,TZT,4.617022105083252
2026-09-02,TZV,30.508449746487265
2026-09-02,UAB,29.703658804803435
2026-09-02,UAP,0.0
2026-09-02,UCN,0.0060840100183358605
2026-09-02,UCP,-23.046167919971744
2026-09-02,UFH,0.0
2026-09-02,UHL,0.0
2026-09-02,UHS,0.0
2026-09-02,ULH,-1.586234501571247
2026-09-02,ULL,0.0
2026-09-02,UNT,41.01876650541906
2026-09-02,UP1,4.3520873058911
2026-09-02,UP2,9.832506689769225
2026-09-02,UPD,-3.683685278433553
2026-09-02,UPH,-61.35495201563943
2026-09-02,UPP,-5.9552581018984005
2026-09-02,UPS,0.0
2026-09-02,URA,-11.389046639992472
2026-09-02,URC,-3.006353421361919
2026-09-02,URD,0.9386256434464637
2026-09-02,URG,0.0
2026-09-02,URM,85.01131120049057
2026-09-02,URS,0.0
2026-09-02,URV,0.0
2026-09-02,USS,0.0
2026-09-02,UST,0.0
2026-09-02,USY,-9.29109957620005
2026-09-02,UYH,-3.708187860924958
2026-09-02,UZY,36.24770272610124
2026-09-02,VAY,20.021244987721502
2026-09-02,VCD,14.673577972128287
2026-09-02,VCG,-0.0803700931725325
2026-09-02,VCY,-7.289081679752031
2026-09-02,VFK,-0.8369631847134171
2026-09-02,VFO,553.3540294838131
2026-09-02,VFS,0.0
2026-09-02,VHS,15.126253285556453
2026-09-02,VK6,-9.722611460002888
2026-09-02,VKI,-80.9339516480442
2026-09-02,VKK,53.739420408466266
2026-09-02,VKR,-13.507170334496651
2026-09-02,VKT,20.796560663415445
2026-09-02,VKV,103.77294547398328
2026-09-02,VLT,10.009676329482238
2026-09-02,VMV,23.879995020834563
2026-09-02,VNK,3.482315037669196
2026-09-02,VPA,26.514419144492035
2026-09-02,VPP,12.049929373383721
2026-09-02,VPS,-25.987197258660938
2026-09-02,VRK,-10.232558241566208
2026-09-02,VTF,0.0
2026-09-02,VTL,31.017006704038437
2026-09-02,YA1,56.88181330121924
2026-09-02,YAC,-2.847682164457685
2026-09-02,YAE,-29.517249032236226
2026-09-02,YAK,-1.5304191007124603
2026-09-02,YAN,-1.5891284631917695
2026-09-02,YAR,0.0
2026-09-02,YAS,-2.784835531234051
2026-09-02,YAY,0.2353209038691094
2026-09-02,YBE,-0.8339973744210857
2026-09-02,YBH,-7.050554542262565
2026-09-02,YBJ,0.0
2026-09-02,YBP,-0.7178091445090911
2026-09-02,YBR,7.665918459580998
2026-09-02,YBS,-3.1753012766437756
2026-09-02,YCG,0.0
2026-09-02,YCH,-2.999632609998866
2026-09-02,YCK,0.49602225860631516
2026-09-02,YCL,-15.647316473234413
2026-09-02,YCP,1.6004513335954078
2026-09-02,YCY,36.0523376277045
2026-09-02,YDH,26.81326085823215
2026-09-02,YDI,-0.27950795987741384
2026-09-02,YDK,-0.3551597062092588
2026-09-02,YDL,0.0
2026-09-02,YDM,0.0
2026-09-02,YDP,3.2710100252883003
2026-09-02,YDZ,-1.12551390735896
2026-09-02,YEF,7.5658561975172445
2026-09-02,YFV,2.9799208611292265
2026-09-02,YGM,-3.581690453384762
2026-09-02,YHB,-3.73053399514264
2026-09-02,YHI,-3.9291729859483113
2026-09-02,YHK,-18.9787865953711
2026-09-02,YHP,-2.7242648072443445
2026-09-02,YHS,-5.489571533250509
2026-09-02,YHT,16.100200764222418
2026-09-02,YHY,0.0
2026-09-02,YHZ,13.913225928463078
2026-09-02,YIK,-47.83251719843605
2026-09-02,YIS,-14.546498018130455
2026-09-02,YIT,-5.004195653820586
2026-09-02,YIV,0.0
2026-09-02,YJA,0.0
2026-09-02,YJH,-4.120463832237309
2026-09-02,YJK,-1.3188847497357639
2026-09-02,YJU,0.0
2026-09-02,YJY,0.5564739369037227
2026-09-02,YKS,-0.7211254919279343
2026-09-02,YKT,-2.367987802325598
2026-09-02,YLB,14.669835684111293
2026-09-02,YLC,-15.326385422236582
2026-09-02,YLE,-24.494041405076185
2026-09-02,YLO,-3.489114991709346
2026-09-02,YLR,0.0
2026-09-02,YLY,-11.83056249765744
2026-09-02,YLZ,10.779055998458926
2026-09-02,YMD,0.7942389627791289
2026-09-02,YMH,-8.5771675908617
2026-09-02,YMP,47.18523023004706
2026-09-02,YNF,6734.568743569169
2026-09-02,YNK,1.1856409662696374
2026-09-02,YNL,0.0
2026-09-02,YOA,-0.5373350565991544
2026-09-02,YOS,-5.310333000287984
2026-09-02,YOT,3.606428186166053
2026-09-02,YOZ,6.495554326215168
2026-09-02,YP1,0.0
2026-09-02,YP2,0.0
2026-09-02,YP4,-1.3898781016861343
2026-09-02,YPC,-6.964692766273897
2026-09-02,YPD,0.0
2026-09-02,YPF,-3.433937531827289
2026-09-02,YPI,-2.3264542215063377
2026-09-02,YPK,-3.273478962685841
2026-09-02,YPL,-0.007183126176021306
2026-09-02,YPN,10.052036877597716
2026-09-02,YPP,0.0
2026-09-02,YPR,-2.969765757004851
2026-09-02,YPT,-2.9894857698294572
2026-09-02,YPU,10.70664428150327
2026-09-02,YPV,-1.4102519630038601
2026-09-02,YRZ,-0.21378145630011067
2026-09-02,YSA,20.2701485306678
2026-09-02,YSH,21.732350186164233
2026-09-02,YSL,-0.3951919126401218
2026-09-02,YSO,20.21974991316332
2026-09-02,YSU,0.256436666680745
2026-09-02,YTD,-0.5746719176564706
2026-09-02,YTJ,0.0
2026-09-02,YTO,0.0
2026-09-02,YTR,0.0
2026-09-02,YTV,-12.086592530926154
2026-09-02,YTY,6.719786105266152
2026-09-02,YUB,-4.070729637609787
2026-09-02,YUD,-1.4143094636510498
2026-09-02,YUI,0.0
2026-09-02,YUK,-0.010549603338671798
2026-09-02,YUN,3.654130713067738
2026-09-02,YUY,0.0
2026-09-02,YVB,17.306014627635285
2026-09-02,YVD,11.617903639295712
2026-09-02,YVF,0.0
2026-09-02,YVG,0.9584461497723415
2026-09-02,YVO,0.0
2026-09-02,YVS,0.0
2026-09-02,YZC,0.9275990511793843
2026-09-02,YZF,0.0
2026-09-02,YZG,-2.9264844171974906
2026-09-02,YZH,1.575143109382659
2026-09-02,YZK,-1.5455176515335347
2026-09-02,YZL,-4.453224115960549
2026-09-02,YZT,137.64038820958217
2026-09-02,ZA2,-15.963759852484472
2026-09-02,ZAD,20.129883759984438
2026-09-02,ZAV,-1.6043138151734688
2026-09-02,ZAY,-10.488228515682211
2026-09-02,ZBD,-0.39139421458339485
2026-09-02,ZBI,-7.8946556738490905
2026-09-02,ZBJ,29.20140707557507
2026-09-02,ZBN,-3.3913662875611696
2026-09-02,ZBO,0.015229735304800656
2026-09-02,ZBZ,0.0
2026-09-02,ZCA,0.0
2026-09-02,ZCB,-64.29966852752946
2026-09-02,ZCC,0.0
2026-09-02,ZCD,-1.3927278034992043
2026-09-02,ZCE,0.0
2026-09-02,ZCF,0.0
2026-09-02,ZCG,23.536958094927886
2026-09-02,ZCH,0.0
2026-09-02,ZCK,2.917479629531516
2026-09-02,ZCN,4.643498097313283
2026-09-02,ZDD,0.035444641421651095
2026-09-02,ZDK,0.0
2026-09-02,ZDZ,-1.327269054320968
2026-09-02,ZFB,-1.7342093547781694
2026-09-02,ZFZ,0.0
2026-09-02,ZHH,3.079877247593317
2026-09-02,ZIH,3578.329160366897
2026-09-02,ZJB,-3.71817789429322
2026-09-02,ZJH,0.0
2026-09-02,ZJI,-3.541485087570822
2026-09-02,ZJL,-1.612579494236266
2026-09-02,ZJT,0.0
2026-09-02,ZJV,0.01884075095904407
2026-09-02,ZK1,8.92842625478842
2026-09-02,ZK2,-34.07335235063481
2026-09-02,ZKK,0.0
2026-09-02,ZLB,-3.2745446898481854
2026-09-02,ZLG,0.0
2026-09-02,ZLH,-0.28492449060394615
2026-09-02,ZMT,2.7513959204929734
2026-09-02,ZMU,2.716860287356024
2026-09-02,ZMY,-0.04789886486530073
2026-09-02,ZNF,0.0
2026-09-02,ZOS,0.0
2026-09-02,ZP1,0.0
2026-09-02,ZP2,0.0
2026-09-02,ZP3,0.0
2026-09-02,ZP6,-12.62656588446135
2026-09-02,ZP7,-15.361488686337033
2026-09-02,ZP8,4.733537161107031
2026-09-02,ZP9,18.90910640789419
2026-09-02,ZPA,33.13604931222204
2026-09-02,ZPC,-0.2953637064705592
2026-09-02,ZPE,-0.24320362500906187
2026-09-02,ZPF,0.18735217432565732
2026-09-02,ZPG,-1.9750649432288832
2026-09-02,ZPH,37.88244004098747
2026-09-02,ZPJ,-6.739874173418572
2026-09-02,ZPK,15.367014947041694
2026-09-02,ZPN,-1.479709629123418
2026-09-02,ZPO,336.1576638008123
2026-09-02,ZPR,74.78969773024691
2026-09-02,ZR2,0.0
2026-09-02,ZR3,-0.005934875690303767
2026-09-02,ZSB,-25.74949480731646
2026-09-02,ZSF,-1.184098709297479
2026-09-02,ZSG,-0.6633342029464353
2026-09-02,ZSK,0.0
2026-09-02,ZSN,0.0
2026-09-02,ZTF,0.0
2026-09-02,ZTG,-9.888689024126787
2026-09-02,ZTV,10021.338331344914
2026-09-02,ZUD,0.0
2026-09-02,ZUE,0.0
2026-09-02,ZUS,-2.3614787726657096
2026-09-02,ZVB,-0.25042841113054065
2026-09-02,ZVO,-1.3704979893582785
2026-09-02,ZYC,0.0
2026-09-02,ZYD,0.0
2026-09-02,ZZL,0.0
2026-09-02,FDY,-2.200567040828485
2026-09-02,ZJR,0.0
2026-09-02,DKY,0.0
2026-09-02,FKH,-21.03063796531407
2026-09-08,AAL,-5.125467308429519
2026-09-08,AAS,2.6335284134152226
2026-09-08,AAV,-4.388127981618351
2026-09-08,ABG,-2.977670260970667
2026-09-08,ABJ,0.0
2026-09-08,ABU,0.0
2026-09-08,AC1,10.163551854770072
2026-09-08,AC2,214.65058196766864
2026-09-08,AC3,0.0
2026-09-08,AC4,-11.636280247927216
2026-09-08,AC5,1.859528839614706
2026-09-08,AC6,0.38086117847352624
2026-09-08,AC7,-1.8519053231410294
2026-09-08,AC8,-0.3855536859745589
2026-09-08,ACC,-36.11020884250172
2026-09-08,ACD,0.20213449765980165
2026-09-08,ACN,0.0
2026-09-08,ACU,-0.8479694681030914
2026-09-08,ADE,-4.650824508547718
2026-09-08,ADP,0.17617005733686109
2026-09-08,AED,4.352629176912632
2026-09-08,AES,-2.7513770999334244
2026-09-08,AEV,-4.901731290884058
2026-09-08,AFA,-1.423215512943301
2026-09-08,AFO,-1.657447318469543
2026-09-08,AFS,4.380973204413002
2026-09-08,AFT,-2.9683613523254078
2026-09-08,AFV,-6.16282875038078
2026-09-08,AGC,-16.05343267787071
2026-09-08,AHH,0.0
2026-09-08,AHI,-3.351767052674162
2026-09-08,AHN,12.916438602137175
2026-09-08,AHU,-29.183568358081846
2026-09-08,AHV,3.0073571660831466
2026-09-08,AHZ,82.51346269069032
2026-09-08,AI1,6.409138235027265e-05
2026-09-08,AIH,-1.4860093316153704
2026-09-08,AII,0.0
2026-09-08,AIM,0.0
2026-09-08,AIR,0.44299059035718436
2026-09-08,AIS,12.071216243611946
2026-09-08,AJ1,-8.3482173457016
2026-09-08,AJE,-6.505631431466273
2026-09-08,AJK,-2.0959655199737663
2026-09-08,AJL,-4.98787327218092
2026-09-08,AJN,-4.798553132457955
2026-09-08,AK2,43.96953395085885
2026-09-08,AK3,-0.05434739238337169
2026-09-08,AKE,-0.3864313834434491
2026-09-08,AKU,-3.0274937192047466
2026-09-08,AL4,0.0
2026-09-08,AL5,-3.952130584606054
2026-09-08,AL6,0.0
2026-09-08,AL7,-1.4670945621708726
2026-09-08,ALC,0.057151182372903
2026-09-08,ALE,3.1607189773324094
2026-09-08,AN1,-0.602043978532759
2026-09-08,ANL,1.8875995586771803
2026-09-08,ANZ,-1.7274591976574236
2026-09-08,AOJ,0.35784355770058807
2026-09-08,AOY,-6.918740662568728
2026-09-08,AP2,-3.0696920551111826
2026-09-08,AP4,0.0
2026-09-08,AP5,3.3254047454523983
2026-09-08,AP6,-1.8089533457693993e-05
2026-09-08,AP7,-26.31640528184689
2026-09-08,APJ,-4.116952263496701
2026-09-08,APP,0.0
2026-09-08,APT,49.364616687954594
2026-09-08,ARE,5.840681806447732
2026-09-08,ARF,0.0
2026-09-08,ARL,-1.227300220583318
2026-09-08,ARM,-5.403880547912758
2026-09-08,ARP,0.0
2026-09-08,AS1,-7.842582830571889
2026-09-08,AS3,0.0
2026-09-08,ASJ,-3.5535109997943994
2026-09-08,ATJ,0.0
2026-09-08,AU1,22.13305195261637
2026-09-08,AUV,-36.5451210013448
2026-09-08,AVC,0.0
2026-09-08,AVT,12.63374319557565
2026-09-08,AVZ,0.0
2026-09-08,AY6,0.0
2026-09-08,AY7,0.0
2026-09-08,AYA,-3.3046660279371842
2026-09-08,AYR,-1.5824437638252542
2026-09-08,AZF,0.0
2026-09-08,AZJ,33.38932905160642
2026-09-08,AZV,0.006404673317647982
2026-09-08,AZZ,-9.312203638941795e-05
2026-09-08,BA1,1.2591661582817026
2026-09-08,BAC,0.0
2026-09-08,BAG,1.1137956919536924
2026-09-08,BAI,51.01715881473764
2026-09-08,BAL,0.0
2026-09-08,BAO,0.0
2026-09-08,BAS,0.0
2026-09-08,BBF,-9.396324196055367
2026-09-08,BBI,0.0
2026-09-08,BBN,0.0
2026-09-08,BBO,-0.0035147481485105006
2026-09-08,BBP,-2.9013647770037028
2026-09-08,BBS,62.653983644595115
2026-09-08,BCC,0.0
2026-09-08,BCK,-9.838796202195107
2026-09-08,BCO,202.8750074160611
2026-09-08,BDA,6.621275485050038
2026-09-08,BDC,-3.043339991926976
2026-09-08,BDI,-1.8029683951459792e-09
2026-09-08,BDO,-30.075470601212956
2026-09-08,BDS,-20.268768501939334
2026-09-08,BDY,5.9572592073546815
2026-09-08,BFE,7.527815562093489
2026-09-08,BFO,30.998419365514827
2026-09-08,BFS,27.03547815014454
2026-09-08,BFT,-43.18974088738062
2026-09-08,BGH,0.0
2026-09-08,BGP,4.849743836691607
2026-09-08,BGR,3.2884560535864455
2026-09-08,BHA,0.49337926309062907
2026-09-08,BHE,4.1351673500760535
2026-09-08,BHF,-14.368983721502126
2026-09-08,BHH,-1.0067284113861698e-06
2026-09-08,BHI,9.029458092351685
2026-09-08,BHL,-2.9984651455045324
2026-09-08,BHN,-0.5702197225367864
2026-09-08,BHO,0.0
2026-09-08,BI5,-58.37622148879898
2026-09-08,BIA,0.7947792362986053
2026-09-08,BID,-0.38077904490867426
2026-09-08,BIG,-2.0236845423185086
2026-09-08,BIH,-0.006820998453980861
2026-09-08,BIK,0.012693120826863578
2026-09-08,BIO,-26.89684633794201
2026-09-08,BIP,0.576444689625925
2026-09-08,BIS,-0.2902471220584906
2026-09-08,BIY,0.24803406269506187
2026-09-08,BJD,3.0242057553363484
2026-09-08,BKO,-86.05840896006794
2026-09-08,BKY,24.26895428926699
2026-09-08,BLA,0.0
2026-09-08,BLD,-6.260114827912037
2026-09-08,BLT,11.998549800611901
2026-09-08,BMU,-55.22254371867784
2026-09-08,BNC,-9.709816504039972
2026-09-08,BNH,2.035267401983406
2026-09-08,BOH,0.0
2026-09-08,BOL,-8.306868712626837
2026-09-08,BON,-16.26790461517875
2026-09-08,BOP,4.8539432823801
2026-09-08,BOS,-2.144184836655057
2026-09-08,BP5,0.00016280365444447547
2026-09-08,BPD,8.81040892520477
2026-09-08,BPZ,89.28565728947339
2026-09-08,BRB,0.0
2026-09-08,BRC,-14.70214587185893
2026-09-08,BRF,3.4953265208712647
2026-09-08,BRG,8.145442105110344
2026-09-08,BRH,-5.575225710794916
2026-09-08,BRR,883.5894291380407
2026-09-08,BRT,-19.76773892204988
2026-09-08,BRZ,0.0
2026-09-08,BS1,4579.446317433376
2026-09-08,BSA,0.0
2026-09-08,BSC,-0.000210821782355286
2026-09-08,BSD,-0.27316376397987263
2026-09-08,BSE,-2.4406299329161734e-06
2026-09-08,BSF,0.0
2026-09-08,BSH,17.563183734556944
2026-09-08,BSM,-6.354443602509171
2026-09-08,BSN,0.0
2026-09-08,BST,-9.049687521603197
2026-09-08,BTE,-0.9932696603226712
2026-09-08,BTJ,-1.7724248931331308
2026-09-08,BTK,11.241130090392296
2026-09-08,BTP,-34.78261615220441
2026-09-08,BTY,0.0
2026-09-08,BTZ,-16.80614851595088
2026-09-08,BUB,-37.40257041746157
2026-09-08,BUC,-84.14795880945042
2026-09-08,BUP,0.0
2026-09-08,BUT,-20.847666897552696
2026-09-08,BUV,-26.157812542518883
2026-09-08,BUY,-5.35460634999213
2026-09-08,BV1,-0.6135122910748857
2026-09-08,BVB,0.0
2026-09-08,BVC,0.0
2026-09-08,BVD,-10.671955035455133
2026-09-08,BVF,17.384358180034226
2026-09-08,BVH,0.0
2026-09-08,BVI,-1.3466224253532215
2026-09-08,BVK,-49.84116191057575
2026-09-08,BVM,-6.142705793817199
2026-09-08,BVT,0.0
2026-09-08,BVV,0.03597677244382371
2026-09-08,BVZ,7.8392951878291735
2026-09-08,BYZ,-0.0024160540556646876
2026-09-08,CAH,-43.455033822602594
2026-09-08,CBD,1857.2144306939447
2026-09-08,CBN,0.0
2026-09-08,CBO,0.0
2026-09-08,CEY,0.0
2026-09-08,CFO,-10.962942817413134
2026-09-08,CGD,0.0
2026-09-08,CHY,-0.009431555757577106
2026-09-08,CIN,-2.528725920066854
2026-09-08,CJD,42861.77855056307
2026-09-08,CJF,-15.39695139299401
2026-09-08,CJG,0.0
2026-09-08,CJH,-3.873103270591026
2026-09-08,CKF,3.620632964558615
2026-09-08,CKL,5.646894622406231
2026-09-08,CKS,3.647984206505632
2026-09-08,COT,0.34108336824986557
2026-09-08,CPT,-12.89820374905926
2026-09-08,CPU,4.351833073125548
2026-09-08,CRL,0.0
2026-09-08,CSD,0.0
2026-09-08,CSH,-1.0290882184993067e-06
2026-09-08,CTF,0.0
2026-09-08,CTG,0.0
2026-09-08,CTM,0.0
2026-09-08,CTP,0.0
2026-09-08,CTV,0.0
2026-09-08,CVA,0.0
2026-09-08,CVB,0.0
2026-09-08,CVC,0.0
2026-09-08,CVD,0.0
2026-09-08,CVE,0.0
2026-09-08,CVF,0.0
2026-09-08,CVK,-0.6940615755836367
2026-09-08,CVL,362.41634292775086
2026-09-08,CYD,3.1716479651910086
2026-09-08,DA1,-58.19326500097193
2026-09-08,DAC,0.0
2026-09-08,DAE,0.0
2026-09-08,DAH,-1.390824956616216
2026-09-08,DAI,0.0
2026-09-08,DAL,0.7707624667650891
2026-09-08,DAP,2753.570521243943
2026-09-08,DAS,1.3952762651950714
2026-09-08,DAT,-18.22269927811041
2026-09-08,DAV,3.2925067754601267
2026-09-08,DAZ,0.0
2026-09-08,DB2,-4.3576621390896335
2026-09-08,DBA,-2.1385049643790457
2026-09-08,DBB,19.896221496593476
2026-09-08,DBG,0.1226521481828572
2026-09-08,DBH,-2.64560329127533
2026-09-08,DBK,5.867358956254754
2026-09-08,DBP,-0.26576193198602205
2026-09-08,DBZ,-5.689700459722483
2026-09-08,DCB,-2.753671529065098
2026-09-08,DCD,0.0
2026-09-08,DCE,0.0
2026-09-08,DCN,44.103063838003976
2026-09-08,DCP,-0.9001163519265684
2026-09-08,DCV,0.0
2026-09-08,DDA,38.19530692832575
2026-09-08,DDC,-13.451381915789135
2026-09-08,DDE,0.0
2026-09-08,DDF,-7.695623256924317
2026-09-08,DDP,0.0
2026-09-08,DEF,-1.2034362817061097
2026-09-08,DEH,163.73188571584828
2026-09-08,DEI,0.0
2026-09-08,DFC,-48.888596071923196
2026-09-08,DFD,0.005679333149028345
2026-09-08,DFI,-20.42837730330995
2026-09-08,DFO,0.24110653964092305
2026-09-08,DGF,453.6348322974277
2026-09-08,DGH,-14.330069601973808
2026-09-08,DHI,7.699403205005185
2026-09-08,DHJ,4.6797660128077085
2026-09-08,DHM,-9.36734610024675
2026-09-08,DHP,0.0
2026-09-08,DHS,0.0
2026-09-08,DHT,13.489113533459381
2026-09-08,DHV,-21.33445885414663
2026-09-08,DID,5.735942730261124
2026-09-08,DIH,0.0
2026-09-08,DIM,0.0
2026-09-08,DIP,-23.231324925669274
2026-09-08,DK1,2.2123340402673795
2026-09-08,DK8,-0.00010541740798983478
2026-09-08,DKA,0.0
2026-09-08,DKC,0.5285591758862754
2026-09-08,DKH,-2.7227464219951214
2026-09-08,DKL,3.8258425923410453
2026-09-08,DKP,-0.10486683126720607
2026-09-08,DKR,-65.6152202995386
2026-09-08,DKS,0.0
2026-09-08,DL2,-2.7279108109844756
2026-09-08,DLD,4.8439331695728765
2026-09-08,DLG,-1.8001218416662392
2026-09-08,DLN,17.047417575260408
2026-09-08,DLY,1.652882218596586
2026-09-08,DLZ,2.7322225584505264
2026-09-08,DMG,-1.5515596159117209
2026-09-08,DMI,209.39883869708504
2026-09-08,DMR,0.0
2026-09-08,DMV,0.0
2026-09-08,DMZ,0.0
2026-09-08,DNA,0.0
2026-09-08,DNF,638.5615323210504
2026-09-08,DNH,-9.226925816352576
2026-09-08,DNK,-0.37962768287865306
2026-09-08,DNL,0.0
2026-09-08,DNM,1.6726737997198748
2026-09-08,DNP,53.28523246142284
2026-09-08,DNU,0.0
2026-09-08,DOC,-6.774754468631209e-05
2026-09-08,DOD,-17.661377063023668
2026-09-08,DOH,3206.2976000609383
2026-09-08,DOL,6.327786281848939
2026-09-08,DOR,0.0
2026-09-08,DOS,0.0
2026-09-08,DOV,2.446450713363206
2026-09-08,DP1,0.0
2026-09-08,DP2,1.933319786222531
2026-09-08,DP3,-0.23484081223539496
2026-09-08,DP4,-0.8901418309989467
2026-09-08,DP5,0.0
2026-09-08,DP6,-0.024982757712810902
2026-09-08,DP7,0.0
2026-09-08,DP8,0.0
2026-09-08,DP9,0.0
2026-09-08,DPB,-29.851875820688218
2026-09-08,DPC,-0.8643373175238191
2026-09-08,DPE,0.0
2026-09-08,DPG,0.0
2026-09-08,DPI,-18.304855544202123
2026-09-08,DPK,-6.2389722539190045
2026-09-08,DPL,0.0
2026-09-08,DPN,0.0
2026-09-08,DPP,-74.06693939204696
2026-09-08,DPT,-4.8693129716039865
2026-09-08,DPZ,0.0
2026-09-08,DRA,-4.388465813376809
2026-09-08,DRD,-0.09688499583971771
2026-09-08,DRH,-4.585274254070839
2026-09-08,DRT,-27.739806182392478
2026-09-08,DSC,0.0
2026-09-08,DSD,-20.109455153491083
2026-09-08,DSH,61.113858246449595
2026-09-08,DSP,2.3552049450149926
2026-09-08,DSV,-59.64335710765499
2026-09-08,DTH,-0.5100989971542036
2026-09-08,DTL,-1.2326291178217712
2026-09-08,DTM,-4.600949543808004
2026-09-08,DTO,0.0
2026-09-08,DTP,0.0
2026-09-08,DTV,0.0
2026-09-08,DTZ,3.060570832532917
2026-09-08,DUC,0.0
2026-09-08,DUD,6.747166635664516
2026-09-08,DUH,-107.04818261195437
2026-09-08,DUT,-0.003005991497175697
2026-09-08,DUV,13.708982743846784
2026-09-08,DVC,0.0
2026-09-08,DVI,0.0
2026-09-08,DVN,0.0
2026-09-08,DVO,0.0
2026-09-08,DVS,22.553070009114347
2026-09-08,DVT,1.408517031144909
2026-09-08,DVU,-2.5029396448128507
2026-09-08,DVZ,0.0
2026-09-08,DXP,-6.808464464240367
2026-09-08,DYJ,-0.001472971692693329
2026-09-08,DYN,-1.471693704232073
2026-09-08,DYS,0.0
2026-09-08,DZ2,13.421135971833081
2026-09-08,DZE,-2.9200734971164715
2026-09-08,DZM,-15.862259005486559
2026-09-08,DZP,0.0
2026-09-08,DZS,-3.8226033062843534
2026-09-08,EBD,-3.459352913857657
2026-09-08,EBI,2.5715054845686915
2026-09-08,EBS,3.4018230784178627
2026-09-08,EC2,-3.906807267588193
2026-09-08,ECA,19.093242909353815
2026-09-08,ECB,5.5061655761332835
2026-09-08,ECV,2.2778358811316997
2026-09-08,EDD,19.86579160496609
2026-09-08,EDN,21.928547326689277
2026-09-08,EDP,77.0588359670621
2026-09-08,EDT,-3.5274767956438966
2026-09-08,EDU,-0.012941933788514088
2026-09-08,EES,0.18256872280529182
2026-09-08,EGP,0.0
2026-09-08,EGR,12.375337780252437
2026-09-08,EHS,0.0
2026-09-08,EIB,-1.0415762303115637
2026-09-08,EID,-0.9044469430813965
2026-09-08,EIL,-4.789613182030602
2026-09-08,EJG,0.0
2026-09-08,EKF,-16.46490574691205
2026-09-08,EKL,-19.769827365774216
2026-09-08,ELZ,-23.23243544283707
2026-09-08,EME,-0.05269240606262513
2026-09-08,EML,-1.7296306217282553
2026-09-08,ENA,43.312116094576716
2026-09-08,ENJ,12.756058982123875
2026-09-08,ENO,6.154005147999751
2026-09-08,ENR,53.01463246949427
2026-09-08,ENS,4.602180161545143
2026-09-08,EP1,24.274590934356414
2026-09-08,EPA,1.25197829597764
2026-09-08,EPI,0.4768186578412082
2026-09-08,EPK,-6.85958740826895
2026-09-08,EPO,0.0
2026-09-08,EPP,-6.807981294543378
2026-09-08,EPT,-2.2962788844227173
2026-09-08,ESG,-0.2674921985094547
2026-09-08,ESN,0.0
2026-09-08,ESP,-4.2222492380070875
2026-09-08,ETN,10.03948472373787
2026-09-08,EUN,-2.2571474267285314
2026-09-08,EUZ,2.5258309970690878
2026-09-08,EVM,33.13900397820612
2026-09-08,EYT,-5.015829719983048
2026-09-08,EZM,0.0
2026-09-08,FAK,-14.512252273955239
2026-09-08,FAL,-1.6360407374549024
2026-09-08,FBC,-7.111468215344935
2026-09-08,FBI,14.893259182234827
2026-09-08,FBN,981.0050061205237
2026-09-08,FBV,-0.1530593293302748
2026-09-08,FBZ,7.56192757598744
2026-09-08,FCK,-1.1526107923871807
2026-09-08,FCS,-16.847005473214395
2026-09-08,FD1,-6.686363853892885
2026-09-08,FDE,0.0
2026-09-08,FDG,-34.78679567420965
2026-09-08,FDO,0.0
2026-09-08,FDV,0.0
2026-09-08,FDZ,0.0
2026-09-08,FFD,73.40425620517456
2026-09-08,FFF,0.0
2026-09-08,FFH,2.5485811581209448
2026-09-08,FFO,0.0
2026-09-08,FFP,-14.413844879067755
2026-09-08,FHI,14.514155662654673
2026-09-08,FHP,-3.832846109030321
2026-09-08,FHZ,0.0
2026-09-08,FI3,13.320423987837538
2026-09-08,FI5,8.94005602550656
2026-09-08,FIB,-0.735056554063622
2026-09-08,FID,-4.611047210889881
2026-09-08,FIL,8.896927334349709
2026-09-08,FIT,32.26930426751902
2026-09-08,FJB,-0.9770258856691953
2026-09-08,FJC,0.0
2026-09-08,FJM,-6.791599351974526
2026-09-08,FJN,-2.806062858496453
2026-09-08,FJZ,-0.5193367043251805
2026-09-08,FKE,-0.4491758636997823
2026-09-08,FKV,0.0
2026-09-08,FLS,9.730567279999903
2026-09-08,FLY,12.646112585275713
2026-09-08,FMG,0.474131753956382
2026-09-08,FMS,0.0
2026-09-08,FMV,0.052974914676118916
2026-09-08,FNO,-1.5766213831919877
2026-09-08,FNT,-10.960614354617364
2026-09-08,FP4,-1.9848366678826053
2026-09-08,FPE,-0.5535590651462203
2026-09-08,FPG,-5.543034785913451
2026-09-08,FPH,-2.3461314704506377
2026-09-08,FPI,-2.4412481764035854
2026-09-08,FPK,-7.9479778669480865
2026-09-08,FPR,7.712091584094195
2026-09-08,FPZ,-0.8288634146248025
2026-09-08,FR1,0.0
2026-09-08,FRA,0.0
2026-09-08,FRC,-15.357104567708468
2026-09-08,FRZ,0.0
2026-09-08,FS1,-6.976195618958301
2026-09-08,FS2,21.90929207196064
2026-09-08,FS3,0.0
2026-09-08,FS4,0.0
2026-09-08,FS5,415.5266720897062
2026-09-08,FS6,43.732433628907756
2026-09-08,FSF,2.247630643269206
2026-09-08,FSG,-5.794199314612277
2026-09-08,FSH,-2.4063658123813747
2026-09-08,FSK,-20.436878853163325
2026-09-08,FSM,0.038890809251536144
2026-09-08,FSP,18.402302475095325
2026-09-08,FSR,0.058979174848535626
2026-09-08,FSU,52.00482927025036
2026-09-08,FSV,-0.2105250718158772
2026-09-08,FTL,-32.04294292448997
2026-09-08,FTY,0.0
2026-09-08,FUA,-0.6445126652871681
2026-09-08,FUB,0.9273004877547939
2026-09-08,FUM,0.0
2026-09-08,FUN,181.28941449748558
2026-09-08,FUP,0.0
2026-09-08,FVL,-0.11500519893168895
2026-09-08,FYA,-2.109789653751716
2026-09-08,FYB,0.0
2026-09-08,FYD,-4.48692607894567
2026-09-08,FYF,0.002574895101033802
2026-09-08,FYG,0.0
2026-09-08,FYH,0.0
2026-09-08,FYI,47.162271825512484
2026-09-08,FYM,0.0
2026-09-08,FYO,6.345146805265169
2026-09-08,FYT,13.048457103378752
2026-09-08,FYZ,0.0
2026-09-08,FZJ,-2.3875778105449905
2026-09-08,FZP,-6.483454046559505
2026-09-08,GA1,4.852460256924405
2026-09-08,GAC,0.0
2026-09-08,GAE,-0.04477778197705407
2026-09-08,GAF,-3.3168772304242338
2026-09-08,GAG,-3.7710833186862933
2026-09-08,GAH,-4.302957863661843
2026-09-08,GAJ,0.0
2026-09-08,GAL,-40.60565125836103
2026-09-08,GAN,0.0
2026-09-08,GAS,0.6802255554667556
2026-09-08,GAU,0.0
2026-09-08,GAV,0.0
2026-09-08,GBC,-2.1274251330647957
2026-09-08,GBG,3.6412072107244295
2026-09-08,GBH,-1.0663347367913532
2026-09-08,GBJ,20.20745218533562
2026-09-08,GBL,-5.1431027505495965
2026-09-08,GBN,-0.07552730741988038
2026-09-08,GBP,0.0
2026-09-08,GBV,-12.459570359628422
2026-09-08,GBZ,8.810588775029018
2026-09-08,GCA,-0.14027710291757686
2026-09-08,GCC,0.0
2026-09-08,GCD,16.64323044333153
2026-09-08,GCI,0.0
2026-09-08,GCZ,0.0
2026-09-08,GDJ,0.0
2026-09-08,GDP,0.0
2026-09-08,GEC,12.124265022230475
2026-09-08,GEI,0.0
2026-09-08,GEZ,0.0
2026-09-08,GFB,0.0
2026-09-08,GFD,-2.9060177656382105
2026-09-08,GFI,0.0
2026-09-08,GFL,0.0
2026-09-08,GFN,0.0
2026-09-08,GFY,0.0
2026-09-08,GGA,0.0
2026-09-08,GGC,0.0
2026-09-08,GGD,0.0
2026-09-08,GGK,-2.5694013901195736
2026-09-08,GGM,0.0
2026-09-08,GGN,0.0
2026-09-08,GGP,0.0
2026-09-08,GGR,-0.21121296133038525
2026-09-08,GHS,-17.64292796518856
2026-09-08,GID,-17.731919237087013
2026-09-08,GIE,-3.922352164400622
2026-09-08,GIH,-19.89159945189601
2026-09-08,GJA,0.0
2026-09-08,GJB,-3.743743176294058
2026-09-08,GJD,-0.41447444083358
2026-09-08,GJE,0.0
2026-09-08,GJF,-0.443348986114959
2026-09-08,GJH,53.451253449717875
2026-09-08,GJM,-0.24977616257349364
2026-09-08,GJO,0.0
2026-09-08,GKF,0.7887352310796649
2026-09-08,GKG,-2.662269362843116
2026-09-08,GKH,6.011750396768904
2026-09-08,GKK,0.0
2026-09-08,GKL,0.0
2026-09-08,GKM,0.0
2026-09-08,GKV,2.5922638854154467
2026-09-08,GL1,8.273041555214014
2026-09-08,GLC,0.8489739931084613
2026-09-08,GLG,-18.45804987351976
2026-09-08,GLL,2.213412803213901
2026-09-08,GLM,0.0
2026-09-08,GLP,0.0
2026-09-08,GLS,-2.3288834742300035
2026-09-08,GLV,0.07749469659543293
2026-09-08,GMA,6.3120508138149125
2026-09-08,GMC,-2.9761674222265087
2026-09-08,GMD,390.87659723147266
2026-09-08,GME,0.0
2026-09-08,GMI,-4.683756660501609
2026-09-08,GMM,0.0
2026-09-08,GMN,0.02915362958149234
2026-09-08,GMO,-0.07542624736511162
2026-09-08,GMP,-1.809928289334882
2026-09-08,GMR,-10.55310038947372
2026-09-08,GMZ,-2.227126983540997
2026-09-08,GNH,7.373494981805123
2026-09-08,GNK,2.14179613804943
2026-09-08,GNL,-3.559896285445946
2026-09-08,GNP,61.531419863393786
2026-09-08,GNS,19.290156532666277
2026-09-08,GNZ,0.11977397303613864
2026-09-08,GO1,-1.8185480808475423
2026-09-08,GO3,-1.699136588268923
2026-09-08,GO4,-4.550306175188087
2026-09-08,GO6,-9.993077361060486
2026-09-08,GO9,-13.18724281003063
2026-09-08,GOF,8.94803048240357
2026-09-08,GOH,-4.038725424780374
2026-09-08,GOK,110.80109436628727
2026-09-08,GOL,-1.5727444868340004
2026-09-08,GOP,7.948410888919523
2026-09-08,GP1,0.0
2026-09-08,GP3,2.500540191033577
2026-09-08,GPA,4.252909199825138
2026-09-08,GPB,-0.7791397986038688
2026-09-08,GPC,-1.9561142401378893
2026-09-08,GPF,10.295638523802259
2026-09-08,GPG,2.7735131481742377
2026-09-08,GPH,0.0
2026-09-08,GPI,-1.108050716982065
2026-09-08,GPJ,0.0
2026-09-08,GPL,0.08996018179053614
2026-09-08,GPM,0.0
2026-09-08,GPN,9.312417737333734
2026-09-08,GPT,-9.051705769805194
2026-09-08,GPU,-0.8082690248129382
2026-09-08,GPV,-0.30376080146854445
2026-09-08,GPZ,125.2907254989622
2026-09-08,GRL,-33.90888344177017
2026-09-08,GRO,0.16780420302734428
2026-09-08,GRT,-4.722860432318508
2026-09-08,GSE,1.044263358913851
2026-09-08,GSG,0.0
2026-09-08,GSL,-53.330402582781275
2026-09-08,GSO,7888.125139567369
2026-09-08,GSP,0.3214292098349032
2026-09-08,GSR,0.0
2026-09-08,GTA,-0.6987239152516923
2026-09-08,GTF,-0.952370163190502
2026-09-08,GTH,-19.484247735035673
2026-09-08,GTK,0.0
2026-09-08,GTL,7.085670581326399
2026-09-08,GTM,-9.368907846382566
2026-09-08,GTN,0.0
2026-09-08,GTY,-2.2617271008638173
2026-09-08,GTZ,-3.7143255007397595
2026-09-08,GUA,0.0
2026-09-08,GUB,11.405640654403527
2026-09-08,GUC,-57.95803984408864
2026-09-08,GUF,10.952112180427564
2026-09-08,GUH,1.9742556752185823
2026-09-08,GUK,-0.46711696929745644
2026-09-08,GUM,-2.2097336380014694
2026-09-08,GUV,32.71753493134037
2026-09-08,GVA,-2.8739199269760167
2026-09-08,GVB,0.0
2026-09-08,GVC,0.0
2026-09-08,GVD,0.0
2026-09-08,GVI,-1.7011388398373617
2026-09-08,GVL,0.0
2026-09-08,GVZ,0.0
2026-09-08,GYC,0.0
2026-09-08,GYG,-0.8209016149795766
2026-09-08,GYK,2.4858840869525656
2026-09-08,GYL,51.058001653357486
2026-09-08,GYN,0.0
2026-09-08,GYR,-1.9593871600123338
2026-09-08,GZB,0.0
2026-09-08,GZD,0.0
2026-09-08,GZE,-3.1326932209393594
2026-09-08,GZG,-2.2965440132470696
2026-09-08,GZH,-7.017109201741309
2026-09-08,GZJ,-2.408840645351563
2026-09-08,GZL,0.3335740285078514
2026-09-08,GZM,20.764115935714187
2026-09-08,GZN,-1.7393347896021518
2026-09-08,GZO,0.0
2026-09-08,GZP,-0.49666522020614956
2026-09-08,GZR,-0.06381796453486761
2026-09-08,GZU,0.0
2026-09-08,GZV,-0.3317048341711199
2026-09-08,GZY,-11.675531948800362
2026-09-08,GZZ,-0.174411722395108
2026-09-08,HAE,-0.40565572249318177
2026-09-08,HAG,0.0
2026-09-08,HAI,31.105070866632296
2026-09-08,HAM,-0.5023529400904456
2026-09-08,HAR,146.02714867527604
2026-09-08,HAT,-26.530987317955017
2026-09-08,HB1,-2.993648106065975
2026-09-08,HB2,-3.8637057511858233
2026-09-08,HBF,-4.208506911322759
2026-09-08,HBJ,0.0
2026-09-08,HBN,-5.251018567563601
2026-09-08,HBU,3.711815163055896
2026-09-08,HBV,-1.6722341605651267e-06
2026-09-08,HCV,-5.032184839954729
2026-09-08,HDA,-7.053419220147977
2026-09-08,HDD,89.72698718959495
2026-09-08,HDE,0.9739654823934508
2026-09-08,HDH,-1.623512866819777e-05
2026-09-08,HDJ,0.0
2026-09-08,HDK,-0.6228477098301561
2026-09-08,HDS,0.0
2026-09-08,HDV,1.0411974357994782
2026-09-08,HEH,-40.023912450348284
2026-09-08,HFA,0.0
2026-09-08,HFI,0.9063512006452784
2026-09-08,HFO,7.856267239718681
2026-09-08,HFR,-39.427932017458225
2026-09-08,HFV,-1.3101169297983466
2026-09-08,HFY,-84.72776948901203
2026-09-08,HGC,1.674532431170481
2026-09-08,HGH,-45.015941888067815
2026-09-08,HGJ,0.0
2026-09-08,HGM,-15.723998866817448
2026-09-08,HGR,-8.022825656968793
2026-09-08,HGT,0.0
2026-09-08,HGU,0.0
2026-09-08,HGV,-14.79933781459144
2026-09-08,HIA,1.7593152810331767
2026-09-08,HIF,1.1357463944130908
2026-09-08,HIH,-7.998346800986905
2026-09-08,HII,0.0
2026-09-08,HIM,-1.836000763891395
2026-09-08,HIP,1.6370480756093722
2026-09-08,HIS,0.0
2026-09-08,HIZ,-1.3934674369675337
2026-09-08,HJA,-10.609954625350897
2026-09-08,HJB,-22.261135431292015
2026-09-08,HKG,8.492503419896472
2026-09-08,HKH,-27.05442721000637
2026-09-08,HKJ,16.609298438804082
2026-09-08,HKM,-11.707148130038085
2026-09-08,HKP,-39.92046083711156
2026-09-08,HKR,-5.978538805210569
2026-09-08,HKV,5.125967062596938
2026-09-08,HLA,-25.48702577244605
2026-09-08,HLL,7.005844107548451
2026-09-08,HLR,12.922384772766552
2026-09-08,HMC,-0.060599634742869425
2026-09-08,HME,2.3420057795088436
2026-09-08,HMG,7.949119293703927
2026-09-08,HMK,-42.35359051059375
2026-09-08,HML,90.93401084818788
2026-09-08,HMS,-32.91472149178309
2026-09-08,HMT,0.0
2026-09-08,HMV,0.0
2026-09-08,HNS,0.18289520556682876
2026-09-08,HOA,-1.9367618420496118
2026-09-08,HOY,-2.1729189711640378
2026-09-08,HP3,90.27371522681044
2026-09-08,HPC,1.939574207639927
2026-09-08,HPD,-2.1551033167819664
2026-09-08,HPF,0.0
2026-09-08,HPH,-24.619496998818068
2026-09-08,HPI,0.0
2026-09-08,HPJ,-46.894787180719796
2026-09-08,HPL,0.0
2026-09-08,HPO,-5.591582515825346
2026-09-08,HPT,8.956236712717386
2026-09-08,HPV,-10.4409490622519
2026-09-08,HPZ,-0.010380522907340558
2026-09-08,HRZ,-31.88296099087873
2026-09-08,HSA,-0.8359617138888831
2026-09-08,HSL,-1.600496102975799
2026-09-08,HSP,0.7824432123069779
2026-09-08,HST,0.9306343225642302
2026-09-08,HTF,-4.468812663296969
2026-09-08,HTJ,64.86688292636646
2026-09-08,HTK,4.026215399188753
2026-09-08,HTS,11.61037026233837
2026-09-08,HTZ,0.0
2026-09-08,HUI,0.0
2026-09-08,HUS,0.0
2026-09-08,HVA,-4.447693005896074
2026-09-08,HVB,0.0
2026-09-08,HVC,-3.626020352342979e-05
2026-09-08,HVI,0.9088100181298806
2026-09-08,HVK,-22.23956754036606
2026-09-08,HVL,0.0
2026-09-08,HVN,0.0
2026-09-08,HVS,-2.7303267633759405
2026-09-08,HVT,11.99614887334218
2026-09-08,HVU,-6.9443778958665865
2026-09-08,HVV,0.0
2026-09-08,HVZ,-12.653599015426057
2026-09-08,HYK,0.5063102250704697
2026-09-08,HYP,0.01419061174368799
2026-09-08,HYU,-3.2208029228365658
2026-09-08,HYV,-2.883206916292731
2026-09-08,HYY,0.0
2026-09-08,HZV,0.0
2026-09-08,IAC,0.0
2026-09-08,IAE,8.813923856256604
2026-09-08,IAI,0.0
2026-09-08,IAJ,0.0
2026-09-08,IAM,-15.515135952626643
2026-09-08,IAR,-4.951846016833848
2026-09-08,IAS,0.0
2026-09-08,IAT,3.426285341827271
2026-09-08,IAU,-9.116560446823835
2026-09-08,IAY,-7.3850664259988195
2026-09-08,IBB,-7.187559911752289
2026-09-08,IBC,0.0
2026-09-08,IBE,0.0
2026-09-08,IBG,0.0
2026-09-08,IBJ,0.0
2026-09-08,IBK,-0.6817771304278938
2026-09-08,IBM,-1.9066021862673614
2026-09-08,IBP,0.0
2026-09-08,IBR,8.595085023895532
2026-09-08,ICA,-4.444752624094361
2026-09-08,ICC,-8.215005905289551
2026-09-08,ICD,-18.645815456397063
2026-09-08,ICE,19.155868866854757
2026-09-08,ICF,26.363182126089807
2026-09-08,ICG,0.0
2026-09-08,ICH,148.18489916387912
2026-09-08,ICN,132.88997200908426
2026-09-08,ICS,-16.64164365049009
2026-09-08,ICV,-13.456253898951434
2026-09-08,ICZ,1.992677016993511
2026-09-08,IDD,0.015708776362778308
2026-09-08,IDF,-4.046419677292806
2026-09-08,IDH,-6.083327562549545
2026-09-08,IDI,199.1189386512039
2026-09-08,IDL,1.2419543578915753
2026-09-08,IDO,3.031293112235894
2026-09-08,IDP,0.0
2026-09-08,IDV,-0.9036917817521651
2026-09-08,IDY,-11.508415118412648
2026-09-08,IED,-5.814846413633879
2026-09-08,IEN,-24.823883062328512
2026-09-08,IEV,40.84027797993085
2026-09-08,IEZ,0.0
2026-09-08,IFD,0.0
2026-09-08,IFN,-11.27728782667911
2026-09-08,IFV,63.8982234582907
2026-09-08,IFY,0.0
2026-09-08,IGF,0.0
2026-09-08,IGL,1.0738488056937674
2026-09-08,IGM,1.5226354245818328
2026-09-08,IGZ,-67.91228759918148
2026-09-08,IH1,1.107432436855476
2026-09-08,IHA,-10.325063503415217
2026-09-08,IHC,10.982435086709806
2026-09-08,IHK,-8.43879178530709
2026-09-08,IHP,-5.960895230905583
2026-09-08,IHT,-4.259526945765551
2026-09-08,IHV,0.009104110850891682
2026-09-08,IHY,0.0
2026-09-08,IHZ,-39.28190698391582
2026-09-08,IIA,0.0
2026-09-08,IIC,0.0
2026-09-08,IIE,-8.47794294128791
2026-09-08,IIF,142.85273843673977
2026-09-08,IIH,-5.032291904137984
2026-09-08,IIN,27.093436449602294
2026-09-08,IIS,-6.295866234272805
2026-09-08,IJA,-11.098705811232737
2026-09-08,IJB,9.385553757337897
2026-09-08,IJC,-13.906382283181443
2026-09-08,IJE,-9.222146248669498
2026-09-08,IJF,0.0
2026-09-08,IJH,-31.908620509126024
2026-09-08,IJI,27.69837281309386
2026-09-08,IJK,-0.8335270319835416
2026-09-08,IJL,0.0
2026-09-08,IJP,-3.891060108237139
2026-09-08,IJT,81.55748675864696
2026-09-08,IJV,14.655410174662057
2026-09-08,IJZ,3.0412186587191394
2026-09-08,IK2,0.0
2026-09-08,IKL,0.11866746285407447
2026-09-08,IKP,-5.698133879129486
2026-09-08,IKV,-18.863698715477938
2026-09-08,ILC,0.0
2026-09-08,ILE,0.0
2026-09-08,ILH,33.198382430940754
2026-09-08,ILI,7.659545500773189
2026-09-08,ILM,0.0
2026-09-08,ILP,0.0
2026-09-08,ILU,9.151643270752576
2026-09-08,ILZ,3.5639093989132724
2026-09-08,IMB,-5.6047772597347025
2026-09-08,IMF,0.0
2026-09-08,IMG,0.0
2026-09-08,IMH,0.0
2026-09-08,IML,-7.337078835176039
2026-09-08,IMO,0.0
2026-09-08,IMS,0.0
2026-09-08,IMT,0.0
2026-09-08,IMY,0.0
2026-09-08,IMZ,0.0
2026-09-08,INH,-2.6619385059214906
2026-09-08,INV,0.0
2026-09-08,INZ,0.0013906812159192826
2026-09-08,IOG,-3.3251090692455896
2026-09-08,IOH,0.7506662417372914
2026-09-08,IOJ,0.0
2026-09-08,IOL,0.0
2026-09-08,IOM,-5.271241552915138
2026-09-08,ION,0.0
2026-09-08,IOO,52.99382926966224
2026-09-08,IOP,-4.8800583901286965
2026-09-08,IOT,0.0
2026-09-08,IOV,0.0
2026-09-08,IPA,0.0
2026-09-08,IPB,-3.158572397962462
2026-09-08,IPC,0.0
2026-09-08,IPE,0.0
2026-09-08,IPF,0.0
2026-09-08,IPG,-1.438708547418605
2026-09-08,IPJ,-3.658199281912724
2026-09-08,IPK,0.0
2026-09-08,IPO,-9.416169142878694
2026-09-08,IPP,-5.826027773795857
2026-09-08,IPR,0.0
2026-09-08,IPU,0.0
2026-09-08,IPV,-0.5563851527343219
2026-09-08,IRB,10.710762127767783
2026-09-08,IRE,0.0
2026-09-08,IRF,-3.0971250523971166
2026-09-08,IRL,-0.30400302343199886
2026-09-08,IRO,-3.3481816034897616
2026-09-08,IRT,-2.0516248630390868
2026-09-08,IRV,43.44055141790686
2026-09-08,IRY,1.107968067460492
2026-09-08,ISR,0.0
2026-09-08,ISS,0.0
2026-09-08,IST,-2.074785706847119
2026-09-08,ITA,0.0
2026-09-08,ITC,-1.9571528930148407
2026-09-08,ITD,0.0
2026-09-08,ITJ,0.0
2026-09-08,ITL,0.0
2026-09-08,ITP,-2.5083150855874545
2026-09-08,ITR,0.0
2026-09-08,ITV,0.0
2026-09-08,ITZ,2.098503657250068
2026-09-08,IUA,-4.804609763211178
2026-09-08,IUB,0.0
2026-09-08,IUC,0.0
2026-09-08,IUF,0.7187669807767211
2026-09-08,IUH,-1.2111439148794185
2026-09-08,IUM,0.0
2026-09-08,IUN,0.0
2026-09-08,IUV,-1.6469122119355792
2026-09-08,IUZ,1.515752203326352
2026-09-08,IV2,0.0
2026-09-08,IV6,0.0
2026-09-08,IV7,0.0
2026-09-08,IV8,0.38233106697774055
2026-09-08,IVF,-56.23625908562545
2026-09-08,IVS,-4.155807814720867
2026-09-08,IVY,-2.3824598534543306
2026-09-08,IYB,-4.391745808832774
2026-09-08,IYP,0.046903081395802154
2026-09-08,IYR,-0.011279253160543923
2026-09-08,IYS,-0.003442075724275711
2026-09-08,IYV,-2.6377240519032514
2026-09-08,IZA,0.0
2026-09-08,IZB,69.45569147108431
2026-09-08,IZE,0.0
2026-09-08,IZL,0.0
2026-09-08,IZS,46.203381422218854
2026-09-08,IZV,0.0
2026-09-08,IZY,0.0
2026-09-08,JET,-0.9866507857913381
2026-09-08,JOT,0.0
2026-09-08,JUP,-0.10123920699090119
2026-09-08,KAC,-14.24276295542112
2026-09-08,KAN,1.0433372653363722
2026-09-08,KAV,-3.3308144429507283
2026-09-08,KBJ,-1.0294774182236726
2026-09-08,KBP,0.0
2026-09-08,KBZ,0.0
2026-09-08,KCL,3.1829497948583945
2026-09-08,KCR,19.622396600209782
2026-09-08,KCV,-1.3738357633889675
2026-09-08,KDE,11.957159427418564
2026-09-08,KDI,-28.652352494854483
2026-09-08,KDK,0.0
2026-09-08,KDL,-1.2579365258682096
2026-09-08,KDO,17.471875226917817
2026-09-08,KDS,-5.544343065150643
2026-09-08,KDT,-1.8447737228306973
2026-09-08,KDV,1.703680445069213
2026-09-08,KDZ,9.910411374142178
2026-09-08,KEI,0.0
2026-09-08,KEO,0.0
2026-09-08,KEU,10.144148635188909
2026-09-08,KFZ,0.0
2026-09-08,KGM,-3.145896616617357
2026-09-08,KH1,2.682790214091857
2026-09-08,KHA,78.46558870760752
2026-09-08,KHB,-15.723045331108827
2026-09-08,KHC,-56.820205989658746
2026-09-08,KHD,0.0
2026-09-08,KHF,0.0
2026-09-08,KHJ,-3.8512363247506425
2026-09-08,KHP,-26.876432410773532
2026-09-08,KHT,-9.490730890720375
2026-09-08,KHU,0.0
2026-09-08,KIA,-10.027787683611367
2026-09-08,KIB,2.7252485240010778
2026-09-08,KIE,80.79788227304924
2026-09-08,KIH,-0.022187287111196816
2026-09-08,KIK,-12.919708971511875
2026-09-08,KIS,-0.7387610590899945
2026-09-08,KJK,0.0
2026-09-08,KKB,0.0
2026-09-08,KKC,16.931078178722846
2026-09-08,KKE,0.0
2026-09-08,KKH,-2.3912087406169658
2026-09-08,KKL,2.46698640819483
2026-09-08,KKO,-0.015837850902107646
2026-09-08,KKP,0.15510244182947178
2026-09-08,KKT,-18.604639574992746
2026-09-08,KLH,-36.38547667392347
2026-09-08,KLI,80.01566345735604
2026-09-08,KLL,0.0
2026-09-08,KLM,0.0
2026-09-08,KLS,-62.942610015858605
2026-09-08,KLU,6.110304545743733
2026-09-08,KMA,0.0
2026-09-08,KME,3.577793610580071
2026-09-08,KMF,13.425154776181664
2026-09-08,KMN,4.609264366386651
2026-09-08,KMT,0.0
2026-09-08,KNC,0.0
2026-09-08,KNI,-5.725277402150421
2026-09-08,KNJ,57.011056906135806
2026-09-08,KNN,0.00016930809131079566
2026-09-08,KNP,-11.182423445469519
2026-09-08,KNS,0.0
2026-09-08,KNT,0.0
2026-09-08,KNV,0.0
2026-09-08,KNZ,0.0
2026-09-08,KO4,-0.16133441818747274
2026-09-08,KOB,6.031739048031582
2026-09-08,KOD,0.4250839812503797
2026-09-08,KOP,0.0
2026-09-08,KOT,-21.312107101038848
2026-09-08,KOZ,0.0
2026-09-08,KP3,-4.086784712991538
2026-09-08,KPA,5.491204067565092
2026-09-08,KPB,0.0
2026-09-08,KPC,3.748594972254566
2026-09-08,KPD,-14.22835030032981
2026-09-08,KPF,-85.95018301104403
2026-09-08,KPH,-2.7206982083407603
2026-09-08,KPI,34.15067888240513
2026-09-08,KPK,0.0
2026-09-08,KPM,0.0
2026-09-08,KPP,-4.194209876342464
2026-09-08,KPR,-16.522219096666753
2026-09-08,KPS,0.0
2026-09-08,KPU,0.07563365676239275
2026-09-08,KRC,-1.9092397346443584
2026-09-08,KRF,-13.552272041740265
2026-09-08,KRH,-0.0001586431071292577
2026-09-08,KRO,-1.732481591144637
2026-09-08,KRR,-0.25449308709692053
2026-09-08,KRS,-4.727267108474656
2026-09-08,KRT,6.927446096362436
2026-09-08,KRV,-0.09520374191709192
2026-09-08,KSA,20.507618877762663
2026-09-08,KSC,0.0
2026-09-08,KSK,-17.34747474993349
2026-09-08,KSL,-1.3329864019245001
2026-09-08,KSM,0.34400270631725816
2026-09-08,KSP,0.0
2026-09-08,KSR,1.5498934440359278
2026-09-08,KST,-1.8752724875565243
2026-09-08,KSV,35.38926205611223
2026-09-08,KSY,3.413535356838404
2026-09-08,KTE,-4.434272252618669
2026-09-08,KTI,7.467824467537261
2026-09-08,KTJ,-2.2332900277822363
2026-09-08,KTM,2.2590315930264766
2026-09-08,KTN,-11.434528118779946
2026-09-08,KTR,-0.07586074229236874
2026-09-08,KTS,4.34080932163601
2026-09-08,KTT,2.407518582223719
2026-09-08,KTU,0.0
2026-09-08,KTV,12.31521513077972
2026-09-08,KU3,2.3375988396396257
2026-09-08,KUA,-8.775897525110356
2026-09-08,KUB,-1.4080823129599518
2026-09-08,KUD,34.58512906410864
2026-09-08,KUP,0.6156590491047221
2026-09-08,KUT,-4.874009128943632
2026-09-08,KVA,0.0
2026-09-08,KVK,54.579454515586356
2026-09-08,KVR,-13.330377264240498
2026-09-08,KVS,-10.079026010665666
2026-09-08,KVT,8.58441580137106
2026-09-08,KYA,-7.476504918070718
2026-09-08,KYR,0.0
2026-09-08,KYS,0.0
2026-09-08,KZL,-2.3958250401288397
2026-09-08,KZO,0.0
2026-09-08,KZU,-3.918353605012631
2026-09-08,LAI,-39.45113162830946
2026-09-08,LET,0.0
2026-09-08,LFD,-97.8458260629964
2026-09-08,LGK,3.977672221415813
2026-09-08,LGO,0.0
2026-09-08,LHM,0.0
2026-09-08,LHP,-6.051203459168311
2026-09-08,LKF,37.45297690194117
2026-09-08,LKT,62.582072524376066
2026-09-08,LLA,-6.26323932396175
2026-09-08,LPH,13.738616578700707
2026-09-08,LRT,5.956095077396392
2026-09-08,LTC,-0.6438603350009138
2026-09-08,LTL,-85.41929969801654
2026-09-08,LTS,0.21567422267825756
2026-09-08,LZV,0.0
2026-09-08,MAC,-4.5411790598071
2026-09-08,MAD,6.07533436151982
2026-09-08,MAS,-0.28111211525211005
2026-09-08,MAV,0.0
2026-09-08,MBL,0.010270289707840666
2026-09-08,MBR,-5.312847514546407
2026-09-08,MCU,51.90124005409659
2026-09-08,MD1,15.121916063658682
2026-09-08,MD2,2.5853452478874037
2026-09-08,MDF,-3.0017590681982904
2026-09-08,MET,-2.114514895819709
2026-09-08,MGB,-19.52233740627598
2026-09-08,MGD,0.0
2026-09-08,MGE,2.7025541243377313
2026-09-08,MGH,0.5289355818949076
2026-09-08,MHF,-28.53415699240412
2026-09-08,MIK,0.0017507824726768998
2026-09-08,MJB,3.145780182083467
2026-09-08,MJE,7.077516408120362
2026-09-08,MJG,-3.4176775236118737
2026-09-08,MJH,0.13059231887861078
2026-09-08,MJK,-4.763601953991667
2026-09-08,MJL,7.428707453667845
2026-09-08,MKA,-6.664681871688584
2026-09-08,MKG,-7.034891184777392
2026-09-08,MKL,0.0
2026-09-08,MLS,0.0
2026-09-08,MLT,-12.079754894371167
2026-09-08,MMH,-2.211514401490728
2026-09-08,MOD,-0.801000834538518
2026-09-08,MOZ,2.9935676152637583
2026-09-08,MP2,0.0
2026-09-08,MP4,2.0498356624593215
2026-09-08,MPD,13.25226893340188
2026-09-08,MPE,32.57268066222809
2026-09-08,MPF,12.66371594783156
2026-09-08,MPI,-0.42704214791362577
2026-09-08,MPK,-14.009410835594302
2026-09-08,MPL,-13.910534242076004
2026-09-08,MPN,-1.2617482939286617
2026-09-08,MPP,-12.72932096728136
2026-09-08,MPS,-6.064125425949155
2026-09-08,MRI,10.886571296926787
2026-09-08,MSK,0.0
2026-09-08,MSO,0.0
2026-09-08,MSR,-4.285925107728511
2026-09-08,MT1,1.5792937046930553
2026-09-08,MT2,-17.064584929941347
2026-09-08,MT5,-0.006306913643066341
2026-09-08,MT6,105.95005682387544
2026-09-08,MT7,-0.04014632996152522
2026-09-08,MT8,-39.25339500383204
2026-09-08,MT9,100.45436900266411
2026-09-08,MTD,-1.5186592734479147
2026-09-08,MTE,-54.526932011519946
2026-09-08,MTF,-7.588632751413675
2026-09-08,MTG,72.4715563654049
2026-09-08,MTH,11.12728146221786
2026-09-08,MTI,0.0
2026-09-08,MTK,352.13571783060434
2026-09-08,MTL,1253.3723292809696
2026-09-08,MTS,-26.384548984439377
2026-09-08,MTU,-0.007521827382557419
2026-09-08,MTV,-1.4122054200534497
2026-09-08,MTX,-2.965253027314297
2026-09-08,MUL,27.21964155261862
2026-09-08,MUT,-7.560122743173863
2026-09-08,NAK,-0.6276990877213073
2026-09-08,NAL,-0.1993417423779942
2026-09-08,NAU,-16.03682098109153
2026-09-08,NAV,0.0
2026-09-08,NBE,-0.9264063854473622
2026-09-08,NBH,8.354537702579655
2026-09-08,NBO,0.9399046120129292
2026-09-08,NBZ,16.86333789385087
2026-09-08,NCS,7.098618348240077
2026-09-08,NCU,0.145394743236303
2026-09-08,NDL,0.0
2026-09-08,NDS,-8.287640607769896
2026-09-08,NES,0.0
2026-09-08,NFF,-10.11650797783977
2026-09-08,NFH,-2.576672659025952
2026-09-08,NFK,-8.132229161680462
2026-09-08,NHP,-3.3503911625413294
2026-09-08,NHT,0.0
2026-09-08,NHV,0.0
2026-09-08,NHY,-17.23882108889062
2026-09-08,NIG,-17.252866093404563
2026-09-08,NIS,-1.443582696922673
2026-09-08,NJF,-4.495231063757039
2026-09-08,NJG,0.0
2026-09-08,NJR,42.903665591957996
2026-09-08,NJY,-1.643159220956542
2026-09-08,NKA,0.09978896515144361
2026-09-08,NKC,-11.684491918033022
2026-09-08,NKH,-0.7130919988197995
2026-09-08,NKJ,0.0
2026-09-08,NKK,0.0010367664551305768
2026-09-08,NKL,7.443495732817358
2026-09-08,NKM,-6.632687750054394
2026-09-08,NKP,-4.925472624986669
2026-09-08,NKS,-1.8650640336760962
2026-09-08,NKT,21.95343771349896
2026-09-08,NKV,0.0
2026-09-08,NLC,0.0
2026-09-08,NLD,0.0
2026-09-08,NLE,-2.4418960750906837
2026-09-08,NLK,2.0173268252677894
2026-09-08,NLL,-0.018791145589249745
2026-09-08,NME,-2.5756926501728366
2026-09-08,NMG,0.0
2026-09-08,NMP,182271.81901604476
2026-09-08,NMU,-13.006198654204967
2026-09-08,NNF,-18.52251305723029
2026-09-08,NOA,0.0
2026-09-08,NOI,13.672832923603002
2026-09-08,NOV,0.0
2026-09-08,NP1,-3.829380290318819
2026-09-08,NPH,-28.182641310208933
2026-09-08,NPK,-0.002152312466301191
2026-09-08,NRC,-4.479450499854208
2026-09-08,NRG,-2.8139979280216205
2026-09-08,NRM,0.0
2026-09-08,NSA,-1.9282694599675534
2026-09-08,NSD,7.976796606671452
2026-09-08,NSH,24.443883161304424
2026-09-08,NSK,-71.80548053366523
2026-09-08,NSP,2.187546582390126
2026-09-08,NSS,0.0
2026-09-08,NST,-5.8207418584895585
2026-09-08,NSY,-1.3059277166010508
2026-09-08,NTB,-3.271829684133321e-05
2026-09-08,NTD,0.0
2026-09-08,NTF,-0.008662350968962423
2026-09-08,NTI,-28.48108566458149
2026-09-08,NTO,0.0
2026-09-08,NTS,0.0
2026-09-08,NUB,-4.9600117463549855
2026-09-08,NUG,-97.2351128481051
2026-09-08,NUH,-39.97033614648425
2026-09-08,NVB,-8.938508007473315
2026-09-08,NVC,41.41107242424289
2026-09-08,NVK,55.34186606793323
2026-09-08,NVP,0.0
2026-09-08,NVT,-1.9437023464292225
2026-09-08,NVZ,-0.23092057888521444
2026-09-08,NYH,0.0
2026-09-08,NZH,-1.9355768414367787
2026-09-08,NZT,18.441625034484176
2026-09-08,NZU,-5.104333757733389
2026-09-08,OAB,0.0
2026-09-08,OAO,4443.878832501491
2026-09-08,OBI,1.2161144848821819
2026-09-08,OBN,-3.554346255466741
2026-09-08,OBP,-0.10900055457121108
2026-09-08,OBR,-6.8523829061263895
2026-09-08,OCM,0.0
2026-09-08,OCN,0.0
2026-09-08,OCT,-1.900497960200155
2026-09-08,ODD,-0.0033983427138259423
2026-09-08,ODG,-4.612380915237552
2026-09-08,ODN,84.52228469525946
2026-09-08,ODP,0.33221751200045696
2026-09-08,ODS,0.06657576693297172
2026-09-08,ODV,-2.990726627093087
2026-09-08,OFA,-7.413367469684305
2026-09-08,OFB,0.0
2026-09-08,OFI,-0.6887764003965036
2026-09-08,OFK,-8.843104269384817
2026-09-08,OFO,0.0
2026-09-08,OFS,-0.6634243594850314
2026-09-08,OGD,-0.962484658346615
2026-09-08,OGF,4.365427365313197
2026-09-08,OGV,0.0
2026-09-08,OHB,-1.56439424996489
2026-09-08,OHI,-36.02124054185592
2026-09-08,OHK,7.91581096475827
2026-09-08,OIL,0.8334126660279748
2026-09-08,OIR,0.5333281790834926
2026-09-08,OIS,0.0
2026-09-08,OJB,-6.844668308161622
2026-09-08,OJH,-2.302063895139318
2026-09-08,OJK,-0.9722971577954617
2026-09-08,OJT,-2.6742267544734113
2026-09-08,OJU,-4.955100291643474
2026-09-08,OJY,-0.10168292818399939
2026-09-08,OKD,-5.7337887261047955
2026-09-08,OKF,0.0
2026-09-08,OKP,-13.767003026587249
2026-09-08,OKT,-6.227084163303461
2026-09-08,OLA,-0.37293063815404826
2026-09-08,OLD,-6.035190447633236
2026-09-08,OLE,1.2279161049158014
2026-09-08,OMB,0.0
2026-09-08,OMC,0.0
2026-09-08,OME,-0.4651054956051217
2026-09-08,OMG,-3.679628533424992
2026-09-08,OMT,-3.2912185896297497
2026-09-08,ONB,-5.345263565157095
2026-09-08,OND,-1.1773575557774432
2026-09-08,ONE,3.520433228141922
2026-09-08,ONF,-1.291325074776836
2026-09-08,ONK,-1.3525763839335878
2026-09-08,ONN,30.961540696663686
2026-09-08,ONS,1.8398783325762347
2026-09-08,ONT,0.0
2026-09-08,ONY,-0.7927857604938032
2026-09-08,OPB,0.31625453440456086
2026-09-08,OPD,0.006686090736744867
2026-09-08,OPF,0.5090090782977063
2026-09-08,OPH,0.11796178630344396
2026-09-08,OPI,-1.6949654366875762
2026-09-08,OPJ,55.79084962449856
2026-09-08,OPL,-8.533260349659002
2026-09-08,OPZ,0.0
2026-09-08,ORC,16.356902025995563
2026-09-08,ORI,0.10908003194010302
2026-09-08,OSD,1.1217742794831107
2026-09-08,OSF,-25.347613873872337
2026-09-08,OSH,0.0
2026-09-08,OSL,15.394377175829188
2026-09-08,OSN,-2.815617851737386
2026-09-08,OTE,0.0
2026-09-08,OTF,4.42088399036442
2026-09-08,OTJ,-3.878425681864787
2026-09-08,OTK,-2.4695181384743954
2026-09-08,OTM,0.1445334356647326
2026-09-08,OTZ,0.0
2026-09-08,OUB,-0.022896845536936574
2026-09-08,OUD,-1.3028301883816393
2026-09-08,OUN,-1.792573201975781
2026-09-08,OUR,0.0
2026-09-08,OUY,0.0
2026-09-08,OVD,7.16222450375049
2026-09-08,OVR,0.0
2026-09-08,OYL,-4.077772370830402
2026-09-08,OYS,-3.178844379755737
2026-09-08,OYT,5.590875592534235
2026-09-08,OZC,-73.03671298959513
2026-09-08,P1A,21.767787011427945
2026-09-08,PA2,60.550941054233355
2026-09-08,PAB,58.38453280692419
2026-09-08,PAC,0.0
2026-09-08,PAF,-5.749306148518932
2026-09-08,PAI,-6.69744733985781
2026-09-08,PAL,-6.976023879774641
2026-09-08,PAO,-79.46923891895432
2026-09-08,PAU,1.8597736422522038
2026-09-08,PBE,-18.021968161309488
2026-09-08,PBF,0.0
2026-09-08,PBH,0.0
2026-09-08,PBI,2.225317989379812
2026-09-08,PBK,-8.514962932990061
2026-09-08,PBN,-13.399891629868149
2026-09-08,PBR,-75.18112265221325
2026-09-08,PBS,0.0
2026-09-08,PBY,-0.05571965234474241
2026-09-08,PCE,-56.07451140129679
2026-09-08,PCH,-0.0008809456437755301
2026-09-08,PCN,0.0
2026-09-08,PCS,9.167165067671736
2026-09-08,PDC,0.053817504649387345
2026-09-08,PDD,-5.339180348909811
2026-09-08,PDE,-0.3394258049742243
2026-09-08,PDF,-1.6703525124475136
2026-09-08,PDG,-19.266166987813
2026-09-08,PDH,-0.3694462374959267
2026-09-08,PDR,0.0
2026-09-08,PDS,-0.000634305006805068
2026-09-08,PEA,0.13108958654879999
2026-09-08,PFO,-0.3903939276500339
2026-09-08,PFS,1.6992996809232892
2026-09-08,PGD,-10.534810804916702
2026-09-08,PGE,-0.0002532859035074772
2026-09-08,PGH,0.7896529803329256
2026-09-08,PGS,-3.8265633479315837
2026-09-08,PHB,-12.537189828541335
2026-09-08,PHE,-60.18704434557811
2026-09-08,PHF,0.0
2026-09-08,PHI,9.221494128829423
2026-09-08,PHK,-5.854789538406207
2026-09-08,PHN,3.2233065285193505
2026-09-08,PHS,-22.150297574324206
2026-09-08,PHY,-2.9578444058612896
2026-09-08,PID,-2.0215885881981004
2026-09-08,PIL,-13.316728702827993
2026-09-08,PIP,-78.0275825443611
2026-09-08,PIR,-8.693877746013902
2026-09-08,PIS,18.427117049875932
2026-09-08,PJL,1.4850341558759363
2026-09-08,PJP,-9.567658471158065
2026-09-08,PK1,-73.16101261813886
2026-09-08,PKD,13.047253945316841
2026-09-08,PKF,-2.0156439173296623
2026-09-08,PKH,4.094386892352167
2026-09-08,PKL,6.670949256309007
2026-09-08,PKM,0.35194060361645435
2026-09-08,PKN,-62.621296817356296
2026-09-08,PKP,41.39784524958875
2026-09-08,PKR,4.2886453604787
2026-09-08,PKT,1.3676246031791641
2026-09-08,PKU,-27.84725320386366
2026-09-08,PKV,8.591903080350576
2026-09-08,PKZ,-10.995296877594795
2026-09-08,PLA,-13.275275855349644
2026-09-08,PLR,6.279665479403218
2026-09-08,PLS,0.0
2026-09-08,PMG,0.0
2026-09-08,PMH,-88.1404600257615
2026-09-08,PMP,-21.249585783606374
2026-09-08,PNU,-28.877051230851023
2026-09-08,PO7,-43.427602769021654
2026-09-08,PO8,-18.781691463847096
2026-09-08,PO9,11.164039905528382
2026-09-08,POB,-0.008790410239673505
2026-09-08,POD,-7.50374751256601
2026-09-08,POF,4.806647121095435
2026-09-08,POH,0.0
2026-09-08,POI,-3.809634914901765e-07
2026-09-08,POS,-13.943378833933116
2026-09-08,POU,-4.212681223027792
2026-09-08,PP1,-7.526201062992886
2026-09-08,PPB,-1.1352043793448672
2026-09-08,PPD,-4.546560906882777
2026-09-08,PPE,-1.3701301066483866
2026-09-08,PPF,-40.03017565819349
2026-09-08,PPG,-10.787232893478352
2026-09-08,PPH,-9.689508274789988
2026-09-08,PPI,55.95993570639445
2026-09-08,PPJ,-10.152550130741306
2026-09-08,PPK,2.576757682798587
2026-09-08,PPM,-9.038295399622163
2026-09-08,PPN,2.5845674316566107
2026-09-08,PPO,-3.1447696398231445e-05
2026-09-08,PPP,-7.180131278429728
2026-09-08,PPS,-10.21896291430895
2026-09-08,PPT,-22.005513833558638
2026-09-08,PPU,-1.2257445497197642e-05
2026-09-08,PPV,73.19483545677514
2026-09-08,PPZ,-1.902495539941548
2026-09-08,PRD,-13.287756888396748
2026-09-08,PRF,0.0
2026-09-08,PRH,-2.718985433614544
2026-09-08,PRR,-2.1358672889821353
2026-09-08,PRU,-5.2945195469892
2026-09-08,PRV,13.002598177155154
2026-09-08,PRY,-38.77457034435551
2026-09-08,PSD,0.0
2026-09-08,PSE,-10.04535623993795
2026-09-08,PSG,-14.600470079494599
2026-09-08,PSH,-4.236493519042579
2026-09-08,PSL,-25.661020265316964
2026-09-08,PSO,0.0
2026-09-08,PSR,0.3266347806721688
2026-09-08,PSS,-22.49640480785125
2026-09-08,PST,-1.997123205266346e-05
2026-09-08,PTC,0.0
2026-09-08,PTE,2.812685840111476
2026-09-08,PTF,-3.2315953007342744
2026-09-08,PTG,0.0
2026-09-08,PTL,16.942396911183877
2026-09-08,PTN,52.56536854952418
2026-09-08,PTO,-48.239671436902896
2026-09-08,PTP,-11.52093837281382
2026-09-08,PTS,16.55737191143257
2026-09-08,PUA,0.0
2026-09-08,PUC,-44.699976839387304
2026-09-08,PUH,-7.592385997627354
2026-09-08,PUK,-45.21778639989779
2026-09-08,PUR,-0.3919901707189585
2026-09-08,PUT,0.0
2026-09-08,PUV,0.0
2026-09-08,PVK,-3.1061854340986943
2026-09-08,PYB,-23.431334900303142
2026-09-08,PYD,-0.0010204705483529814
2026-09-08,PYF,49.667415466098355
2026-09-08,PYH,7.150771206544388
2026-09-08,PYI,-20.203163681176733
2026-09-08,PYL,0.0
2026-09-08,PYR,-8.919638251905255
2026-09-08,PYS,-2.1340510907002503
2026-09-08,RAF,-0.29672024099173094
2026-09-08,RAI,0.0
2026-09-08,RAN,0.0
2026-09-08,RAV,-0.0036439024589328996
2026-09-08,RAY,0.0
2026-09-08,RBA,-1.5848868188886465
2026-09-08,RBB,-0.1988685483803488
2026-09-08,RBE,0.0
2026-09-08,RBF,23.360496677531895
2026-09-08,RBH,-3.5602794467554233
2026-09-08,RBI,-28.14788708843863
2026-09-08,RBK,-26.408799858120098
2026-09-08,RBL,-30.408688543453078
2026-09-08,RBN,-14.204429368284668
2026-09-08,RBP,-15.827488076153518
2026-09-08,RBR,20.230519589868507
2026-09-08,RBT,-6.462912964346708
2026-09-08,RBV,9.843487855569334
2026-09-08,RCL,0.0
2026-09-08,RCS,0.0
2026-09-08,RCV,7.5630666265994755
2026-09-08,RD1,-1.3344739361605586
2026-09-08,RDF,-4.9001524989981675
2026-09-08,RDH,0.0
2026-09-08,RDK,0.0
2026-09-08,RDS,0.0
2026-09-08,RDT,5.586711001944993
2026-09-08,RDZ,-0.0003576932214665926
2026-09-08,RE6,2493.813978628449
2026-09-08,RE7,0.0
2026-09-08,RE8,1.4610423545913624
2026-09-08,RFM,32.275373894900234
2026-09-08,RGD,-11.231125315270553
2026-09-08,RGH,-7.652149696745998
2026-09-08,RHD,0.0
2026-09-08,RHI,14.739657290316277
2026-09-08,RHS,-1.9616314053644253
2026-09-08,RIA,-35.4776991343199
2026-09-08,RIH,-31.320621194155752
2026-09-08,RIK,-24.451228220904692
2026-09-08,RJG,-15.928135319745149
2026-09-08,RKC,-4.407077158550305
2026-09-08,RKH,-2.9739916340288297
2026-09-08,RKL,0.0
2026-09-08,RKS,-1.2823469509741536
2026-09-08,RKV,-11.260716166855248
2026-09-08,RLH,22.425820174081807
2026-09-08,RO1,-2.9031931584485346
2026-09-08,ROD,0.004544558639641663
2026-09-08,ROF,-5.315012702826158
2026-09-08,ROY,0.0
2026-09-08,RPC,3.0972263956507784
2026-09-08,RPD,-7.218766274116514
2026-09-08,RPG,1.179292140298498
2026-09-08,RPI,6.3165508190680635
2026-09-08,RPK,0.0
2026-09-08,RPL,-2.6027133490710224
2026-09-08,RPM,18.65556752055673
2026-09-08,RPN,0.0
2026-09-08,RPO,0.0
2026-09-08,RPP,-1.4430113587329123
2026-09-08,RPS,-0.5414847197845704
2026-09-08,RPT,-0.07496142048937794
2026-09-08,RPU,0.0
2026-09-08,RPX,-1.499976221171096
2026-09-08,RRA,-58.646329606801594
2026-09-08,RRP,0.4739817838552876
2026-09-08,RS1,-6.907225546522213
2026-09-08,RSF,5.5172945659528025
2026-09-08,RSK,-23.997308764048903
2026-09-08,RSY,0.0
2026-09-08,RSZ,-1.0303187598001553
2026-09-08,RTA,0.0
2026-09-08,RTB,-9.034918970985828
2026-09-08,RTD,-22.591606478959477
2026-09-08,RTG,-4.043561879843935
2026-09-08,RTH,-30.307615645928752
2026-09-08,RTI,82.87690047793325
2026-09-08,RTP,-3.3057183668550545
2026-09-08,RUH,0.0
2026-09-08,RUT,-7.078508756947077
2026-09-08,RVI,0.0
2026-09-08,RVS,-1.509429645224076
2026-09-08,RYA,0.0
2026-09-08,RYB,0.0
2026-09-08,RYD,0.0
2026-09-08,RYF,4.910246040403689
2026-09-08,RYU,-0.10752426552415072
2026-09-08,RZR,0.0
2026-09-08,SAP,10.898166821028058
2026-09-08,SAR,0.0
2026-09-08,SAS,-4.002818734142875
2026-09-08,SAT,0.0
2026-09-08,SBH,-25.18919780664638
2026-09-08,SBI,0.0
2026-09-08,SBR,0.0
2026-09-08,SBS,0.0
2026-09-08,SCZ,-1.8241918718734886
2026-09-08,SD1,58.43375902252531
2026-09-08,SDA,-0.013516072413018372
2026-09-08,SEH,-0.0030688838522367145
2026-09-08,SER,-0.29341754785141716
2026-09-08,SFA,1.291108777874366
2026-09-08,SFS,0.6975099831094869
2026-09-08,SGK,0.20406900668589312
2026-09-08,SGT,-2.7480875965269664
2026-09-08,SHC,27.93660188007069
2026-09-08,SHE,3.146048776628887
2026-09-08,SHI,-4.355689590140686e-07
2026-09-08,SHU,234.2845003007336
2026-09-08,SIA,-100.43495739573653
2026-09-08,SIS,90.594697172105
2026-09-08,SJP,0.0
2026-09-08,SKL,-13.701950996404404
2026-09-08,SKO,-4.545654276070739
2026-09-08,SKS,0.0
2026-09-08,SKT,10.964579258709259
2026-09-08,SKZ,-4.461652507260218
2026-09-08,SLF,-2.712664153499852
2026-09-08,SLG,-2.5760865223330804
2026-09-08,SLR,0.0
2026-09-08,SLS,0.0053537540693683
2026-09-08,SMP,0.0
2026-09-08,SNY,-12.887183788814221
2026-09-08,SOS,81.25485657691192
2026-09-08,SPA,2.809216008207347
2026-09-08,SPD,0.0
2026-09-08,SPE,8.061057606798736
2026-09-08,SPN,11.167707440263449
2026-09-08,SPP,-17.88355549089192
2026-09-08,SPR,6.4882313774315525
2026-09-08,SPT,-3.5759036422945956
2026-09-08,SRA,-21.497799727780016
2026-09-08,SRE,0.0
2026-09-08,SRL,-79.84232052001158
2026-09-08,SRO,0.0
2026-09-08,SSD,0.0
2026-09-08,SSE,0.21798766683534493
2026-09-08,SSF,0.0
2026-09-08,SSK,1.31540598433721
2026-09-08,SSN,0.0
2026-09-08,SSO,0.0
2026-09-08,SSS,-7.562118701916827
2026-09-08,SST,0.0
2026-09-08,ST1,-3.0320613993474677
2026-09-08,STI,-0.49431393188085543
2026-09-08,STM,0.0
2026-09-08,STS,0.0
2026-09-08,STZ,-2.4412317290418977
2026-09-08,SUA,7.682472842006112
2026-09-08,SUB,-1.5822852770083433
2026-09-08,SUC,-4.403040373873319
2026-09-08,SUR,0.009121451222646416
2026-09-08,SVB,-10.290070139317145
2026-09-08,SVS,0.0
2026-09-08,SVY,0.022644101440062174
2026-09-08,SYF,0.0
2026-09-08,SYL,0.0
2026-09-08,SYR,0.0
2026-09-08,SYS,0.0
2026-09-08,T3B,33.30901683569837
2026-09-08,TAL,-0.75306473023978
2026-09-08,TAO,0.0
2026-09-08,TAR,1.1070958923130976
2026-09-08,TAU,1.5053575917479822
2026-09-08,TAZ,0.0
2026-09-08,TB9,0.6447814210974736
2026-09-08,TBP,-9.54016857655697
2026-09-08,TBT,38.22511979297168
2026-09-08,TBV,-5.091458243837578
2026-09-08,TCA,-1.2105892279231276
2026-09-08,TCB,-1.8872392656354213
2026-09-08,TCC,-7.333438924646929
2026-09-08,TCD,-2.182436444029503
2026-09-08,TCF,-7.324361826845252
2026-09-08,TCG,0.0
2026-09-08,TCH,0.6059214285486231
2026-09-08,TCI,0.0
2026-09-08,TCS,-0.17564198952693483
2026-09-08,TDG,0.5329129550459453
2026-09-08,TDP,0.0
2026-09-08,TE3,-2.8527920158773545
2026-09-08,TE4,5.87485286178692
2026-09-08,TEJ,2.7241286210732527
2026-09-08,TFE,1.196115328218525
2026-09-08,TFF,-4.35091827276605
2026-09-08,TFU,-59.162822143502055
2026-09-08,TGA,-2.896761859568327
2026-09-08,TGE,-7.84501828108287
2026-09-08,TGN,-5.031536019511329
2026-09-08,TGR,-4.647581390222746
2026-09-08,TGT,32.46677535632327
2026-09-08,TGV,0.018171155530092617
2026-09-08,TGZ,8.98654278034065e-05
2026-09-08,THD,-1.8226835503385865
2026-09-08,THF,4488.770691527048
2026-09-08,THG,-0.5443935923721588
2026-09-08,THH,0.0
2026-09-08,THO,0.0
2026-09-08,THS,0.0
2026-09-08,THT,0.7174006484647174
2026-09-08,THV,0.009419662450095224
2026-09-08,TI1,-0.37453343454571386
2026-09-08,TI2,-3.933290526273813
2026-09-08,TI3,-3.6177973535170134
2026-09-08,TI4,-7.868542213901235
2026-09-08,TI6,10.38114473937156
2026-09-08,TI7,-1.4022616975269881
2026-09-08,TIE,-0.3063423617327228
2026-09-08,TIL,-7.5846825285340795
2026-09-08,TIP,1682.1589888333829
2026-09-08,TIV,37.93318461036898
2026-09-08,TJB,0.0
2026-09-08,TJF,-1.2035228233814652
2026-09-08,TJI,-1.1945881471248718
2026-09-08,TJL,-0.0005501409052392957
2026-09-08,TJT,-1.5523903107558028
2026-09-08,TKF,-1.3013517020674583
2026-09-08,TKH,0.0
2026-09-08,TKK,-1.4921307610857204
2026-09-08,TKM,1.9079720321814917
2026-09-08,TLC,74.68017558027444
2026-09-08,TLE,-0.10419998262733315
2026-09-08,TLH,-2.47069453328894
2026-09-08,TLK,-2.6595663530277402
2026-09-08,TLT,0.0
2026-09-08,TLU,-18.50150378363965
2026-09-08,TLV,8.700785723044078
2026-09-08,TLY,-16.74444459702025
2026-09-08,TLZ,5.5822026278546
2026-09-08,TMC,-11.662208200535726
2026-09-08,TMG,2.9103134349857425
2026-09-08,TMM,61.63396413757878
2026-09-08,TMR,-1.118245815485632
2026-09-08,TMS,5.504304731716857
2026-09-08,TMU,-2.772376046987546
2026-09-08,TMV,16.018054111063194
2026-09-08,TMZ,1.4668786271531418
2026-09-08,TNB,-6.859489160949593
2026-09-08,TND,-1.0916465022797717
2026-09-08,TNF,0.0
2026-09-08,TNH,14356.69252716018
2026-09-08,TNI,2.365952805186547
2026-09-08,TNK,6.137120601421248
2026-09-08,TNS,0.0
2026-09-08,TO8,1.921695621585827
2026-09-08,TOK,0.5893289890774648
2026-09-08,TOT,-2.8991373566614693
2026-09-08,TP1,0.0
2026-09-08,TP2,17.828994968929614
2026-09-08,TPC,-5.542655285324706
2026-09-08,TPE,-3.436206227208285
2026-09-08,TPF,-0.9785382854483166
2026-09-08,TPJ,-5.341842350469857
2026-09-08,TPL,-0.7663792874445038
2026-09-08,TPO,0.0
2026-09-08,TPP,-0.7734453081634003
2026-09-08,TPR,0.09618779264197634
2026-09-08,TPV,0.014079905507736743
2026-09-08,TPZ,6.3287451830905965
2026-09-08,TRJ,8.541166065210822
2026-09-08,TRN,0.0
2026-09-08,TRO,-8.95732965434726
2026-09-08,TRR,-1.8666695514883938
2026-09-08,TRU,0.2699407215652418
2026-09-08,TSI,2.0816656078731857
2026-09-08,TSP,0.0
2026-09-08,TTA,-1.1748227481413762
2026-09-08,TTE,-1.8031523764864172
2026-09-08,TTL,-0.7336707492299234
2026-09-08,TTP,0.0
2026-09-08,TTS,0.0
2026-09-08,TTV,-5.5675638817204485
2026-09-08,TTZ,0.0
2026-09-08,TUA,-1.5748225965377782
2026-09-08,TVE,-23.76228133083308
2026-09-08,TVN,7.2239333654935525
2026-09-08,TYH,-4.318292057453784
2026-09-08,TZC,-0.1603515795583745
2026-09-08,TZD,-2.3627263377986796
2026-09-08,TZH,2.0507994231932
2026-09-08,TZL,-5.26506465872622
2026-09-08,TZP,-0.16957409367892548
2026-09-08,TZT,8.129120221767842
2026-09-08,TZV,22.982535386922105
2026-09-08,UAB,0.0
2026-09-08,UAP,0.0
2026-09-08,UCN,0.9383581140818636
2026-09-08,UCP,78.03666396681635
2026-09-08,UFH,0.0
2026-09-08,UHL,0.0
2026-09-08,UHS,0.0
2026-09-08,ULH,-1.4666976181524598
2026-09-08,ULL,0.0
2026-09-08,UNT,-75.89688041196858
2026-09-08,UP1,1.0905325402428037
2026-09-08,UP2,3.189601311876405
2026-09-08,UPD,-5.609006982402449
2026-09-08,UPH,-42.8400460489891
2026-09-08,UPP,-4.4666749195031485
2026-09-08,UPS,0.0
2026-09-08,URA,-11.529178467677651
2026-09-08,URC,-2.7880087632169928
2026-09-08,URD,0.9612958020956913
2026-09-08,URG,0.0
2026-09-08,URM,84.60912974158728
2026-09-08,URS,0.0
2026-09-08,URV,0.0
2026-09-08,USS,0.0
2026-09-08,UST,0.0
2026-09-08,USY,-7.42871066019082
2026-09-08,UYH,-3.6688390736317493
2026-09-08,UZY,27.98029131524788
2026-09-08,VAY,17.633884155640008
2026-09-08,VCD,-80.14481044063871
2026-09-08,VCG,-0.07978041575753744
2026-09-08,VCY,-7.68376805460648
2026-09-08,VFK,-0.3517096403006687
2026-09-08,VFO,476.54833413804676
2026-09-08,VFS,0.0
2026-09-08,VHK,235.32303379087386
2026-09-08,VHS,20.285679066307797
2026-09-08,VK6,-3.0551535927740474
2026-09-08,VKI,-50.99145075983756
2026-09-08,VKK,42.015823778245704
2026-09-08,VKR,-13.507170334496651
2026-09-08,VKT,26.16750044939134
2026-09-08,VKV,104.86994213219425
2026-09-08,VLT,25.108171160735747
2026-09-08,VMV,6.423260705741347
2026-09-08,VNK,-8.202778017852737
2026-09-08,VPA,22.812548463808973
2026-09-08,VPH,323.89549773088737
2026-09-08,VPP,10.587657876408274
2026-09-08,VPS,-29.549153064405214
2026-09-08,VRK,3.203114265290864
2026-09-08,VTF,0.0
2026-09-08,VTL,19.933457624692817
2026-09-08,YA1,90.02109366676204
2026-09-08,YAC,-2.3365218443857336
2026-09-08,YAE,5.47934162024512
2026-09-08,YAK,-1.3100532608148054
2026-09-08,YAN,-1.7448199389497872
2026-09-08,YAR,0.0
2026-09-08,YAS,-2.6195777222656624
2026-09-08,YAY,-0.02499489163363071
2026-09-08,YBE,-0.8795415938672557
2026-09-08,YBH,-6.3531685896092425
2026-09-08,YBJ,0.0
2026-09-08,YBP,-0.7103348811218194
2026-09-08,YBR,6.889589629752541
2026-09-08,YBS,3.0023793105347063
2026-09-08,YCG,0.0
2026-09-08,YCH,-2.8130196680012336
2026-09-08,YCK,0.019096260940063135
2026-09-08,YCL,-15.565491374153734
2026-09-08,YCP,0.42251518789224285
2026-09-08,YCY,38.70371829164915
2026-09-08,YDH,25.986156512221342
2026-09-08,YDI,-0.06509665699277117
2026-09-08,YDK,-0.334946990332441
2026-09-08,YDL,0.0
2026-09-08,YDM,0.0
2026-09-08,YDP,5.408913515566271
2026-09-08,YDZ,-1.5470080945434643
2026-09-08,YEF,10.768168572828403
2026-09-08,YFV,-0.07199263077571669
2026-09-08,YGM,-3.0030167305625186
2026-09-08,YHB,-3.6970512208118795
2026-09-08,YHI,-4.119586495145283
2026-09-08,YHK,-4.585204200297113
2026-09-08,YHP,-2.6852801191309417
2026-09-08,YHS,-6.837602376437032
2026-09-08,YHT,3.482945094157322
2026-09-08,YHY,0.0
2026-09-08,YHZ,11.069698739351198
2026-09-08,YIK,-86.07870817643261
2026-09-08,YIS,-14.436634454664338
2026-09-08,YIT,-11.309919830569077
2026-09-08,YIV,0.0
2026-09-08,YJA,0.0
2026-09-08,YJH,-5.089225561549903
2026-09-08,YJK,-1.863146233426257
2026-09-08,YJU,0.0
2026-09-08,YJY,1.5343361798883817
2026-09-08,YKS,16.0490917564001
2026-09-08,YKT,-1.9638628071948074
2026-09-08,YLB,6.203138477375236
2026-09-08,YLC,-10.708569367414501
2026-09-08,YLE,-22.416524657498464
2026-09-08,YLO,-3.4184993027094714
2026-09-08,YLR,0.0
2026-09-08,YLY,-12.202684623184187
2026-09-08,YLZ,-17.141274759052415
2026-09-08,YMD,-0.5882450397736015
2026-09-08,YMH,-8.451952009351789
2026-09-08,YMP,38.058517690223496
2026-09-08,YNF,5669.5413279695895
2026-09-08,YNK,1.0867771607887287
2026-09-08,YNL,0.0
2026-09-08,YOA,-0.5321951995738756
2026-09-08,YOS,-9.111970869997666
2026-09-08,YOT,6.81077128161814
2026-09-08,YOZ,6.307911856741563
2026-09-08,YP1,0.0
2026-09-08,YP2,0.0
2026-09-08,YP4,-0.8641667125816743
2026-09-08,YPC,-1.2189174323376926
2026-09-08,YPD,0.0
2026-09-08,YPF,0.45318415311439836
2026-09-08,YPI,-1.5317886543454138
2026-09-08,YPK,-2.601431564878672
2026-09-08,YPL,0.6388673049564053
2026-09-08,YPN,14.110807949253553
2026-09-08,YPP,0.0
2026-09-08,YPR,-2.6920076614880846
2026-09-08,YPT,1.32628815621718
2026-09-08,YPU,8.428126085271002
2026-09-08,YPV,-2.3919324849421613
2026-09-08,YRZ,-0.061174902507322534
2026-09-08,YSA,21.946031225477604
2026-09-08,YSH,16.815332923393367
2026-09-08,YSL,-1.1299186105253956
2026-09-08,YSO,37.17630599525426
2026-09-08,YSU,0.7604481025569223
2026-09-08,YTD,0.5399979084662627
2026-09-08,YTJ,0.0
2026-09-08,YTO,0.0
2026-09-08,YTR,0.0
2026-09-08,YTV,-7.7483856986107655
2026-09-08,YTY,7.09797533712184
2026-09-08,YUB,-2.1615562857335764
2026-09-08,YUD,-1.3978749426807244
2026-09-08,YUI,0.0
2026-09-08,YUK,0.0
2026-09-08,YUN,0.29705703848113374
2026-09-08,YUY,0.0
2026-09-08,YVB,21.236491096774913
2026-09-08,YVD,9.966687855509841
2026-09-08,YVF,0.0
2026-09-08,YVG,1.7538363354589703
2026-09-08,YVO,0.0
2026-09-08,YVS,0.0
2026-09-08,YZC,-1.1715865470039213
2026-09-08,YZF,0.0
2026-09-08,YZG,-3.0613289709895035
2026-09-08,YZH,1.26276967830152
2026-09-08,YZK,-9.163463116125426
2026-09-08,YZL,-2.928177176757107
2026-09-08,YZT,112.39120777545146
2026-09-08,ZA2,-44.870483145786
2026-09-08,ZAD,2.378679442562206
2026-09-08,ZAV,-0.950548614191418
2026-09-08,ZAY,-29.06438214217082
2026-09-08,ZBD,-0.23356926388723667
2026-09-08,ZBI,-5.882958678188512
2026-09-08,ZBJ,17.7367947411111
2026-09-08,ZBN,-3.368244886996427
2026-09-08,ZBO,-0.06246847865819845
2026-09-08,ZBZ,0.0
2026-09-08,ZCA,0.0
2026-09-08,ZCB,-63.985044145289585
2026-09-08,ZCC,0.0
2026-09-08,ZCD,-2.1355620334292422
2026-09-08,ZCE,0.0
2026-09-08,ZCF,0.0
2026-09-08,ZCG,20.549868794073618
2026-09-08,ZCH,0.0
2026-09-08,ZCK,3.941067027715789
2026-09-08,ZCN,2.4750312907123657
2026-09-08,ZDD,0.6026109399631313
2026-09-08,ZDK,0.0
2026-09-08,ZDZ,-0.9249152215654619
2026-09-08,ZFB,-1.7721699584522137
2026-09-08,ZFZ,0.0
2026-09-08,ZHH,5.988696003726784
2026-09-08,ZIH,3452.084113046207
2026-09-08,ZJB,-0.28559978443325934
2026-09-08,ZJH,0.0
2026-09-08,ZJI,-0.651397107329089
2026-09-08,ZJL,-2.970443021910883
2026-09-08,ZJT,0.0
2026-09-08,ZJV,-0.2599019388531309
2026-09-08,ZK1,-7.318447289874756
2026-09-08,ZK2,-33.88060178411571
2026-09-08,ZKK,0.0
2026-09-08,ZLB,-2.445652326836173
2026-09-08,ZLG,0.0
2026-09-08,ZLH,-1.4193740305974822
2026-09-08,ZMT,3.884214582358738
2026-09-08,ZMU,0.0
2026-09-08,ZMY,-0.3671990542418177
2026-09-08,ZNF,0.0
2026-09-08,ZOS,0.0
2026-09-08,ZP1,0.0
2026-09-08,ZP2,0.0
2026-09-08,ZP3,0.0
2026-09-08,ZP6,-13.360984779797317
2026-09-08,ZP7,0.0
2026-09-08,ZP8,4.677926806212157
2026-09-08,ZP9,19.951102105485056
2026-09-08,ZPA,6.967382021865272
2026-09-08,ZPC,-0.19878891100611734
2026-09-08,ZPE,0.374768754940574
2026-09-08,ZPF,-0.053589036677484096
2026-09-08,ZPG,-3.374987249073491
2026-09-08,ZPH,38.34817836737322
2026-09-08,ZPJ,-7.457225843235446
2026-09-08,ZPK,8.369636966618119
2026-09-08,ZPN,-1.4551644597018976
2026-09-08,ZPO,57.497143962214516
2026-09-08,ZPR,29.495989206582085
2026-09-08,ZR2,0.0
2026-09-08,ZR3,-0.06128254813454511
2026-09-08,ZSB,-28.92557943164773
2026-09-08,ZSF,0.9769477796402535
2026-09-08,ZSG,1.4756830794220017
2026-09-08,ZSK,0.0
2026-09-08,ZSN,0.0
2026-09-08,ZTF,0.0
2026-09-08,ZTG,19.83474526905076
2026-09-08,ZTV,9844.3550679683
2026-09-08,ZUD,0.0
2026-09-08,ZUE,38.543458910743325
2026-09-08,ZUS,-3.105865873702307
2026-09-08,ZVB,-0.25085930889264757
2026-09-08,ZVO,-0.1274001581495495
2026-09-08,ZYC,0.033689358504971706
2026-09-08,ZYD,0.0
2026-09-08,ZZL,0.0
2026-09-08,ZJR,0.0
2026-09-08,DKY,0.0
2026-09-12,AAL,-12.483281229008604
2026-09-12,AAS,5.188023618884995
2026-09-12,AAV,11.25691139973
2026-09-12,ABG,-0.35560277676776336
2026-09-12,ABJ,0.0
2026-09-12,ABU,0.0
2026-09-12,AC1,-15.62441356776053
2026-09-12,AC2,212.02808112387274
2026-09-12,AC3,0.0
2026-09-12,AC4,-7.925427478532352
2026-09-12,AC5,0.753741325217721
2026-09-12,AC6,11.344307963468893
2026-09-12,AC7,-1.3724790430455423e-06
2026-09-12,AC8,-0.2887539198058299
2026-09-12,ACC,-35.9841124186802
2026-09-12,ACD,-0.6027016287214509
2026-09-12,ACN,-0.5872835505622995
2026-09-12,ACU,-0.24874144641204166
2026-09-12,ADE,-5.996587425623182
2026-09-12,ADP,3.7754409800750013
2026-09-12,AED,4.155510961340384
2026-09-12,AES,-2.1406744614232633
2026-09-12,AEV,-4.093935507118097
2026-09-12,AFA,-1.6200190839571729
2026-09-12,AFO,-2.615413615364996
2026-09-12,AFS,3.6790533400116856
2026-09-12,AFT,-3.4530990693790136
2026-09-12,AFV,-6.696106548997759
2026-09-12,AGC,-17.137410792381
2026-09-12,AHH,0.0
2026-09-12,AHI,-5.22282207047847
2026-09-12,AHN,8.903431047251685
2026-09-12,AHU,-30.515322163122132
2026-09-12,AHV,3.604735810195677
2026-09-12,AHZ,82.33890058486324
2026-09-12,AI1,6.394952758042982e-05
2026-09-12,AIH,-1.487101577129179
2026-09-12,AII,0.0
2026-09-12,AIM,0.0
2026-09-12,AIR,-0.044985081478244045
2026-09-12,AIS,-21.4036723565775
2026-09-12,AJ1,-1.6669737807127387
2026-09-12,AJE,-5.932509018849765
2026-09-12,AJK,-0.022282283930488672
2026-09-12,AJL,-6.744211602758118
2026-09-12,AJN,-4.9201192724334515
2026-09-12,AK2,71.79263120120342
2026-09-12,AK3,1.3722064752606262
2026-09-12,AKE,-0.27932070168594875
2026-09-12,AKU,2.5703910051366985
2026-09-12,AL4,0.0
2026-09-12,AL5,-3.7310196395513833
2026-09-12,AL6,0.0
2026-09-12,AL7,-7.859108624153328
2026-09-12,ALC,0.37385954212511396
2026-09-12,ALE,5.346580792029145
2026-09-12,AN1,1.0355490376323129
2026-09-12,ANL,17.546406096193788
2026-09-12,ANZ,0.0842295044279702
2026-09-12,AOJ,0.647319022380485
2026-09-12,AOY,-7.254034389429813
2026-09-12,AP2,-3.044096459494786
2026-09-12,AP4,0.0
2026-09-12,AP5,3.788535270565337
2026-09-12,AP6,-9.040093928371255e-06
2026-09-12,AP7,-27.15359024044005
2026-09-12,APJ,-3.5372576583050854
2026-09-12,APP,-74.35950850670376
2026-09-12,APT,64.73095157258886
2026-09-12,ARE,42.08204227473329
2026-09-12,ARF,0.0
2026-09-12,ARL,-2.0962851318048377
2026-09-12,ARM,-5.539360743283834
2026-09-12,ARP,0.0
2026-09-12,AS1,-7.818339288537514
2026-09-12,AS3,0.00036064825850951385
2026-09-12,ASJ,-2.707683628406211
2026-09-12,ATJ,0.04419900956748006
2026-09-12,AU1,19.392755773931086
2026-09-12,AUV,-39.43700039066162
2026-09-12,AVC,0.0
2026-09-12,AVT,15.34685422408953
2026-09-12,AVZ,0.0
2026-09-12,AY6,0.0
2026-09-12,AY7,0.0
2026-09-12,AYA,-4.289181114459214
2026-09-12,AYR,-0.9904190185961682
2026-09-12,AZF,0.0
2026-09-12,AZJ,27.57557048488402
2026-09-12,AZV,0.006390017839424528
2026-09-12,AZZ,-9.28501685897329e-05
2026-09-12,BA1,1.3754898873865815
2026-09-12,BAC,0.0
2026-09-12,BAG,1.423690467395976
2026-09-12,BAI,43.494661644842196
2026-09-12,BAL,0.0
2026-09-12,BAO,0.0
2026-09-12,BAS,0.0
2026-09-12,BBF,5.174761673282548
2026-09-12,BBI,0.07353874202706055
2026-09-12,BBN,0.0
2026-09-12,BBO,-2.212173982373386
2026-09-12,BBP,-3.2772287726037708
2026-09-12,BBS,65.03613800755575
2026-09-12,BCC,0.0
2026-09-12,BCK,-7.101480142193231
2026-09-12,BCO,198.66543292273056
2026-09-12,BDA,-13.651951003117938
2026-09-12,BDC,-16.349468675412762
2026-09-12,BDI,-9.606742762311453e-10
2026-09-12,BDO,-45.053522963562195
2026-09-12,BDS,-22.411683332484124
2026-09-12,BDY,9.859750362631877
2026-09-12,BFE,7.626599858876368
2026-09-12,BFO,30.90899982584035
2026-09-12,BFS,31.605901502616803
2026-09-12,BFT,-18.12066038010826
2026-09-12,BGH,0.0
2026-09-12,BGP,-12.300668962690334
2026-09-12,BGR,-2.235777874465366
2026-09-12,BHA,2.54544474354129
2026-09-12,BHE,11.347826992509095
2026-09-12,BHF,-14.455614146945758
2026-09-12,BHH,-5.978350773357471e-07
2026-09-12,BHI,10.810469933539027
2026-09-12,BHL,-3.29152920677321
2026-09-12,BHN,-0.5704351012413394
2026-09-12,BHO,0.0
2026-09-12,BI5,-67.19738162396658
2026-09-12,BIA,5470.894961198768
2026-09-12,BID,-0.7185068902644152
2026-09-12,BIG,-6.5035844221673385
2026-09-12,BIH,-0.008826946150640029
2026-09-12,BIK,0.006354278477385561
2026-09-12,BIO,-27.08614130622265
2026-09-12,BIP,-5.659952607236949
2026-09-12,BIS,-0.3203660909274503
2026-09-12,BIY,-0.1702998203378973
2026-09-12,BJD,-6.144932632837744
2026-09-12,BKO,257.03301201573163
2026-09-12,BKY,17.92447842963344
2026-09-12,BLA,0.0
2026-09-12,BLD,-5.901189087973527
2026-09-12,BLT,7.048082898165718
2026-09-12,BMU,-51.889242992714955
2026-09-12,BNC,-9.21103248566653
2026-09-12,BNH,1.021438964767688
2026-09-12,BOH,0.0
2026-09-12,BOL,17.479779160764444
2026-09-12,BON,61.503477754576394
2026-09-12,BOP,4.841934315962649
2026-09-12,BOS,-74.23394349211499
2026-09-12,BP5,-19.20344459093335
2026-09-12,BPD,9.735809121951608
2026-09-12,BPZ,98.52061986959403
2026-09-12,BRB,0.0
2026-09-12,BRC,-14.716777632923437
2026-09-12,BRF,0.6706820349154178
2026-09-12,BRG,10.364883350907183
2026-09-12,BRH,-6.039511278599664
2026-09-12,BRR,2008.03137390143
2026-09-12,BRT,-30.1197523884373
2026-09-12,BRZ,0.0
2026-09-12,BS1,4134.7479524071805
2026-09-12,BSA,0.0
2026-09-12,BSC,-0.00010611984195380232
2026-09-12,BSD,-1.7947162472661975
2026-09-12,BSE,-1.3259610513472938e-06
2026-09-12,BSF,0.0
2026-09-12,BSH,3.8109144940049666
2026-09-12,BSM,10.870348205936374
2026-09-12,BSN,-1.1618038605690733e-05
2026-09-12,BST,-8.986068465233936
2026-09-12,BTE,-1.3797390906915787
2026-09-12,BTJ,-1.7687873044340614
2026-09-12,BTK,8.103532386783625
2026-09-12,BTP,-43.18707280541494
2026-09-12,BTY,0.0
2026-09-12,BTZ,-16.01815645334869
2026-09-12,BUB,-44.67268068221162
2026-09-12,BUC,-89.36309944154665
2026-09-12,BUP,0.0
2026-09-12,BUT,-20.88858288558059
2026-09-12,BUV,-20.4572367599221
2026-09-12,BUY,-5.407960295745139
2026-09-12,BV1,8.428454187533214
2026-09-12,BVB,0.0
2026-09-12,BVC,0.0
2026-09-12,BVD,-14.886870653628916
2026-09-12,BVF,30.93044332140083
2026-09-12,BVH,0.0
2026-09-12,BVI,-1.3597616671700923
2026-09-12,BVK,6.584047062921444
2026-09-12,BVM,-1.2884808294971415
2026-09-12,BVT,0.0
2026-09-12,BVV,-3.455999821028424
2026-09-12,BVZ,16.710045638523443
2026-09-12,BYZ,-0.0011611599105334606
2026-09-12,CAH,-49.64656416122477
2026-09-12,CBD,2187.927224619359
2026-09-12,CBN,0.0
2026-09-12,CBO,0.0
2026-09-12,CEY,0.0
2026-09-12,CFO,-12.218571514741432
2026-09-12,CGD,0.0
2026-09-12,CHY,-0.009252343452891762
2026-09-12,CIN,-8.845404866118303
2026-09-12,CJD,57928.212196193155
2026-09-12,CJF,-15.365505810903942
2026-09-12,CJG,0.0
2026-09-12,CJH,-3.929490494986971
2026-09-12,CKF,6.1640579352666185
2026-09-12,CKL,6.257109058884505
2026-09-12,CKS,7.073122233915097
2026-09-12,COT,-0.47508840134718516
2026-09-12,CPT,-14.71529311078554
2026-09-12,CPU,-18.683513905264437
2026-09-12,CRL,0.0
2026-09-12,CSD,0.0
2026-09-12,CSH,-4.0289504059618175e-07
2026-09-12,CTF,0.0
2026-09-12,CTG,0.0
2026-09-12,CTM,0.0
2026-09-12,CTP,0.0
2026-09-12,CTV,0.0
2026-09-12,CVA,0.0
2026-09-12,CVB,0.0
2026-09-12,CVC,0.0
2026-09-12,CVD,0.0
2026-09-12,CVE,0.0
2026-09-12,CVF,0.0
2026-09-12,CVK,-75.48798850137331
2026-09-12,CVL,600.0251583310128
2026-09-12,CYD,3.144617479939709
2026-09-12,DA1,-54.529110399965056
2026-09-12,DAC,0.0
2026-09-12,DAE,0.0
2026-09-12,DAH,-1.9092818751310563
2026-09-12,DAI,-0.7502968490923432
2026-09-12,DAL,0.771496840604966
2026-09-12,DAP,4248.670094272095
2026-09-12,DAS,0.10463327456850284
2026-09-12,DAT,-18.172820126176344
2026-09-12,DAV,3.2724812826551397
2026-09-12,DAZ,0.0
2026-09-12,DB2,-4.348952389703761
2026-09-12,DBA,-2.487383580231721
2026-09-12,DBB,48.9707557256877
2026-09-12,DBG,0.12170651769834621
2026-09-12,DBH,-2.5199238352856934
2026-09-12,DBK,60.65741047982277
2026-09-12,DBP,-0.8050072016205208
2026-09-12,DBZ,-7.2131334703089856
2026-09-12,DCB,-6.8853566223951805
2026-09-12,DCD,0.0
2026-09-12,DCE,0.0
2026-09-12,DCN,0.9325517837642903
2026-09-12,DCP,-0.8975659050988558
2026-09-12,DCV,0.0
2026-09-12,DDA,49.373206049711655
2026-09-12,DDC,-12.422125197681291
2026-09-12,DDE,0.0
2026-09-12,DDF,-20.35648272074972
2026-09-12,DDP,0.0
2026-09-12,DEF,-1.2076880984172205
2026-09-12,DEH,200.2236360047469
2026-09-12,DEI,0.009306581844008033
2026-09-12,DFC,-48.710285306256075
2026-09-12,DFD,0.8748071417756234
2026-09-12,DFI,-22.59515262400734
2026-09-12,DFO,0.24022217712651642
2026-09-12,DGF,462.3837498065613
2026-09-12,DGH,-16.24010550529163
2026-09-12,DHI,5.343979097544439
2026-09-12,DHJ,3.8610619205103434
2026-09-12,DHM,-10.04402663803597
2026-09-12,DHP,0.0
2026-09-12,DHS,0.0
2026-09-12,DHT,8.930892122712319
2026-09-12,DHV,-15.761101395699697
2026-09-12,DID,2.191795139151695
2026-09-12,DIH,0.0
2026-09-12,DIM,0.0
2026-09-12,DIP,-37.06132842996059
2026-09-12,DK1,9.19561342919684
2026-09-12,DK8,-0.00010541740798983478
2026-09-12,DKA,0.0
2026-09-12,DKC,0.5476628676030836
2026-09-12,DKH,-61.79457665503655
2026-09-12,DKL,6.608535489950283
2026-09-12,DKP,-0.2221684722339557
2026-09-12,DKR,-67.54742196890761
2026-09-12,DKS,0.0
2026-09-12,DL2,27.205348626646114
2026-09-12,DLD,2.326670690794777
2026-09-12,DLG,-1.8344208075027364
2026-09-12,DLN,15.961743836542219
2026-09-12,DLY,-8.046926886843401
2026-09-12,DLZ,3.346373662422729
2026-09-12,DMG,-1.8572997160168612
2026-09-12,DMI,168.70478946192435
2026-09-12,DMV,0.0
2026-09-12,DMZ,0.0
2026-09-12,DNA,0.0
2026-09-12,DNF,551.9549660372737
2026-09-12,DNH,-6.739442659296878
2026-09-12,DNK,-0.40681547733252726
2026-09-12,DNL,0.0
2026-09-12,DNM,4.751397796574375
2026-09-12,DNP,61.91132689860754
2026-09-12,DNU,0.0
2026-09-12,DOC,-6.753554628241759e-05
2026-09-12,DOD,-11.588377017380392
2026-09-12,DOH,3606.134004509848
2026-09-12,DOL,5.499365144851806
2026-09-12,DOR,0.0
2026-09-12,DOS,0.0
2026-09-12,DOV,-0.6514523883851188
2026-09-12,DP1,0.0
2026-09-12,DP2,1.9279152698367361
2026-09-12,DP3,-0.23442371042883067
2026-09-12,DP4,-0.8875934572785922
2026-09-12,DP5,0.0
2026-09-12,DP6,-0.024910213550206856
2026-09-12,DP7,0.0
2026-09-12,DP8,0.0
2026-09-12,DP9,-0.008001448488323123
2026-09-12,DPB,-28.779322166092765
2026-09-12,DPC,-0.86245113539764
2026-09-12,DPE,0.0
2026-09-12,DPG,0.0
2026-09-12,DPI,-17.926936439195423
2026-09-12,DPK,1.2485637519353892
2026-09-12,DPL,0.0
2026-09-12,DPN,0.0
2026-09-12,DPP,-73.92264427646377
2026-09-12,DPT,2.4394583810202914
2026-09-12,DPZ,-2.5452010407313006
2026-09-12,DRA,-5.2067909541068085
2026-09-12,DRD,-0.09651084855904254
2026-09-12,DRH,-12.440937911453432
2026-09-12,DRT,-26.783497027999132
2026-09-12,DSC,0.0
2026-09-12,DSD,-20.669128531996538
2026-09-12,DSH,76.99804718430941
2026-09-12,DSP,2.100602551885171
2026-09-12,DSV,-63.850294860736575
2026-09-12,DTH,-0.4780716330996327
2026-09-12,DTL,-1.856546273847622
2026-09-12,DTM,-1.9884524237304566
2026-09-12,DTO,0.0
2026-09-12,DTP,0.0
2026-09-12,DTV,0.0
2026-09-12,DTZ,20.820812185603877
2026-09-12,DUC,0.0
2026-09-12,DUD,19.20594757339203
2026-09-12,DUH,-85.56496666311068
2026-09-12,DUT,-0.0029972691577018072
2026-09-12,DUV,14.507569634122808
2026-09-12,DVC,0.0
2026-09-12,DVI,0.0
2026-09-12,DVN,0.0
2026-09-12,DVO,0.0
2026-09-12,DVS,650.8541189881349
2026-09-12,DVT,1.6742795490730926
2026-09-12,DVU,-2.4962742916426466
2026-09-12,DVZ,0.0
2026-09-12,DXP,-5.5851369830822994
2026-09-12,DYJ,-0.001467283298782491
2026-09-12,DYN,-1.6863703707892745
2026-09-12,DYS,0.0
2026-09-12,DZ2,15.58719393433352
2026-09-12,DZE,-1.9868702061799224
2026-09-12,DZM,-16.15218640333141
2026-09-12,DZP,-0.5277203529615664
2026-09-12,DZS,-3.75778855740455
2026-09-12,EBD,-1.3157818762642781
2026-09-12,EBI,2.5639186091787898
2026-09-12,EBS,3.391324347173986
2026-09-12,EC2,-3.620303030937237
2026-09-12,ECA,40.02918034971091
2026-09-12,ECB,-4.185301219539646
2026-09-12,ECV,72.46162587610536
2026-09-12,EDD,24.16331918985002
2026-09-12,EDN,3.3767539554717776
2026-09-12,EDP,170.94958458028034
2026-09-12,EDT,-3.673749561017145
2026-09-12,EDU,-0.16984513016132688
2026-09-12,EES,0.18222559002419447
2026-09-12,EGP,0.0
2026-09-12,EGR,7.821575689567499
2026-09-12,EHS,0.0
2026-09-12,EIB,-1.7183030356325297
2026-09-12,EID,-0.5367838210009246
2026-09-12,EIL,-4.91944319295517
2026-09-12,EJG,0.0
2026-09-12,EKF,-30.17966423474659
2026-09-12,EKL,-22.577485351405198
2026-09-12,ELZ,10.059143315076046
2026-09-12,EME,-0.05343857523474909
2026-09-12,EML,-3.0619194833375625
2026-09-12,ENA,38.88295713662495
2026-09-12,ENJ,14.091256215736555
2026-09-12,ENO,12.944030197413547
2026-09-12,ENR,51.109013258147854
2026-09-12,ENS,-1.1627303237501279
2026-09-12,EP1,0.8214927464333617
2026-09-12,EPA,1.202002043297727
2026-09-12,EPI,0.5106903178600991
2026-09-12,EPK,-6.698179420279211
2026-09-12,EPO,0.0
2026-09-12,EPP,-9.73202568901751
2026-09-12,EPT,0.203711305928873
2026-09-12,ESG,-0.26551906536482844
2026-09-12,ESN,0.0014891361886676501
2026-09-12,ESP,-3.857861406389715
2026-09-12,ETN,10.178872125990734
2026-09-12,EUN,-2.496823928555192
2026-09-12,EUZ,2.6692929725407786
2026-09-12,EVM,47.01626101005229
2026-09-12,EYT,-5.276756206333064
2026-09-12,EZM,0.0
2026-09-12,FAK,-11.671426975095676
2026-09-12,FAL,-2.33431911947653
2026-09-12,FBC,-8.351606039549072
2026-09-12,FBI,14.764334851712757
2026-09-12,FBN,1171.1553213238892
2026-09-12,FBV,-1.301286693303214
2026-09-12,FBZ,0.19351814909985288
2026-09-12,FCK,-1.2677683626619896
2026-09-12,FCS,-15.593186629195918
2026-09-12,FD1,-8.567837171502555
2026-09-12,FDE,-0.2441036039779665
2026-09-12,FDG,-39.24146447064312
2026-09-12,FDO,0.0
2026-09-12,FDV,0.0
2026-09-12,FDZ,0.0
2026-09-12,FFD,48.67593411110561
2026-09-12,FFF,0.0
2026-09-12,FFH,5.588531671139808
2026-09-12,FFO,0.0
2026-09-12,FFP,-14.628929331326537
2026-09-12,FHI,-93.07268352382152
2026-09-12,FHP,-33.76787840894237
2026-09-12,FHZ,0.0
2026-09-12,FI3,18.338195444628045
2026-09-12,FI5,3.5493222579882495
2026-09-12,FIB,-2.161527262436464
2026-09-12,FID,-3.7536525989109344
2026-09-12,FIL,5.17743673574827
2026-09-12,FIT,45.28703860571747
2026-09-12,FJB,1.6558690563977159
2026-09-12,FJC,0.0
2026-09-12,FJM,-6.771999694226912
2026-09-12,FJN,-2.7980069085316814
2026-09-12,FJZ,-0.399917547454016
2026-09-12,FKE,-1.6275573845375406
2026-09-12,FKV,-0.10596003604618699
2026-09-12,FLS,6.589968930031994
2026-09-12,FLY,10.229131958899641
2026-09-12,FMG,-2.3600375875286144
2026-09-12,FMS,0.0
2026-09-12,FMV,0.05002591005956412
2026-09-12,FNO,-0.4242527107839693
2026-09-12,FNT,-25.75319755505553
2026-09-12,FP4,-1.7554294729114368
2026-09-12,FPE,-0.7866598669276896
2026-09-12,FPG,-5.915908593173034
2026-09-12,FPH,-2.524769687818897
2026-09-12,FPI,-5.418684813688252
2026-09-12,FPK,12.418868897217996
2026-09-12,FPR,8.039252865717055
2026-09-12,FPZ,1.4807032548578698
2026-09-12,FR1,-2.4817512905700316
2026-09-12,FRA,0.0
2026-09-12,FRC,-19.00487103005245
2026-09-12,FRZ,0.0
2026-09-12,FS1,-7.079228051311611
2026-09-12,FS2,22.646678425991986
2026-09-12,FS3,0.0
2026-09-12,FS4,0.0
2026-09-12,FS5,454.62733900032856
2026-09-12,FS6,195.84844986173135
2026-09-12,FSF,-0.4645146209046494
2026-09-12,FSG,-6.504606008444575
2026-09-12,FSH,-3.2044606366705204
2026-09-12,FSK,-4.2930166388924915
2026-09-12,FSM,6.794034000852029
2026-09-12,FSP,22.230747206454897
2026-09-12,FSR,16.325897303222536
2026-09-12,FSU,174.25818943149676
2026-09-12,FSV,-0.33181114493648795
2026-09-12,FTL,-30.539104270564632
2026-09-12,FTY,-0.10415492548172453
2026-09-12,FUA,-0.9183119689981475
2026-09-12,FUB,1.652109622552024
2026-09-12,FUM,0.0
2026-09-12,FUN,206.4668108390237
2026-09-12,FUP,0.0
2026-09-12,FVL,-0.11475655052723137
2026-09-12,FYA,-3.3544578060454264
2026-09-12,FYB,0.0
2026-09-12,FYD,-3.3372455561367675
2026-09-12,FYF,0.002571816381831277
2026-09-12,FYG,0.0
2026-09-12,FYH,0.0
2026-09-12,FYI,115.65032161598572
2026-09-12,FYM,0.0
2026-09-12,FYO,5.479382803449348
2026-09-12,FYT,25.45510367734845
2026-09-12,FYZ,0.0
2026-09-12,FZJ,-2.6782180119882733
2026-09-12,FZP,-7.643414198156047
2026-09-12,GA1,8.111160298490265
2026-09-12,GAC,0.0
2026-09-12,GAE,5.952826255969692
2026-09-12,GAF,-3.2595068234855833
2026-09-12,GAG,-0.4636506012176751
2026-09-12,GAH,-6.933615742750214
2026-09-12,GAJ,0.0
2026-09-12,GAL,93.03649897221902
2026-09-12,GAN,0.0
2026-09-12,GAS,0.787287479621664
2026-09-12,GAU,0.0
2026-09-12,GAV,0.0
2026-09-12,GBC,-1.8745832154208706
2026-09-12,GBG,4.50334631011537
2026-09-12,GBH,1.7469192824680149
2026-09-12,GBJ,17.54860494877679
2026-09-12,GBL,51.4184335380531
2026-09-12,GBN,-0.11469496369455916
2026-09-12,GBP,0.0
2026-09-12,GBV,-13.020832084920423
2026-09-12,GBZ,4.712509911967732
2026-09-12,GCA,-0.13984853260752644
2026-09-12,GCC,0.0
2026-09-12,GCD,8.4860623212216
2026-09-12,GCI,0.0
2026-09-12,GCZ,0.0
2026-09-12,GDJ,0.0
2026-09-12,GDP,0.0
2026-09-12,GEC,13.624849311099402
2026-09-12,GEI,0.0
2026-09-12,GEZ,0.0
2026-09-12,GFB,0.0
2026-09-12,GFD,-4.281340234745613
2026-09-12,GFI,0.0
2026-09-12,GFL,0.0
2026-09-12,GFN,0.0
2026-09-12,GFY,0.0
2026-09-12,GGA,-1.1714561170461881
2026-09-12,GGC,0.0
2026-09-12,GGD,0.0
2026-09-12,GGK,-3.3237122721778074
2026-09-12,GGM,0.0
2026-09-12,GGN,0.0
2026-09-12,GGP,0.0
2026-09-12,GGR,-0.21077777775967238
2026-09-12,GHS,-16.832290441283167
2026-09-12,GID,-19.17614574795819
2026-09-12,GIE,-2.235326243174809
2026-09-12,GIH,-28.665961533559216
2026-09-12,GJA,0.0
2026-09-12,GJB,-6.322759736019597
2026-09-12,GJD,-0.1788815528091042
2026-09-12,GJE,0.0
2026-09-12,GJF,-0.4428211266869013
2026-09-12,GJH,-41.32375398447068
2026-09-12,GJM,2.300637782813683
2026-09-12,GJO,0.0
2026-09-12,GKF,0.3779269811565256
2026-09-12,GKG,2.0874958249809046
2026-09-12,GKH,-35.28481142421271
2026-09-12,GKK,0.0
2026-09-12,GKL,0.0
2026-09-12,GKM,0.0
2026-09-12,GKV,-28.06648036773906
2026-09-12,GL1,15.242135892942782
2026-09-12,GLC,0.02847211583263935
2026-09-12,GLG,-26.444204600374814
2026-09-12,GLL,-82.6550522825954
2026-09-12,GLM,0.0
2026-09-12,GLP,0.0
2026-09-12,GLS,116.47959134529826
2026-09-12,GLV,0.07715275268175056
2026-09-12,GMA,6.372125684886648
2026-09-12,GMC,-6.536083666388396
2026-09-12,GMD,390.3549596488248
2026-09-12,GME,0.0
2026-09-12,GMI,-6.142319766887672
2026-09-12,GMM,0.0
2026-09-12,GMN,1.039453440728868
2026-09-12,GMO,-0.07333836713394333
2026-09-12,GMP,-1.2249319055948797
2026-09-12,GMR,-12.84997271065306
2026-09-12,GMZ,-2.2463060313279253
2026-09-12,GNH,4.763246132472812
2026-09-12,GNK,2.1394739182856166
2026-09-12,GNL,-3.5518006496376007
2026-09-12,GNP,91.3278509230016
2026-09-12,GNS,24.753079380420594
2026-09-12,GNZ,2.517837816909661
2026-09-12,GO1,-0.07069059274112416
2026-09-12,GO3,-1.9674940716261229
2026-09-12,GO4,-4.546412814739629
2026-09-12,GO6,-14.663187904766053
2026-09-12,GO9,-15.271217053433652
2026-09-12,GOF,13.762961531421384
2026-09-12,GOH,-4.355413769772287
2026-09-12,GOK,5.032066741745771
2026-09-12,GOL,-8.47698211171641
2026-09-12,GOP,-65.70962555282861
2026-09-12,GP1,0.0
2026-09-12,GP3,-1.0987822029605205
2026-09-12,GPA,3.45431880701036
2026-09-12,GPB,-0.4880781624139406
2026-09-12,GPC,-2.2208748018284994
2026-09-12,GPF,-7.096972211661458
2026-09-12,GPG,1.2117675561436514
2026-09-12,GPH,0.0
2026-09-12,GPI,-1.4577591969967036
2026-09-12,GPJ,0.0
2026-09-12,GPL,-0.0497005275767732
2026-09-12,GPM,0.0
2026-09-12,GPN,4.686532993844312
2026-09-12,GPT,-11.672456970819342
2026-09-12,GPU,-1.1572126168504597
2026-09-12,GPV,-22.88224744696623
2026-09-12,GPZ,94.63614884474366
2026-09-12,GRL,-33.96675791900641
2026-09-12,GRO,0.14735002125026356
2026-09-12,GRT,-1.8242664659663732
2026-09-12,GSE,1.0411105314515232
2026-09-12,GSG,0.0
2026-09-12,GSL,-53.103732346745346
2026-09-12,GSO,14904.720056531534
2026-09-12,GSP,0.8171276863203039
2026-09-12,GSR,0.0
2026-09-12,GTA,-0.5605867174504798
2026-09-12,GTF,0.9559216255751137
2026-09-12,GTH,-15.600652507810969
2026-09-12,GTK,0.0
2026-09-12,GTL,-2.428142072044402
2026-09-12,GTM,-8.892374848289277
2026-09-12,GTN,0.0
2026-09-12,GTY,-3.757867351218809
2026-09-12,GTZ,-3.958961596308122
2026-09-12,GUA,0.0
2026-09-12,GUB,13.66743305989594
2026-09-12,GUC,-57.83183130316052
2026-09-12,GUF,8.026720809847268
2026-09-12,GUH,4.624952071542156
2026-09-12,GUK,-1.0330359078818054
2026-09-12,GUM,-2.474543429805956
2026-09-12,GUV,35.87747701159099
2026-09-12,GVA,-4.276844703640172
2026-09-12,GVB,0.0
2026-09-12,GVC,0.0
2026-09-12,GVD,0.0
2026-09-12,GVI,-3.4534118289180666
2026-09-12,GVL,0.0
2026-09-12,GVZ,0.0
2026-09-12,GYC,0.0
2026-09-12,GYG,-0.8185426044638511
2026-09-12,GYK,-0.08069125958767179
2026-09-12,GYL,30.894103399075195
2026-09-12,GYN,0.0
2026-09-12,GYR,-1.953874662023326
2026-09-12,GZB,0.0
2026-09-12,GZD,0.0
2026-09-12,GZE,-3.6797429994555957
2026-09-12,GZG,-0.8573979354791874
2026-09-12,GZH,-7.87950968267858
2026-09-12,GZJ,-2.610941352162778
2026-09-12,GZL,3.2402353295966324
2026-09-12,GZM,30.907628032792424
2026-09-12,GZN,-2.239324094584832
2026-09-12,GZO,0.0
2026-09-12,GZP,-0.671907721929642
2026-09-12,GZR,0.014135032293629017
2026-09-12,GZU,0.0
2026-09-12,GZV,0.20297092781029016
2026-09-12,GZY,-9.338200858911204
2026-09-12,GZZ,0.13261205964744144
2026-09-12,HAE,-0.35354095634983373
2026-09-12,HAG,0.0
2026-09-12,HAI,30.390953307198455
2026-09-12,HAM,-0.9469512657910382
2026-09-12,HAR,789.3455382313158
2026-09-12,HAT,-26.613185629925056
2026-09-12,HB1,-3.473313089061228
2026-09-12,HB2,-2.4956769216571764
2026-09-12,HBF,-3.5117737183162236
2026-09-12,HBJ,0.0
2026-09-12,HBN,-5.646287288467895
2026-09-12,HBU,14.28763552961877
2026-09-12,HBV,0.019729331945873695
2026-09-12,HCV,-5.351561382818622
2026-09-12,HDA,-6.7253993225156625
2026-09-12,HDD,96.02578043924537
2026-09-12,HDE,-0.11167790007349236
2026-09-12,HDH,-1.9869713413751914e-05
2026-09-12,HDJ,-4.156853309015922e-05
2026-09-12,HDK,-0.7065885371245897
2026-09-12,HDS,0.0
2026-09-12,HDV,0.986777346547888
2026-09-12,HEH,-40.741706052923
2026-09-12,HFA,0.0
2026-09-12,HFI,0.6952024778923354
2026-09-12,HFO,15.045036793831217
2026-09-12,HFR,-59.572507336857086
2026-09-12,HFV,-1.7331936750225423
2026-09-12,HFY,-38.65550049231465
2026-09-12,HGC,1.8323436903210568
2026-09-12,HGH,-96.91310605040078
2026-09-12,HGJ,0.0
2026-09-12,HGM,-6.214190704853848
2026-09-12,HGR,-8.744593925818302
2026-09-12,HGT,0.0
2026-09-12,HGU,0.0
2026-09-12,HGV,101.681596094816
2026-09-12,HIA,-4.2505667754620085
2026-09-12,HIF,-0.3592647532185967
2026-09-12,HIH,-6.084235154476464
2026-09-12,HII,0.0
2026-09-12,HIM,-0.6714440377421594
2026-09-12,HIP,2.737456266816687
2026-09-12,HIS,7.8255426451452035
2026-09-12,HIZ,-0.9579038516618954
2026-09-12,HJA,-14.49811573942924
2026-09-12,HJB,-13.312400484708045
2026-09-12,HKG,8.229087255429201
2026-09-12,HKH,-14.937556061427774
2026-09-12,HKJ,7.2902428281950895
2026-09-12,HKM,-14.53555280494613
2026-09-12,HKP,-40.28058155932561
2026-09-12,HKR,-5.503238292762848
2026-09-12,HKV,10.649029415077777
2026-09-12,HLA,-24.36860008574739
2026-09-12,HLL,4.249486704639242
2026-09-12,HLR,5.678987856481196
2026-09-12,HMC,-105.54394195628522
2026-09-12,HME,2.1341648703319804
2026-09-12,HMG,7.032694468391185
2026-09-12,HMK,-50.53518677914332
2026-09-12,HML,410.75535457065115
2026-09-12,HMS,-33.57343074733921
2026-09-12,HMT,0.0
2026-09-12,HMV,0.0
2026-09-12,HNS,0.127071692572434
2026-09-12,HOA,-6.26218843379588
2026-09-12,HOY,-1.4600477900337028
2026-09-12,HP3,89.12053437815574
2026-09-12,HPC,1.9551731068663054
2026-09-12,HPD,-0.8734849271082121
2026-09-12,HPF,0.0
2026-09-12,HPH,-25.632433033353863
2026-09-12,HPI,0.0
2026-09-12,HPJ,-44.30921172844758
2026-09-12,HPL,0.0
2026-09-12,HPO,0.898382817019874
2026-09-12,HPT,21.55935918308074
2026-09-12,HPV,-4.577462856080502
2026-09-12,HPZ,-3.231036558531545
2026-09-12,HRZ,-32.59037997737616
2026-09-12,HSA,-1.4905839253920516
2026-09-12,HSL,-2.0012615917875856
2026-09-12,HSP,0.20078140419391285
2026-09-12,HST,0.7057771308659508
2026-09-12,HTF,-14.305585991750117
2026-09-12,HTJ,68.39646400505042
2026-09-12,HTK,1.350144450405905
2026-09-12,HTS,10.860923787487598
2026-09-12,HTZ,0.0
2026-09-12,HUI,0.0
2026-09-12,HUS,0.0
2026-09-12,HVA,-4.819150535985836
2026-09-12,HVB,0.0
2026-09-12,HVC,-3.7287207666166155e-05
2026-09-12,HVI,0.5555440371622649
2026-09-12,HVK,-25.331280188655604
2026-09-12,HVL,0.0
2026-09-12,HVN,0.0
2026-09-12,HVS,-2.478105089932938
2026-09-12,HVT,9.521803026692142
2026-09-12,HVU,0.8930096485970889
2026-09-12,HVV,0.0
2026-09-12,HVZ,-15.188888012651732
2026-09-12,HYK,0.5280757857467245
2026-09-12,HYP,0.06251787587931446
2026-09-12,HYU,24.214734207643236
2026-09-12,HYV,-3.758508106929173
2026-09-12,HYY,0.0
2026-09-12,HZV,0.0
2026-09-12,IAC,0.0
2026-09-12,IAE,3.746974084337932
2026-09-12,IAI,0.0
2026-09-12,IAJ,0.0
2026-09-12,IAM,0.8026953149532963
2026-09-12,IAR,-4.300416579647106
2026-09-12,IAS,0.0
2026-09-12,IAT,20.267453157242095
2026-09-12,IAU,-38.92171078576684
2026-09-12,IAY,-4.290527956484465
2026-09-12,IBB,-7.075561277735519
2026-09-12,IBC,0.0
2026-09-12,IBE,0.0
2026-09-12,IBG,0.0
2026-09-12,IBJ,0.0
2026-09-12,IBK,-0.7261534440693652
2026-09-12,IBM,-1.902303378520546
2026-09-12,IBP,0.0
2026-09-12,IBR,18.944692001326516
2026-09-12,ICA,-2.866313979777252
2026-09-12,ICC,-8.270627467313464
2026-09-12,ICD,-15.078965073759
2026-09-12,ICE,29.897914950723685
2026-09-12,ICF,29.56333038508526
2026-09-12,ICG,-1.3744187748372267
2026-09-12,ICH,76.32799856543939
2026-09-12,ICN,244.67823304695835
2026-09-12,ICS,-15.058565487992837
2026-09-12,ICV,-13.409871777573496
2026-09-12,ICZ,15.187121008038218
2026-09-12,IDD,0.015962685095397916
2026-09-12,IDF,-2.3085294396960396
2026-09-12,IDH,-6.874845050693117
2026-09-12,IDI,276.0787853484627
2026-09-12,IDL,-9.223736848456893
2026-09-12,IDO,6.990139404472879
2026-09-12,IDP,-10.642847062957925
2026-09-12,IDV,-0.9021532693470148
2026-09-12,IDY,-32.89773661937772
2026-09-12,IED,-1.1562875017408532
2026-09-12,IEN,-34.781430069804856
2026-09-12,IEV,29.676640814163946
2026-09-12,IEZ,0.0
2026-09-12,IFD,0.0
2026-09-12,IFN,-14.269600342802757
2026-09-12,IFV,78.14124412265522
2026-09-12,IFY,0.0
2026-09-12,IGF,0.0
2026-09-12,IGL,0.33514876458080256
2026-09-12,IGM,1.5183871890180924
2026-09-12,IGZ,-68.17016064470809
2026-09-12,IH1,1.0927258049840693
2026-09-12,IHA,-13.722255155438056
2026-09-12,IHC,7.988525291561302
2026-09-12,IHK,-9.078233754474637
2026-09-12,IHP,-10.205530166359946
2026-09-12,IHT,-10.46241422615438
2026-09-12,IHV,-16.683333179920496
2026-09-12,IHY,0.0
2026-09-12,IHZ,-36.91138685307022
2026-09-12,IIA,0.0
2026-09-12,IIC,-0.3911983593640105
2026-09-12,IIE,-10.03677420259844
2026-09-12,IIF,141.9847309584523
2026-09-12,IIH,-5.4741651108607
2026-09-12,IIN,13.711118453763719
2026-09-12,IIS,-3.310485761363211
2026-09-12,IJA,-13.938446652535996
2026-09-12,IJB,-4.629121478578497
2026-09-12,IJC,-14.8000562107529
2026-09-12,IJE,-9.193683597713147
2026-09-12,IJF,0.0
2026-09-12,IJH,-31.795737915488044
2026-09-12,IJI,23.222844921448875
2026-09-12,IJK,-0.8317367015616637
2026-09-12,IJL,0.0
2026-09-12,IJP,-4.625370317197987
2026-09-12,IJT,87.40173344001941
2026-09-12,IJV,15.875447768631712
2026-09-12,IJZ,4.500707820200786
2026-09-12,IK2,0.0
2026-09-12,IKL,-5.120481913912667
2026-09-12,IKP,-7.125874005561402
2026-09-12,IKV,13.922819899852417
2026-09-12,ILC,0.0
2026-09-12,ILE,0.0
2026-09-12,ILH,3.2365140830520174
2026-09-12,ILI,7.642098425355492
2026-09-12,ILM,0.0
2026-09-12,ILP,0.0
2026-09-12,ILU,9.298475225510646
2026-09-12,ILZ,3.6308341909352135
2026-09-12,IMB,-1.8477292315113734
2026-09-12,IMF,0.0
2026-09-12,IMG,0.0
2026-09-12,IMH,0.0
2026-09-12,IML,-6.626656926452255
2026-09-12,IMO,0.0
2026-09-12,IMS,0.0
2026-09-12,IMT,0.0
2026-09-12,IMY,0.0
2026-09-12,IMZ,0.0
2026-09-12,INH,-7.042780891537583
2026-09-12,INV,0.0
2026-09-12,INZ,0.0013865050435444104
2026-09-12,IOG,-3.917247391904911
2026-09-12,IOH,0.7491599385846784
2026-09-12,IOJ,0.0
2026-09-12,IOL,0.0
2026-09-12,IOM,-5.2814494303936
2026-09-12,ION,0.0
2026-09-12,IOO,67.25269126997162
2026-09-12,IOP,-2.4067378400015005
2026-09-12,IOT,0.0
2026-09-12,IOV,-0.6707693951632943
2026-09-12,IPA,0.0
2026-09-12,IPB,-3.811420844325708
2026-09-12,IPC,0.0
2026-09-12,IPE,0.0
2026-09-12,IPF,0.0
2026-09-12,IPG,-1.6501286428851303
2026-09-12,IPJ,-4.274868712907974
2026-09-12,IPK,-0.29341067945299526
2026-09-12,IPO,-9.312501077847173
2026-09-12,IPP,-6.045325398226122
2026-09-12,IPR,0.0
2026-09-12,IPU,0.0
2026-09-12,IPV,-0.02714725881564755
2026-09-12,IRB,4.373169547260479
2026-09-12,IRE,0.0
2026-09-12,IRF,-4.455212021029519
2026-09-12,IRL,-0.3019505298731065
2026-09-12,IRO,-3.8361649590481703
2026-09-12,IRT,-1.5383815266474576
2026-09-12,IRV,45.67781273532384
2026-09-12,IRY,9.536096484534205
2026-09-12,ISR,0.0
2026-09-12,ISS,0.0
2026-09-12,IST,2.674493998182799
2026-09-12,ITA,0.0
2026-09-12,ITC,-2.166516923836891
2026-09-12,ITD,0.0
2026-09-12,ITJ,0.0
2026-09-12,ITL,0.0
2026-09-12,ITP,-2.603398103200144
2026-09-12,ITR,0.0
2026-09-12,ITV,0.0
2026-09-12,ITZ,2.0937385216791298
2026-09-12,IUA,-3.759122532645589
2026-09-12,IUB,0.0
2026-09-12,IUC,0.0
2026-09-12,IUF,1.4826693398159896
2026-09-12,IUH,-2.8766195135551738
2026-09-12,IUM,0.0
2026-09-12,IUN,0.0
2026-09-12,IUV,-2.3046635048730857
2026-09-12,IUZ,-23.357744408821283
2026-09-12,IV2,0.0
2026-09-12,IV6,0.0
2026-09-12,IV7,0.0
2026-09-12,IV8,0.320884849167166
2026-09-12,IVF,6.861748700378875
2026-09-12,IVS,-3.3746420170794678
2026-09-12,IVY,-3.1645044810952303
2026-09-12,IYB,-5.532350543156438
2026-09-12,IYP,0.26347274140185617
2026-09-12,IYR,-0.011244935319797344
2026-09-12,IYS,-0.0034455204280818288
2026-09-12,IYV,-5.1559816610555025
2026-09-12,IZA,0.0
2026-09-12,IZB,69.43169047647298
2026-09-12,IZE,0.0
2026-09-12,IZL,0.0
2026-09-12,IZS,54.52022622602873
2026-09-12,IZV,0.0
2026-09-12,IZY,0.0
2026-09-12,JET,-2.901763315399639
2026-09-12,JOT,0.0
2026-09-12,JUP,0.033748405594103165
2026-09-12,KAC,-30.75344238296122
2026-09-12,KAN,0.9893766168243119
2026-09-12,KAV,-2.5220497602811855
2026-09-12,KBJ,-0.1664304801807292
2026-09-12,KBP,0.0
2026-09-12,KBZ,0.0
2026-09-12,KCL,1.9670501016067148
2026-09-12,KCR,27.738261868939446
2026-09-12,KCV,2.207570511437355
2026-09-12,KDE,17.25120052428307
2026-09-12,KDI,-28.57666069444347
2026-09-12,KDK,0.0
2026-09-12,KDL,-0.9382080228649172
2026-09-12,KDO,1.0361372202989594
2026-09-12,KDS,-5.685934472955686
2026-09-12,KDT,-1.495894405874414
2026-09-12,KDV,4.91233895480183
2026-09-12,KDZ,-9.042152086092155
2026-09-12,KEI,0.0
2026-09-12,KEO,0.0
2026-09-12,KEU,30.305150141444642
2026-09-12,KFZ,0.0
2026-09-12,KGM,-3.3740197440804724
2026-09-12,KH1,1.044222151981505
2026-09-12,KHA,6.319349185060472
2026-09-12,KHB,-19.927097384645037
2026-09-12,KHC,-41.363287782370875
2026-09-12,KHD,4.667009707821731
2026-09-12,KHF,0.07131480617897616
2026-09-12,KHJ,0.8035072264071921
2026-09-12,KHP,-22.623035952281725
2026-09-12,KHT,-10.672016515131837
2026-09-12,KHU,0.0
2026-09-12,KIA,-11.762693635144574
2026-09-12,KIB,1.8042597606442092
2026-09-12,KIE,136.9552580578818
2026-09-12,KIH,-0.07348349629427245
2026-09-12,KIK,-1.9391463096822432
2026-09-12,KIS,-2.217524204880897
2026-09-12,KJK,0.0
2026-09-12,KKB,0.0
2026-09-12,KKC,-63.30964821374315
2026-09-12,KKE,0.0
2026-09-12,KKH,-2.1510813017268706
2026-09-12,KKL,0.8953780891470843
2026-09-12,KKO,-0.015795853296672623
2026-09-12,KKP,0.15471464221456277
2026-09-12,KKT,237.73503682420434
2026-09-12,KLH,-37.440814997817704
2026-09-12,KLI,16.138580118063217
2026-09-12,KLL,0.0
2026-09-12,KLM,0.0
2026-09-12,KLS,-62.796612984508336
2026-09-12,KLU,-7.5387886536023325
2026-09-12,KMA,0.0
2026-09-12,KME,4.4485037504275455
2026-09-12,KMF,17.773787352454633
2026-09-12,KMN,6.9411272642252015
2026-09-12,KMT,0.0
2026-09-12,KNC,0.0
2026-09-12,KNI,-45.51897018256062
2026-09-12,KNJ,67.5051405232449
2026-09-12,KNN,0.00016925477594752398
2026-09-12,KNP,-11.148528582976262
2026-09-12,KNS,0.0
2026-09-12,KNT,0.0
2026-09-12,KNV,0.0
2026-09-12,KNZ,0.0
2026-09-12,KO4,-0.2725637222922042
2026-09-12,KOB,0.4990587663274764
2026-09-12,KOD,1.408650916305464
2026-09-12,KOP,0.0
2026-09-12,KOT,-18.25455050745772
2026-09-12,KOZ,0.0
2026-09-12,KP3,-3.728399499803154
2026-09-12,KPA,7.823765535503512
2026-09-12,KPB,0.0
2026-09-12,KPC,5.156757872334597
2026-09-12,KPD,-0.9374543313789202
2026-09-12,KPF,-90.13553337352757
2026-09-12,KPH,-2.8203649755747224
2026-09-12,KPI,26.991396412543782
2026-09-12,KPK,0.0
2026-09-12,KPM,0.0
2026-09-12,KPP,-11.394709415455766
2026-09-12,KPR,-27.486368035337666
2026-09-12,KPS,0.0
2026-09-12,KPU,-0.8269119462199146
2026-09-12,KRC,-2.064669914105233
2026-09-12,KRF,-5.698424440970745
2026-09-12,KRH,-8.097552085349888e-05
2026-09-12,KRO,-1.7272796329673676
2026-09-12,KRR,-2.902455942620763
2026-09-12,KRS,-5.250225165434966
2026-09-12,KRT,8.025304004731176
2026-09-12,KRV,-0.41814690196578197
2026-09-12,KSA,22.43970332321141
2026-09-12,KSC,0.0
2026-09-12,KSK,-45.22517724562188
2026-09-12,KSL,-1.8494500426765093
2026-09-12,KSM,3.262418970301231
2026-09-12,KSP,-0.04017623632472994
2026-09-12,KSR,0.8697884066240802
2026-09-12,KST,-4.229549649115002
2026-09-12,KSV,54.437008902294416
2026-09-12,KSY,209.89981811075128
2026-09-12,KTE,-4.42012060167183
2026-09-12,KTI,-63.74890836632516
2026-09-12,KTJ,-1.8098624013422846
2026-09-12,KTM,3.2903100098672997
2026-09-12,KTN,-7.1538273120930365
2026-09-12,KTR,-0.05802180142060054
2026-09-12,KTS,10.791620845804783
2026-09-12,KTT,3.1233504702501915
2026-09-12,KTU,0.0
2026-09-12,KTV,57.06510418264672
2026-09-12,KU3,4.940365485089653
2026-09-12,KUA,-7.259165303109276
2026-09-12,KUB,-1.6373534127003018
2026-09-12,KUD,44.68630667800448
2026-09-12,KUP,-0.5613530701104984
2026-09-12,KUT,-5.871909859984637
2026-09-12,KVA,0.0
2026-09-12,KVK,54.49444357522739
2026-09-12,KVR,-20.338808542337915
2026-09-12,KVS,-4.154955610186092
2026-09-12,KVT,11.466638153723034
2026-09-12,KYA,-7.6840491375222015
2026-09-12,KYR,0.0
2026-09-12,KYS,0.0
2026-09-12,KZL,-2.3735169832717165
2026-09-12,KZO,0.0
2026-09-12,KZU,-3.0148301262279573
2026-09-12,LAI,-40.022542305868775
2026-09-12,LET,0.0
2026-09-12,LFD,-97.51770952707132
2026-09-12,LGK,3.971732735956314
2026-09-12,LGO,0.0
2026-09-12,LHM,0.0
2026-09-12,LHP,-3.960290655542124
2026-09-12,LKF,39.9724172449718
2026-09-12,LKT,139.56419048240477
2026-09-12,LLA,-5.669591152631711
2026-09-12,LPH,15.46467165663333
2026-09-12,LRT,0.0
2026-09-12,LTC,-0.6619371290756505
2026-09-12,LTL,-77.20576043822334
2026-09-12,LTS,0.20028253209440217
2026-09-12,LZV,0.0
2026-09-12,MAC,-4.284192464423547
2026-09-12,MAD,5.8602270469067586
2026-09-12,MAS,-0.9451188997832397
2026-09-12,MAV,0.0
2026-09-12,MBL,0.013282295628318785
2026-09-12,MBR,6.017691248523747
2026-09-12,MCU,64.6229943094164
2026-09-12,MD1,15.213165861817817
2026-09-12,MD2,2.1942811687109063
2026-09-12,MDF,-1.8890357658670407
2026-09-12,MET,-2.2271462278940186
2026-09-12,MGB,-21.881638999851774
2026-09-12,MGD,0.0
2026-09-12,MGE,3.121170808330883
2026-09-12,MGH,-1.2073804889047508
2026-09-12,MHF,-31.16671698307879
2026-09-12,MIK,-10.210157799303893
2026-09-12,MJB,2.224394734223374
2026-09-12,MJE,0.7844773725941526
2026-09-12,MJG,-3.683575613092898
2026-09-12,MJH,4.053639003595029
2026-09-12,MJK,-4.610371937601284
2026-09-12,MJL,7.400589255057303
2026-09-12,MKA,-7.67274361276801
2026-09-12,MKG,-6.844008214398897
2026-09-12,MKL,0.0
2026-09-12,MLS,0.0
2026-09-12,MLT,-9.16292206574821
2026-09-12,MMH,36.302828556861066
2026-09-12,MOD,-0.7989463811439522
2026-09-12,MOZ,2.986212422425653
2026-09-12,MP2,0.0
2026-09-12,MP4,2.0860769529155663
2026-09-12,MPD,13.210340102010248
2026-09-12,MPE,33.4002553107403
2026-09-12,MPF,13.674894533410034
2026-09-12,MPI,-0.43102937948034903
2026-09-12,MPK,-13.966026481984835
2026-09-12,MPL,-11.202513417866129
2026-09-12,MPN,-1.9429475518216384
2026-09-12,MPP,-13.285660776966543
2026-09-12,MPS,-6.076957181959243
2026-09-12,MRI,2.628928175338567
2026-09-12,MSK,0.0
2026-09-12,MSO,0.0
2026-09-12,MSR,-4.378125401833068
2026-09-12,MT1,1.2628365858461346
2026-09-12,MT2,-19.49616680059135
2026-09-12,MT5,-0.006948275764302331
2026-09-12,MT6,141.64189649494568
2026-09-12,MT7,-0.04252083081825647
2026-09-12,MT8,-56.153405678449595
2026-09-12,MT9,101.17339616116719
2026-09-12,MTD,-2.167897589514096
2026-09-12,MTE,-52.954485776457894
2026-09-12,MTF,-7.622670064497229
2026-09-12,MTG,40.04604388678049
2026-09-12,MTH,-0.21077294395147125
2026-09-12,MTI,0.0
2026-09-12,MTK,354.768282174765
2026-09-12,MTL,1229.161752090416
2026-09-12,MTS,-1.1787537658310647
2026-09-12,MTU,-0.005886878648352689
2026-09-12,MTV,-2.431347101045409
2026-09-12,MTX,-2.8061682193488418
2026-09-12,MUL,12.434564375765344
2026-09-12,MUT,-12.500426221143845
2026-09-12,NAK,-1.437469440265522
2026-09-12,NAL,-55.818554244685636
2026-09-12,NAU,-18.81447076798946
2026-09-12,NAV,0.0
2026-09-12,NBE,-0.9384323588590889
2026-09-12,NBH,5.783176687851707
2026-09-12,NBO,12.917808082995814
2026-09-12,NBZ,5.42000363498146
2026-09-12,NCS,6.13013893347184
2026-09-12,NCU,0.14495932368328052
2026-09-12,NDL,0.0
2026-09-12,NDS,-8.369112353180371
2026-09-12,NES,0.0
2026-09-12,NFF,-10.089110744548131
2026-09-12,NFH,-1.7755056739717088
2026-09-12,NFK,-8.844221975467793
2026-09-12,NHP,-3.329733703603506
2026-09-12,NHT,0.0
2026-09-12,NHV,0.0
2026-09-12,NHY,-10.516544208327463
2026-09-12,NIG,-10.379595658119808
2026-09-12,NIS,-0.6231369513172338
2026-09-12,NJF,-21.308369310399133
2026-09-12,NJG,0.0
2026-09-12,NJR,43.366682672811244
2026-09-12,NJY,23.538060888527056
2026-09-12,NKA,0.045049433682230765
2026-09-12,NKC,-12.446118082964233
2026-09-12,NKH,-0.6989631097135619
2026-09-12,NKJ,0.0
2026-09-12,NKK,0.0
2026-09-12,NKL,84.00335587902103
2026-09-12,NKM,-17.075480929175335
2026-09-12,NKP,-4.830520024177173
2026-09-12,NKS,-1.857622433417146
2026-09-12,NKT,34.806584664411034
2026-09-12,NKV,0.0
2026-09-12,NLC,0.0
2026-09-12,NLD,170.17717675698967
2026-09-12,NLE,-2.632670695323587
2026-09-12,NLK,46.465201958002375
2026-09-12,NLL,0.018761835074953926
2026-09-12,NME,-2.639278995428233
2026-09-12,NMG,0.0
2026-09-12,NMP,77.35820939515892
2026-09-12,NMU,-5.866889557464564
2026-09-12,NNF,-19.055575702702363
2026-09-12,NOA,0.0
2026-09-12,NOI,23.03949159200976
2026-09-12,NOV,0.0
2026-09-12,NP1,-3.905281005972167
2026-09-12,NPH,-28.970322459008468
2026-09-12,NPK,-0.0021452526848484625
2026-09-12,NRC,-4.097250250915273
2026-09-12,NRG,-15.884444162811024
2026-09-12,NRM,0.0
2026-09-12,NSA,-17.58404814836334
2026-09-12,NSD,12.89377119174793
2026-09-12,NSH,37.70158178089173
2026-09-12,NSK,-71.42873728553238
2026-09-12,NSP,-15.923856706189754
2026-09-12,NSS,0.0
2026-09-12,NST,-6.365960645252426
2026-09-12,NSY,24.552213318705643
2026-09-12,NTB,-3.278809889749254e-05
2026-09-12,NTD,0.0
2026-09-12,NTF,-0.008644629258115174
2026-09-12,NTI,-28.577220192632506
2026-09-12,NTO,0.0
2026-09-12,NTS,0.0
2026-09-12,NUB,-6.269566855844361
2026-09-12,NUG,0.01135621581516002
2026-09-12,NUH,-65.29980347729126
2026-09-12,NVB,-15.342742539722723
2026-09-12,NVC,41.07621592113007
2026-09-12,NVK,55.19850596479219
2026-09-12,NVP,0.0
2026-09-12,NVT,1732.451344409446
2026-09-12,NVZ,-1.8172799776286812
2026-09-12,NYH,0.0
2026-09-12,NZH,-9.025898133734557
2026-09-12,NZT,-55.344338891541575
2026-09-12,NZU,-5.096676114463914
2026-09-12,OAB,0.0
2026-09-12,OAO,5969.589627864318
2026-09-12,OBI,-8.398500891582666
2026-09-12,OBN,-4.051530910010362
2026-09-12,OBP,-5.223388256614987
2026-09-12,OBR,-6.832880679807572
2026-09-12,OCM,0.0
2026-09-12,OCN,0.0
2026-09-12,OCT,-1.8964435798605173
2026-09-12,ODD,-1.356050564077496
2026-09-12,ODG,-4.629165153335992
2026-09-12,ODN,94.26005907179565
2026-09-12,ODP,-0.5499526694317393
2026-09-12,ODS,0.14429936806305171
2026-09-12,ODV,-4.136800897537082
2026-09-12,OFA,-7.970093076268396
2026-09-12,OFB,0.0
2026-09-12,OFI,-0.5752180802175122
2026-09-12,OFK,-11.416774147119254
2026-09-12,OFO,0.0
2026-09-12,OFS,-1.041887723149504
2026-09-12,OGD,-0.48852583207168027
2026-09-12,OGF,5.69592624310454
2026-09-12,OGV,0.0
2026-09-12,OHB,-1.5723670334437292
2026-09-12,OHI,-35.35440155384388
2026-09-12,OHK,24.49048275941756
2026-09-12,OIL,1.0877084403138515
2026-09-12,OIR,0.10319878288837206
2026-09-12,OIS,0.0
2026-09-12,OJB,-5.885525175636028
2026-09-12,OJH,0.0
2026-09-12,OJK,-1.1549605504973552
2026-09-12,OJT,-2.991061003532381
2026-09-12,OJU,-4.940107083930378
2026-09-12,OJY,-0.10150169590897792
2026-09-12,OKD,-5.369990862392679
2026-09-12,OKF,0.0
2026-09-12,OKP,-21.18141516370982
2026-09-12,OKT,-6.433609722526963
2026-09-12,OLA,-1.4675821564786031
2026-09-12,OLD,-6.612710675561102
2026-09-12,OLE,7.3502461490771225
2026-09-12,OMB,0.0
2026-09-12,OMC,0.0
2026-09-12,OME,-0.45385496477883674
2026-09-12,OMG,-1.6909955955029219
2026-09-12,OMT,-0.6103005279609978
2026-09-12,ONB,-8.128053486996624
2026-09-12,OND,-1.174026931470062
2026-09-12,ONE,1.5949289775420052
2026-09-12,ONF,-0.020265645376096146
2026-09-12,ONK,-8.843206800807716
2026-09-12,ONN,40.66230731686777
2026-09-12,ONS,3.1885479975937865
2026-09-12,ONT,0.0
2026-09-12,ONY,-0.4102904872398092
2026-09-12,OPB,0.37843069705416715
2026-09-12,OPD,0.010680881442358906
2026-09-12,OPF,-1.8885042218653836
2026-09-12,OPH,-0.037164666758500546
2026-09-12,OPI,-1.014455265629577
2026-09-12,OPJ,88.3537323483516
2026-09-12,OPL,-11.251459163702032
2026-09-12,OPU,78.93831539665445
2026-09-12,OPZ,0.0
2026-09-12,ORC,16.237494287438142
2026-09-12,ORI,0.1088508056808238
2026-09-12,OSD,0.5594284776329992
2026-09-12,OSF,-4.2442385212267455
2026-09-12,OSH,0.0
2026-09-12,OSL,46.80167458211171
2026-09-12,OSN,-2.443941983499728
2026-09-12,OTE,0.0
2026-09-12,OTF,2.498052722132503
2026-09-12,OTJ,-4.622163096206446
2026-09-12,OTK,-15.645439062384048
2026-09-12,OTM,6.810042117285052
2026-09-12,OTZ,0.0
2026-09-12,OUB,-0.022846760942477316
2026-09-12,OUD,0.41058487111847164
2026-09-12,OUN,-1.6538190683026341
2026-09-12,OUR,0.0
2026-09-12,OUY,0.0
2026-09-12,OVD,15.2006500820829
2026-09-12,OVR,0.0
2026-09-12,OYL,-7.308402785750223
2026-09-12,OYS,-3.2966830862599967
2026-09-12,OYT,4.087207771821977
2026-09-12,OZC,-72.70389417583482
2026-09-12,P1A,29.59029753684486
2026-09-12,PA2,44.28931969011508
2026-09-12,PAB,72.27912148388388
2026-09-12,PAC,0.0
2026-09-12,PAF,-6.293118884941781
2026-09-12,PAI,-10.012956980903388
2026-09-12,PAL,-6.56182295575283
2026-09-12,PAO,-79.99765974772625
2026-09-12,PAU,2.088791963665283
2026-09-12,PBE,-17.793200328226526
2026-09-12,PBF,0.0
2026-09-12,PBH,-0.002819210012588767
2026-09-12,PBI,-5.9550951730127775
2026-09-12,PBK,-5.420631705156169
2026-09-12,PBN,-18.29550734455665
2026-09-12,PBR,-72.70596187900857
2026-09-12,PBS,0.0
2026-09-12,PBY,-0.0583798132350834
2026-09-12,PCE,-54.68268717697518
2026-09-12,PCH,-0.4676713101122748
2026-09-12,PCN,0.0
2026-09-12,PCS,6.128596766953189
2026-09-12,PDC,0.058976795262514675
2026-09-12,PDD,-4.798445065828815
2026-09-12,PDE,-0.3108609809702846
2026-09-12,PDF,-1.8867902387411712
2026-09-12,PDG,-38.80296367944291
2026-09-12,PDH,-0.36759714292503765
2026-09-12,PDR,0.0
2026-09-12,PDS,-0.00023865401494299284
2026-09-12,PEA,0.10127965543938143
2026-09-12,PFO,-0.31091457413494683
2026-09-12,PFS,1.2687927294420678
2026-09-12,PGD,-10.551037226414714
2026-09-12,PGE,-0.00025209619289814705
2026-09-12,PGH,0.975114929892213
2026-09-12,PGS,-3.2192982305426963
2026-09-12,PHB,-13.759324015943964
2026-09-12,PHE,-62.76952720537244
2026-09-12,PHF,0.0
2026-09-12,PHI,10.043679127410892
2026-09-12,PHK,-1.5253877549309216
2026-09-12,PHN,1.4733861031339848
2026-09-12,PHS,-12.546692122759332
2026-09-12,PHY,-3.156547387840873
2026-09-12,PID,-3.4792464892420356
2026-09-12,PIL,-14.084267373244517
2026-09-12,PIP,-83.3632821373166
2026-09-12,PIR,-8.173124469034306
2026-09-12,PIS,6.257595298310298
2026-09-12,PJL,1.5271711165773152
2026-09-12,PJP,-1.1918569416499905
2026-09-12,PK1,-6.191505303460598
2026-09-12,PKD,-67.04419263047441
2026-09-12,PKF,-2.102473391283575
2026-09-12,PKH,3.0168939203918743
2026-09-12,PKL,5.061555656377939
2026-09-12,PKM,-22.95995388505969
2026-09-12,PKN,-51.75008301652275
2026-09-12,PKP,-1.603097007868152
2026-09-12,PKR,7.782528744045375
2026-09-12,PKT,-33.961129987992145
2026-09-12,PKU,-28.352826237327406
2026-09-12,PKV,-3.6443934524562205
2026-09-12,PKZ,-3.4162546255320594
2026-09-12,PLA,-10.425388485684069
2026-09-12,PLR,-15.901332490583892
2026-09-12,PLS,0.0
2026-09-12,PMG,0.0
2026-09-12,PMH,-88.66683994838043
2026-09-12,PMP,-22.0930557924341
2026-09-12,PNU,-51.446911007238896
2026-09-12,PO7,-34.151000835121636
2026-09-12,PO8,-102.88102767566419
2026-09-12,PO9,10.871339125175584
2026-09-12,POB,-0.008807946738454425
2026-09-12,POD,-7.499165854768247
2026-09-12,POF,5.832337185461514
2026-09-12,POH,0.0
2026-09-12,POI,-2.0177754702741583e-07
2026-09-12,POS,-21.229256472758095
2026-09-12,POU,-4.093975158721526
2026-09-12,PP1,-4.762353779816208
2026-09-12,PPB,-1.3233976109723264
2026-09-12,PPD,-5.621071470643444
2026-09-12,PPE,-1.389880571380622
2026-09-12,PPF,-39.65838216937391
2026-09-12,PPG,-24.113826984756113
2026-09-12,PPH,-18.246069274167827
2026-09-12,PPI,13.177009479081264
2026-09-12,PPJ,-17.876005559490153
2026-09-12,PPK,2.4549928297170327
2026-09-12,PPM,-9.195399545143628
2026-09-12,PPN,2.2667253251888915
2026-09-12,PPO,-1.6309201996248652e-05
2026-09-12,PPP,-27.532046747757327
2026-09-12,PPS,-12.54326733864903
2026-09-12,PPT,-6.314366876722333
2026-09-12,PPU,-5.475532526010303e-06
2026-09-12,PPV,-61.293060735286
2026-09-12,PPZ,-17.89866550862653
2026-09-12,PRD,-19.057348584713786
2026-09-12,PRF,0.0
2026-09-12,PRH,-3.984264284493242
2026-09-12,PRR,-15.851352116752052
2026-09-12,PRU,-4.04554006720804
2026-09-12,PRV,-44.07396996638538
2026-09-12,PRY,-65.2814290849566
2026-09-12,PSD,0.0
2026-09-12,PSE,-7.379341464743354
2026-09-12,PSG,-14.475359928087695
2026-09-12,PSH,-5.874032851221822
2026-09-12,PSL,-25.385863945867538
2026-09-12,PSO,0.0
2026-09-12,PSR,0.3197796581976236
2026-09-12,PSS,-22.47835154177046
2026-09-12,PST,-2.113319124855347e-05
2026-09-12,PTC,0.0
2026-09-12,PTE,6.557529333621137
2026-09-12,PTF,-4.7047537365177945
2026-09-12,PTG,0.0
2026-09-12,PTL,56.94781194911309
2026-09-12,PTN,52.62105152172951
2026-09-12,PTO,-42.320495005152495
2026-09-12,PTP,277.1796030507136
2026-09-12,PTS,12.785891878402353
2026-09-12,PUA,0.0
2026-09-12,PUC,-24.55804241612777
2026-09-12,PUH,7.595380277452284
2026-09-12,PUK,-69.83165892092342
2026-09-12,PUR,-11.149158297022346
2026-09-12,PUT,0.0
2026-09-12,PUV,0.0
2026-09-12,PVK,8.147337787266029
2026-09-12,PYB,-44.7149017227842
2026-09-12,PYD,-0.0005760843508745306
2026-09-12,PYF,44.79089131957168
2026-09-12,PYH,7.291293916743548
2026-09-12,PYI,-16.939124980741386
2026-09-12,PYL,0.0
2026-09-12,PYR,-9.946419627292693
2026-09-12,PYS,-3.0067140832237502
2026-09-12,RAF,-0.3008675956844048
2026-09-12,RAI,0.0
2026-09-12,RAN,0.0
2026-09-12,RAV,-0.003638463020082538
2026-09-12,RAY,0.0
2026-09-12,RBA,-4.93106819638972
2026-09-12,RBB,3.001525881709465
2026-09-12,RBE,0.0
2026-09-12,RBF,-17.00649019808229
2026-09-12,RBH,-8.36400044681134
2026-09-12,RBI,-11.110363516989516
2026-09-12,RBK,-27.992665945188396
2026-09-12,RBL,-29.252396871771637
2026-09-12,RBN,-14.897120032670443
2026-09-12,RBP,-31.859959764249425
2026-09-12,RBR,34.59392043921641
2026-09-12,RBT,1.8401248608719334
2026-09-12,RBV,12.47809524819403
2026-09-12,RCL,0.0
2026-09-12,RCS,0.0
2026-09-12,RCV,4.682708262454229
2026-09-12,RD1,-1.7364800767323787
2026-09-12,RDF,-5.436492949272898
2026-09-12,RDH,0.009166811797242996
2026-09-12,RDK,0.0
2026-09-12,RDS,0.0
2026-09-12,RDT,5.500419776556235
2026-09-12,RDZ,-0.0010704849883531923
2026-09-12,RE6,687.1520896465413
2026-09-12,RE7,0.0
2026-09-12,RE8,-7.765482141921343
2026-09-12,RFM,75.8108597943738
2026-09-12,RGD,-7.961878880295958
2026-09-12,RGH,-7.7132194105206375
2026-09-12,RHD,0.0
2026-09-12,RHI,29.99030800184012
2026-09-12,RHS,-4.333940813252333
2026-09-12,RIA,-35.167981893679865
2026-09-12,RIH,-47.060893808195495
2026-09-12,RIK,-25.9190982230968
2026-09-12,RJG,-36.561874451090006
2026-09-12,RKC,-3.5750504321205203
2026-09-12,RKH,-3.0029563780532142
2026-09-12,RKL,0.0
2026-09-12,RKS,-1.1858841152205144
2026-09-12,RKV,-9.001020910022872
2026-09-12,RLH,22.230382333886965
2026-09-12,RO1,-2.779862536744324
2026-09-12,ROD,-7.075191958622294
2026-09-12,ROF,-5.267037717341549
2026-09-12,ROY,0.0
2026-09-12,RPC,2.8747958593394944
2026-09-12,RPD,-8.90126409470079
2026-09-12,RPG,1.6891175969193584
2026-09-12,RPI,8.645833897120026
2026-09-12,RPK,0.0
2026-09-12,RPL,-2.6175890580193752
2026-09-12,RPM,15.755904486918226
2026-09-12,RPN,0.0
2026-09-12,RPO,0.0
2026-09-12,RPP,-4.146342175777638
2026-09-12,RPS,-0.8948180472480921
2026-09-12,RPT,-0.9312961769491747
2026-09-12,RPU,0.0
2026-09-12,RPX,-1.6301740144119472
2026-09-12,RRA,-63.341972735032215
2026-09-12,RRP,-2.002088480283716
2026-09-12,RS1,-11.250800672433172
2026-09-12,RSF,5.5075470898675025
2026-09-12,RSK,-25.433078626905072
2026-09-12,RSY,0.0
2026-09-12,RSZ,-2.0447516105885115
2026-09-12,RTA,0.0
2026-09-12,RTB,-14.215112759892158
2026-09-12,RTD,2.7996593272358403
2026-09-12,RTG,-5.503596820981465
2026-09-12,RTH,-30.22183273116232
2026-09-12,RTI,84.16718216286259
2026-09-12,RTP,-12.441051273881133
2026-09-12,RUH,0.2158989945485628
2026-09-12,RUT,-7.591234751307555
2026-09-12,RVI,111.53108818573949
2026-09-12,RVS,-1.5837219778490743
2026-09-12,RYA,-0.0009798452627239672
2026-09-12,RYB,0.0
2026-09-12,RYD,0.0
2026-09-12,RYF,-7.9360412972838805
2026-09-12,RYU,6.71694141179659
2026-09-12,RZR,0.0
2026-09-12,SAP,-61.08560148027558
2026-09-12,SAR,0.0
2026-09-12,SAS,-4.149359265267873
2026-09-12,SAT,0.0
2026-09-12,SBH,-26.187730322226756
2026-09-12,SBI,0.0
2026-09-12,SBR,0.0
2026-09-12,SBS,0.0
2026-09-12,SCZ,-2.27176358403605
2026-09-12,SD1,66.03549084793937
2026-09-12,SDA,-0.012732377274389698
2026-09-12,SEH,-0.001556577027179922
2026-09-12,SER,-0.5064762526397381
2026-09-12,SFA,0.019029187142935916
2026-09-12,SFS,0.37159001888798454
2026-09-12,SGK,0.26123923349505346
2026-09-12,SGT,-2.39189294023369
2026-09-12,SHC,23.839755944825157
2026-09-12,SHE,2.666508776307203
2026-09-12,SHI,-2.2722657628472414e-07
2026-09-12,SHU,118.74604359667427
2026-09-12,SIA,-100.20036524390035
2026-09-12,SIS,88.25780386358858
2026-09-12,SJP,0.0
2026-09-12,SKL,-5.506703470014205
2026-09-12,SKO,-10.6701572729524
2026-09-12,SKS,0.0
2026-09-12,SKT,5.648731512997265
2026-09-12,SKZ,31.365756999199256
2026-09-12,SLF,46.5404787804707
2026-09-12,SLG,-3.4598528782496363
2026-09-12,SLR,0.0
2026-09-12,SLS,0.16747058733231715
2026-09-12,SMP,0.0
2026-09-12,SNY,-17.415174908143765
2026-09-12,SOS,84.75825407253639
2026-09-12,SPA,3.3965661516316215
2026-09-12,SPD,0.0
2026-09-12,SPE,7.201231138557468
2026-09-12,SPN,-0.31920437764686727
2026-09-12,SPP,-21.126970607618798
2026-09-12,SPR,-1.2324169235474787
2026-09-12,SPT,1.5660263708471855
2026-09-12,SRA,-21.879127320411246
2026-09-12,SRE,0.0
2026-09-12,SRL,-79.21080457708858
2026-09-12,SRO,0.0
2026-09-12,SSD,0.0
2026-09-12,SSE,0.22824155629448611
2026-09-12,SSF,0.0
2026-09-12,SSK,1.1850480755227117
2026-09-12,SSN,0.0
2026-09-12,SSO,0.0
2026-09-12,SSS,-8.307283039646487
2026-09-12,SST,0.0
2026-09-12,ST1,-3.190046032143281
2026-09-12,STI,-108.03932322477046
2026-09-12,STM,0.15564226004687562
2026-09-12,STS,0.0
2026-09-12,STZ,-2.448531783184889
2026-09-12,SUA,8.965393768665807
2026-09-12,SUB,-1.6830527868348857
2026-09-12,SUC,-0.5728265606476417
2026-09-12,SUR,-0.11002773947152726
2026-09-12,SVB,-12.53830726583414
2026-09-12,SVS,0.0
2026-09-12,SVY,-17.928759990377287
2026-09-12,SYF,0.0
2026-09-12,SYL,0.0
2026-09-12,SYR,0.0
2026-09-12,SYS,0.0
2026-09-12,T3B,33.162436592826296
2026-09-12,TAL,-1.5497812665041186
2026-09-12,TAO,0.0
2026-09-12,TAR,1.2273382062129128
2026-09-12,TAU,1.0877263776636454
2026-09-12,TAZ,0.0
2026-09-12,TB9,1.5448092566793103
2026-09-12,TBP,-9.568740463636646
2026-09-12,TBT,37.02299762393134
2026-09-12,TBV,-4.610766578025602
2026-09-12,TCA,-1.3922540879830854
2026-09-12,TCB,-1.2342038956699777
2026-09-12,TCC,-6.284313692850445
2026-09-12,TCD,-2.4629937018608277
2026-09-12,TCF,-8.424031597947296
2026-09-12,TCG,0.0
2026-09-12,TCH,1.2337766133230756
2026-09-12,TCI,0.0
2026-09-12,TCS,-0.18036953048867402
2026-09-12,TDG,0.3497604424090021
2026-09-12,TDP,-57.83674771625462
2026-09-12,TE3,-1.959589027123628
2026-09-12,TE4,26.288801348366693
2026-09-12,TEJ,-0.6581134546219315
2026-09-12,TFE,-1.8704391016794515
2026-09-12,TFF,-4.430861453265892
2026-09-12,TFU,-59.767092725315685
2026-09-12,TGA,-1.8964153424903163
2026-09-12,TGE,-6.036267990277875
2026-09-12,TGN,-21.767834139561813
2026-09-12,TGR,-4.470579104006849
2026-09-12,TGT,77.11080069478271
2026-09-12,TGV,0.018893634125196197
2026-09-12,TGZ,0.018381949823732646
2026-09-12,THD,-5.278097398289507
2026-09-12,THF,3792.506478435405
2026-09-12,THG,-0.9110445526148737
2026-09-12,THH,0.0
2026-09-12,THO,0.0
2026-09-12,THS,0.0
2026-09-12,THT,-1.3546825106275413
2026-09-12,THV,0.01973434957322069
2026-09-12,TI1,-11.753726299347889
2026-09-12,TI2,-5.822257329532759
2026-09-12,TI3,-3.2073401512279673
2026-09-12,TI4,-7.767450599383208
2026-09-12,TI6,16.756488783653076
2026-09-12,TI7,-1.4162200111720364
2026-09-12,TIE,9.517288547768784
2026-09-12,TIL,-11.446466225913438
2026-09-12,TIP,1729.684716711563
2026-09-12,TIV,72.03853916911854
2026-09-12,TJB,0.0
2026-09-12,TJF,-0.8846579207483265
2026-09-12,TJI,-17.243659984183545
2026-09-12,TJL,0.0
2026-09-12,TJT,-3.7570500987498145
2026-09-12,TKF,-0.8982469536135361
2026-09-12,TKH,0.0
2026-09-12,TKK,-1.6239132684111308
2026-09-12,TKM,1.9958261605162737
2026-09-12,TLC,129.8537519671904
2026-09-12,TLE,-0.012372579853372026
2026-09-12,TLH,-2.734372081378188
2026-09-12,TLK,-18.102212502395936
2026-09-12,TLT,0.0
2026-09-12,TLU,-18.448836833160254
2026-09-12,TLV,2.468306360822803
2026-09-12,TLY,-23.65807990848999
2026-09-12,TLZ,6.772256933053576
2026-09-12,TMC,-22.97389900101753
2026-09-12,TMG,2.930651478264674
2026-09-12,TMM,84.25934414878486
2026-09-12,TMR,-1.11145810561492
2026-09-12,TMS,5.58403727352185
2026-09-12,TMU,-8.689231920952496
2026-09-12,TMV,3.537855322651785
2026-09-12,TMZ,2.490420721635255
2026-09-12,TNB,-6.846977802215378
2026-09-12,TND,-1.3362864650734196
2026-09-12,TNF,0.0
2026-09-12,TNH,14812.56755445854
2026-09-12,TNI,5.92203774521818
2026-09-12,TNK,7.429284765252148
2026-09-12,TNS,0.0
2026-09-12,TO8,1.9146281979073372
2026-09-12,TOK,-1.8274490388168414
2026-09-12,TOT,-2.137844254228309
2026-09-12,TP1,0.0
2026-09-12,TP2,26.715312958989827
2026-09-12,TPC,-4.836794192092854
2026-09-12,TPE,-2.092598997263725
2026-09-12,TPF,-0.9873763351730479
2026-09-12,TPJ,4.232798639222702
2026-09-12,TPL,-1.3907001207535714
2026-09-12,TPO,0.0
2026-09-12,TPP,-0.939603985232851
2026-09-12,TPR,0.0
2026-09-12,TPV,-0.13338346035928816
2026-09-12,TPZ,10.54696234742815
2026-09-12,TRJ,20.32280586403191
2026-09-12,TRN,0.0
2026-09-12,TRO,-9.932431046487595
2026-09-12,TRR,-0.9479143923115154
2026-09-12,TRU,-0.4516394670942176
2026-09-12,TSI,0.7480469362111589
2026-09-12,TSP,0.0
2026-09-12,TTA,-1.0344710124827876
2026-09-12,TTE,-2.8132905694821035
2026-09-12,TTL,-0.3641708908862714
2026-09-12,TTP,0.0
2026-09-12,TTS,0.0
2026-09-12,TTV,-9.03317792671188
2026-09-12,TTZ,0.0
2026-09-12,TUA,-2.7954679113360545
2026-09-12,TVE,-23.834401943011848
2026-09-12,TVN,21.064167501017003
2026-09-12,TYH,-6.582514430662443
2026-09-12,TZC,-1.4212914118867748
2026-09-12,TZD,-2.0138720063032824
2026-09-12,TZH,2.5007274416125895
2026-09-12,TZL,-10.127983256002597
2026-09-12,TZP,-0.16909427004238692
2026-09-12,TZT,5.946833791607833
2026-09-12,TZV,55.66489604158645
2026-09-12,UAB,0.0
2026-09-12,UAP,0.0
2026-09-12,UCN,0.9339324900210875
2026-09-12,UCP,-6.924374905115474
2026-09-12,UFH,0.0
2026-09-12,UHL,0.0
2026-09-12,UHS,0.0
2026-09-12,ULH,-1.6815093644426318
2026-09-12,ULL,0.0
2026-09-12,UNT,-59.52110229714068
2026-09-12,UP1,1.8119985475274065
2026-09-12,UP2,-7.017501816513308
2026-09-12,UPD,-5.904849912575069
2026-09-12,UPH,-43.5949572320116
2026-09-12,UPP,-4.067026969407608
2026-09-12,UPS,0.0
2026-09-12,URA,-11.827927239918253
2026-09-12,URC,-3.3436294039223213
2026-09-12,URD,0.9585478906988425
2026-09-12,URG,0.0
2026-09-12,URM,84.35858029955129
2026-09-12,URS,0.0
2026-09-12,URV,0.0
2026-09-12,USS,0.0
2026-09-12,UST,0.0
2026-09-12,USY,-1.011385326760925
2026-09-12,UYH,-3.6662759252349657
2026-09-12,UZY,28.33067012181236
2026-09-12,VAY,17.22870348407201
2026-09-12,VCD,-79.93227922101849
2026-09-12,VCG,-0.07569884285208861
2026-09-12,VCY,-6.922523809669527
2026-09-12,VFK,50.24819430012276
2026-09-12,VFO,442.39557401302693
2026-09-12,VFS,0.0
2026-09-12,VHK,398.92652353928713
2026-09-12,VHS,23.27514091609135
2026-09-12,VK6,-7.432773463578801
2026-09-12,VKI,-12.249024036445904
2026-09-12,VKK,76.46533784063698
2026-09-12,VKR,-13.507170334496651
2026-09-12,VKT,34.79297257860123
2026-09-12,VKV,1000.8384888904692
2026-09-12,VLT,30.80161313350443
2026-09-12,VMV,4.144960011011709
2026-09-12,VNK,-8.432930311699916
2026-09-12,VPA,-17.40603713235581
2026-09-12,VPD,223.66024540546215
2026-09-12,VPE,194.29013050830065
2026-09-12,VPH,1307.60692209829
2026-09-12,VPP,4.2120430191466625
2026-09-12,VPS,-32.97274070688043
2026-09-12,VRK,-3.712574839155088
2026-09-12,VTF,0.0
2026-09-12,VTL,23.31239778243771
2026-09-12,YA1,202.5642697551068
2026-09-12,YAC,-2.217826322233199
2026-09-12,YAE,2.2384401991332985
2026-09-12,YAK,-1.2359442525400217
2026-09-12,YAN,-1.6886377005539341
2026-09-12,YAR,0.0
2026-09-12,YAS,-3.1656982587321023
2026-09-12,YAY,-0.33086063080204386
2026-09-12,YBE,-0.8636669940814334
2026-09-12,YBH,-7.6039356399586495
2026-09-12,YBJ,0.0
2026-09-12,YBP,-0.7077740170812802
2026-09-12,YBR,7.195634916132356
2026-09-12,YBS,3.228090107948482
2026-09-12,YCG,0.0
2026-09-12,YCH,-2.825016047936557
2026-09-12,YCK,0.06162157037442392
2026-09-12,YCL,-14.309165870662067
2026-09-12,YCP,2.080480893061182
2026-09-12,YCY,38.618979691260286
2026-09-12,YDH,26.05906496662885
2026-09-12,YDI,-0.44093190004613375
2026-09-12,YDK,-0.3865978237971709
2026-09-12,YDL,0.0
2026-09-12,YDM,0.0
2026-09-12,YDP,12.1055167625443
2026-09-12,YDZ,-1.9828975049510618
2026-09-12,YEF,27.77907542946242
2026-09-12,YFV,0.1272905158715532
2026-09-12,YGM,-4.790618200381894
2026-09-12,YHB,-3.423226139404335
2026-09-12,YHI,-4.232444117383064
2026-09-12,YHK,-2.8252092906674258
2026-09-12,YHP,-2.6942803264556554
2026-09-12,YHS,-9.008298434323574
2026-09-12,YHT,49.39751430590675
2026-09-12,YHY,0.0
2026-09-12,YHZ,7.910534621328313
2026-09-12,YIK,-87.63706140564308
2026-09-12,YIS,-14.376593536931157
2026-09-12,YIT,-11.756635262551756
2026-09-12,YIV,0.0
2026-09-12,YJA,0.0
2026-09-12,YJH,-4.3837585685586475
2026-09-12,YJK,-2.6040658633371234
2026-09-12,YJU,0.0
2026-09-12,YJY,2.4718111209808242
2026-09-12,YKS,16.2930314280901
2026-09-12,YKT,-2.43691755964268
2026-09-12,YLB,-11.858444851125624
2026-09-12,YLC,-2.4784617293377456
2026-09-12,YLE,-15.47051991853649
2026-09-12,YLO,-3.798229269116059
2026-09-12,YLR,0.0
2026-09-12,YLY,-2.663292910753525
2026-09-12,YLZ,-158.28248740686925
2026-09-12,YMD,-1.155203002410644
2026-09-12,YMH,-0.14542116711213338
2026-09-12,YMP,46.20852486385941
2026-09-12,YNF,6771.12901411714
2026-09-12,YNK,0.3273687624411923
2026-09-12,YNL,0.0
2026-09-12,YOA,-0.5229188119015308
2026-09-12,YOS,-5.227523336006493
2026-09-12,YOT,9.838653375882839
2026-09-12,YOZ,5.83552963768301
2026-09-12,YP1,0.0
2026-09-12,YP2,0.0
2026-09-12,YP4,-0.6456054319279654
2026-09-12,YPC,-1.5560910046380148
2026-09-12,YPD,0.0
2026-09-12,YPF,2.762663884414346
2026-09-12,YPI,-1.1929696334756816
2026-09-12,YPK,-2.478048996262318
2026-09-12,YPL,0.35347957930459134
2026-09-12,YPN,17.882975592235738
2026-09-12,YPP,0.0
2026-09-12,YPR,-2.517166504071614
2026-09-12,YPT,-18.038789794073118
2026-09-12,YPU,9.02929416874477
2026-09-12,YPV,-2.4547131765704733
2026-09-12,YRZ,-0.06101205678360816
2026-09-12,YSA,21.969432356956723
2026-09-12,YSH,17.979432429579678
2026-09-12,YSL,-1.4014427628329444
2026-09-12,YSO,34.19595635866791
2026-09-12,YSU,1.1483071374732134
2026-09-12,YTD,0.5277947765495684
2026-09-12,YTJ,0.0
2026-09-12,YTO,0.0
2026-09-12,YTR,0.0
2026-09-12,YTV,-2.0352968143654504
2026-09-12,YTY,9.607198468935609
2026-09-12,YUB,-2.161764653644036
2026-09-12,YUD,-1.3944187322575992
2026-09-12,YUI,0.0
2026-09-12,YUK,0.0
2026-09-12,YUN,1.8096673193942518
2026-09-12,YUY,0.0
2026-09-12,YVB,27.57582337672123
2026-09-12,YVD,53.109857567298455
2026-09-12,YVF,0.0
2026-09-12,YVG,1.796636474231273
2026-09-12,YVO,31.453448561905596
2026-09-12,YVS,0.0
2026-09-12,YZC,-1.604615623163677
2026-09-12,YZF,0.0
2026-09-12,YZG,-3.738528635818937
2026-09-12,YZH,5.814299007621072
2026-09-12,YZK,-9.155678003346496
2026-09-12,YZL,-2.0796626384793426
2026-09-12,YZT,122.09356894857792
2026-09-12,ZA2,-14.60089509457972
2026-09-12,ZAD,-12.268907704282913
2026-09-12,ZAV,0.16818018588909148
2026-09-12,ZAY,-29.181664856118555
2026-09-12,ZBD,-0.04550749020520054
2026-09-12,ZBI,-4.489997109771151
2026-09-12,ZBJ,6.21563463700869
2026-09-12,ZBN,-3.3618660007081873
2026-09-12,ZBO,0.41038562783918753
2026-09-12,ZBZ,0.0
2026-09-12,ZCA,0.0
2026-09-12,ZCB,-63.75607544031939
2026-09-12,ZCC,0.0
2026-09-12,ZCD,-1.2543314102901706
2026-09-12,ZCE,0.0
2026-09-12,ZCG,2.0732836817812825
2026-09-12,ZCH,0.0
2026-09-12,ZCK,4.831655782157526
2026-09-12,ZCN,2.8505696430428684
2026-09-12,ZDD,0.8794953294866357
2026-09-12,ZDK,0.0
2026-09-12,ZDZ,-1.046021649095039
2026-09-12,ZFB,-1.833186405489705
2026-09-12,ZHH,9.56906023065353
2026-09-12,ZIH,559.6119210614474
2026-09-12,ZJB,-0.30696764377153635
2026-09-12,ZJH,0.0
2026-09-12,ZJI,-0.7664946815562529
2026-09-12,ZJL,-2.9482099098082672
2026-09-12,ZJT,0.0
2026-09-12,ZJV,-0.29847294790559825
2026-09-12,ZK1,-5.460609489702427
2026-09-12,ZK2,-34.797113699094936
2026-09-12,ZLB,-2.4391276343167467
2026-09-12,ZLG,0.0
2026-09-12,ZLH,4.626551168590052
2026-09-12,ZMT,3.9896837380850916
2026-09-12,ZMU,2.1511131542325965
2026-09-12,ZMY,-1.2825955038031422
2026-09-12,ZOS,0.0
2026-09-12,ZP1,0.0
2026-09-12,ZP2,0.0
2026-09-12,ZP3,0.0
2026-09-12,ZP6,-12.735677700310868
2026-09-12,ZP7,0.0
2026-09-12,ZP8,-3.4472030478484483
2026-09-12,ZP9,19.714997189134664
2026-09-12,ZPA,6.6809195609384915
2026-09-12,ZPC,-0.13766654589389093
2026-09-12,ZPE,2.883209859521628
2026-09-12,ZPF,-0.6698730912900673
2026-09-12,ZPG,-3.0854138456965376
2026-09-12,ZPH,13.24494824499828
2026-09-12,ZPJ,-8.952310693278443
2026-09-12,ZPK,26.32875682537566
2026-09-12,ZPN,-2.8865977957428766
2026-09-12,ZPO,90.62014137982494
2026-09-12,ZPR,-5.876321074341303
2026-09-12,ZR2,0.0
2026-09-12,ZR3,0.28976770727631956
2026-09-12,ZSB,-28.711205195795152
2026-09-12,ZSF,2.809269341992697
2026-09-12,ZSG,1.4474985915859848
2026-09-12,ZSN,0.0
2026-09-12,ZTF,0.0
2026-09-12,ZTG,8.096719185301762
2026-09-12,ZTV,9908.645916898253
2026-09-12,ZUD,346.41479571149915
2026-09-12,ZUE,38.61200157741617
2026-09-12,ZUS,-2.7650978534695385
2026-09-12,ZVB,-0.25088995446827095
2026-09-12,ZVO,0.13428353486149702
2026-09-12,ZYC,0.03361559935600064
2026-09-12,ZYD,0.0
2026-09-12,ZZL,0.0
2026-09-12,ZJR,0.0
2026-09-12,DKY,0.0
2026-09-13,AAL,-10.580303297851925
2026-09-13,AAS,4.308444605595399
2026-09-13,AAV,11.038210762903685
2026-09-13,ABG,-0.363872069410772
2026-09-13,ABJ,0.0
2026-09-13,ABU,0.0
2026-09-13,AC1,43.991729040068556
2026-09-13,AC2,207.64866068833442
2026-09-13,AC3,0.0
2026-09-13,AC4,-7.526367107721675
2026-09-13,AC5,1.041060257962486
2026-09-13,AC6,11.274397700765386
2026-09-13,AC7,-1.4453656045157784e-06
2026-09-13,AC8,-0.2850936059930707
2026-09-13,ACC,-35.28434058976561
2026-09-13,ACD,-0.5991951581509033
2026-09-13,ACN,-0.5869520927092255
2026-09-13,ACU,-0.24861055083356892
2026-09-13,ADE,-6.230471633660401
2026-09-13,ADP,3.7124535915871317
2026-09-13,AED,4.335918843276328
2026-09-13,AES,-2.6301157036372445
2026-09-13,AEV,-0.8066334193956042
2026-09-13,AFA,-1.8621410402776342
2026-09-13,AFO,-2.534074039765022
2026-09-13,AFS,3.5631759299489647
2026-09-13,AFT,-3.269964744478563
2026-09-13,AFV,-6.86115210454976
2026-09-13,AGC,-17.338982842590987
2026-09-13,AHH,0.0
2026-09-13,AHI,-5.133998752502729
2026-09-13,AHN,8.720566614809972
2026-09-13,AHU,-25.590546210361147
2026-09-13,AHV,3.6484965853942257
2026-09-13,AHZ,82.27172206739755
2026-09-13,AI1,6.388390995048757e-05
2026-09-13,AIH,-1.5213930239214697
2026-09-13,AII,0.0
2026-09-13,AIM,0.0
2026-09-13,AIR,-0.04493648388001673
2026-09-13,AIS,-22.794290712636272
2026-09-13,AJ1,-1.640223029707284
2026-09-13,AJE,-5.8989283716928
2026-09-13,AJK,-0.4285152799040644
2026-09-13,AJL,-6.644076108013317
2026-09-13,AJN,-4.918365739498068
2026-09-13,AK2,71.9662915899812
2026-09-13,AK3,1.3334954098704177
2026-09-13,AKE,-0.3813842281665905
2026-09-13,AKU,7.0002030683507686
2026-09-13,AL4,0.0
2026-09-13,AL5,-4.002192209094484
2026-09-13,AL6,0.0
2026-09-13,AL7,0.2912778627692864
2026-09-13,ALC,0.3233054992961676
2026-09-13,ALE,6.165847806506572
2026-09-13,AN1,1.1220598068154806
2026-09-13,ANL,13.704413479273162
2026-09-13,ANZ,0.07250697767506574
2026-09-13,AOJ,0.728894212375954
2026-09-13,AOY,-6.736927239927438
2026-09-13,AP2,-2.969393177959894
2026-09-13,AP4,0.0
2026-09-13,AP5,1.9989080584368504
2026-09-13,AP6,-9.284034702892064e-06
2026-09-13,AP7,-27.116753269313858
2026-09-13,APJ,-3.4692770935385515
2026-09-13,APP,-74.15884733963644
2026-09-13,APT,56.0828359012387
2026-09-13,ARE,41.56236629549272
2026-09-13,ARF,0.0
2026-09-13,ARL,-2.0738664253728176
2026-09-13,ARM,-5.4815856731797075
2026-09-13,ARP,0.0
2026-09-13,AS1,-7.822087727431819
2026-09-13,AS3,0.00035655729977556735
2026-09-13,ASJ,-2.6401925440670095
2026-09-13,ATJ,0.04345274225024075
2026-09-13,AU1,14.869465642588983
2026-09-13,AUV,-39.18735673034163
2026-09-13,AVC,0.0
2026-09-13,AVT,13.9572678852726
2026-09-13,AVZ,0.0
2026-09-13,AY6,0.0
2026-09-13,AY7,0.0
2026-09-13,AYA,-3.891136193609358
2026-09-13,AYR,-0.8803672887867786
2026-09-13,AZF,0.0
2026-09-13,AZJ,27.56924414961009
2026-09-13,AZV,0.006383282946771253
2026-09-13,AZZ,-9.2801103572031e-05
2026-09-13,BA1,1.413451528423653
2026-09-13,BAC,0.0
2026-09-13,BAG,1.4946847083899226
2026-09-13,BAI,37.44185735942766
2026-09-13,BAL,0.0
2026-09-13,BAO,0.0
2026-09-13,BAS,0.0
2026-09-13,BBF,5.187987843880216
2026-09-13,BBI,0.06928997292118502
2026-09-13,BBN,0.0
2026-09-13,BBO,-2.3762126717738026
2026-09-13,BBP,0.5410721849574495
2026-09-13,BBS,65.84888488484049
2026-09-13,BCC,0.0
2026-09-13,BCK,-5.852076252486664
2026-09-13,BCO,185.59944023666102
2026-09-13,BDA,-13.843526663720551
2026-09-13,BDC,-14.904765722187054
2026-09-13,BDI,-9.676397020537026e-10
2026-09-13,BDO,-43.14509472123931
2026-09-13,BDS,-21.771672230908663
2026-09-13,BDY,10.23185392508962
2026-09-13,BFE,7.5887768996966445
2026-09-13,BFO,30.86050118692052
2026-09-13,BFS,29.756473133466937
2026-09-13,BFT,-26.95936649275847
2026-09-13,BGH,0.0
2026-09-13,BGP,-12.635924174259527
2026-09-13,BGR,-0.08533642569231839
2026-09-13,BHA,2.4410264445964707
2026-09-13,BHE,10.821667614984312
2026-09-13,BHF,-13.672534854792637
2026-09-13,BHH,-6.20522997353775e-07
2026-09-13,BHI,8.627462000040074
2026-09-13,BHL,-3.099823913085737
2026-09-13,BHN,-0.5670319975974687
2026-09-13,BHO,0.0
2026-09-13,BI5,-76.84870509165248
2026-09-13,BIA,5466.990025099823
2026-09-13,BID,-0.9059764503711515
2026-09-13,BIG,-6.4470238336707855
2026-09-13,BIH,-0.008501132423653813
2026-09-13,BIK,0.006356878968265227
2026-09-13,BIO,-26.746081686513424
2026-09-13,BIP,-18.32429755308805
2026-09-13,BIS,-0.32006892697987827
2026-09-13,BIY,0.015521131873925752
2026-09-13,BJD,-10.350406893664221
2026-09-13,BKO,256.7688142229477
2026-09-13,BKY,17.856765980591092
2026-09-13,BLA,0.0
2026-09-13,BLD,-5.695135550740168
2026-09-13,BLT,5.992456018128051
2026-09-13,BMU,-48.633835834189945
2026-09-13,BNC,-9.254703446921793
2026-09-13,BNH,0.9886916447420697
2026-09-13,BOH,0.0
2026-09-13,BOL,16.850727053771337
2026-09-13,BON,52.01157919682512
2026-09-13,BOP,4.836211388416298
2026-09-13,BOS,-70.07655788097819
2026-09-13,BP5,-19.22200950576477
2026-09-13,BPD,9.726012737210276
2026-09-13,BPZ,83.47446653274845
2026-09-13,BRB,0.0
2026-09-13,BRC,-14.706860619839384
2026-09-13,BRF,1.810402614324129
2026-09-13,BRG,9.451340607197318
2026-09-13,BRH,-5.878379559586267
2026-09-13,BRR,1954.1468021823225
2026-09-13,BRT,-29.608130221501263
2026-09-13,BRZ,0.0
2026-09-13,BS1,4055.6569704844533
2026-09-13,BSA,0.0
2026-09-13,BSC,-0.00010601289392187133
2026-09-13,BSD,-1.7416436877038095
2026-09-13,BSE,-1.3092288407935332e-06
2026-09-13,BSF,0.0
2026-09-13,BSH,1.2028421426517852
2026-09-13,BSM,9.851744002783624
2026-09-13,BSN,-1.1643735312791467e-05
2026-09-13,BST,-8.882783584499988
2026-09-13,BTE,-1.428060754816566
2026-09-13,BTJ,-1.7745523231816596
2026-09-13,BTK,8.152002300100737
2026-09-13,BTP,-48.03359555476733
2026-09-13,BTY,0.0
2026-09-13,BTZ,-14.755026226648257
2026-09-13,BUB,-38.947007903501316
2026-09-13,BUC,-87.96045748808544
2026-09-13,BUP,0.0
2026-09-13,BUT,-20.308002221149035
2026-09-13,BUV,-18.967177387812185
2026-09-13,BUY,-5.235941355420129
2026-09-13,BV1,7.666320569300276
2026-09-13,BVB,0.0
2026-09-13,BVC,0.0
2026-09-13,BVD,-15.289554192676807
2026-09-13,BVF,30.55505381244122
2026-09-13,BVH,0.0
2026-09-13,BVI,-1.3250192360892377
2026-09-13,BVK,6.62589601892334
2026-09-13,BVM,-0.7899349952637514
2026-09-13,BVT,0.0
2026-09-13,BVV,-3.48322577797452
2026-09-13,BVZ,16.737525943234232
2026-09-13,BYZ,-0.0011435919689588242
2026-09-13,CAH,-48.87407607283023
2026-09-13,CBD,2028.3346926771123
2026-09-13,CBN,0.0
2026-09-13,CBO,0.0
2026-09-13,CEY,0.0
2026-09-13,CFO,-12.27722478065508
2026-09-13,CGD,0.0
2026-09-13,CHY,-0.00914096870923333
2026-09-13,CIN,-8.743879811355772
2026-09-13,CJD,59002.03694320727
2026-09-13,CJF,-15.353056803184732
2026-09-13,CJG,0.0
2026-09-13,CJH,-3.4174529237137556
2026-09-13,CKF,5.576693176040726
2026-09-13,CKL,7.008273487426719
2026-09-13,CKS,6.465016870830046
2026-09-13,COT,-0.5750504939754972
2026-09-13,CPT,-14.01906585923555
2026-09-13,CPU,-19.10988319011025
2026-09-13,CRL,0.0
2026-09-13,CSD,0.0
2026-09-13,CSH,-3.78647325204684e-07
2026-09-13,CTF,0.0
2026-09-13,CTG,0.0
2026-09-13,CTM,0.0
2026-09-13,CTP,0.0
2026-09-13,CTV,0.0
2026-09-13,CVA,0.0
2026-09-13,CVB,0.0
2026-09-13,CVC,0.0
2026-09-13,CVD,0.0
2026-09-13,CVE,0.0
2026-09-13,CVF,0.0
2026-09-13,CVK,-75.27115993252161
2026-09-13,CVL,595.1205523020059
2026-09-13,CYD,3.557960646711214
2026-09-13,DA1,-54.52582309602615
2026-09-13,DAC,0.0
2026-09-13,DAE,0.0
2026-09-13,DAH,-1.8679346693818724
2026-09-13,DAI,-0.7495887866654479
2026-09-13,DAL,0.0
2026-09-13,DAP,4243.592930564675
2026-09-13,DAS,0.560523583887421
2026-09-13,DAT,0.0
2026-09-13,DAV,2.8074582289084336
2026-09-13,DAZ,0.0
2026-09-13,DB2,-4.345170499192178
2026-09-13,DBA,-2.387675212028053
2026-09-13,DBB,49.24984952369186
2026-09-13,DBG,0.1220564533388042
2026-09-13,DBH,-2.470333543366159
2026-09-13,DBK,39.595711857148096
2026-09-13,DBP,-0.8374578847344163
2026-09-13,DBZ,-6.45301968157819
2026-09-13,DCB,5.283726387831058
2026-09-13,DCD,0.0
2026-09-13,DCE,0.0
2026-09-13,DCN,100.31986903069368
2026-09-13,DCP,-0.8957038071448251
2026-09-13,DCV,0.0
2026-09-13,DDA,56.07870081234493
2026-09-13,DDC,-11.792243848662054
2026-09-13,DDE,0.0
2026-09-13,DDF,-19.339642846292033
2026-09-13,DDP,0.0
2026-09-13,DEF,-1.1972998426724413
2026-09-13,DEH,200.2236360047469
2026-09-13,DEI,0.00929675517138141
2026-09-13,DFC,-48.89015643328827
2026-09-13,DFD,0.8844993847185076
2026-09-13,DFI,-23.37520961435803
2026-09-13,DFO,0.24061019199137978
2026-09-13,DGF,410.11255781596867
2026-09-13,DGH,-15.531360409750377
2026-09-13,DHI,5.359449544051158
2026-09-13,DHJ,3.819118514225664
2026-09-13,DHM,-6.77829923668281
2026-09-13,DHP,0.0
2026-09-13,DHS,0.0
2026-09-13,DHT,6.280831686917973
2026-09-13,DHV,-21.124219103600204
2026-09-13,DID,2.023315017866027
2026-09-13,DIH,0.0
2026-09-13,DIM,0.0
2026-09-13,DIP,-27.495084946046216
2026-09-13,DK1,9.512852604214975
2026-09-13,DK8,-0.00010541740798983478
2026-09-13,DKA,0.0
2026-09-13,DKC,0.546893391600963
2026-09-13,DKH,-60.88349443579092
2026-09-13,DKL,6.617796534061111
2026-09-13,DKP,-0.22206929051670427
2026-09-13,DKR,-64.78429851222923
2026-09-13,DKS,0.0
2026-09-13,DL2,-51.690227041383366
2026-09-13,DLD,1.947203179020842
2026-09-13,DLG,-2.889683406937003
2026-09-13,DLN,15.899597595294496
2026-09-13,DLY,-22.095311893145396
2026-09-13,DLZ,3.3325046599263373
2026-09-13,DMG,-2.0305178723295154
2026-09-13,DMI,168.70478946192435
2026-09-13,DMV,0.0
2026-09-13,DMZ,0.0
2026-09-13,DNA,0.0
2026-09-13,DNF,550.7095317975431
2026-09-13,DNH,-6.679491966010777
2026-09-13,DNK,-0.39785885479916927
2026-09-13,DNL,0.0
2026-09-13,DNM,5.820128038652623
2026-09-13,DNP,61.29783545319958
2026-09-13,DNU,0.0
2026-09-13,DOC,0.0
2026-09-13,DOD,-6.083001204754291
2026-09-13,DOH,3477.005507682219
2026-09-13,DOL,5.72721058665806
2026-09-13,DOR,0.0
2026-09-13,DOS,0.0
2026-09-13,DOV,-0.6344192375225135
2026-09-13,DP1,0.0
2026-09-13,DP2,0.9810326779301822
2026-09-13,DP3,-0.2341190513417437
2026-09-13,DP4,-0.8867153518680542
2026-09-13,DP5,0.0
2026-09-13,DP6,-0.012505301643355293
2026-09-13,DP7,0.0
2026-09-13,DP8,0.0
2026-09-13,DP9,-0.007999130204799773
2026-09-13,DPB,-27.83001294634869
2026-09-13,DPC,0.0
2026-09-13,DPE,0.0
2026-09-13,DPG,0.0
2026-09-13,DPI,-17.99614681300054
2026-09-13,DPK,0.5630965448453955
2026-09-13,DPL,0.0
2026-09-13,DPN,0.0
2026-09-13,DPP,-73.50645068684067
2026-09-13,DPT,2.519949272143639
2026-09-13,DPZ,-2.54350317255345
2026-09-13,DRA,-4.66514618185351
2026-09-13,DRD,0.0
2026-09-13,DRH,-12.585574192457797
2026-09-13,DRT,-26.66927397612723
2026-09-13,DSC,0.0
2026-09-13,DSD,-7.318702750892444
2026-09-13,DSH,76.32207794140803
2026-09-13,DSP,2.211324061840596
2026-09-13,DSV,-58.35344290803629
2026-09-13,DTH,-0.4647256176637909
2026-09-13,DTL,-1.8288882209940385
2026-09-13,DTM,-2.0499010221857423
2026-09-13,DTO,0.0
2026-09-13,DTP,0.0
2026-09-13,DTV,0.0
2026-09-13,DTZ,19.61224298779138
2026-09-13,DUC,0.0
2026-09-13,DUD,19.323764897091028
2026-09-13,DUH,-89.98351632070616
2026-09-13,DUT,-0.0022481613655081292
2026-09-13,DUV,14.495532414201936
2026-09-13,DVC,0.0
2026-09-13,DVI,0.0
2026-09-13,DVN,0.0
2026-09-13,DVO,0.0
2026-09-13,DVS,642.1627173499885
2026-09-13,DVT,1.618854124418101
2026-09-13,DVU,-2.488352937258634
2026-09-13,DVZ,0.0
2026-09-13,DXP,-5.463836601087781
2026-09-13,DYJ,-0.0014674421074305738
2026-09-13,DYN,-0.9996209323144991
2026-09-13,DYS,0.0
2026-09-13,DZ2,15.305608499408057
2026-09-13,DZE,-1.8477217917952573
2026-09-13,DZM,-14.017062424490353
2026-09-13,DZP,-0.5280888478442416
2026-09-13,DZS,-3.7523949883165284
2026-09-13,EBD,-1.1369348870941716
2026-09-13,EBI,2.560709577693975
2026-09-13,EBS,3.38822542707152
2026-09-13,EC2,-3.512966155370105
2026-09-13,ECA,39.41635933297268
2026-09-13,ECB,-12.971416968858222
2026-09-13,ECV,73.9859119667437
2026-09-13,EDD,34.36040681092905
2026-09-13,EDN,3.355272811425173
2026-09-13,EDP,166.74231381465762
2026-09-13,EDT,-3.5483020061563355
2026-09-13,EDU,-0.01682902616444149
2026-09-13,EES,0.18161731285943644
2026-09-13,EGP,0.0
2026-09-13,EGR,7.72721346420601
2026-09-13,EHS,0.0
2026-09-13,EIB,-1.7218030564502798
2026-09-13,EID,-0.5253607441509701
2026-09-13,EIL,-4.708973318532568
2026-09-13,EJG,0.0
2026-09-13,EKF,-28.447696147869557
2026-09-13,EKL,-20.66296182956197
2026-09-13,ELZ,9.959424937174667
2026-09-13,EME,-0.054041321037964586
2026-09-13,EML,-3.107428384717362
2026-09-13,ENA,45.64594650634511
2026-09-13,ENJ,14.389913013906483
2026-09-13,ENO,13.00677847275266
2026-09-13,ENR,52.02953478333574
2026-09-13,ENS,-0.4998154177056657
2026-09-13,EP1,-0.695789537699003
2026-09-13,EPA,1.154330712428181
2026-09-13,EPI,0.5048597972034378
2026-09-13,EPK,-6.2598669383162955
2026-09-13,EPO,0.0
2026-09-13,EPP,-9.631572336884487
2026-09-13,EPT,0.4007399582183156
2026-09-13,ESG,-0.2661331632145417
2026-09-13,ESN,0.0014756646905084748
2026-09-13,ESP,-3.564530732555378
2026-09-13,ETN,10.178872125990734
2026-09-13,EUN,-2.5147380452430816
2026-09-13,EUZ,2.598605836295167
2026-09-13,EVM,45.02939592790007
2026-09-13,EYT,-5.054770704142345
2026-09-13,EZM,0.0
2026-09-13,FAK,-11.473328818981225
2026-09-13,FAL,-1.8134307302523935
2026-09-13,FBC,-7.616330334320345
2026-09-13,FBI,14.855033833149214
2026-09-13,FBN,1169.1664747489513
2026-09-13,FBV,-1.517769435100267
2026-09-13,FBZ,0.2167699567718707
2026-09-13,FCK,-1.2665694559157903
2026-09-13,FCS,-15.580421347332173
2026-09-13,FD1,-8.482359505229338
2026-09-13,FDE,-0.2439899171961419
2026-09-13,FDG,-37.99901999747243
2026-09-13,FDO,0.0
2026-09-13,FDV,0.0
2026-09-13,FDZ,0.0
2026-09-13,FFD,206.37825010820222
2026-09-13,FFF,0.0
2026-09-13,FFH,5.497815595425132
2026-09-13,FFO,0.0
2026-09-13,FFP,-0.9894113028443553
2026-09-13,FHI,-92.83613603851715
2026-09-13,FHP,-39.557839829223475
2026-09-13,FHZ,0.0
2026-09-13,FI3,18.545191213394325
2026-09-13,FI5,3.153574935150829
2026-09-13,FIB,-2.0921035727362076
2026-09-13,FID,-3.915646060576165
2026-09-13,FIL,3.2360109925183935
2026-09-13,FIT,45.41663616903007
2026-09-13,FJB,1.5245965731766806
2026-09-13,FJC,0.0
2026-09-13,FJM,-6.768449749695582
2026-09-13,FJN,-2.7965436494323583
2026-09-13,FJZ,0.27194759213998015
2026-09-13,FKE,-2.6255642510961357
2026-09-13,FKV,-0.1059086692658697
2026-09-13,FLS,6.154742832693804
2026-09-13,FLY,6.7753369255486975
2026-09-13,FMG,-2.887033081186541
2026-09-13,FMS,0.0
2026-09-13,FMV,0.049974569595068574
2026-09-13,FNO,-0.2837419002720571
2026-09-13,FNT,-25.308411583748835
2026-09-13,FP4,-1.7401988858408453
2026-09-13,FPE,-0.9294676436415741
2026-09-13,FPG,-5.702975667268423
2026-09-13,FPH,-2.3891541431777523
2026-09-13,FPI,-5.52325892896633
2026-09-13,FPK,14.994092544858232
2026-09-13,FPR,7.915031167362699
2026-09-13,FPZ,2.657390453505407
2026-09-13,FR1,-2.386502196458376
2026-09-13,FRA,0.0
2026-09-13,FRC,-17.77188063913631
2026-09-13,FRZ,0.0
2026-09-13,FS1,-7.230018666583071
2026-09-13,FS2,22.142585309643092
2026-09-13,FS3,0.0
2026-09-13,FS4,0.0
2026-09-13,FS5,452.81393790375046
2026-09-13,FS6,172.17618349437888
2026-09-13,FSF,-2.857212977269843
2026-09-13,FSG,-6.222102190504285
2026-09-13,FSH,-2.655952248976204
2026-09-13,FSK,-0.3591222821778505
2026-09-13,FSM,6.653610503309254
2026-09-13,FSP,21.76566417395111
2026-09-13,FSR,22.99674547884634
2026-09-13,FSU,171.21379388978255
2026-09-13,FSV,-0.33160582344404715
2026-09-13,FTL,-19.002642112056375
2026-09-13,FTY,-0.10410589063979024
2026-09-13,FUA,-0.9090613061839783
2026-09-13,FUB,1.5680629359519624
2026-09-13,FUM,0.0
2026-09-13,FUN,206.3617582006016
2026-09-13,FUP,0.0
2026-09-13,FVL,-0.11463812976912535
2026-09-13,FYA,-3.3122983340060466
2026-09-13,FYB,0.0
2026-09-13,FYD,-3.0267544277060154
2026-09-13,FYF,0.0025687056228739444
2026-09-13,FYG,0.0
2026-09-13,FYH,0.0
2026-09-13,FYI,113.9819726309637
2026-09-13,FYM,0.0
2026-09-13,FYO,4.9516539305221485
2026-09-13,FYT,25.212806848729425
2026-09-13,FYZ,0.0
2026-09-13,FZJ,-2.3997953976361384
2026-09-13,FZP,-7.130554907378982
2026-09-13,GA1,8.68787379269507
2026-09-13,GAC,0.0
2026-09-13,GAE,7.544369100512588
2026-09-13,GAF,-3.0731535956017186
2026-09-13,GAG,-0.47505014285536046
2026-09-13,GAH,-7.1147569455030215
2026-09-13,GAJ,0.0
2026-09-13,GAL,91.89317854794216
2026-09-13,GAN,0.0
2026-09-13,GAS,0.6126194429046996
2026-09-13,GAU,0.0
2026-09-13,GAV,0.0
2026-09-13,GBC,-1.9190554479090114
2026-09-13,GBG,4.940809553537592
2026-09-13,GBH,1.7146268689479736
2026-09-13,GBJ,26.7362568184617
2026-09-13,GBL,52.15220315632004
2026-09-13,GBN,-0.0947737822205484
2026-09-13,GBP,0.0
2026-09-13,GBV,-12.636640010444527
2026-09-13,GBZ,4.724047446254827
2026-09-13,GCA,-0.13970180860817769
2026-09-13,GCC,0.0
2026-09-13,GCD,8.38365786598475
2026-09-13,GCI,0.0
2026-09-13,GCZ,0.0
2026-09-13,GDJ,0.0
2026-09-13,GDP,0.0
2026-09-13,GEC,13.618409850869728
2026-09-13,GEI,0.0
2026-09-13,GEZ,0.0
2026-09-13,GFB,0.0
2026-09-13,GFD,-4.2769679251764305
2026-09-13,GFI,0.0
2026-09-13,GFL,0.0
2026-09-13,GFN,0.0
2026-09-13,GFY,0.0
2026-09-13,GGA,-1.1704231683285073
2026-09-13,GGC,0.0
2026-09-13,GGD,0.0
2026-09-13,GGK,-3.1904774828041065
2026-09-13,GGM,0.0
2026-09-13,GGN,0.0
2026-09-13,GGP,0.0
2026-09-13,GGR,-0.21059941039533125
2026-09-13,GHS,-11.176788883860313
2026-09-13,GID,-17.86146397030815
2026-09-13,GIE,-1.8577957811002237
2026-09-13,GIH,-28.091774568619925
2026-09-13,GJA,0.0
2026-09-13,GJB,-5.141967519385875
2026-09-13,GJD,-0.1787229346090434
2026-09-13,GJE,0.0
2026-09-13,GJF,-0.44227695906124753
2026-09-13,GJH,-41.811341098490196
2026-09-13,GJM,2.285960163271903
2026-09-13,GJO,0.0
2026-09-13,GKF,0.37435546242049866
2026-09-13,GKG,2.0170663099406494
2026-09-13,GKH,-35.69104990490184
2026-09-13,GKK,0.0
2026-09-13,GKL,0.0
2026-09-13,GKM,0.0
2026-09-13,GKV,-27.407679239983413
2026-09-13,GL1,15.078778494747327
2026-09-13,GLC,0.027612909515967572
2026-09-13,GLG,-25.990690949733157
2026-09-13,GLL,-82.6550522825954
2026-09-13,GLM,0.0
2026-09-13,GLP,0.0
2026-09-13,GLS,116.37759001407824
2026-09-13,GLV,0.07551464813142728
2026-09-13,GMA,6.157680927655024
2026-09-13,GMC,-6.467203141040658
2026-09-13,GMD,387.6647283398652
2026-09-13,GME,0.0
2026-09-13,GMI,-5.942507504972793
2026-09-13,GMM,0.0
2026-09-13,GMN,2.170752534228761
2026-09-13,GMO,-0.07309549188697682
2026-09-13,GMP,-0.6346597457908516
2026-09-13,GMR,-12.597276219966064
2026-09-13,GMZ,-2.206311009068779
2026-09-13,GNH,4.6940022489275925
2026-09-13,GNK,0.0
2026-09-13,GNL,-3.5487071591996737
2026-09-13,GNP,106.5858591131698
2026-09-13,GNS,25.446727338203395
2026-09-13,GNZ,2.4703141229807306
2026-09-13,GO1,-0.04852391508401321
2026-09-13,GO3,0.24686382221890657
2026-09-13,GO4,-2.5999301000203063
2026-09-13,GO6,-15.661292675370467
2026-09-13,GO9,-9.860409625833576
2026-09-13,GOF,13.858886653128325
2026-09-13,GOH,-4.051469837779743
2026-09-13,GOK,5.032066741745771
2026-09-13,GOL,-8.176028012860003
2026-09-13,GOP,-65.95673045566151
2026-09-13,GP1,0.0
2026-09-13,GP3,-1.4037500592628702
2026-09-13,GPA,3.4590078113836644
2026-09-13,GPB,-0.45861184964697804
2026-09-13,GPC,-1.735993093521736
2026-09-13,GPF,-8.888189902153496
2026-09-13,GPG,-2.171058620369569
2026-09-13,GPH,0.0
2026-09-13,GPI,-1.2598080285777664
2026-09-13,GPJ,0.0
2026-09-13,GPL,0.03788467012702843
2026-09-13,GPM,0.0
2026-09-13,GPN,3.470859348358061
2026-09-13,GPT,-10.527564764570865
2026-09-13,GPU,-1.0764212098655772
2026-09-13,GPV,-22.85949692367591
2026-09-13,GPZ,87.96892949236329
2026-09-13,GRL,-33.50028143406465
2026-09-13,GRO,0.028295844170509593
2026-09-13,GRT,-0.25973255234816583
2026-09-13,GSE,1.0405331555033215
2026-09-13,GSG,0.0
2026-09-13,GSL,-53.051072532775834
2026-09-13,GSO,14888.734089857238
2026-09-13,GSP,0.6441352213187055
2026-09-13,GSR,0.0
2026-09-13,GTA,-0.5047486671601906
2026-09-13,GTF,0.9412872638853726
2026-09-13,GTH,-11.050518542566392
2026-09-13,GTK,0.0
2026-09-13,GTL,-3.6098906132298305
2026-09-13,GTM,-7.067864426087894
2026-09-13,GTN,0.0
2026-09-13,GTY,-2.588082025012893
2026-09-13,GTZ,-3.7371428998347618
2026-09-13,GUA,0.0
2026-09-13,GUB,12.766994215923367
2026-09-13,GUC,-57.769078835150424
2026-09-13,GUF,7.679315472038032
2026-09-13,GUH,4.751814918518828
2026-09-13,GUK,-1.53306835561383
2026-09-13,GUM,-2.362444236483727
2026-09-13,GUV,35.97966612241127
2026-09-13,GVA,-4.081745093621935
2026-09-13,GVB,0.0
2026-09-13,GVC,0.0
2026-09-13,GVD,0.0
2026-09-13,GVI,-3.3640377097853453
2026-09-13,GVL,0.0
2026-09-13,GVZ,0.0
2026-09-13,GYC,0.0
2026-09-13,GYG,-0.817729171136395
2026-09-13,GYK,-0.07953805822633493
2026-09-13,GYL,28.18068178737076
2026-09-13,GYN,0.0
2026-09-13,GYR,-1.952915607180247
2026-09-13,GZB,0.0
2026-09-13,GZD,0.0
2026-09-13,GZE,-3.343653188767246
2026-09-13,GZG,-5.252061021890228
2026-09-13,GZH,-7.490520228120035
2026-09-13,GZJ,-2.437613023560393
2026-09-13,GZL,3.2352052829329283
2026-09-13,GZM,28.64120508589646
2026-09-13,GZN,-1.8089492893212415
2026-09-13,GZO,0.0
2026-09-13,GZP,-0.6506588719490267
2026-09-13,GZR,0.026680909900435774
2026-09-13,GZU,0.0
2026-09-13,GZV,0.35766160751890214
2026-09-13,GZY,-8.406185494316256
2026-09-13,GZZ,0.17214048709440158
2026-09-13,HAE,-0.3534480237714451
2026-09-13,HAG,0.0
2026-09-13,HAI,29.128514868938606
2026-09-13,HAM,-0.9039581244148144
2026-09-13,HAR,759.0608882826032
2026-09-13,HAT,-23.977315747502395
2026-09-13,HB1,-3.53478042760191
2026-09-13,HB2,-1.2737190336997166
2026-09-13,HBF,-3.1511499201959197
2026-09-13,HBJ,0.0
2026-09-13,HBN,-5.575081219037472
2026-09-13,HBU,14.403206119296208
2026-09-13,HBV,0.019828676311739277
2026-09-13,HCV,-4.788051334322444
2026-09-13,HDA,-6.517221286336948
2026-09-13,HDD,92.52009346130879
2026-09-13,HDE,-0.22776505835906147
2026-09-13,HDH,-2.1962908651409487e-05
2026-09-13,HDJ,-4.152414528575871e-05
2026-09-13,HDK,-0.7472939898315274
2026-09-13,HDS,0.0
2026-09-13,HDV,0.8158890559743034
2026-09-13,HEH,-40.52298078572031
2026-09-13,HFA,0.0
2026-09-13,HFI,0.840732671720305
2026-09-13,HFO,14.976590664900755
2026-09-13,HFR,-58.72612031521286
2026-09-13,HFV,-1.6197985809172921
2026-09-13,HFY,-14.500012056760541
2026-09-13,HGC,1.8309900055023742
2026-09-13,HGH,-96.91379774287398
2026-09-13,HGJ,0.0
2026-09-13,HGM,-5.011645873254614
2026-09-13,HGR,-8.636624094046292
2026-09-13,HGT,0.0
2026-09-13,HGU,0.0
2026-09-13,HGV,106.1087901924955
2026-09-13,HIA,-4.393356011920183
2026-09-13,HIF,-0.3603974881185939
2026-09-13,HIH,-5.619720136046747
2026-09-13,HII,0.0
2026-09-13,HIM,-0.5176201662678118
2026-09-13,HIP,-2.441567312453504
2026-09-13,HIS,7.811330901815099
2026-09-13,HIZ,-0.9196857363736605
2026-09-13,HJA,-14.151282403237945
2026-09-13,HJB,-13.18042018336695
2026-09-13,HKG,7.026339030054954
2026-09-13,HKH,-14.02806903267618
2026-09-13,HKJ,9.902117006963945
2026-09-13,HKM,-13.802104255214259
2026-09-13,HKP,-36.93333158158085
2026-09-13,HKR,-5.265019809566179
2026-09-13,HKV,10.746716849785416
2026-09-13,HLA,-23.753004957995042
2026-09-13,HLL,2.513572452420651
2026-09-13,HLR,4.645424146940167
2026-09-13,HMC,-104.65259496865171
2026-09-13,HME,2.0490015854887735
2026-09-13,HMG,6.500042367827402
2026-09-13,HMK,-49.407909516969085
2026-09-13,HML,410.79856420782414
2026-09-13,HMS,-32.63365982557206
2026-09-13,HMT,0.0
2026-09-13,HMV,0.0
2026-09-13,HNS,0.12695773162937024
2026-09-13,HOA,-6.059803099286519
2026-09-13,HOY,-1.2050429964799805
2026-09-13,HP3,88.97181514642084
2026-09-13,HPC,1.8928315902488453
2026-09-13,HPD,-0.5696519171795651
2026-09-13,HPF,0.0
2026-09-13,HPH,-25.486831571851383
2026-09-13,HPI,0.0
2026-09-13,HPJ,0.0
2026-09-13,HPL,0.0
2026-09-13,HPO,0.9757589983908426
2026-09-13,HPT,21.670094989032208
2026-09-13,HPV,-4.777412285691766
2026-09-13,HPZ,-3.170575354365574
2026-09-13,HRZ,-31.73049562073928
2026-09-13,HSA,-1.3850900589028805
2026-09-13,HSL,-2.470007378375942
2026-09-13,HSP,0.20063668718768957
2026-09-13,HST,-0.21851238329544756
2026-09-13,HTF,-14.944250315064913
2026-09-13,HTJ,64.18733603044518
2026-09-13,HTK,-2.2634223887364984
2026-09-13,HTS,10.47349616538625
2026-09-13,HTZ,0.0
2026-09-13,HUI,0.0
2026-09-13,HUS,0.0
2026-09-13,HVA,-4.878763969864138
2026-09-13,HVB,0.0
2026-09-13,HVC,-3.716632327026118e-05
2026-09-13,HVI,0.5120644424225926
2026-09-13,HVK,-24.980197304020713
2026-09-13,HVL,0.0
2026-09-13,HVN,0.0
2026-09-13,HVS,-2.5302033410976503
2026-09-13,HVT,9.5985743762751
2026-09-13,HVU,0.9235014828866054
2026-09-13,HVV,0.0
2026-09-13,HVZ,-15.341698328137312
2026-09-13,HYK,0.5189798543665545
2026-09-13,HYP,0.06245269558284934
2026-09-13,HYU,23.533843250763013
2026-09-13,HYV,-3.528896553487446
2026-09-13,HYY,0.0
2026-09-13,HZV,0.0
2026-09-13,IAC,0.0
2026-09-13,IAE,0.38997591479922883
2026-09-13,IAI,0.0
2026-09-13,IAJ,0.0
2026-09-13,IAM,1.9746951086040325
2026-09-13,IAR,-4.271290358727275
2026-09-13,IAS,0.0
2026-09-13,IAT,19.850726138585387
2026-09-13,IAU,-38.73223750478846
2026-09-13,IAY,-4.284203511081324
2026-09-13,IBB,-6.918033859021073
2026-09-13,IBC,0.0
2026-09-13,IBE,0.0
2026-09-13,IBG,0.0
2026-09-13,IBJ,0.0
2026-09-13,IBK,-0.6739189353215811
2026-09-13,IBM,-1.9019863289607672
2026-09-13,IBP,0.0
2026-09-13,IBR,18.921621478875217
2026-09-13,ICA,-2.6794878570508613
2026-09-13,ICC,-8.199217719165025
2026-09-13,ICD,-12.61384468313528
2026-09-13,ICE,30.31923693753428
2026-09-13,ICF,29.058034058651007
2026-09-13,ICG,-1.3729876762876905
2026-09-13,ICH,56.7381113170982
2026-09-13,ICN,244.5717110829463
2026-09-13,ICS,-10.387895264496722
2026-09-13,ICV,-13.395527029795682
2026-09-13,ICZ,14.970696835855865
2026-09-13,IDD,0.01579984773948894
2026-09-13,IDF,-2.2815408657573863
2026-09-13,IDH,-6.713848097793471
2026-09-13,IDI,267.43012218247156
2026-09-13,IDL,-9.379794030243668
2026-09-13,IDO,6.891919922622804
2026-09-13,IDP,-10.643691030445934
2026-09-13,IDV,-0.9011083379121136
2026-09-13,IDY,-32.569455298675884
2026-09-13,IED,-0.927026309118902
2026-09-13,IEN,-34.325800246163105
2026-09-13,IEV,24.959616990375117
2026-09-13,IEZ,0.0
2026-09-13,IFD,0.0
2026-09-13,IFN,-2.76647280334662
2026-09-13,IFV,79.28403899726258
2026-09-13,IFY,0.0
2026-09-13,IGF,0.0
2026-09-13,IGL,-0.1318552101632355
2026-09-13,IGM,1.5167835103516354
2026-09-13,IGZ,-67.64158681502607
2026-09-13,IH1,1.0291216301064368
2026-09-13,IHA,-13.512790695079824
2026-09-13,IHC,2.2041758669785265
2026-09-13,IHK,-8.604454375295392
2026-09-13,IHP,-10.166789594489567
2026-09-13,IHT,-9.887234043121989
2026-09-13,IHV,-16.65668999007201
2026-09-13,IHY,0.0
2026-09-13,IHZ,-36.122650308480985
2026-09-13,IIA,0.0
2026-09-13,IIC,-0.39085982313821566
2026-09-13,IIE,-9.821085630892231
2026-09-13,IIF,141.81901691953703
2026-09-13,IIH,-5.305708251050437
2026-09-13,IIN,12.106682051527422
2026-09-13,IIS,-1.7019697008136807
2026-09-13,IJA,-8.419162883756329
2026-09-13,IJB,-6.871817359837119
2026-09-13,IJC,-14.682798904239727
2026-09-13,IJE,-9.193836243390177
2026-09-13,IJF,0.0
2026-09-13,IJH,-31.693127276789273
2026-09-13,IJI,17.61650197622983
2026-09-13,IJK,-0.8305112847450545
2026-09-13,IJL,0.0
2026-09-13,IJP,-4.640774430264292
2026-09-13,IJT,86.97998354157262
2026-09-13,IJV,15.999195244572793
2026-09-13,IJZ,3.610332193014929
2026-09-13,IK2,0.0
2026-09-13,IKL,-5.200363379942032
2026-09-13,IKP,-6.620620503431826
2026-09-13,IKV,12.938992838623342
2026-09-13,ILC,0.0
2026-09-13,ILE,0.0
2026-09-13,ILH,3.3657694621387115
2026-09-13,ILI,7.634070798982587
2026-09-13,ILM,0.0
2026-09-13,ILP,0.0
2026-09-13,ILU,9.135374787161673
2026-09-13,ILZ,3.643340766312696
2026-09-13,IMB,-1.8149583283681423
2026-09-13,IMF,0.0
2026-09-13,IMG,0.0
2026-09-13,IMH,0.0
2026-09-13,IML,-5.688349413985574
2026-09-13,IMO,0.0
2026-09-13,IMS,0.0
2026-09-13,IMT,0.0
2026-09-13,IMY,0.0
2026-09-13,IMZ,0.0
2026-09-13,INH,-5.9357972459379775
2026-09-13,INV,0.0
2026-09-13,INZ,0.0013849382247154056
2026-09-13,IOG,-3.3074833164562287
2026-09-13,IOH,0.7481483462609742
2026-09-13,IOJ,0.0
2026-09-13,IOL,0.0
2026-09-13,IOM,-3.249439266112418
2026-09-13,ION,0.0
2026-09-13,IOO,63.716182345232575
2026-09-13,IOP,-2.181250204904396
2026-09-13,IOT,0.0
2026-09-13,IOV,-0.6703837336301265
2026-09-13,IPA,0.0
2026-09-13,IPB,-3.5948008774396243
2026-09-13,IPC,0.0
2026-09-13,IPE,0.0
2026-09-13,IPF,0.0
2026-09-13,IPG,-1.4621831780557675
2026-09-13,IPJ,-3.6603638698726666
2026-09-13,IPK,-0.2931430861763289
2026-09-13,IPO,-9.314619490489067
2026-09-13,IPP,-6.023867412398425
2026-09-13,IPR,0.0
2026-09-13,IPU,0.0
2026-09-13,IPV,-0.024372556007055606
2026-09-13,IRB,5.90166378284224
2026-09-13,IRE,0.0
2026-09-13,IRF,-4.654435556431033
2026-09-13,IRL,-0.1220742792833846
2026-09-13,IRO,-4.233717762551186
2026-09-13,IRT,-0.4000136883342689
2026-09-13,IRV,45.59120407953417
2026-09-13,IRY,8.68405108518503
2026-09-13,ISR,0.0
2026-09-13,ISS,0.0
2026-09-13,IST,27.264641354289115
2026-09-13,ITA,0.0
2026-09-13,ITC,-2.1372077385972506
2026-09-13,ITD,0.0
2026-09-13,ITJ,0.0
2026-09-13,ITL,0.0
2026-09-13,ITP,-2.7516211231621526
2026-09-13,ITR,0.0
2026-09-13,ITV,0.0
2026-09-13,ITZ,2.0919110935409932
2026-09-13,IUA,-3.7552680653341532
2026-09-13,IUB,0.0
2026-09-13,IUC,0.0
2026-09-13,IUF,1.551700953624763
2026-09-13,IUH,-3.009482224432013
2026-09-13,IUM,0.0
2026-09-13,IUN,0.0
2026-09-13,IUV,-2.245916351209414
2026-09-13,IUZ,-23.811002387415083
2026-09-13,IV2,0.0
2026-09-13,IV6,0.0
2026-09-13,IV7,0.0
2026-09-13,IV8,0.2889020814155276
2026-09-13,IVF,-0.5812269111437334
2026-09-13,IVS,-3.357383267273735
2026-09-13,IVY,-3.250379276280894
2026-09-13,IYB,-5.256195516476041
2026-09-13,IYP,0.259025085049691
2026-09-13,IYR,-0.011236386714270926
2026-09-13,IYS,0.0
2026-09-13,IYV,-5.071216690344112
2026-09-13,IZA,0.0
2026-09-13,IZB,68.65477904420918
2026-09-13,IZE,0.0
2026-09-13,IZL,0.0
2026-09-13,IZS,52.22408344616408
2026-09-13,IZV,0.0
2026-09-13,IZY,0.0
2026-09-13,JET,-3.2399428158946293
2026-09-13,JOT,0.0
2026-09-13,JUP,0.03559846897048519
2026-09-13,KAC,-12.246094503598702
2026-09-13,KAN,0.9791133586875497
2026-09-13,KAV,-2.6838388532952107
2026-09-13,KBJ,-0.16275521883481675
2026-09-13,KBP,0.0
2026-09-13,KBZ,0.0
2026-09-13,KCL,1.9699878246102702
2026-09-13,KCR,25.27993700050153
2026-09-13,KCV,2.194738985649179
2026-09-13,KDE,16.347331661597863
2026-09-13,KDI,-28.50041247920104
2026-09-13,KDK,0.0
2026-09-13,KDL,-0.8337950765365529
2026-09-13,KDO,1.3570463454112962
2026-09-13,KDS,-5.560497958436567
2026-09-13,KDT,-1.777908169252767
2026-09-13,KDV,6.507877831517639
2026-09-13,KDZ,-10.481989332480117
2026-09-13,KEI,0.0
2026-09-13,KEO,0.0
2026-09-13,KEU,23.104182187240887
2026-09-13,KFZ,0.0
2026-09-13,KGM,-3.2690668479478004
2026-09-13,KH1,8.237718250663018
2026-09-13,KHA,-1.084509248956814
2026-09-13,KHB,-16.74603247141599
2026-09-13,KHC,-53.20589947368636
2026-09-13,KHD,4.597617202514653
2026-09-13,KHF,0.0703864601180721
2026-09-13,KHJ,1.3160655249677486
2026-09-13,KHP,-23.348135487647507
2026-09-13,KHT,-10.045795334439084
2026-09-13,KHU,0.0
2026-09-13,KIA,-11.569752961173576
2026-09-13,KIB,1.8372532236897616
2026-09-13,KIE,137.24920525249888
2026-09-13,KIH,-0.07341376713345356
2026-09-13,KIK,-1.8770922625725235
2026-09-13,KIS,-2.252075580315263
2026-09-13,KJK,0.0
2026-09-13,KKB,0.0
2026-09-13,KKC,-63.25205475990363
2026-09-13,KKE,0.0
2026-09-13,KKH,-1.954025514228184
2026-09-13,KKL,1.4029259550172337
2026-09-13,KKO,-0.0157902042853525
2026-09-13,KKP,0.15467276892523024
2026-09-13,KKT,237.48783294855383
2026-09-13,KLH,-36.88276682197947
2026-09-13,KLI,15.786524664983373
2026-09-13,KLL,0.0
2026-09-13,KLM,0.0
2026-09-13,KLS,-59.50402345263034
2026-09-13,KLU,-8.552228382193828
2026-09-13,KMA,0.0
2026-09-13,KME,6.378999234344468
2026-09-13,KMF,16.63365445504516
2026-09-13,KMN,7.785420206499327
2026-09-13,KMT,0.0
2026-09-13,KNC,0.0
2026-09-13,KNI,-45.256338340142214
2026-09-13,KNJ,65.86258098314427
2026-09-13,KNN,0.00016798926683930793
2026-09-13,KNP,-11.124607226405155
2026-09-13,KNS,0.0
2026-09-13,KNT,0.0
2026-09-13,KNV,0.0
2026-09-13,KNZ,0.0
2026-09-13,KO4,-0.2724016850831319
2026-09-13,KOB,0.25428426370218976
2026-09-13,KOD,1.2937302763779872
2026-09-13,KOP,0.0
2026-09-13,KOT,-17.649885274628303
2026-09-13,KOZ,0.0
2026-09-13,KP3,-1.160021850250426
2026-09-13,KPA,7.6009728115180435
2026-09-13,KPB,0.0
2026-09-13,KPC,5.507352851956767
2026-09-13,KPD,-0.8559927774999847
2026-09-13,KPF,-90.18804982153894
2026-09-13,KPH,-2.6283555948470556
2026-09-13,KPI,24.327178001753587
2026-09-13,KPK,0.0
2026-09-13,KPM,0.0
2026-09-13,KPP,-11.467349751679025
2026-09-13,KPR,-27.876113949168126
2026-09-13,KPS,0.0
2026-09-13,KPU,-0.7848154106054087
2026-09-13,KRC,0.40263369975929936
2026-09-13,KRF,-5.625834352854348
2026-09-13,KRH,-7.981716550568149e-05
2026-09-13,KRO,-1.7264663459774097
2026-09-13,KRR,-1.460532419806102
2026-09-13,KRS,-5.136507521739206
2026-09-13,KRT,7.669599347913998
2026-09-13,KRV,-0.4179592885177609
2026-09-13,KSA,22.625312842143458
2026-09-13,KSC,0.0
2026-09-13,KSK,-45.915335087837185
2026-09-13,KSL,-1.8032821049707308
2026-09-13,KSM,3.3016947661525298
2026-09-13,KSP,-0.04011789214175533
2026-09-13,KSR,0.42672333591937606
2026-09-13,KST,-3.724970806789928
2026-09-13,KSV,54.19423011589715
2026-09-13,KSY,209.67389469397446
2026-09-13,KTE,-4.418077278748722
2026-09-13,KTI,-63.79371452269006
2026-09-13,KTJ,-2.5479296230352793
2026-09-13,KTM,3.2236835129116916
2026-09-13,KTN,-7.583781547218662
2026-09-13,KTR,-0.0727288976235782
2026-09-13,KTS,10.602429926036383
2026-09-13,KTT,4.1483888000687665
2026-09-13,KTU,0.0
2026-09-13,KTV,54.324731089107814
2026-09-13,KU3,4.905045173341733
2026-09-13,KUA,-6.591614533575458
2026-09-13,KUB,-1.589046668357853
2026-09-13,KUD,41.07718373424796
2026-09-13,KUP,-0.5600494909871406
2026-09-13,KUT,-5.795427678726028
2026-09-13,KVA,0.0
2026-09-13,KVK,54.46519355218891
2026-09-13,KVR,-20.373540672048364
2026-09-13,KVS,-5.755466580723366
2026-09-13,KVT,11.13605687296121
2026-09-13,KYA,-7.6548193239765805
2026-09-13,KYR,0.0
2026-09-13,KYS,0.0
2026-09-13,KZL,-2.2976872210281747
2026-09-13,KZO,0.0
2026-09-13,KZU,-2.68839653961723
2026-09-13,LAI,-40.23873258791098
2026-09-13,LET,0.0
2026-09-13,LFD,-96.26388330903983
2026-09-13,LGK,3.970099198092253
2026-09-13,LGO,0.0
2026-09-13,LHM,0.0
2026-09-13,LHP,-3.958914215735905
2026-09-13,LKF,38.769919642429365
2026-09-13,LKT,123.54108435674675
2026-09-13,LLA,-5.250339968416611
2026-09-13,LPH,14.633482121566335
2026-09-13,LRT,0.0
2026-09-13,LTC,-0.5568822932048886
2026-09-13,LTL,-72.68134355507155
2026-09-13,LTS,0.19011331774522738
2026-09-13,LZV,0.0
2026-09-13,MAC,-4.172399728643744
2026-09-13,MAD,6.509852449503558
2026-09-13,MAS,-0.6028596081806383
2026-09-13,MAV,0.0
2026-09-13,MBL,0.016312527638444492
2026-09-13,MBR,6.390886145202956
2026-09-13,MCU,41.83327508942729
2026-09-13,MD1,15.120331825407607
2026-09-13,MD2,2.8471248607903172
2026-09-13,MDF,-1.8170988206538226
2026-09-13,MET,-2.1560033903846842
2026-09-13,MGB,-21.726323039448918
2026-09-13,MGD,0.0
2026-09-13,MGE,2.997201900527953
2026-09-13,MGH,-1.197943657514549
2026-09-13,MHF,-27.95099303815933
2026-09-13,MIK,-10.193985360336418
2026-09-13,MJB,0.7324620811052386
2026-09-13,MJE,0.6115239106337638
2026-09-13,MJG,-3.434211002213229
2026-09-13,MJH,4.158051590537609
2026-09-13,MJK,-4.220779157314701
2026-09-13,MJL,7.396202436333524
2026-09-13,MKA,-7.606025204676577
2026-09-13,MKG,-6.668753879552488
2026-09-13,MKL,0.0
2026-09-13,MLS,0.0
2026-09-13,MLT,-8.942086035409659
2026-09-13,MMH,35.5957543029253
2026-09-13,MOD,-0.7370248762676765
2026-09-13,MOZ,2.975649760909923
2026-09-13,MP2,0.0
2026-09-13,MP4,2.0965897560645943
2026-09-13,MPD,13.203971796286204
2026-09-13,MPE,35.34774140664392
2026-09-13,MPF,13.54774751004421
2026-09-13,MPI,-0.4306706436227019
2026-09-13,MPK,-14.039058402434454
2026-09-13,MPL,-18.047479315790184
2026-09-13,MPN,-1.5728164731600123
2026-09-13,MPP,-12.82047752070139
2026-09-13,MPS,-5.982341788654544
2026-09-13,MRI,2.6996054152284312
2026-09-13,MSK,0.0
2026-09-13,MSO,0.0
2026-09-13,MSR,-4.285095244529941
2026-09-13,MT1,1.091764450789015
2026-09-13,MT2,-18.419169608000594
2026-09-13,MT5,-0.007102472890756381
2026-09-13,MT6,136.63468039556977
2026-09-13,MT7,-0.04508148352911553
2026-09-13,MT8,-55.88273881982783
2026-09-13,MT9,100.14922598806845
2026-09-13,MTD,-3.26149950397975
2026-09-13,MTE,-44.24718809317257
2026-09-13,MTF,-7.8984092285775755
2026-09-13,MTG,30.2292477077554
2026-09-13,MTH,-0.010853675037990614
2026-09-13,MTI,0.0
2026-09-13,MTK,344.5037343060626
2026-09-13,MTL,1228.2612361437273
2026-09-13,MTS,-1.1049519798910257
2026-09-13,MTU,-0.005833070296432681
2026-09-13,MTV,-2.3424495555321343
2026-09-13,MTX,-2.2569719396498367
2026-09-13,MUL,12.077850011594018
2026-09-13,MUT,-12.338996354427653
2026-09-13,NAK,-1.3457317303569591
2026-09-13,NAL,-55.67129407135029
2026-09-13,NAU,-18.8924784612803
2026-09-13,NAV,0.0
2026-09-13,NBE,-0.9369240038368141
2026-09-13,NBH,4.673423706495738
2026-09-13,NBO,12.746640149511743
2026-09-13,NBZ,5.526989249058147
2026-09-13,NCS,5.793612080258349
2026-09-13,NCU,0.14477655307179224
2026-09-13,NDL,0.0
2026-09-13,NDS,-8.31060109691483
2026-09-13,NES,0.0
2026-09-13,NFF,-10.077131157723512
2026-09-13,NFH,-1.7912127959463775
2026-09-13,NFK,-8.92144079895472
2026-09-13,NHP,-3.313542951833105
2026-09-13,NHT,0.0
2026-09-13,NHV,0.0
2026-09-13,NHY,-10.125319440327543
2026-09-13,NIG,-10.375946635219478
2026-09-13,NIS,-1.4817766022908625
2026-09-13,NJF,-21.14957210884368
2026-09-13,NJG,0.0
2026-09-13,NJR,13.14638726302842
2026-09-13,NJY,23.393546669450345
2026-09-13,NKA,0.04502953200884009
2026-09-13,NKC,-12.80952153272442
2026-09-13,NKH,-0.6791168356245035
2026-09-13,NKJ,0.0
2026-09-13,NKK,0.0
2026-09-13,NKL,68.69520712469996
2026-09-13,NKM,-17.51549016713206
2026-09-13,NKP,-4.667357908175823
2026-09-13,NKS,-1.855757979579954
2026-09-13,NKT,32.98873712819438
2026-09-13,NKV,0.0
2026-09-13,NLC,0.0
2026-09-13,NLD,170.06121922738137
2026-09-13,NLE,-2.545234775200839
2026-09-13,NLK,44.08470904504285
2026-09-13,NLL,0.0413816373159438
2026-09-13,NME,-1.3475289370884969
2026-09-13,NMG,0.0
2026-09-13,NMP,128.02174300366676
2026-09-13,NMU,-4.0685249237975185
2026-09-13,NNF,-17.085622409195793
2026-09-13,NOA,0.0
2026-09-13,NOI,23.00619879365924
2026-09-13,NOV,0.0
2026-09-13,NP1,-3.994345817496553
2026-09-13,NPH,-28.364028585187384
2026-09-13,NPK,-0.002142101294125073
2026-09-13,NRC,-3.63709206601588
2026-09-13,NRG,-18.490011082728454
2026-09-13,NRM,0.0
2026-09-13,NSA,-25.346140638287878
2026-09-13,NSD,10.949943541127318
2026-09-13,NSH,30.936229991418095
2026-09-13,NSK,-71.33367826879775
2026-09-13,NSP,-12.416525637825398
2026-09-13,NSS,0.0
2026-09-13,NST,-5.519499790778333
2026-09-13,NSY,24.0413391530102
2026-09-13,NTB,-3.210944838025934e-05
2026-09-13,NTD,0.0
2026-09-13,NTF,-0.008623394394950058
2026-09-13,NTI,-28.60281813246256
2026-09-13,NTO,0.0
2026-09-13,NTS,0.0
2026-09-13,NUB,-6.265524736110456
2026-09-13,NUG,0.01135031629635904
2026-09-13,NUH,-65.86876134407575
2026-09-13,NVB,-15.932844967115154
2026-09-13,NVC,40.3888039521375
2026-09-13,NVK,55.17051116234414
2026-09-13,NVP,0.0
2026-09-13,NVT,1787.6055909908473
2026-09-13,NVZ,-1.8319754067971186
2026-09-13,NYH,0.0
2026-09-13,NZH,-8.828584473455683
2026-09-13,NZT,-53.6637912361951
2026-09-13,NZU,-5.094367880869307
2026-09-13,OAB,0.0
2026-09-13,OAO,5969.589627864318
2026-09-13,OBI,-8.375022656409124
2026-09-13,OBN,-4.038993093232154
2026-09-13,OBP,-4.804757416130158
2026-09-13,OBR,-6.840679411420234
2026-09-13,OCM,0.0
2026-09-13,OCN,0.0
2026-09-13,OCT,-1.8936906056143041
2026-09-13,ODD,-1.3561867886830066
2026-09-13,ODG,-4.635300494227193
2026-09-13,ODN,89.22092434414533
2026-09-13,ODP,-0.5450266563519551
2026-09-13,ODS,0.1482328912396624
2026-09-13,ODV,-4.026620909056857
2026-09-13,OFA,-7.965687858698038
2026-09-13,OFB,0.0
2026-09-13,OFI,-0.5977897648478762
2026-09-13,OFK,-11.391799609942833
2026-09-13,OFO,0.0
2026-09-13,OFS,-1.0242183829720255
2026-09-13,OGD,-0.46834603588371004
2026-09-13,OGF,5.286989159802033
2026-09-13,OGV,0.0
2026-09-13,OHB,-1.4697526492487223
2026-09-13,OHI,-35.33519602279743
2026-09-13,OHK,23.645414726269056
2026-09-13,OIL,1.0217153586151873
2026-09-13,OIR,0.10218262544062012
2026-09-13,OIS,0.0
2026-09-13,OJB,-4.526410961249602
2026-09-13,OJH,0.0
2026-09-13,OJK,-0.6108818988070652
2026-09-13,OJT,-2.8805475356162065
2026-09-13,OJU,-4.93786524739078
2026-09-13,OJY,-0.1013404035834052
2026-09-13,OKD,-5.282777220505051
2026-09-13,OKF,0.0
2026-09-13,OKP,-21.182685576021427
2026-09-13,OKT,-6.428786456786552
2026-09-13,OLA,-1.209332622901297
2026-09-13,OLD,-6.643851471705245
2026-09-13,OLE,7.023568837293517
2026-09-13,OMB,0.0
2026-09-13,OMC,0.0
2026-09-13,OME,-0.4430847063312394
2026-09-13,OMG,-1.2060113406959097
2026-09-13,OMT,-0.6103005279609978
2026-09-13,ONB,-7.356907885247225
2026-09-13,OND,-1.1735048915725224
2026-09-13,ONE,-3.9874759452473825
2026-09-13,ONF,-0.234851238110416
2026-09-13,ONK,-8.99130878959267
2026-09-13,ONN,35.22233773303017
2026-09-13,ONS,3.2778052199113583
2026-09-13,ONT,0.0
2026-09-13,ONY,-0.6024743789519625
2026-09-13,OPB,0.37471718894949146
2026-09-13,OPD,0.01067005870154219
2026-09-13,OPF,-1.7801254700897027
2026-09-13,OPH,-0.2768479701574033
2026-09-13,OPI,-0.9196841341064003
2026-09-13,OPJ,111.21761465084387
2026-09-13,OPL,-11.13920638505053
2026-09-13,OPU,78.93831539665445
2026-09-13,OPZ,0.0
2026-09-13,ORC,16.05818704702908
2026-09-13,ORI,0.10874945196772101
2026-09-13,OSD,0.5894442943515179
2026-09-13,OSF,-4.23989839876604
2026-09-13,OSH,0.0
2026-09-13,OSL,23.85757520567689
2026-09-13,OSN,-0.6872282188692947
2026-09-13,OTE,0.0
2026-09-13,OTF,2.4563753596414326
2026-09-13,OTJ,-4.479445674990433
2026-09-13,OTK,-15.629946360248498
2026-09-13,OTM,6.751935394522748
2026-09-13,OTZ,0.0
2026-09-13,OUB,-0.02284403478498409
2026-09-13,OUD,0.4102736333640239
2026-09-13,OUN,-1.6508239669928364
2026-09-13,OUR,0.0
2026-09-13,OUY,0.0
2026-09-13,OVD,15.316335345736501
2026-09-13,OVR,0.0
2026-09-13,OYL,-6.041062099972208
2026-09-13,OYS,-3.2725608546012515
2026-09-13,OYT,4.082833850032965
2026-09-13,OZC,-73.295201295975
2026-09-13,P1A,39.10195027969247
2026-09-13,PA2,43.48006648070207
2026-09-13,PAB,71.66647710063123
2026-09-13,PAC,0.0
2026-09-13,PAF,-6.174203873727969
2026-09-13,PAI,-5.594746645227133
2026-09-13,PAL,-4.60564191303624
2026-09-13,PAO,-82.31731174946535
2026-09-13,PAU,2.1748761955543348
2026-09-13,PBE,-17.72849993097584
2026-09-13,PBF,0.0
2026-09-13,PBH,-0.0027636294139134652
2026-09-13,PBI,-5.823097005983692
2026-09-13,PBK,-1.608101031361278
2026-09-13,PBN,-18.996158156441485
2026-09-13,PBR,-69.67040487201375
2026-09-13,PBS,0.0
2026-09-13,PBY,-0.051415676115645424
2026-09-13,PCE,-43.42315773566537
2026-09-13,PCH,-0.4686515042295148
2026-09-13,PCN,0.0
2026-09-13,PCS,1.1798775039697396
2026-09-13,PDC,0.06150575088228827
2026-09-13,PDD,-4.773836015125875
2026-09-13,PDE,-0.34212126042835356
2026-09-13,PDF,-1.8833944407264447
2026-09-13,PDG,-43.27527050337541
2026-09-13,PDH,-0.5718564663194842
2026-09-13,PDR,0.0
2026-09-13,PDS,-0.00024305294317357795
2026-09-13,PEA,0.09881617450157366
2026-09-13,PFO,-0.27896815980753087
2026-09-13,PFS,1.2601727349761347
2026-09-13,PGD,-10.532871882608742
2026-09-13,PGE,-0.00025105125442403075
2026-09-13,PGH,1.0810538142326938
2026-09-13,PGS,-2.6720178651664686
2026-09-13,PHB,-15.216020597261846
2026-09-13,PHE,-61.015061271202775
2026-09-13,PHF,0.0
2026-09-13,PHI,9.979241922334031
2026-09-13,PHK,-1.4727633086417187
2026-09-13,PHN,1.369500834479666
2026-09-13,PHS,-12.459704220189362
2026-09-13,PHY,-3.0430391563951846
2026-09-13,PID,-3.6484090234150237
2026-09-13,PIL,-13.52803555047976
2026-09-13,PIP,-83.27371604726234
2026-09-13,PIR,-7.939117556712379
2026-09-13,PIS,7.954693508752688
2026-09-13,PJL,1.7449142791126904
2026-09-13,PJP,-1.1900826650245397
2026-09-13,PK1,-1.941129751827993
2026-09-13,PKD,-65.54538344735006
2026-09-13,PKF,-2.016494763804033
2026-09-13,PKH,3.0202306449186356
2026-09-13,PKL,7.8690426237486095
2026-09-13,PKM,-22.673646508852553
2026-09-13,PKN,-52.4266072840364
2026-09-13,PKP,-2.058883736955619
2026-09-13,PKR,7.758640454945522
2026-09-13,PKT,-33.544675533885005
2026-09-13,PKU,-28.144561212780385
2026-09-13,PKV,11.394602798542214
2026-09-13,PKZ,-3.4969099903287297
2026-09-13,PLA,-6.6668023652542905
2026-09-13,PLR,-15.655974152802113
2026-09-13,PLS,0.0
2026-09-13,PMG,0.0
2026-09-13,PMH,-78.57699142983452
2026-09-13,PMP,-22.16916610307394
2026-09-13,PNU,-52.63501131691151
2026-09-13,PO7,-27.94849769089761
2026-09-13,PO8,-103.1934226900663
2026-09-13,PO9,10.061412138148045
2026-09-13,POB,-0.008361652708507313
2026-09-13,POD,-7.388923307654979
2026-09-13,POF,6.224331958014038
2026-09-13,POH,0.0
2026-09-13,POI,-2.0021173719782073e-07
2026-09-13,POS,-19.78314684533456
2026-09-13,POU,-4.027441535767708
2026-09-13,PP1,-4.814081422615627
2026-09-13,PPB,-1.209320794355184
2026-09-13,PPD,-4.534142644008806
2026-09-13,PPE,-1.38742908927308
2026-09-13,PPF,-40.10523468373589
2026-09-13,PPG,-24.061636314718506
2026-09-13,PPH,-17.995665837651757
2026-09-13,PPI,-30.105376576957095
2026-09-13,PPJ,-15.36223351611124
2026-09-13,PPK,2.443898356153163
2026-09-13,PPM,-7.783912565346185
2026-09-13,PPN,2.09662767328741
2026-09-13,PPO,-1.6469772891271004e-05
2026-09-13,PPP,-27.831993472464745
2026-09-13,PPS,-12.408703872683963
2026-09-13,PPT,-9.158001433514002
2026-09-13,PPU,-5.419557258813225e-06
2026-09-13,PPV,-61.65199579206091
2026-09-13,PPZ,-17.88999811943258
2026-09-13,PRD,-18.720394561814302
2026-09-13,PRF,0.0
2026-09-13,PRH,-3.9245707634774285
2026-09-13,PRR,-13.787549139454155
2026-09-13,PRU,-3.3728105201469405
2026-09-13,PRV,-43.861419493519975
2026-09-13,PRY,-64.81474382878358
2026-09-13,PSD,0.0
2026-09-13,PSE,-6.868685370354763
2026-09-13,PSG,-14.48200477983569
2026-09-13,PSH,-6.0946117386570995
2026-09-13,PSL,-6.857277987112509
2026-09-13,PSO,0.0
2026-09-13,PSR,0.31007217338971865
2026-09-13,PSS,-22.45537925428274
2026-09-13,PST,-1.8041899075120646e-05
2026-09-13,PTC,0.0
2026-09-13,PTE,9.56682604803483
2026-09-13,PTF,-4.494432351633618
2026-09-13,PTG,0.0
2026-09-13,PTL,85.5492191419286
2026-09-13,PTN,52.18402327195495
2026-09-13,PTO,-42.37464768346834
2026-09-13,PTP,281.99484149777726
2026-09-13,PTS,10.280074290898115
2026-09-13,PUA,0.0
2026-09-13,PUC,-25.16110248421459
2026-09-13,PUH,12.349361040744611
2026-09-13,PUK,-69.51039172772623
2026-09-13,PUR,-10.37043181021098
2026-09-13,PUT,0.0
2026-09-13,PUV,0.0
2026-09-13,PVK,7.734119697409357
2026-09-13,PYB,-44.48461497977324
2026-09-13,PYD,-0.0005191117962302904
2026-09-13,PYF,44.681790756593045
2026-09-13,PYH,7.239315524348508
2026-09-13,PYI,-16.015280933332345
2026-09-13,PYL,0.0
2026-09-13,PYR,-9.868588127882834
2026-09-13,PYS,-3.004291879222353
2026-09-13,RAF,-0.29583545919392623
2026-09-13,RAI,0.0
2026-09-13,RAN,0.0
2026-09-13,RAV,-0.003647554566397171
2026-09-13,RAY,0.0
2026-09-13,RBA,-5.289408291097987
2026-09-13,RBB,2.9970405606449657
2026-09-13,RBE,0.0
2026-09-13,RBF,-19.999984368048317
2026-09-13,RBH,-8.078201026616966
2026-09-13,RBI,-11.085398099517835
2026-09-13,RBK,-28.028711822986196
2026-09-13,RBL,-28.53762577363808
2026-09-13,RBN,-14.466460234915097
2026-09-13,RBP,-32.539728271914434
2026-09-13,RBR,21.694043255487436
2026-09-13,RBT,1.8669637283911404
2026-09-13,RBV,11.974958395837922
2026-09-13,RCL,0.0
2026-09-13,RCS,0.0
2026-09-13,RCV,4.2936294767266805
2026-09-13,RD1,-1.816401067174394
2026-09-13,RDF,-4.933473729762238
2026-09-13,RDH,0.008541112367805026
2026-09-13,RDK,0.0
2026-09-13,RDS,0.0
2026-09-13,RDT,5.4363092077917115
2026-09-13,RDZ,-0.0008049250464298579
2026-09-13,RE6,532.5167823939363
2026-09-13,RE7,0.0
2026-09-13,RE8,-7.773798213432837
2026-09-13,RFM,69.03124046033248
2026-09-13,RGD,-7.775826539825334
2026-09-13,RGH,-7.692038081549378
2026-09-13,RHD,0.0
2026-09-13,RHI,27.72179978733102
2026-09-13,RHS,-4.214784729471447
2026-09-13,RIA,-35.167723902675505
2026-09-13,RIH,-39.04146796569604
2026-09-13,RIK,-24.43683048891852
2026-09-13,RJG,-36.01045682954405
2026-09-13,RKC,-3.7051360078793527
2026-09-13,RKH,-2.9672249355845914
2026-09-13,RKL,0.0
2026-09-13,RKS,-1.2866984680884161
2026-09-13,RKV,-10.83564603003145
2026-09-13,RLH,22.162143576450692
2026-09-13,RO1,-2.255917410884161
2026-09-13,ROD,-7.071974612718167
2026-09-13,ROF,-4.254938290495557
2026-09-13,ROY,0.0
2026-09-13,RPC,3.1876455786337368
2026-09-13,RPD,-8.487482083178781
2026-09-13,RPG,1.7086447328355212
2026-09-13,RPI,9.986701381572537
2026-09-13,RPK,0.0
2026-09-13,RPL,-2.620723491354819
2026-09-13,RPM,10.14165279461321
2026-09-13,RPN,0.0
2026-09-13,RPO,0.0
2026-09-13,RPP,-4.004746193940543
2026-09-13,RPS,-0.8939466141132368
2026-09-13,RPT,-0.930361818377747
2026-09-13,RPU,0.0
2026-09-13,RPX,-1.232095090298647
2026-09-13,RRA,-59.60950482525249
2026-09-13,RRP,-3.231102890663646
2026-09-13,RS1,-11.652857038494552
2026-09-13,RSF,5.502265834701574
2026-09-13,RSK,-22.588669943063447
2026-09-13,RSY,0.0
2026-09-13,RSZ,-1.9108034692415212
2026-09-13,RTA,0.0
2026-09-13,RTB,-14.200553820922979
2026-09-13,RTD,2.8097672360046557
2026-09-13,RTG,-5.445495909204497
2026-09-13,RTH,-29.352699913814217
2026-09-13,RTI,44.52975874670867
2026-09-13,RTP,-4.951959309621332
2026-09-13,RUH,0.21500156237121257
2026-09-13,RUT,-7.816063051616682
2026-09-13,RVI,112.75402963305659
2026-09-13,RVS,-1.5604363598123243
2026-09-13,RYA,-0.000946552040815424
2026-09-13,RYB,0.0
2026-09-13,RYD,0.0
2026-09-13,RYF,-7.559347578266368
2026-09-13,RYU,6.707276469127815
2026-09-13,RZR,0.0
2026-09-13,SAP,-53.98013318311639
2026-09-13,SAR,0.0
2026-09-13,SAS,-3.6895807184100646
2026-09-13,SAT,0.0
2026-09-13,SBH,-24.334509046316754
2026-09-13,SBI,0.0
2026-09-13,SBR,0.0
2026-09-13,SBS,0.0
2026-09-13,SCZ,-2.3216170867101886
2026-09-13,SD1,64.23078106855333
2026-09-13,SDA,-0.012726303248153862
2026-09-13,SEH,-0.0015205203426246912
2026-09-13,SER,-0.4737177666528073
2026-09-13,SFA,0.018975653897794074
2026-09-13,SFS,0.036978036557042536
2026-09-13,SGK,0.26123923349505346
2026-09-13,SGT,-3.1624783354033723
2026-09-13,SHC,24.022454188879024
2026-09-13,SHE,2.8124401680427424
2026-09-13,SHI,-2.2143903999820655e-07
2026-09-13,SHU,65.88274523989409
2026-09-13,SIA,-100.1266433733966
2026-09-13,SIS,89.68873540829499
2026-09-13,SJP,0.0
2026-09-13,SKL,-5.666992354449644
2026-09-13,SKO,-10.29213142560105
2026-09-13,SKS,0.0
2026-09-13,SKT,6.836294407683312
2026-09-13,SKZ,31.27509558779152
2026-09-13,SLF,48.19844328175456
2026-09-13,SLG,-8.246960867232454
2026-09-13,SLR,0.0
2026-09-13,SLS,0.15866687883831213
2026-09-13,SMP,0.0
2026-09-13,SNY,-15.52455097684182
2026-09-13,SOS,94.09733857586372
2026-09-13,SPA,3.394699678531665
2026-09-13,SPD,0.0
2026-09-13,SPE,6.953064864464947
2026-09-13,SPN,-0.31813384031395486
2026-09-13,SPP,-25.456552637620483
2026-09-13,SPR,-1.2457414487261944
2026-09-13,SPT,2.145968393035286
2026-09-13,SRA,-22.039818508947626
2026-09-13,SRE,0.0
2026-09-13,SRL,-76.29843320592535
2026-09-13,SRO,0.0
2026-09-13,SSD,0.0
2026-09-13,SSE,0.22572270543278836
2026-09-13,SSF,0.0
2026-09-13,SSK,0.7816425853178137
2026-09-13,SSN,0.0
2026-09-13,SSO,0.0
2026-09-13,SSS,-7.4423438046273365
2026-09-13,SST,0.0
2026-09-13,ST1,-3.14293821336879
2026-09-13,STI,-106.12502860595984
2026-09-13,STM,0.15558174767270355
2026-09-13,STS,0.0
2026-09-13,STZ,-2.4085441501971685
2026-09-13,SUA,9.18002895896738
2026-09-13,SUB,-1.659296210486354
2026-09-13,SUC,-0.9228940804575564
2026-09-13,SUR,-0.10805323159354908
2026-09-13,SVB,-12.596598210342796
2026-09-13,SVS,0.0
2026-09-13,SVY,-18.52212733566359
2026-09-13,SYF,0.0
2026-09-13,SYL,0.0
2026-09-13,SYR,0.0
2026-09-13,SYS,0.0
2026-09-13,T3B,32.02309973442078
2026-09-13,TAL,-1.5019975718502823
2026-09-13,TAO,0.0
2026-09-13,TAR,1.408711055260652
2026-09-13,TAU,2.0197302779724375
2026-09-13,TAZ,0.0
2026-09-13,TB9,0.14753403027813053
2026-09-13,TBP,-9.565925259064734
2026-09-13,TBT,37.59657541261636
2026-09-13,TBV,-4.624763702781396
2026-09-13,TCA,-1.3216594591648287
2026-09-13,TCB,-1.3858987944843855
2026-09-13,TCC,-7.2019297695699525
2026-09-13,TCD,-2.174644621659812
2026-09-13,TCF,-8.18555764379938
2026-09-13,TCG,0.0
2026-09-13,TCH,1.2322516518152486
2026-09-13,TCI,0.0
2026-09-13,TCS,-0.1762197600006996
2026-09-13,TDG,0.41152664033238634
2026-09-13,TDP,-57.81676692871006
2026-09-13,TE3,-1.6496470115253707
2026-09-13,TE4,26.43857253328234
2026-09-13,TEJ,0.41210796471029004
2026-09-13,TFE,-0.16520861974239925
2026-09-13,TFF,-4.701455700750193
2026-09-13,TFU,-59.47343283169093
2026-09-13,TGA,-1.8548946891879878
2026-09-13,TGE,-5.889375779997582
2026-09-13,TGN,-20.81916425377824
2026-09-13,TGR,-4.169355850971098
2026-09-13,TGT,77.20346532186689
2026-09-13,TGV,0.019178663897389012
2026-09-13,TGZ,0.018355118782183953
2026-09-13,THD,-5.325485068138994
2026-09-13,THF,2125.4946339636504
2026-09-13,THG,-0.7596236054784558
2026-09-13,THH,0.0
2026-09-13,THO,0.0
2026-09-13,THS,0.0
2026-09-13,THT,-1.6320825693485757
2026-09-13,THV,0.020023230161975464
2026-09-13,TI1,-12.396293517852621
2026-09-13,TI2,-5.7930702594258054
2026-09-13,TI3,-3.0553002659511086
2026-09-13,TI4,-7.607512341926424
2026-09-13,TI6,17.067238725293365
2026-09-13,TI7,-1.156484532639313
2026-09-13,TIE,10.158789249652987
2026-09-13,TIL,-11.13325503545845
2026-09-13,TIP,1729.1706015601574
2026-09-13,TIV,71.1463318380408
2026-09-13,TJB,0.0
2026-09-13,TJF,-0.8797574944507882
2026-09-13,TJI,-16.94299861846858
2026-09-13,TJL,0.0
2026-09-13,TJT,-3.2227765044142425
2026-09-13,TKF,-0.8069318523656326
2026-09-13,TKH,0.0
2026-09-13,TKK,-1.5298851598825787
2026-09-13,TKM,1.3783934704730432
2026-09-13,TLC,127.58274315107478
2026-09-13,TLE,-0.023036471298778224
2026-09-13,TLH,-2.6959237183215667
2026-09-13,TLK,-18.237551674985433
2026-09-13,TLT,0.0
2026-09-13,TLU,-18.44058526847402
2026-09-13,TLV,2.7853554444981725
2026-09-13,TLY,-25.20075077500568
2026-09-13,TLZ,4.015572059456824
2026-09-13,TMC,-24.581293690182402
2026-09-13,TMG,2.7231558896517662
2026-09-13,TMM,81.94165107615208
2026-09-13,TMR,-1.1080681336168943
2026-09-13,TMS,5.593386868204442
2026-09-13,TMU,-5.92721264270043
2026-09-13,TMV,1.8191621967798797
2026-09-13,TMZ,2.30095014671116
2026-09-13,TNB,-6.816759800505524
2026-09-13,TND,-1.3561591562490234
2026-09-13,TNF,0.0
2026-09-13,TNH,14390.069775390413
2026-09-13,TNI,6.326042764195244
2026-09-13,TNK,7.982785371765258
2026-09-13,TNS,0.0
2026-09-13,TO8,1.9134671291829104
2026-09-13,TOK,-2.676740683355727
2026-09-13,TOT,-1.339509504340896
2026-09-13,TP1,0.0
2026-09-13,TP2,26.334384876177946
2026-09-13,TPC,-4.744264506852284
2026-09-13,TPE,-2.091062083445736
2026-09-13,TPF,-1.0222674073981195
2026-09-13,TPJ,4.342837829418922
2026-09-13,TPL,-1.387433084415947
2026-09-13,TPO,0.0
2026-09-13,TPP,-0.9303017586483648
2026-09-13,TPR,0.0
2026-09-13,TPV,-0.13301925256967598
2026-09-13,TPZ,10.45311499958126
2026-09-13,TRJ,21.09210892039588
2026-09-13,TRN,0.0
2026-09-13,TRO,-9.861688691260879
2026-09-13,TRR,-1.3730518937033662
2026-09-13,TRU,-0.5086511968275993
2026-09-13,TSI,1.1096353906085745
2026-09-13,TSP,0.0
2026-09-13,TTA,-1.2565317650480115
2026-09-13,TTE,-2.647393031357671
2026-09-13,TTL,-0.24055414619047413
2026-09-13,TTP,0.0
2026-09-13,TTS,0.0
2026-09-13,TTV,-9.021815335907503
2026-09-13,TTZ,0.0
2026-09-13,TUA,-2.3849629131768806
2026-09-13,TVE,-23.96279659523597
2026-09-13,TVN,20.88598568180267
2026-09-13,TYH,-6.414554359088987
2026-09-13,TZC,-1.3864879010574158
2026-09-13,TZD,-1.4568438722964283
2026-09-13,TZH,2.485239044404526
2026-09-13,TZL,-10.791134365252654
2026-09-13,TZP,-0.16895936740693426
2026-09-13,TZT,6.251491530672293
2026-09-13,TZV,55.36313163974763
2026-09-13,UAB,0.0
2026-09-13,UAP,0.0
2026-09-13,UCN,0.9146739839330233
2026-09-13,UCP,-36.52174306164995
2026-09-13,UFH,0.0
2026-09-13,UHL,0.0
2026-09-13,UHS,0.0
2026-09-13,ULH,-1.7765907162873507
2026-09-13,ULL,0.0
2026-09-13,UNT,-59.45854483653103
2026-09-13,UP1,0.8513982263131622
2026-09-13,UP2,-12.308488974431965
2026-09-13,UPD,-5.636464422777593
2026-09-13,UPH,-42.734361405180486
2026-09-13,UPP,-2.8574769409605754
2026-09-13,UPS,0.0
2026-09-13,URA,-11.06599788349934
2026-09-13,URC,-3.2999337132410838
2026-09-13,URD,0.9580352845688419
2026-09-13,URG,0.0
2026-09-13,URM,84.31602838816806
2026-09-13,URS,0.0
2026-09-13,URV,0.0
2026-09-13,USS,0.0
2026-09-13,UST,0.0
2026-09-13,USY,-0.9690201724287899
2026-09-13,UYH,-3.6596668245451025
2026-09-13,UZY,18.8273559197797
2026-09-13,VAY,17.07078555296806
2026-09-13,VCD,-79.84856019483787
2026-09-13,VCG,-0.07559892436060565
2026-09-13,VCY,-6.698283488309699
2026-09-13,VFK,48.979581394640796
2026-09-13,VFO,354.8046396754311
2026-09-13,VFS,0.0
2026-09-13,VHK,398.92652353928713
2026-09-13,VHS,22.29686054685847
2026-09-13,VK6,-8.127697593000667
2026-09-13,VKI,-12.97179620029719
2026-09-13,VKK,76.26030792463804
2026-09-13,VKR,-13.507170334496651
2026-09-13,VKT,34.12566569108233
2026-09-13,VKV,696.5728780205128
2026-09-13,VLT,29.9686805243986
2026-09-13,VMV,4.141193762524565
2026-09-13,VNK,-3.8057502116675654
2026-09-13,VPA,-11.382620197669663
2026-09-13,VPD,223.66024540546215
2026-09-13,VPE,194.29013050830065
2026-09-13,VPH,1307.60692209829
2026-09-13,VPP,4.076159128509729
2026-09-13,VPS,-28.33600178103954
2026-09-13,VRK,-3.789748690561691
2026-09-13,VTF,0.0
2026-09-13,VTL,22.351774786385775
2026-09-13,YA1,202.34891273653685
2026-09-13,YAC,-1.9349715081100543
2026-09-13,YAE,2.379070120292727
2026-09-13,YAK,-0.3959776346606699
2026-09-13,YAN,-1.4241000099972856
2026-09-13,YAR,0.0
2026-09-13,YAS,-2.976781817397142
2026-09-13,YAY,-0.2634255175672028
2026-09-13,YBE,-0.7649664952872716
2026-09-13,YBH,-7.279850609952135
2026-09-13,YBJ,0.0
2026-09-13,YBP,-0.7072081436609151
2026-09-13,YBR,6.407037854881503
2026-09-13,YBS,3.2310798241928085
2026-09-13,YCG,0.0
2026-09-13,YCH,-2.8093189627372834
2026-09-13,YCK,0.17228639591388567
2026-09-13,YCL,-13.340480157400464
2026-09-13,YCP,2.4202585548593247
2026-09-13,YCY,38.54266177700291
2026-09-13,YDH,24.979887215916392
2026-09-13,YDI,-0.39158653995767684
2026-09-13,YDK,-0.3849053982526707
2026-09-13,YDL,0.0
2026-09-13,YDM,0.0
2026-09-13,YDP,11.770568227232262
2026-09-13,YDZ,-2.005342495570432
2026-09-13,YEF,27.079259436760257
2026-09-13,YFV,0.18374213207947215
2026-09-13,YGM,-3.4498353318206414
2026-09-13,YHB,-3.2578470333970078
2026-09-13,YHI,-3.9481388647529885
2026-09-13,YHK,-2.712319049271593
2026-09-13,YHP,-2.661425435597289
2026-09-13,YHS,-8.787829200275766
2026-09-13,YHT,37.86976716766214
2026-09-13,YHY,0.0
2026-09-13,YHZ,7.352009716607561
2026-09-13,YIK,-87.70525842270139
2026-09-13,YIS,-14.361066651706347
2026-09-13,YIT,-11.344001760280376
2026-09-13,YIV,0.0
2026-09-13,YJA,0.0
2026-09-13,YJH,-3.836494750176171
2026-09-13,YJK,-2.3466669313933286
2026-09-13,YJU,0.0
2026-09-13,YJY,2.2579442183089538
2026-09-13,YKS,16.24602004972984
2026-09-13,YKT,-2.3589162135079396
2026-09-13,YLB,-11.803355713586456
2026-09-13,YLC,-2.473041775851769
2026-09-13,YLE,-15.095362494005055
2026-09-13,YLO,-3.579881689412898
2026-09-13,YLR,0.0
2026-09-13,YLY,-0.3488896873827677
2026-09-13,YLZ,-156.21392816844764
2026-09-13,YMD,-1.029633750599777
2026-09-13,YMH,-0.14515232674820733
2026-09-13,YMP,44.772326696810836
2026-09-13,YNF,5017.500435140341
2026-09-13,YNK,0.2854059039673026
2026-09-13,YNL,0.0
2026-09-13,YOA,-0.5223761141246386
2026-09-13,YOS,-6.4436615960399415
2026-09-13,YOT,10.09318291875882
2026-09-13,YOZ,5.229621869967644
2026-09-13,YP1,0.0
2026-09-13,YP2,0.0
2026-09-13,YP4,-0.5520845649903457
2026-09-13,YPC,-0.7616204564801418
2026-09-13,YPD,0.0
2026-09-13,YPF,2.7388966069783045
2026-09-13,YPI,-1.1901740535509242
2026-09-13,YPK,-2.4849127227781844
2026-09-13,YPL,0.328607593148908
2026-09-13,YPN,16.15322457332582
2026-09-13,YPP,0.0
2026-09-13,YPR,-2.469391411159658
2026-09-13,YPT,-16.08674872001173
2026-09-13,YPU,8.89975640539149
2026-09-13,YPV,-2.3514966294954216
2026-09-13,YRZ,-0.06098745195844474
2026-09-13,YSA,22.013515308816853
2026-09-13,YSH,10.747584034768565
2026-09-13,YSL,-1.3867278292597223
2026-09-13,YSO,29.058903588685897
2026-09-13,YSU,1.166594575185122
2026-09-13,YTD,0.5381742215923804
2026-09-13,YTJ,0.0
2026-09-13,YTO,0.0
2026-09-13,YTR,0.0
2026-09-13,YTV,-1.1725493761098758
2026-09-13,YTY,6.92468129901944
2026-09-13,YUB,-1.5571014215094576
2026-09-13,YUD,-1.3926520430725775
2026-09-13,YUI,0.0
2026-09-13,YUK,0.0
2026-09-13,YUN,1.209330768107615
2026-09-13,YUY,0.0
2026-09-13,YVB,27.618662303100784
2026-09-13,YVD,43.27552564018109
2026-09-13,YVF,0.0
2026-09-13,YVG,0.4399034542151052
2026-09-13,YVO,31.42967550692955
2026-09-13,YVS,0.0
2026-09-13,YZC,-1.534284526975365
2026-09-13,YZF,0.0
2026-09-13,YZG,-3.6955501245774647
2026-09-13,YZH,6.016855696774462
2026-09-13,YZK,-9.144755127365896
2026-09-13,YZL,-2.047566377999745
2026-09-13,YZT,115.3224480360875
2026-09-13,ZA2,-12.931312978485565
2026-09-13,ZAD,-12.29794406640751
2026-09-13,ZAV,-0.008239261201648036
2026-09-13,ZAY,-28.833202951421676
2026-09-13,ZBD,-0.027174228765434207
2026-09-13,ZBI,-4.282759504564681
2026-09-13,ZBJ,7.625942018717204
2026-09-13,ZBN,-3.3342065811191244
2026-09-13,ZBO,0.1578149011296978
2026-09-13,ZBZ,0.0
2026-09-13,ZCA,0.0
2026-09-13,ZCB,-63.82588134835721
2026-09-13,ZCC,0.0
2026-09-13,ZCD,-1.170727045998198
2026-09-13,ZCE,0.0
2026-09-13,ZCG,-3.202785638121498
2026-09-13,ZCH,0.0
2026-09-13,ZCK,5.19193342941495
2026-09-13,ZCN,2.959310773111402
2026-09-13,ZDD,0.9119326224851356
2026-09-13,ZDK,0.0
2026-09-13,ZDZ,-0.8879433806398715
2026-09-13,ZFB,-1.737422802642636
2026-09-13,ZHH,4.90964523749455
2026-09-13,ZIH,195.63753235651205
2026-09-13,ZJB,-0.2897426293458967
2026-09-13,ZJH,0.0
2026-09-13,ZJI,-0.7310309267445706
2026-09-13,ZJL,-2.743730440216428
2026-09-13,ZJT,0.0
2026-09-13,ZJV,-0.29309472798323355
2026-09-13,ZK1,-5.857861885585429
2026-09-13,ZK2,-34.77677530134562
2026-09-13,ZLB,-2.4374695063393
2026-09-13,ZLG,0.0
2026-09-13,ZLH,4.7268556549983565
2026-09-13,ZMT,3.6220459909342377
2026-09-13,ZMU,2.151246954424436
2026-09-13,ZMY,-0.7197446672310636
2026-09-13,ZOS,0.0
2026-09-13,ZP1,0.0
2026-09-13,ZP2,0.0
2026-09-13,ZP3,0.0
2026-09-13,ZP6,-12.744149899085915
2026-09-13,ZP7,0.0
2026-09-13,ZP8,-3.461727682130776
2026-09-13,ZP9,20.45734362331104
2026-09-13,ZPA,6.444128328542055
2026-09-13,ZPC,-0.13017201322916314
2026-09-13,ZPE,2.86827654288655
2026-09-13,ZPF,-0.7923762896750536
2026-09-13,ZPG,-2.476857257630431
2026-09-13,ZPH,13.231012285590104
2026-09-13,ZPJ,-7.292557736399264
2026-09-13,ZPK,25.80447600235433
2026-09-13,ZPN,-2.876359787409785
2026-09-13,ZPO,101.99484250807294
2026-09-13,ZPR,5.216478200996835
2026-09-13,ZR2,0.0
2026-09-13,ZR3,0.3265221408549146
2026-09-13,ZSB,-28.665563204618465
2026-09-13,ZSF,2.8021895482706416
2026-09-13,ZSG,1.5765064415740797
2026-09-13,ZSN,0.0
2026-09-13,ZTF,0.0
2026-09-13,ZTG,8.52739125682857
2026-09-13,ZTV,9908.645916898253
2026-09-13,ZUD,343.60685983925333
2026-09-13,ZUE,38.66410404210918
2026-09-13,ZUS,-2.850726328345475
2026-09-13,ZVB,-0.2505459298327556
2026-09-13,ZVO,0.1551323305392592
2026-09-13,ZYC,0.0335788163122606
2026-09-13,ZYD,0.0
2026-09-13,ZZL,0.0
2026-09-13,ZJR,0.0
2026-09-13,DKY,0.0
2026-09-14,AAL,-11.88921237816893
2026-09-14,AAS,3.100924402568057
2026-09-14,AAV,12.016141224543544
2026-09-14,ABG,-0.36268135228150944
2026-09-14,ABJ,0.0
2026-09-14,ABU,0.0
2026-09-14,AC1,50.99187036206916
2026-09-14,AC2,206.76598608988695
2026-09-14,AC3,0.0
2026-09-14,AC4,-7.65957572514959
2026-09-14,AC5,1.0269254020043268
2026-09-14,AC6,1.4680010510452774
2026-09-14,AC7,-1.2897131030931782e-06
2026-09-14,AC8,-0.2748724093142981
2026-09-14,ACC,-35.320322294220304
2026-09-14,ACD,-0.41185600524247673
2026-09-14,ACN,-0.5865963171013061
2026-09-14,ACU,-0.24847323439106112
2026-09-14,ADE,-6.393996992211378
2026-09-14,ADP,4.673843622789428
2026-09-14,AED,4.402257638477165
2026-09-14,AES,-3.0277528987095903
2026-09-14,AEV,-0.41298386109383095
2026-09-14,AFA,-2.3560203270599125
2026-09-14,AFO,-2.6033423681288967
2026-09-14,AFS,3.6996534228165623
2026-09-14,AFT,-3.231257222388412
2026-09-14,AFV,-8.249558725550585
2026-09-14,AGC,-17.2519177199116
2026-09-14,AHH,0.0
2026-09-14,AHI,-4.8122468054918395
2026-09-14,AHN,6.060376078892714
2026-09-14,AHU,-32.67053973958628
2026-09-14,AHV,3.5646382390702334
2026-09-14,AHZ,82.18643077380096
2026-09-14,AI1,6.381953403710208e-05
2026-09-14,AIH,-1.4643587382779448
2026-09-14,AII,0.0
2026-09-14,AIM,0.0
2026-09-14,AIR,-0.044864815165827875
2026-09-14,AIS,-22.241098884813056
2026-09-14,AJ1,-2.025582054226147
2026-09-14,AJE,-3.7948773400195193
2026-09-14,AJK,-0.42828580114159887
2026-09-14,AJL,-6.7009978543373885
2026-09-14,AJN,-4.916715716381862
2026-09-14,AK2,66.96910317374659
2026-09-14,AK3,1.5894683650905448
2026-09-14,AKE,-0.6611652058324327
2026-09-14,AKU,8.595265339711963
2026-09-14,AL4,0.0
2026-09-14,AL5,-4.155243747192543
2026-09-14,AL6,0.0
2026-09-14,AL7,1.8426424245168782
2026-09-14,ALC,0.7665764371338868
2026-09-14,ALE,3.878481097367988
2026-09-14,AN1,1.315191796365028
2026-09-14,ANL,12.176264349331456
2026-09-14,ANZ,0.07222820723813922
2026-09-14,AOJ,1.490523857803168
2026-09-14,AOY,-6.765951035173232
2026-09-14,AP2,-2.9358696461690745
2026-09-14,AP4,0.0
2026-09-14,AP5,2.0219930848920584
2026-09-14,AP6,-9.447215085310993e-06
2026-09-14,AP7,-27.177355999817927
2026-09-14,APJ,-3.390417354580857
2026-09-14,APP,-73.83647027357468
2026-09-14,APT,56.143923568045885
2026-09-14,ARE,33.17245351800965
2026-09-14,ARF,0.0
2026-09-14,ARL,-2.042183190476639
2026-09-14,ARM,-5.445415893705284
2026-09-14,ARP,0.0
2026-09-14,AS1,-7.81606733753096
2026-09-14,AS3,0.0003573012042376956
2026-09-14,ASJ,-2.7633363814987817
2026-09-14,ATJ,0.04340484779606699
2026-09-14,AU1,11.726798165497769
2026-09-14,AUV,-38.64925141614176
2026-09-14,AVC,0.0
2026-09-14,AVT,21.202634631460946
2026-09-14,AVZ,0.0
2026-09-14,AY6,0.0
2026-09-14,AY7,0.0
2026-09-14,AYA,-3.949695350907153
2026-09-14,AYR,-0.7572646024838183
2026-09-14,AZF,0.0
2026-09-14,AZJ,27.572396139444233
2026-09-14,AZV,0.006377077664191917
2026-09-14,AZZ,-9.275170205300684e-05
2026-09-14,BA1,1.42596037016447
2026-09-14,BAC,0.0
2026-09-14,BAG,1.6071165569857764
2026-09-14,BAI,37.71847661063331
2026-09-14,BAL,0.0
2026-09-14,BAO,0.0
2026-09-14,BAS,0.0
2026-09-14,BBF,4.427198394358226
2026-09-14,BBI,0.06783119888788541
2026-09-14,BBN,0.0
2026-09-14,BBO,-2.044776403220817
2026-09-14,BBP,2.1958600026150474
2026-09-14,BBS,59.332765449323965
2026-09-14,BCC,0.0
2026-09-14,BCK,-2.751788054900442
2026-09-14,BCO,189.21019277521782
2026-09-14,BDA,-12.97245415254765
2026-09-14,BDC,-13.588419785762621
2026-09-14,BDI,-8.884014893388977e-10
2026-09-14,BDO,-42.40192834848337
2026-09-14,BDS,-21.995503392659757
2026-09-14,BDY,9.79628677999437
2026-09-14,BFE,7.5374261812539105
2026-09-14,BFO,30.85659063747224
2026-09-14,BFS,38.20572564546163
2026-09-14,BFT,-24.309558727894352
2026-09-14,BGH,0.0
2026-09-14,BGP,-12.42312756675402
2026-09-14,BGR,10.59631490928376
2026-09-14,BHA,3.967353778450288
2026-09-14,BHE,14.213430271290678
2026-09-14,BHF,-13.368574821693763
2026-09-14,BHH,-5.010251510855938e-07
2026-09-14,BHI,8.085882481979779
2026-09-14,BHL,-3.0298394612359636
2026-09-14,BHN,-0.5454588695175149
2026-09-14,BHO,0.0
2026-09-14,BI5,-77.82712762297093
2026-09-14,BIA,3544.8215116430647
2026-09-14,BID,-1.0039112826604446
2026-09-14,BIG,-6.201348924337616
2026-09-14,BIH,-0.0010187101889730886
2026-09-14,BIK,0.006089665163997294
2026-09-14,BIO,-26.9984691886356
2026-09-14,BIP,13.820366882899155
2026-09-14,BIS,-0.31971151200721
2026-09-14,BIY,0.7872962483315245
2026-09-14,BJD,-10.179948736547779
2026-09-14,BKO,-58.74318694255095
2026-09-14,BKY,19.172567903849902
2026-09-14,BLA,0.0
2026-09-14,BLD,-5.603425715220699
2026-09-14,BLT,5.356464475149085
2026-09-14,BMU,-51.195032194530896
2026-09-14,BNC,0.7499319247392704
2026-09-14,BNH,0.9572062595226654
2026-09-14,BOH,0.0
2026-09-14,BOL,17.508742495875904
2026-09-14,BON,77.45626793269132
2026-09-14,BOP,1.6646304932499814
2026-09-14,BOS,-72.86364653930639
2026-09-14,BP5,-19.19335884895783
2026-09-14,BPD,9.716036300651176
2026-09-14,BPZ,189.3883008292138
2026-09-14,BRB,0.0
2026-09-14,BRC,-14.759183135380615
2026-09-14,BRF,2.5705512382074884
2026-09-14,BRG,8.551200414932302
2026-09-14,BRH,-5.821730558594816
2026-09-14,BRR,2292.03023670493
2026-09-14,BRT,-28.384903979021175
2026-09-14,BRZ,0.0
2026-09-14,BS1,3656.276224148159
2026-09-14,BSA,0.0
2026-09-14,BSC,-0.0001058931184055289
2026-09-14,BSD,-4.2226149555540005
2026-09-14,BSE,-1.2922434993969857e-06
2026-09-14,BSF,0.0
2026-09-14,BSH,1.9700540240229407
2026-09-14,BSM,8.784904901609686
2026-09-14,BSN,-1.1810800220322262e-05
2026-09-14,BST,-9.113829554197023
2026-09-14,BTE,-3.2379357001860556
2026-09-14,BTJ,-1.7729038063585538
2026-09-14,BTK,7.223080838852246
2026-09-14,BTP,-35.09279284548394
2026-09-14,BTY,0.0
2026-09-14,BTZ,-0.13545316038278643
2026-09-14,BUB,-36.69647183799837
2026-09-14,BUC,-85.00248125657588
2026-09-14,BUP,0.0
2026-09-14,BUT,-20.210657333533515
2026-09-14,BUV,-18.495404319950193
2026-09-14,BUY,-5.272681420529189
2026-09-14,BV1,8.253362957475542
2026-09-14,BVB,0.0
2026-09-14,BVC,0.0
2026-09-14,BVD,-18.42812139099816
2026-09-14,BVF,35.603866845105586
2026-09-14,BVH,0.0
2026-09-14,BVI,-1.3314178146838418
2026-09-14,BVK,-4.906159193595792
2026-09-14,BVM,-0.791920229433332
2026-09-14,BVT,0.0
2026-09-14,BVV,-16.735557656798374
2026-09-14,BVZ,16.6748530753451
2026-09-14,BYZ,-0.0011078776289919167
2026-09-14,CAH,-51.50469602307859
2026-09-14,CBD,2258.5199418257803
2026-09-14,CBN,0.0
2026-09-14,CBO,0.0
2026-09-14,CEY,0.0
2026-09-14,CFO,-12.250075862185971
2026-09-14,CGD,0.0
2026-09-14,CHY,-0.009155533959608372
2026-09-14,CIN,-8.689551714987914
2026-09-14,CJD,14195.318921985307
2026-09-14,CJF,-15.338469988880876
2026-09-14,CJG,0.0
2026-09-14,CJH,-2.2383311639533328
2026-09-14,CKF,6.421790074957788
2026-09-14,CKL,6.330085317647447
2026-09-14,CKS,6.899084903999228
2026-09-14,COT,-1.5905615712591317
2026-09-14,CPT,-13.550661581078499
2026-09-14,CPU,-18.79717133810697
2026-09-14,CRL,0.0
2026-09-14,CSD,0.0
2026-09-14,CSH,-3.8870648314904137e-07
2026-09-14,CTF,0.0
2026-09-14,CTG,0.0
2026-09-14,CTM,0.0
2026-09-14,CTP,0.0
2026-09-14,CTV,0.0
2026-09-14,CVA,0.0
2026-09-14,CVB,0.0
2026-09-14,CVC,0.0
2026-09-14,CVD,0.0
2026-09-14,CVE,0.0
2026-09-14,CVF,0.0
2026-09-14,CVK,-75.21436658621056
2026-09-14,CVL,840.5035741382483
2026-09-14,CYD,3.5510305227854775
2026-09-14,DA1,-54.49852218521354
2026-09-14,DAC,0.0
2026-09-14,DAE,0.0
2026-09-14,DAH,-1.7035570401939797
2026-09-14,DAI,-0.7486772537793414
2026-09-14,DAL,0.0
2026-09-14,DAP,3431.0963393992542
2026-09-14,DAS,-2.1947267620265705
2026-09-14,DAT,0.0
2026-09-14,DAV,2.5922706761841185
2026-09-14,DAZ,0.0
2026-09-14,DB2,-40.16128966124117
2026-09-14,DBA,-2.593695647237125
2026-09-14,DBB,49.215818528633115
2026-09-14,DBG,0.12153844000907198
2026-09-14,DBH,-3.3279240880326784
2026-09-14,DBK,48.25349354711182
2026-09-14,DBP,-1.0447052996405957
2026-09-14,DBZ,-6.134380074685499
2026-09-14,DCB,-0.393199472028241
2026-09-14,DCD,0.0
2026-09-14,DCE,0.0
2026-09-14,DCN,24.217128360445244
2026-09-14,DCP,-0.8936301125376457
2026-09-14,DCV,0.0
2026-09-14,DDA,50.33313581852556
2026-09-14,DDC,-12.011824983912524
2026-09-14,DDE,0.0
2026-09-14,DDF,-19.93836152206223
2026-09-14,DDP,0.0
2026-09-14,DEF,-0.10068979353278869
2026-09-14,DEH,200.7887324292505
2026-09-14,DEI,0.009286945466150352
2026-09-14,DFC,-49.19749951354937
2026-09-14,DFD,1.193308665718016
2026-09-14,DFI,-23.990013051527168
2026-09-14,DFO,0.24034341470186432
2026-09-14,DGF,367.8374093223519
2026-09-14,DGH,-15.012558973026554
2026-09-14,DHI,5.414712259976946
2026-09-14,DHJ,0.7335651756242474
2026-09-14,DHM,-6.49629997862878
2026-09-14,DHP,0.0
2026-09-14,DHS,0.0
2026-09-14,DHT,2.3616332532513677
2026-09-14,DHV,-19.31789133242659
2026-09-14,DID,1.8619169268963818
2026-09-14,DIH,0.0
2026-09-14,DIM,0.0
2026-09-14,DIP,-30.43308233492798
2026-09-14,DK1,-0.043717456597960995
2026-09-14,DK8,-0.00010541740798983478
2026-09-14,DKA,0.0
2026-09-14,DKC,0.5455466532989081
2026-09-14,DKH,-60.14804074009182
2026-09-14,DKL,6.656672935765369
2026-09-14,DKP,-0.2219670281544928
2026-09-14,DKR,-62.508364184735974
2026-09-14,DKS,0.0
2026-09-14,DL2,-57.47484154583692
2026-09-14,DLD,1.8540799060748667
2026-09-14,DLG,-2.846182476926824
2026-09-14,DLN,14.977311462828927
2026-09-14,DLY,-19.666449605298205
2026-09-14,DLZ,2.347031277360879
2026-09-14,DMG,-2.2311186256083504
2026-09-14,DMI,168.70478946192435
2026-09-14,DMV,0.0
2026-09-14,DMZ,0.0
2026-09-14,DNA,0.0
2026-09-14,DNF,521.9349488729941
2026-09-14,DNH,-6.647393635718384
2026-09-14,DNK,-0.39344635734276856
2026-09-14,DNL,0.0
2026-09-14,DNM,5.808920014290534
2026-09-14,DNP,46.92413049855991
2026-09-14,DNU,0.0
2026-09-14,DOC,0.0
2026-09-14,DOD,1.1389211166661846
2026-09-14,DOH,3129.8562518296562
2026-09-14,DOL,3.0487622568337103
2026-09-14,DOR,0.0
2026-09-14,DOS,0.0
2026-09-14,DOV,-0.5189070431925253
2026-09-14,DP1,0.0
2026-09-14,DP2,0.9801089725686197
2026-09-14,DP3,-0.2337456025767434
2026-09-14,DP4,-0.8857013302128902
2026-09-14,DP5,0.0
2026-09-14,DP7,0.0
2026-09-14,DP8,0.0
2026-09-14,DP9,-0.00799080083866328
2026-09-14,DPB,-26.612751776307984
2026-09-14,DPC,0.0
2026-09-14,DPE,0.0
2026-09-14,DPG,0.0
2026-09-14,DPI,-16.523305165191672
2026-09-14,DPK,-0.050035752514064724
2026-09-14,DPL,0.0
2026-09-14,DPN,0.0
2026-09-14,DPP,-72.68001654597624
2026-09-14,DPT,3.837886906851036
2026-09-14,DPZ,-2.5416200633819934
2026-09-14,DRA,-4.645826133617858
2026-09-14,DRD,0.0
2026-09-14,DRH,-15.620504115368208
2026-09-14,DRT,-26.710530807219712
2026-09-14,DSC,0.0
2026-09-14,DSD,8.662322207703054
2026-09-14,DSH,84.58354458480521
2026-09-14,DSP,3.010907336340629
2026-09-14,DSV,-51.41450464389376
2026-09-14,DTH,-0.5030692448515613
2026-09-14,DTL,-1.7187007751862164
2026-09-14,DTM,-1.6427508424206843
2026-09-14,DTO,0.0
2026-09-14,DTP,0.0
2026-09-14,DTV,0.0
2026-09-14,DTZ,19.007194233493223
2026-09-14,DUC,0.0
2026-09-14,DUD,16.858294629968206
2026-09-14,DUH,-94.97739941010147
2026-09-14,DUT,-0.0022471627719657097
2026-09-14,DUV,11.897788866851945
2026-09-14,DVC,0.0
2026-09-14,DVI,0.0
2026-09-14,DVN,0.0
2026-09-14,DVO,0.0
2026-09-14,DVS,1010.9538996944849
2026-09-14,DVT,1.5163698506735106
2026-09-14,DVU,-2.4856976583333728
2026-09-14,DVZ,0.0
2026-09-14,DXP,-5.5198391717281385
2026-09-14,DYJ,-0.0014651703890095663
2026-09-14,DYN,-0.7717582504093775
2026-09-14,DYS,0.0
2026-09-14,DZ2,15.30561125645341
2026-09-14,DZE,-1.6319353181180274
2026-09-14,DZM,-13.758832442222438
2026-09-14,DZP,-0.5273892552800999
2026-09-14,DZS,211.36600844745993
2026-09-14,EBD,-1.0393715198828428
2026-09-14,EBI,2.560709860178684
2026-09-14,EBS,3.3851005217555437
2026-09-14,EC2,-3.468133247359374
2026-09-14,ECA,44.65650739819378
2026-09-14,ECB,-18.625787337899485
2026-09-14,ECV,39.74716749751322
2026-09-14,EDD,36.74080781042958
2026-09-14,EDN,3.3198991819719277
2026-09-14,EDP,170.94487413664265
2026-09-14,EDT,-3.3985833219370023
2026-09-14,EDU,-0.034316765100581854
2026-09-14,EES,0.18169141318684778
2026-09-14,EGP,0.0
2026-09-14,EGR,7.7155331804735345
2026-09-14,EHS,0.0
2026-09-14,EIB,-1.6245257211196322
2026-09-14,EID,-0.35214865584922794
2026-09-14,EIL,-4.727361351566381
2026-09-14,EJG,0.0
2026-09-14,EKF,-28.638217890367994
2026-09-14,EKL,-20.600302802764787
2026-09-14,ELZ,9.958443321555182
2026-09-14,EME,-0.05436847625907485
2026-09-14,EML,-2.526949066780306
2026-09-14,ENA,51.711871375328286
2026-09-14,ENJ,14.306780600237875
2026-09-14,ENO,14.289022781599323
2026-09-14,ENR,45.4017285280398
2026-09-14,ENS,-0.06728285227578133
2026-09-14,EP1,-5.472238966502608
2026-09-14,EPA,1.1732129410222363
2026-09-14,EPI,0.5077175735479685
2026-09-14,EPK,-6.3422335745401
2026-09-14,EPO,0.0
2026-09-14,EPP,-7.673876557289641
2026-09-14,EPT,0.39152307940736675
2026-09-14,ESG,-0.26585889424962766
2026-09-14,ESN,0.001477183221458335
2026-09-14,ESP,-3.199745191242351
2026-09-14,ETN,10.166014304321793
2026-09-14,EUN,-3.2584591656613675
2026-09-14,EUZ,2.478657541481671
2026-09-14,EVM,45.840675149427085
2026-09-14,EYT,-6.475124797058609
2026-09-14,EZM,0.0
2026-09-14,FAK,-11.249056314303813
2026-09-14,FAL,-1.7105320829251318
2026-09-14,FBC,-7.565274889299422
2026-09-14,FBI,14.932580799130122
2026-09-14,FBN,1322.0531449032871
2026-09-14,FBV,-1.586282825763251
2026-09-14,FBZ,0.2082763512020852
2026-09-14,FCK,-1.5918952604279626
2026-09-14,FCS,-15.562897582922448
2026-09-14,FD1,-2.0879356357758545
2026-09-14,FDE,-0.24387284540863105
2026-09-14,FDG,-37.21802125080726
2026-09-14,FDO,0.0
2026-09-14,FDV,0.0
2026-09-14,FDZ,0.0
2026-09-14,FFD,-36.63877773354944
2026-09-14,FFF,0.0
2026-09-14,FFH,8.16583550987654
2026-09-14,FFO,0.0
2026-09-14,FFP,-1.1417318573119803
2026-09-14,FHI,-93.28202448948136
2026-09-14,FHP,-21.69279075886784
2026-09-14,FHZ,0.0
2026-09-14,FI3,20.621483504879016
2026-09-14,FI5,5.1710036885543476
2026-09-14,FIB,-1.862105299597581
2026-09-14,FID,-2.7376199819011955
2026-09-14,FIL,8.906063557928595
2026-09-14,FIT,44.877478348689166
2026-09-14,FJB,-3.5694286490193536
2026-09-14,FJC,0.0
2026-09-14,FJM,-6.765071241524905
2026-09-14,FJN,-2.7951653832497767
2026-09-14,FJZ,-1.3700396242651058
2026-09-14,FKE,-2.449314644655501
2026-09-14,FKV,-0.10585401506255959
2026-09-14,FLS,6.940175800790952
2026-09-14,FLY,-1.0244448618801738
2026-09-14,FMG,-3.096447924236839
2026-09-14,FMS,0.0
2026-09-14,FMV,0.049911339227150915
2026-09-14,FNO,-0.4856936144892695
2026-09-14,FNT,-25.742703222177944
2026-09-14,FP4,-1.7780494162651115
2026-09-14,FPE,-0.8559639138704038
2026-09-14,FPG,-5.8108154237439615
2026-09-14,FPH,-1.940466380141722
2026-09-14,FPI,-5.679902627595931
2026-09-14,FPK,14.156520064370886
2026-09-14,FPR,7.915305418980726
2026-09-14,FPZ,2.339966563891566
2026-09-14,FR1,-2.4678412872869613
2026-09-14,FRA,0.0
2026-09-14,FRC,-17.860801437374548
2026-09-14,FRZ,0.0
2026-09-14,FS1,-7.158094358221573
2026-09-14,FS2,21.94283819578763
2026-09-14,FS3,0.0
2026-09-14,FS4,0.0
2026-09-14,FS5,460.79559415223395
2026-09-14,FS6,157.07832380755147
2026-09-14,FSF,3.5299376099885595
2026-09-14,FSG,-6.069344679634779
2026-09-14,FSH,-1.987685948987704
2026-09-14,FSK,-24.669635331822825
2026-09-14,FSM,5.942210311176368
2026-09-14,FSP,-0.6995844536796956
2026-09-14,FSR,17.909556034298106
2026-09-14,FSU,170.34653845341666
2026-09-14,FSV,-0.33171875145818186
2026-09-14,FTL,-17.22371352485372
2026-09-14,FTY,-0.10405539339793812
2026-09-14,FUA,-0.9133514324959935
2026-09-14,FUB,1.5401466428215647
2026-09-14,FUM,0.0
2026-09-14,FUN,191.0140168499569
2026-09-14,FUP,0.0
2026-09-14,FVL,-0.11451607634639478
2026-09-14,FYA,-2.4200586965433453
2026-09-14,FYB,0.0
2026-09-14,FYD,-1.154700062981256
2026-09-14,FYF,0.0025615734548028583
2026-09-14,FYG,0.0
2026-09-14,FYH,0.0
2026-09-14,FYI,123.92150373492903
2026-09-14,FYM,0.0
2026-09-14,FYO,4.611850398946218
2026-09-14,FYT,42.05526868080023
2026-09-14,FYZ,0.0
2026-09-14,FZJ,-2.3166170110616715
2026-09-14,FZP,-7.19895160471411
2026-09-14,GA1,8.390196390942805
2026-09-14,GAC,0.0
2026-09-14,GAE,10.762299048605568
2026-09-14,GAF,-0.09568157976162166
2026-09-14,GAG,-0.025445575170894543
2026-09-14,GAH,-7.201179620246228
2026-09-14,GAJ,0.0
2026-09-14,GAL,47.25545957430447
2026-09-14,GAN,0.0
2026-09-14,GAS,0.38928300847147085
2026-09-14,GAU,0.0
2026-09-14,GAV,0.0
2026-09-14,GBC,-1.8648035885944154
2026-09-14,GBG,4.314013903977427
2026-09-14,GBH,1.6743682189463955
2026-09-14,GBJ,26.755108441635667
2026-09-14,GBL,60.83071226732597
2026-09-14,GBN,-0.09000433996563623
2026-09-14,GBP,0.0
2026-09-14,GBV,-12.47410341355985
2026-09-14,GBZ,4.818946981066268
2026-09-14,GCA,-0.13979206678684838
2026-09-14,GCC,0.0
2026-09-14,GCD,8.171947241420604
2026-09-14,GCI,0.0
2026-09-14,GCZ,0.0
2026-09-14,GDJ,0.0
2026-09-14,GDP,0.0
2026-09-14,GEC,0.0
2026-09-14,GEI,0.0
2026-09-14,GEZ,0.0
2026-09-14,GFB,0.0
2026-09-14,GFD,-1.4156652936332674
2026-09-14,GFI,0.0
2026-09-14,GFL,0.0
2026-09-14,GFN,0.0
2026-09-14,GFY,0.0
2026-09-14,GGA,-1.1687647609018335
2026-09-14,GGC,0.0
2026-09-14,GGD,0.0
2026-09-14,GGK,-3.2658412599667113
2026-09-14,GGM,0.0
2026-09-14,GGN,0.0
2026-09-14,GGP,0.0
2026-09-14,GGR,-0.21028326898694136
2026-09-14,GHS,-11.122559205702165
2026-09-14,GID,-17.702152149929603
2026-09-14,GIE,-2.277854077673632
2026-09-14,GIH,-28.47277788771274
2026-09-14,GJA,0.0
2026-09-14,GJB,-5.1511221191795995
2026-09-14,GJD,-0.17844743149896267
2026-09-14,GJE,0.0
2026-09-14,GJF,-0.4412075952292073
2026-09-14,GJH,-24.875174051832378
2026-09-14,GJM,1.359714264056765
2026-09-14,GJO,0.0
2026-09-14,GKF,0.31707367162120087
2026-09-14,GKG,1.301820961457278
2026-09-14,GKH,-35.526053782084404
2026-09-14,GKK,0.0
2026-09-14,GKL,0.0
2026-09-14,GKM,0.0
2026-09-14,GKV,-27.18537614270385
2026-09-14,GL1,15.260720711582648
2026-09-14,GLC,0.02763663683001196
2026-09-14,GLG,-22.048094631689207
2026-09-14,GLL,-82.65506923028005
2026-09-14,GLM,0.0
2026-09-14,GLP,0.0
2026-09-14,GLS,108.73600279343567
2026-09-14,GLV,-0.3117913311941515
2026-09-14,GMA,6.201954377715711
2026-09-14,GMC,-6.612671570837579
2026-09-14,GMD,386.63096501455396
2026-09-14,GME,0.0
2026-09-14,GMI,-8.841096762942566
2026-09-14,GMM,0.0
2026-09-14,GMN,0.584790213887684
2026-09-14,GMO,-0.0732790275092403
2026-09-14,GMP,-0.6327446722518836
2026-09-14,GMR,-8.733975744522517
2026-09-14,GMZ,-2.2052077808828576
2026-09-14,GNH,1.4038331210021773
2026-09-14,GNK,0.0
2026-09-14,GNL,-3.5446261589773367
2026-09-14,GNP,-3.709667563484584
2026-09-14,GNS,25.096146773471794
2026-09-14,GNZ,2.4624567879737427
2026-09-14,GO1,0.22306148099632767
2026-09-14,GO3,0.3622533668748969
2026-09-14,GO4,-2.6478790364247375
2026-09-14,GO6,-14.196962191854844
2026-09-14,GO9,-8.371274170511537
2026-09-14,GOF,11.078476214364336
2026-09-14,GOH,-3.858275132744182
2026-09-14,GOK,5.032066741745771
2026-09-14,GOL,-8.34707076144563
2026-09-14,GOP,-66.83035062723357
2026-09-14,GP1,0.0
2026-09-14,GP3,-0.5495744263393227
2026-09-14,GPA,3.450484229501337
2026-09-14,GPB,-0.17305141565488463
2026-09-14,GPC,-1.174916158559476
2026-09-14,GPF,-8.710592852130269
2026-09-14,GPG,-2.390876886491192
2026-09-14,GPH,0.0
2026-09-14,GPI,-1.8104032289669365
2026-09-14,GPJ,0.0
2026-09-14,GPL,0.058305259349464005
2026-09-14,GPM,0.0
2026-09-14,GPN,3.3747259726559733
2026-09-14,GPT,-10.45938346714783
2026-09-14,GPU,-0.6841350401776205
2026-09-14,GPV,-22.85936814031142
2026-09-14,GPZ,82.6978697821632
2026-09-14,GRL,-33.44892532465084
2026-09-14,GRO,-0.24148305779871287
2026-09-14,GRT,0.2368321131496291
2026-09-14,GSE,1.0400254534812097
2026-09-14,GSG,0.0
2026-09-14,GSL,-52.99731157736486
2026-09-14,GSO,14872.710945454131
2026-09-14,GSP,0.9178031388423401
2026-09-14,GSR,0.0
2026-09-14,GTA,-0.5261291202621384
2026-09-14,GTF,5.04802470908089
2026-09-14,GTH,-5.763494347759023
2026-09-14,GTK,0.0
2026-09-14,GTL,-5.797670770480544
2026-09-14,GTM,-6.85378966050126
2026-09-14,GTN,0.0
2026-09-14,GTY,-2.457897891621658
2026-09-14,GTZ,-3.6540212593967283
2026-09-14,GUA,0.0
2026-09-14,GUB,12.32516187747354
2026-09-14,GUC,-57.70627976956031
2026-09-14,GUF,7.766751664158752
2026-09-14,GUH,4.711635039416795
2026-09-14,GUK,-1.6175294763582808
2026-09-14,GUM,-2.3819753116499784
2026-09-14,GUV,35.862995402389245
2026-09-14,GVA,-4.033824552939917
2026-09-14,GVB,0.0
2026-09-14,GVC,0.0
2026-09-14,GVD,0.0
2026-09-14,GVI,-3.305673641466194
2026-09-14,GVL,0.0
2026-09-14,GVZ,0.0
2026-09-14,GYC,0.0
2026-09-14,GYG,-0.8174757060389014
2026-09-14,GYK,-0.08418205217635341
2026-09-14,GYL,14.160196407915167
2026-09-14,GYN,0.0
2026-09-14,GYR,-1.9495045480087816
2026-09-14,GZB,0.0
2026-09-14,GZD,0.0
2026-09-14,GZE,-3.597714474090874
2026-09-14,GZG,-5.745965703302747
2026-09-14,GZH,-7.0619934362675645
2026-09-14,GZJ,-2.3564175509693093
2026-09-14,GZL,3.6878779597718716
2026-09-14,GZM,17.405289335499592
2026-09-14,GZN,-1.1572117339622425
2026-09-14,GZO,0.0
2026-09-14,GZP,-0.6790383655034661
2026-09-14,GZR,0.05082508712525148
2026-09-14,GZU,0.0
2026-09-14,GZV,0.4660971138915444
2026-09-14,GZY,-7.703344562656669
2026-09-14,GZZ,0.030434408038629956
2026-09-14,HAE,-0.32609205932738305
2026-09-14,HAG,0.0
2026-09-14,HAI,21.37695159930719
2026-09-14,HAM,-1.61399635459113
2026-09-14,HAR,760.726219581116
2026-09-14,HAT,-23.904113895301172
2026-09-14,HB1,-3.5331498396325793
2026-09-14,HB2,-0.5690352984336977
2026-09-14,HBF,-2.7573803088197026
2026-09-14,HBJ,0.0
2026-09-14,HBN,-4.591071534639638
2026-09-14,HBU,17.121611760827594
2026-09-14,HBV,0.019589989059905832
2026-09-14,HCV,-6.098387331469658
2026-09-14,HDA,-6.445301008404303
2026-09-14,HDD,97.17068153627963
2026-09-14,HDE,-1.0650643815756313
2026-09-14,HDH,-2.4264525270885815e-05
2026-09-14,HDJ,-2.4727798394547076
2026-09-14,HDK,-2.9730616396060223
2026-09-14,HDS,0.0
2026-09-14,HDV,2.3995635104164035
2026-09-14,HEH,-40.36937491950279
2026-09-14,HFA,0.0
2026-09-14,HFI,1.2057560125182816
2026-09-14,HFO,13.950548411055713
2026-09-14,HFR,-58.540741924850806
2026-09-14,HFV,-1.1718686896334747
2026-09-14,HFY,-42.847485867069615
2026-09-14,HGC,1.5171386870599581
2026-09-14,HGH,-98.06687993875961
2026-09-14,HGJ,0.0
2026-09-14,HGM,-2.756899270671076
2026-09-14,HGR,-11.289252402630497
2026-09-14,HGT,0.0
2026-09-14,HGU,0.0
2026-09-14,HGV,105.18661387515303
2026-09-14,HIA,-12.23867167233108
2026-09-14,HIF,-0.3637604675691842
2026-09-14,HIH,-6.6820778602993585
2026-09-14,HII,0.0
2026-09-14,HIM,-0.6052860360702246
2026-09-14,HIP,-5.8726313727356345
2026-09-14,HIS,7.817122316320221
2026-09-14,HIZ,-0.2357979692337553
2026-09-14,HJA,-14.082637861368624
2026-09-14,HJB,-12.555151753763564
2026-09-14,HKG,8.455915183328806
2026-09-14,HKH,-13.96705453279792
2026-09-14,HKJ,10.3007564647285
2026-09-14,HKM,-12.927452118693058
2026-09-14,HKP,-36.54046267504912
2026-09-14,HKR,-6.700101961319163
2026-09-14,HKV,10.605873578058747
2026-09-14,HLA,-23.66708096986008
2026-09-14,HLL,1.2348421422173725
2026-09-14,HLR,4.185561789149475
2026-09-14,HMC,-104.7194169029822
2026-09-14,HME,1.5245796391304223
2026-09-14,HMG,4.80324416145501
2026-09-14,HMK,-48.8708652440178
2026-09-14,HML,410.27040982486227
2026-09-14,HMS,-33.066944561926604
2026-09-14,HMT,0.0
2026-09-14,HMV,0.0
2026-09-14,HNS,0.12676126679733252
2026-09-14,HOA,-7.7223968284916245
2026-09-14,HOY,-1.1475519253164617
2026-09-14,HP3,82.0521899414276
2026-09-14,HPC,1.8882689316506516
2026-09-14,HPD,-0.1502215184496657
2026-09-14,HPF,0.0
2026-09-14,HPH,-25.126992277471423
2026-09-14,HPI,0.0
2026-09-14,HPJ,0.0
2026-09-14,HPL,0.0
2026-09-14,HPO,0.763548100211317
2026-09-14,HPT,22.684516105973696
2026-09-14,HPV,-7.624491636741583
2026-09-14,HPZ,-1.205582660737662
2026-09-14,HRZ,-29.986110866446303
2026-09-14,HSA,-1.3719220572619615
2026-09-14,HSL,-3.1025226411617224
2026-09-14,HSP,0.19380511734323605
2026-09-14,HST,0.3894441922766424
2026-09-14,HTF,-14.992387094040824
2026-09-14,HTJ,36.82887862552497
2026-09-14,HTK,-8.463769160896582
2026-09-14,HTS,8.014678470457318
2026-09-14,HTZ,0.0
2026-09-14,HUI,0.0
2026-09-14,HUS,0.0
2026-09-14,HVA,-4.625314519839615
2026-09-14,HVB,0.0
2026-09-14,HVC,-3.686798755073085e-05
2026-09-14,HVI,0.41559239116863295
2026-09-14,HVK,-24.960604784030096
2026-09-14,HVL,0.0
2026-09-14,HVN,0.0
2026-09-14,HVS,-2.9823528455132977
2026-09-14,HVT,11.362417221054397
2026-09-14,HVU,1.770208224572327
2026-09-14,HVV,0.0
2026-09-14,HVZ,-15.05469293414933
2026-09-14,HYK,0.517843204659813
2026-09-14,HYP,0.04883222181126508
2026-09-14,HYU,23.876397611678705
2026-09-14,HYV,-2.979958177993014
2026-09-14,HYY,0.0
2026-09-14,HZV,0.0
2026-09-14,IAC,0.0
2026-09-14,IAE,-2.935570293714319
2026-09-14,IAI,0.0
2026-09-14,IAJ,0.0
2026-09-14,IAM,1.7647966077470343
2026-09-14,IAR,-4.261610245543319
2026-09-14,IAS,0.0
2026-09-14,IAT,20.140497532341954
2026-09-14,IAU,-38.272362789901486
2026-09-14,IAY,-3.2714573958289
2026-09-14,IBB,-6.902201394492813
2026-09-14,IBC,0.0
2026-09-14,IBE,0.0
2026-09-14,IBG,0.0
2026-09-14,IBJ,0.0
2026-09-14,IBK,-0.645262729380072
2026-09-14,IBM,-1.897704084055517
2026-09-14,IBP,0.0
2026-09-14,IBR,18.887593698137064
2026-09-14,ICA,-2.3297345674170313
2026-09-14,ICC,-8.150754323302953
2026-09-14,ICD,-11.401209766591288
2026-09-14,ICE,7.927411060785857
2026-09-14,ICF,11.926733645736501
2026-09-14,ICG,-1.3709479240083582
2026-09-14,ICH,50.317790905479484
2026-09-14,ICM,150.4514260452936
2026-09-14,ICN,244.56437490700856
2026-09-14,ICS,-10.368785009657087
2026-09-14,ICV,-7.521649491672268
2026-09-14,ICZ,14.976207561610288
2026-09-14,IDD,0.015758374559971627
2026-09-14,IDF,-2.151637865354433
2026-09-14,IDH,-6.016585486435759
2026-09-14,IDI,257.6358322609746
2026-09-14,IDL,-9.75064107528546
2026-09-14,IDO,5.789610927452022
2026-09-14,IDP,-10.491893306230173
2026-09-14,IDV,-0.8994606619273116
2026-09-14,IDY,-30.28413734167617
2026-09-14,IED,0.4138001992481271
2026-09-14,IEN,-34.685616935822516
2026-09-14,IEV,21.443686690102084
2026-09-14,IEZ,0.08498659898636622
2026-09-14,IFD,0.0
2026-09-14,IFN,-2.3819068282401346
2026-09-14,IFV,78.90934196744614
2026-09-14,IFY,0.0
2026-09-14,IGF,0.0
2026-09-14,IGL,1.0065868797153577
2026-09-14,IGM,1.5159385166458073
2026-09-14,IGZ,-67.62692014295031
2026-09-14,IH1,1.0447027738237147
2026-09-14,IHA,-13.56005927627703
2026-09-14,IHC,0.3271339941941706
2026-09-14,IHK,-8.577985642460707
2026-09-14,IHP,-10.13768715277567
2026-09-14,IHT,-9.470578145203502
2026-09-14,IHV,-33.556862725146296
2026-09-14,IHY,0.0
2026-09-14,IHZ,-36.467036060787095
2026-09-14,IIA,0.0
2026-09-14,IIC,-0.3906446147312796
2026-09-14,IIE,-13.026347497464702
2026-09-14,IIF,141.4926979367513
2026-09-14,IIH,-5.266495386398922
2026-09-14,IIN,-2.065965377793781
2026-09-14,IIS,-1.7614070326810487
2026-09-14,IJA,-8.352476101221512
2026-09-14,IJB,-7.799544414705255
2026-09-14,IJC,-14.84066611596098
2026-09-14,IJE,-9.182533138910838
2026-09-14,IJF,0.7125243035321913
2026-09-14,IJH,-31.66708006239311
2026-09-14,IJI,17.05537779441674
2026-09-14,IJK,-0.8298493878659172
2026-09-14,IJL,0.0
2026-09-14,IJP,-4.454460987638339
2026-09-14,IJT,85.42435378689736
2026-09-14,IJV,16.99708417779092
2026-09-14,IJZ,2.5281940618772523
2026-09-14,IK2,0.0
2026-09-14,IKL,-4.560476540391921
2026-09-14,IKP,-6.830409550068062
2026-09-14,IKV,14.848713026305221
2026-09-14,ILC,0.0
2026-09-14,ILE,0.0
2026-09-14,ILH,0.6487225507036904
2026-09-14,ILI,7.626089491284481
2026-09-14,ILM,0.0
2026-09-14,ILP,0.0
2026-09-14,ILU,9.21930972696145
2026-09-14,ILZ,3.8063901439456
2026-09-14,IMB,-1.390840495058371
2026-09-14,IMF,0.0
2026-09-14,IMG,0.0
2026-09-14,IMH,0.0
2026-09-14,IML,-5.387211499211334
2026-09-14,IMO,0.0
2026-09-14,IMS,0.0
2026-09-14,IMT,0.0
2026-09-14,IMY,0.0
2026-09-14,IMZ,0.0
2026-09-14,INH,-5.896138821841255
2026-09-14,INV,0.0
2026-09-14,INZ,0.001379619893980481
2026-09-14,IOG,-3.3765548402214405
2026-09-14,IOH,0.747263792945001
2026-09-14,IOJ,0.0
2026-09-14,IOL,0.0
2026-09-14,IOM,-3.258200969746805
2026-09-14,ION,0.0
2026-09-14,IOO,46.73744052410948
2026-09-14,IOP,-1.6377232199029095
2026-09-14,IOT,0.0
2026-09-14,IOV,-0.6699426512904522
2026-09-14,IPA,0.0
2026-09-14,IPB,-4.747949931530659
2026-09-14,IPC,0.0
2026-09-14,IPE,0.0
2026-09-14,IPF,0.0
2026-09-14,IPG,-1.455364948860507
2026-09-14,IPJ,-3.7831457095032106
2026-09-14,IPK,-0.29279851966072284
2026-09-14,IPO,-9.275168105081924
2026-09-14,IPP,-5.53774715962435
2026-09-14,IPR,0.0
2026-09-14,IPU,0.0
2026-09-14,IPV,0.01613230294018249
2026-09-14,IRB,5.839670850315165
2026-09-14,IRE,0.0
2026-09-14,IRF,-7.173190135967755
2026-09-14,IRL,-15.209405305139295
2026-09-14,IRO,-3.891585914190649
2026-09-14,IRT,-0.39083526754889897
2026-09-14,IRV,35.866189462600346
2026-09-14,IRY,3.325502918982931
2026-09-14,ISR,0.0
2026-09-14,ISS,0.0
2026-09-14,IST,29.386951744871954
2026-09-14,ITA,0.0
2026-09-14,ITC,23.26749151360952
2026-09-14,ITD,0.0
2026-09-14,ITJ,0.0
2026-09-14,ITL,0.0
2026-09-14,ITP,-2.5287737428339017
2026-09-14,ITR,0.0
2026-09-14,ITV,0.0
2026-09-14,ITZ,2.089602883275208
2026-09-14,IUA,-3.751258810454351
2026-09-14,IUB,0.0
2026-09-14,IUC,0.0
2026-09-14,IUF,1.3609099409231247
2026-09-14,IUH,-3.0622865314071435
2026-09-14,IUM,0.0
2026-09-14,IUN,0.0
2026-09-14,IUV,-2.2024671508538383
2026-09-14,IUZ,-22.92204590604532
2026-09-14,IV2,0.0
2026-09-14,IV6,0.0
2026-09-14,IV7,0.0
2026-09-14,IV8,0.33031837848505663
2026-09-14,IVF,-2.5350966078285224
2026-09-14,IVS,-26.143675473010475
2026-09-14,IVY,-3.263543228186371
2026-09-14,IYB,-9.08197812314116
2026-09-14,IYP,0.25592444193020686
2026-09-14,IYR,-0.011227997857881575
2026-09-14,IYS,0.0
2026-09-14,IYV,-6.950648087126504
2026-09-14,IZA,-12.193407911180623
2026-09-14,IZB,68.0148022974869
2026-09-14,IZE,0.0
2026-09-14,IZL,0.0
2026-09-14,IZS,45.182026703654245
2026-09-14,IZV,0.0
2026-09-14,IZY,0.0
2026-09-14,JET,-3.749363292595703
2026-09-14,JOT,0.0
2026-09-14,JUP,0.03537600207478058
2026-09-14,KAC,-5.789983707760647
2026-09-14,KAN,0.9229000873553257
2026-09-14,KAV,-2.473334029602693
2026-09-14,KBJ,-0.24862463584396388
2026-09-14,KBP,0.0
2026-09-14,KBZ,0.0
2026-09-14,KCL,1.8750811470796949
2026-09-14,KCR,32.83786123649199
2026-09-14,KCV,17.43866510643573
2026-09-14,KDE,18.706938372949146
2026-09-14,KDI,-94.8965285732725
2026-09-14,KDK,0.0
2026-09-14,KDL,-1.3984674357662117
2026-09-14,KDO,4.303287676952287
2026-09-14,KDS,-4.8705712274830075
2026-09-14,KDT,-1.5811155101763699
2026-09-14,KDV,2.0394002877256323
2026-09-14,KDZ,-8.242735128235342
2026-09-14,KEI,0.0
2026-09-14,KEO,0.0
2026-09-14,KEU,21.731890717390453
2026-09-14,KFZ,0.0
2026-09-14,KGM,-3.651729023252485
2026-09-14,KH1,7.7196100646549155
2026-09-14,KHA,-7.892326995878668
2026-09-14,KHB,-16.601077544265472
2026-09-14,KHC,-40.07719352320202
2026-09-14,KHD,4.5805926193746
2026-09-14,KHF,0.06948023194752663
2026-09-14,KHJ,3.3475137517090747
2026-09-14,KHP,-40.18041621176063
2026-09-14,KHT,-10.478465996241665
2026-09-14,KHU,0.0
2026-09-14,KIA,-11.694196477348658
2026-09-14,KIB,1.6906089857813573
2026-09-14,KIE,128.86814643558847
2026-09-14,KIH,-0.07334419745567498
2026-09-14,KIK,-5.319125113402192
2026-09-14,KIS,-1.7914972564026719
2026-09-14,KJK,0.0
2026-09-14,KKB,0.0
2026-09-14,KKC,-63.08636963450716
2026-09-14,KKE,0.0
2026-09-14,KKH,-1.8432576190693866
2026-09-14,KKL,1.4737494789757961
2026-09-14,KKO,0.0
2026-09-14,KKP,0.1545234247987676
2026-09-14,KKT,274.9158167714774
2026-09-14,KLH,-37.18005795140958
2026-09-14,KLI,13.062246344246958
2026-09-14,KLL,0.0
2026-09-14,KLM,0.0
2026-09-14,KLS,-71.39197419604493
2026-09-14,KLU,-5.633435424468301
2026-09-14,KMA,0.0
2026-09-14,KME,9.951135707562802
2026-09-14,KMF,16.543534511072046
2026-09-14,KMN,7.1685549451325965
2026-09-14,KMT,0.0
2026-09-14,KNC,0.0
2026-09-14,KNI,-45.98065150244547
2026-09-14,KNJ,65.92426117026808
2026-09-14,KNN,0.00016737659864654995
2026-09-14,KNP,-11.105688954443428
2026-09-14,KNS,0.0
2026-09-14,KNT,0.0
2026-09-14,KNV,0.0
2026-09-14,KNZ,0.0
2026-09-14,KO4,-0.2725011422070932
2026-09-14,KOB,0.02386450542265488
2026-09-14,KOD,-6.775179064717078
2026-09-14,KOP,0.0
2026-09-14,KOT,-7.639567056217785
2026-09-14,KOZ,0.0
2026-09-14,KP3,-1.1615876063848523
2026-09-14,KPA,7.990321939524963
2026-09-14,KPB,0.0
2026-09-14,KPC,5.138788169474863
2026-09-14,KPD,0.23723069102075298
2026-09-14,KPF,-89.72893325813324
2026-09-14,KPH,-2.578348684410836
2026-09-14,KPI,21.813866165179274
2026-09-14,KPK,0.0
2026-09-14,KPM,0.0
2026-09-14,KPP,-10.958359842448255
2026-09-14,KPR,-36.65563252235376
2026-09-14,KPS,0.0
2026-09-14,KPU,-0.34673732543158947
2026-09-14,KRC,0.38558355119840426
2026-09-14,KRF,9.51757134972365
2026-09-14,KRH,-7.986262488970961e-05
2026-09-14,KRO,-1.7255370003239112
2026-09-14,KRR,5.412642434252635
2026-09-14,KRS,-5.379268413627554
2026-09-14,KRT,7.61576165748354
2026-09-14,KRV,-0.41776587008777394
2026-09-14,KSA,19.981587115663654
2026-09-14,KSC,0.0
2026-09-14,KSK,-46.59883297807404
2026-09-14,KSL,-1.7108349174031516
2026-09-14,KSM,2.2633997092978198
2026-09-14,KSP,-0.04018084305202245
2026-09-14,KSR,0.20794930355844768
2026-09-14,KST,-2.734121557773505
2026-09-14,KSV,45.88574192104314
2026-09-14,KSY,209.4278603478122
2026-09-14,KTE,-4.415278149157188
2026-09-14,KTI,-64.16792349189059
2026-09-14,KTJ,-3.779695142782195
2026-09-14,KTM,4.118003610920709
2026-09-14,KTN,-8.741088568353991
2026-09-14,KTR,-0.05808898515408965
2026-09-14,KTS,10.73487046486128
2026-09-14,KTT,4.364766621207638
2026-09-14,KTU,0.0
2026-09-14,KTV,55.7555236671601
2026-09-14,KU3,5.758242072062498
2026-09-14,KUA,-6.222204786973729
2026-09-14,KUB,-1.7328099119979303
2026-09-14,KUD,42.349503837034845
2026-09-14,KUP,-0.5593879396627418
2026-09-14,KUT,-6.008406535160173
2026-09-14,KVA,0.0
2026-09-14,KVK,54.350088098166616
2026-09-14,KVR,-20.227066080457313
2026-09-14,KVS,-6.765327830125413
2026-09-14,KVT,14.43291745459841
2026-09-14,KYA,-7.823600912230242
2026-09-14,KYR,0.0
2026-09-14,KYS,0.0
2026-09-14,KZL,-2.4270745568226832
2026-09-14,KZO,0.0
2026-09-14,KZU,-3.0113089748894635
2026-09-14,LAI,-39.04917367725368
2026-09-14,LET,0.0
2026-09-14,LFD,-96.73572041971865
2026-09-14,LGK,3.9622562248851327
2026-09-14,LGO,0.0
2026-09-14,LHM,0.0
2026-09-14,LHP,-3.9581706893217397
2026-09-14,LKF,36.73813917953581
2026-09-14,LKT,47.74158722673177
2026-09-14,LLA,-5.3248305987424605
2026-09-14,LPH,16.67820871554005
2026-09-14,LRT,0.0
2026-09-14,LTC,-0.43254053733800246
2026-09-14,LTL,-68.86325014984588
2026-09-14,LTS,0.1801140890493872
2026-09-14,LZV,0.0
2026-09-14,MAC,-4.164058277077105
2026-09-14,MAD,6.588686709015186
2026-09-14,MAS,-0.5763578836443398
2026-09-14,MAV,0.0
2026-09-14,MBL,0.017280791498520177
2026-09-14,MBR,8.344726137075554
2026-09-14,MCU,38.93629288494841
2026-09-14,MD1,-0.8795687417980549
2026-09-14,MD2,2.649601675561447
2026-09-14,MDF,-1.660938881896784
2026-09-14,MET,-1.120104462420239
2026-09-14,MGB,-20.911547867399634
2026-09-14,MGD,0.0
2026-09-14,MGE,3.4848046228049254
2026-09-14,MGH,-1.5214057740320248
2026-09-14,MHF,-25.814631978261104
2026-09-14,MIK,-9.708332786234504
2026-09-14,MJB,0.7398396187169674
2026-09-14,MJE,0.718869681593689
2026-09-14,MJG,-3.539825551327272
2026-09-14,MJH,4.1537805399990715
2026-09-14,MJK,-4.195236720039898
2026-09-14,MJL,3.732334058251447
2026-09-14,MKA,-8.048317343151707
2026-09-14,MKG,-6.90810368879636
2026-09-14,MKL,0.0
2026-09-14,MLS,0.0
2026-09-14,MLT,-9.564009498299837
2026-09-14,MMH,42.195450149471995
2026-09-14,MOD,-0.7363046162083889
2026-09-14,MOZ,2.9903610393241022
2026-09-14,MP2,0.0
2026-09-14,MP4,1.9433432647480808
2026-09-14,MPD,11.491888231629448
2026-09-14,MPE,36.54320071447183
2026-09-14,MPF,12.283669590016132
2026-09-14,MPI,-0.011661939531530283
2026-09-14,MPK,-14.140819038385894
2026-09-14,MPL,-14.04627033170934
2026-09-14,MPN,-1.5540120271514397
2026-09-14,MPP,-12.59661805995618
2026-09-14,MPS,-5.922169216221985
2026-09-14,MRI,2.6929635341848788
2026-09-14,MSK,0.0
2026-09-14,MSO,0.0
2026-09-14,MSR,-4.30047714951101
2026-09-14,MT1,1.091568759347706
2026-09-14,MT2,-23.742849838838485
2026-09-14,MT5,-0.007211270158967616
2026-09-14,MT6,140.0165443926542
2026-09-14,MT7,-0.04692256834858082
2026-09-14,MT8,-59.9648295098055
2026-09-14,MT9,98.706591538483
2026-09-14,MTD,-3.5290277555389737
2026-09-14,MTE,-48.50637723715308
2026-09-14,MTF,-7.890289761861383
2026-09-14,MTG,24.835066440610436
2026-09-14,MTH,-3.0548913513821443
2026-09-14,MTI,0.0
2026-09-14,MTK,346.4846003034622
2026-09-14,MTL,1219.8646029515737
2026-09-14,MTS,-1.1083561827062185
2026-09-14,MTU,-0.005785366081998829
2026-09-14,MTV,-2.9460833894444116
2026-09-14,MTX,-2.3564938490985297
2026-09-14,MUL,11.899634456466385
2026-09-14,MUT,-12.457785914375915
2026-09-14,NAK,-1.369829718539318
2026-09-14,NAL,-53.950207002570835
2026-09-14,NAU,-12.183176631470806
2026-09-14,NAV,0.0
2026-09-14,NBE,-0.9350379793997952
2026-09-14,NBH,5.854648053767977
2026-09-14,NBO,12.705254853128197
2026-09-14,NBZ,5.67389507043559
2026-09-14,NCS,1.2920960004297695
2026-09-14,NCU,0.1446852573355584
2026-09-14,NDL,0.0
2026-09-14,NDS,-8.328419312619094
2026-09-14,NES,0.0
2026-09-14,NFF,-10.06148812173216
2026-09-14,NFH,-1.778492146201346
2026-09-14,NFK,-8.650190470517865
2026-09-14,NHP,-3.3119174495119217
2026-09-14,NHT,0.0
2026-09-14,NHV,0.0
2026-09-14,NHY,-10.466289716582095
2026-09-14,NIG,-10.378180434525826
2026-09-14,NIS,-1.5018982174098494
2026-09-14,NJF,-21.18759837184983
2026-09-14,NJG,0.0
2026-09-14,NJR,13.078879640853753
2026-09-14,NJY,23.275626155582447
2026-09-14,NKA,-1.8292836317024406
2026-09-14,NKC,-10.374020851718187
2026-09-14,NKH,-0.6886630764554486
2026-09-14,NKJ,0.0
2026-09-14,NKK,0.0
2026-09-14,NKL,78.01000784169341
2026-09-14,NKM,-18.201144093440995
2026-09-14,NKP,-16.034064251398945
2026-09-14,NKS,-1.8529989873323531
2026-09-14,NKT,49.082859294137684
2026-09-14,NKV,0.0
2026-09-14,NLC,0.0
2026-09-14,NLD,169.86790413233228
2026-09-14,NLE,-2.517909243822584
2026-09-14,NLK,24.150519932999064
2026-09-14,NLL,0.03920333557420338
2026-09-14,NME,-15.09390163660735
2026-09-14,NMG,0.0
2026-09-14,NMP,-30.347245971545995
2026-09-14,NMU,-2.2291170558039863
2026-09-14,NNF,-15.512165238740458
2026-09-14,NOA,0.0
2026-09-14,NOI,22.95002980245022
2026-09-14,NOV,0.0
2026-09-14,NP1,-3.9419183531006534
2026-09-14,NPH,-28.420140364574024
2026-09-14,NPK,-0.0021379768244770003
2026-09-14,NRC,-3.588964628751664
2026-09-14,NRG,-19.184474179246592
2026-09-14,NRM,0.0
2026-09-14,NSA,-23.39604036742549
2026-09-14,NSD,10.943774291941759
2026-09-14,NSH,30.682863733503908
2026-09-14,NSK,-71.16726318403263
2026-09-14,NSP,-16.930973274478415
2026-09-14,NSS,0.0
2026-09-14,NST,-4.928751835208995
2026-09-14,NSY,18.878503360437136
2026-09-14,NTB,-3.2215247928501e-05
2026-09-14,NTD,0.0
2026-09-14,NTF,-0.008607920122635159
2026-09-14,NTI,-28.137352634064815
2026-09-14,NTO,0.0
2026-09-14,NTS,0.0
2026-09-14,NUB,-6.296521476747663
2026-09-14,NUG,0.011344280228234256
2026-09-14,NUH,-68.17045337349073
2026-09-14,NVB,-13.59024990320837
2026-09-14,NVC,40.47280071845968
2026-09-14,NVK,55.14196381834404
2026-09-14,NVP,0.0
2026-09-14,NVT,1791.503302245691
2026-09-14,NVZ,0.17647607389238265
2026-09-14,NYH,0.0
2026-09-14,NZH,-1.6483450601012375
2026-09-14,NZT,-53.40056634406951
2026-09-14,NZU,-5.092277981820467
2026-09-14,OAB,0.0
2026-09-14,OAO,6641.182351334679
2026-09-14,OBI,-8.1931725660289
2026-09-14,OBN,-4.028113101010332
2026-09-14,OBP,-4.847886425015859
2026-09-14,OBR,-6.858797116153421
2026-09-14,OCM,0.0
2026-09-14,OCN,0.0
2026-09-14,OCT,-1.8918213980660583
2026-09-14,ODD,-1.3501849697827915
2026-09-14,ODG,-4.637185258453173
2026-09-14,ODN,88.26879279691002
2026-09-14,ODP,-0.15109146803312984
2026-09-14,ODS,1.2805569537567003
2026-09-14,ODV,-3.9985257427337397
2026-09-14,OFA,-9.497502454079147
2026-09-14,OFB,0.0
2026-09-14,OFI,-0.7019725418520201
2026-09-14,OFK,-11.873155893788576
2026-09-14,OFO,0.0
2026-09-14,OFS,-1.0400959474203724
2026-09-14,OGD,-0.6953981883850036
2026-09-14,OGF,4.08284397667567
2026-09-14,OGV,0.0
2026-09-14,OHB,-1.4896735553267104
2026-09-14,OHI,-35.02592952534751
2026-09-14,OHK,44.96114810732652
2026-09-14,OIL,1.1622471874050286
2026-09-14,OIR,1.7882557928459781
2026-09-14,OIS,0.0
2026-09-14,OJB,-3.1986676951153528
2026-09-14,OJH,0.0
2026-09-14,OJK,-0.6254931354948393
2026-09-14,OJT,-2.707114121679053
2026-09-14,OJU,0.0
2026-09-14,OJY,-0.10127136873277374
2026-09-14,OKD,-3.9379325966731127
2026-09-14,OKF,0.0
2026-09-14,OKP,-21.269174111838094
2026-09-14,OKT,-6.085428842653337
2026-09-14,OLA,-1.2098987893442281
2026-09-14,OLD,-7.166964280645955
2026-09-14,OLE,10.335895783676666
2026-09-14,OMB,0.0
2026-09-14,OMC,0.0
2026-09-14,OME,-0.4339086239587476
2026-09-14,OMG,-0.9162960917876044
2026-09-14,OMT,-0.4598112124250499
2026-09-14,ONB,-7.333911520034679
2026-09-14,OND,-1.1729666884871532
2026-09-14,ONE,-7.537741437952826
2026-09-14,ONF,-0.34152583852287366
2026-09-14,ONK,-8.500280774100956
2026-09-14,ONN,42.00088566245957
2026-09-14,ONS,3.5449217526584533
2026-09-14,ONT,0.0
2026-09-14,ONY,-0.24826536807024996
2026-09-14,OPB,0.37890153008166816
2026-09-14,OPD,0.007517810244228258
2026-09-14,OPF,-1.4241356685977358
2026-09-14,OPH,-0.2787921384186218
2026-09-14,OPI,-0.9335432088629516
2026-09-14,OPJ,32.78086098259929
2026-09-14,OPL,-6.458327706542594
2026-09-14,OPU,78.93831539665445
2026-09-14,OPZ,0.0
2026-09-14,ORC,15.884441681649609
2026-09-14,ORI,0.10860528908531733
2026-09-14,OSD,-1.1606710616202522
2026-09-14,OSF,-4.235292351671944
2026-09-14,OSH,0.0
2026-09-14,OSL,23.150344213130243
2026-09-14,OSN,-0.32990587852507697
2026-09-14,OTE,0.0
2026-09-14,OTF,8.14816364474534
2026-09-14,OTJ,-4.795452265671505
2026-09-14,OTK,-15.597095543514982
2026-09-14,OTM,6.373147742410258
2026-09-14,OTZ,0.0
2026-09-14,OUB,-0.02282276892547516
2026-09-14,OUD,0.40983900378130267
2026-09-14,OUN,-1.648276692462277
2026-09-14,OUR,0.0
2026-09-14,OUY,0.0
2026-09-14,OVD,19.267877470892273
2026-09-14,OVR,0.0
2026-09-14,OYL,-3.469540352711345
2026-09-14,OYS,-3.20089324731594
2026-09-14,OYT,4.0754119950820815
2026-09-14,OZC,-72.3203948290156
2026-09-14,P1A,44.16396996324785
2026-09-14,PA2,7.695116864468721
2026-09-14,PAB,68.92166577399486
2026-09-14,PAC,0.0
2026-09-14,PAF,-5.93585594658009
2026-09-14,PAI,-5.651716042917447
2026-09-14,PAL,-4.271080033466293
2026-09-14,PAO,-81.77096946295794
2026-09-14,PAU,2.4066337533112274
2026-09-14,PBE,-17.6630226053605
2026-09-14,PBF,0.0
2026-09-14,PBH,-0.0026717187849021203
2026-09-14,PBI,-5.030728291904514
2026-09-14,PBK,-1.3389063952350222
2026-09-14,PBN,-7.2693405177622346
2026-09-14,PBR,-67.89550430068392
2026-09-14,PBS,0.0
2026-09-14,PBY,-0.04544548488841047
2026-09-14,PCE,-45.374452912813915
2026-09-14,PCH,-0.4629024205106757
2026-09-14,PCN,0.0
2026-09-14,PCS,0.44237238447088917
2026-09-14,PDC,0.06293150541555534
2026-09-14,PDD,-4.767633079785108
2026-09-14,PDE,-0.37021360600978354
2026-09-14,PDF,-1.8819216114298598
2026-09-14,PDG,-43.60463443131756
2026-09-14,PDH,0.6534974310114423
2026-09-14,PDR,0.0
2026-09-14,PDS,-0.0002469990783591943
2026-09-14,PEA,0.09653413095670482
2026-09-14,PFO,1.1276324624919067
2026-09-14,PFS,2.518110172761699
2026-09-14,PGD,-10.498342637771213
2026-09-14,PGE,-0.0002514654836680156
2026-09-14,PGH,1.199378119181274
2026-09-14,PGS,-3.901048326471105
2026-09-14,PHB,-13.927598446636763
2026-09-14,PHE,-59.38134565547715
2026-09-14,PHF,0.0
2026-09-14,PHI,9.963344703483795
2026-09-14,PHK,1.8758435688355886
2026-09-14,PHN,4.4058794657762546
2026-09-14,PHS,-2.786280323807648
2026-09-14,PHY,-3.138480854023426
2026-09-14,PID,-3.2455184507897075
2026-09-14,PIL,-13.419107932852897
2026-09-14,PIP,-83.21163416277956
2026-09-14,PIR,-9.296853611229846
2026-09-14,PIS,8.033362037477449
2026-09-14,PJL,2.228389253279553
2026-09-14,PJP,-1.1888099995769748
2026-09-14,PK1,11.026761718481538
2026-09-14,PKD,-65.17223980088495
2026-09-14,PKF,-1.924465292863407
2026-09-14,PKH,0.7367107099742398
2026-09-14,PKL,3.132011499980219
2026-09-14,PKM,-16.436958393198434
2026-09-14,PKN,-52.06986671144714
2026-09-14,PKP,-1.2290323077974592
2026-09-14,PKR,-3.235958412617304
2026-09-14,PKT,-32.55635935814433
2026-09-14,PKU,-27.53148637490378
2026-09-14,PKV,17.076602242764988
2026-09-14,PKZ,-3.5098767977162915
2026-09-14,PLA,-18.00365501261097
2026-09-14,PLR,-13.344661233811989
2026-09-14,PLS,0.0
2026-09-14,PMG,0.0
2026-09-14,PMH,-72.19453245872414
2026-09-14,PMP,-21.34517257665144
2026-09-14,PNU,-56.13013101606774
2026-09-14,PO7,-28.27423197128499
2026-09-14,PO8,-102.01918036849018
2026-09-14,PO9,9.824211486181598
2026-09-14,POB,-0.008265176904505372
2026-09-14,POD,-7.4076624640230415
2026-09-14,POF,1.254555847375674
2026-09-14,POH,0.0
2026-09-14,POI,-1.8819258587715828e-07
2026-09-14,POS,-19.4485148028336
2026-09-14,POU,-3.8670315186690876
2026-09-14,PP1,-4.7999163323909215
2026-09-14,PPB,-1.1925337866155836
2026-09-14,PPD,-3.4659355901925557
2026-09-14,PPE,-1.3969470857328212
2026-09-14,PPF,-39.94750912451613
2026-09-14,PPG,-23.77146121440939
2026-09-14,PPH,-18.60357334109633
2026-09-14,PPI,-23.05990190961666
2026-09-14,PPJ,-16.83528300850536
2026-09-14,PPK,0.05205197496422639
2026-09-14,PPM,-7.911010973177538
2026-09-14,PPN,-0.20970385192923985
2026-09-14,PPO,-1.642838581642975e-05
2026-09-14,PPP,-51.62040241642867
2026-09-14,PPS,-12.884591311274898
2026-09-14,PPT,-7.043080544338311
2026-09-14,PPU,-5.154920438356841e-06
2026-09-14,PPV,-67.5262693536161
2026-09-14,PPZ,-18.833395945343316
2026-09-14,PRD,-12.896108519864663
2026-09-14,PRF,0.0
2026-09-14,PRH,-3.920420624442894
2026-09-14,PRR,-11.855787976757162
2026-09-14,PRU,-2.9709797275475096
2026-09-14,PRV,-43.36791816673298
2026-09-14,PRY,-65.40699295497508
2026-09-14,PSD,0.0
2026-09-14,PSE,-5.865244458245768
2026-09-14,PSG,-14.5000630709312
2026-09-14,PSH,-5.576574089277385
2026-09-14,PSL,-6.853496356277451
2026-09-14,PSO,0.0
2026-09-14,PSR,0.3095462156721613
2026-09-14,PSS,-22.43249559793298
2026-09-14,PST,-2.0370267559884912e-05
2026-09-14,PTC,0.33785585996039963
2026-09-14,PTE,5.98561365743175
2026-09-14,PTF,-4.106294062050519
2026-09-14,PTG,0.0
2026-09-14,PTL,-4.300673010980399
2026-09-14,PTN,30.973421125772038
2026-09-14,PTO,-44.87235865376437
2026-09-14,PTP,284.8752973370905
2026-09-14,PTS,8.389673563324825
2026-09-14,PUA,0.0
2026-09-14,PUC,-14.270001677523906
2026-09-14,PUH,26.609760987042907
2026-09-14,PUK,-90.22043362712398
2026-09-14,PUR,-10.134427350826046
2026-09-14,PUT,0.0
2026-09-14,PUV,0.0
2026-09-14,PVK,-8.429099471588607
2026-09-14,PYB,-46.44632531610138
2026-09-14,PYD,-0.0005123582396163236
2026-09-14,PYF,44.64739166174687
2026-09-14,PYH,7.110513948971338
2026-09-14,PYI,-16.524110174456453
2026-09-14,PYL,0.0
2026-09-14,PYR,-10.75260873674523
2026-09-14,PYS,-2.8720708153588284
2026-09-14,RAF,-0.29792806875677724
2026-09-14,RAI,0.0
2026-09-14,RAN,0.0
2026-09-14,RAV,-0.003619907488062521
2026-09-14,RAY,0.0
2026-09-14,RBA,-5.0538594705230935
2026-09-14,RBB,34.59796304193488
2026-09-14,RBE,0.0
2026-09-14,RBF,-19.918366553863407
2026-09-14,RBH,-6.375636170630418
2026-09-14,RBI,-7.017598912341826
2026-09-14,RBK,-19.063214297050674
2026-09-14,RBL,-27.178985722148948
2026-09-14,RBN,-13.587349284082778
2026-09-14,RBP,-34.038428932164656
2026-09-14,RBR,22.112442555726545
2026-09-14,RBT,2.5362879401988465
2026-09-14,RBV,13.508149316637446
2026-09-14,RCL,0.0
2026-09-14,RCS,0.0
2026-09-14,RCV,-0.34008721749190696
2026-09-14,RD1,-1.8246059816698827
2026-09-14,RDF,-4.942835935869941
2026-09-14,RDH,0.008859921534587487
2026-09-14,RDK,0.0
2026-09-14,RDS,0.0
2026-09-14,RDT,5.522519992090788
2026-09-14,RDZ,-0.001213489108188646
2026-09-14,RE6,166.29918305837046
2026-09-14,RE7,0.0
2026-09-14,RE8,-42.59437449922323
2026-09-14,RFM,226.42066684051468
2026-09-14,RGD,-7.269473453849748
2026-09-14,RGH,-7.645273551409747
2026-09-14,RHD,0.0
2026-09-14,RHI,43.65980286205427
2026-09-14,RHS,-4.212876765657848
2026-09-14,RIA,-35.05213154110857
2026-09-14,RIH,-45.29935937034281
2026-09-14,RIK,-25.936289064616037
2026-09-14,RJG,-36.21031708675708
2026-09-14,RKC,-4.908544199454055
2026-09-14,RKH,-2.9796571351548446
2026-09-14,RKL,0.0
2026-09-14,RKS,-1.22353414542294
2026-09-14,RKV,-11.516322423293019
2026-09-14,RLH,-0.16411650585080576
2026-09-14,RO1,-2.2535477518910425
2026-09-14,ROD,-7.068737513163413
2026-09-14,ROF,-3.1974139591054107
2026-09-14,ROY,0.0
2026-09-14,RPC,3.5717763133097664
2026-09-14,RPD,-8.504405464219703
2026-09-14,RPG,1.2487354016050023
2026-09-14,RPI,10.043380131219596
2026-09-14,RPK,0.0
2026-09-14,RPL,-2.611061276388256
2026-09-14,RPM,9.718802367411925
2026-09-14,RPN,0.0
2026-09-14,RPO,0.0
2026-09-14,RPP,-3.9272918686857943
2026-09-14,RPS,-0.6381745493128171
2026-09-14,RPT,-0.9145636933980078
2026-09-14,RPU,0.0
2026-09-14,RPX,-1.7263952911377902
2026-09-14,RRA,-59.81751516747597
2026-09-14,RRP,-15.872126738106775
2026-09-14,RS1,-11.827435006862604
2026-09-14,RSF,5.487762032614276
2026-09-14,RSK,-21.702600061603313
2026-09-14,RSY,0.0
2026-09-14,RSZ,-1.981642557687397
2026-09-14,RTA,0.0
2026-09-14,RTB,-11.937045548602105
2026-09-14,RTD,1.0854383841865136
2026-09-14,RTG,-7.074362368990722
2026-09-14,RTH,-17.47779492126397
2026-09-14,RTI,39.313648306115496
2026-09-14,RTP,-12.511389738728528
2026-09-14,RUH,0.21722352664737773
2026-09-14,RUT,-7.74551603404838
2026-09-14,RVI,108.30114039723836
2026-09-14,RVS,-1.4761954741770587
2026-09-14,RYA,-0.0009427947327264239
2026-09-14,RYB,-0.06861899557178734
2026-09-14,RYD,0.0
2026-09-14,RYF,-7.698625027562342
2026-09-14,RYU,1.6130449366807669
2026-09-14,RZR,0.0
2026-09-14,SAP,11.545877965768268
2026-09-14,SAR,0.0
2026-09-14,SAS,-3.912090677822421
2026-09-14,SAT,0.0
2026-09-14,SBH,-22.74058700624739
2026-09-14,SBI,0.0
2026-09-14,SBR,0.0
2026-09-14,SBS,0.0
2026-09-14,SCZ,-1.4274521988107962
2026-09-14,SD1,54.62511299092417
2026-09-14,SDA,-0.012720681248707866
2026-09-14,SEH,-0.0014757845972846865
2026-09-14,SER,-0.47341512636188515
2026-09-14,SFA,0.018882271416120415
2026-09-14,SFS,0.0404896522404136
2026-09-14,SGK,0.26749913504603773
2026-09-14,SGT,-4.242477221663979
2026-09-14,SHC,24.43545739720564
2026-09-14,SHE,1.5669601027808664
2026-09-14,SHI,-2.2249622987589127e-07
2026-09-14,SHU,59.76131005213827
2026-09-14,SIA,-99.94030796018504
2026-09-14,SIS,48.782869394184544
2026-09-14,SJP,0.0
2026-09-14,SKL,-5.202592439754373
2026-09-14,SKO,-8.255540434764052
2026-09-14,SKS,0.0
2026-09-14,SKT,6.323803790062316
2026-09-14,SKZ,31.300295403240202
2026-09-14,SLF,43.98060525493837
2026-09-14,SLG,-7.984053179712198
2026-09-14,SLR,0.0
2026-09-14,SLS,0.15956614972023958
2026-09-14,SMP,0.0
2026-09-14,SNY,-14.842245758988057
2026-09-14,SOS,88.42073833598691
2026-09-14,SPA,3.3917680595521658
2026-09-14,SPD,0.0
2026-09-14,SPE,6.763987147088186
2026-09-14,SPN,-0.30684380344192747
2026-09-14,SPP,-20.720809875422727
2026-09-14,SPR,-1.2623108781614074
2026-09-14,SPT,1.8837724289188247
2026-09-14,SRA,-20.93526152046996
2026-09-14,SRE,0.0
2026-09-14,SRL,-77.12140791133302
2026-09-14,SRO,0.0
2026-09-14,SSD,0.0
2026-09-14,SSE,0.22446721895769528
2026-09-14,SSF,0.0
2026-09-14,SSK,1.6030621925465454
2026-09-14,SSN,0.0
2026-09-14,SSO,0.0
2026-09-14,SSS,-7.582522886382281
2026-09-14,SST,0.0
2026-09-14,ST1,-3.175868175298964
2026-09-14,STI,-104.02565161304962
2026-09-14,STM,0.15552068213517287
2026-09-14,STS,0.0
2026-09-14,STZ,-2.4127871438588984
2026-09-14,SUA,9.988677634249655
2026-09-14,SUB,-1.7369141446459881
2026-09-14,SUC,-0.8618272960048101
2026-09-14,SUR,-0.1136095572179481
2026-09-14,SVB,-12.99561707939164
2026-09-14,SVS,0.0
2026-09-14,SVY,-19.448527230530278
2026-09-14,SYF,0.0
2026-09-14,SYL,0.0
2026-09-14,SYR,0.0
2026-09-14,SYS,0.0
2026-09-14,T3B,31.651432273367597
2026-09-14,TAL,-3.0596567480175936
2026-09-14,TAO,0.0
2026-09-14,TAR,1.911304892352322
2026-09-14,TAU,2.101015676728345
2026-09-14,TAZ,0.0
2026-09-14,TB9,0.037405675622978536
2026-09-14,TBP,-9.555201597659353
2026-09-14,TBT,37.73870804052568
2026-09-14,TBV,-5.061314340643884
2026-09-14,TCA,-1.74347926384034
2026-09-14,TCB,-0.08114377708207587
2026-09-14,TCC,-8.92050824025434
2026-09-14,TCD,-1.9594356008992504
2026-09-14,TCF,-8.078478162882849
2026-09-14,TCG,0.0
2026-09-14,TCH,1.2321989041487305
2026-09-14,TCI,0.0
2026-09-14,TCS,-0.17564990102498207
2026-09-14,TDG,0.4153459623589933
2026-09-14,TDP,-57.78499282533707
2026-09-14,TE3,-0.9096392537406937
2026-09-14,TE4,40.791692816046684
2026-09-14,TEJ,-0.4581891225885503
2026-09-14,TFE,2.111684089218533
2026-09-14,TFF,-4.328989042459881
2026-09-14,TFU,-61.058186016319326
2026-09-14,TGA,-1.9041172502387123
2026-09-14,TGE,-5.452289261783652
2026-09-14,TGN,-24.475860459303483
2026-09-14,TGR,-4.576904580448016
2026-09-14,TGT,99.80305392807439
2026-09-14,TGV,0.019380852248215955
2026-09-14,TGZ,0.01830835370485504
2026-09-14,THD,-5.385607795648459
2026-09-14,THF,1860.8403020239582
2026-09-14,THG,-0.7587938030986666
2026-09-14,THH,0.0
2026-09-14,THO,0.0
2026-09-14,THS,0.0
2026-09-14,THT,140.2929046846725
2026-09-14,THV,0.02022603997148171
2026-09-14,TI1,-8.606312963065996
2026-09-14,TI2,-5.647817774705916
2026-09-14,TI3,-2.9753997272078867
2026-09-14,TI4,-6.919072684869559
2026-09-14,TI6,18.67994523418647
2026-09-14,TI7,-1.1441093953073995
2026-09-14,TIE,18.702682429118468
2026-09-14,TIL,-10.661355267577422
2026-09-14,TIP,1728.443370746185
2026-09-14,TIV,81.3372830663887
2026-09-14,TJB,0.0
2026-09-14,TJF,-0.8828302686998314
2026-09-14,TJI,-16.974071216313
2026-09-14,TJL,0.0
2026-09-14,TJT,-3.4903787739485423
2026-09-14,TKF,-0.6655162435433243
2026-09-14,TKH,0.0
2026-09-14,TKK,-1.5721134143562114
2026-09-14,TKM,0.3550568709333815
2026-09-14,TLC,125.95619167921316
2026-09-14,TLE,-0.0853316621457692
2026-09-14,TLH,-2.6701508579263926
2026-09-14,TLK,-10.16191997551446
2026-09-14,TLT,0.0
2026-09-14,TLU,-18.432073079709088
2026-09-14,TLV,12.7562702973597
2026-09-14,TLY,-26.331475448928853
2026-09-14,TLZ,6.694645484193151
2026-09-14,TMC,-27.864892892325603
2026-09-14,TMG,1.976110115587562
2026-09-14,TMM,90.55738648369906
2026-09-14,TMR,-1.1077918205696036
2026-09-14,TMS,5.626461071454391
2026-09-14,TMU,-5.042057565512326
2026-09-14,TMV,0.828145108878281
2026-09-14,TMZ,2.425095365892838
2026-09-14,TNB,-6.830307796722845
2026-09-14,TND,-1.4084729379489862
2026-09-14,TNF,0.0
2026-09-14,TNH,19249.930179449668
2026-09-14,TNI,10.524961109473516
2026-09-14,TNK,4.1590616797731395
2026-09-14,TNS,0.0
2026-09-14,TO8,1.914140988806073
2026-09-14,TOK,-2.9089740475674772
2026-09-14,TOT,-1.5727534313951952
2026-09-14,TP1,0.0
2026-09-14,TP2,28.985329034387565
2026-09-14,TPC,-4.769883537798302
2026-09-14,TPE,-2.0895927025313914
2026-09-14,TPF,-0.9591639404285245
2026-09-14,TPJ,4.631011179126424
2026-09-14,TPL,-1.3698419595739297
2026-09-14,TPO,0.0
2026-09-14,TPP,-0.9295660697789625
2026-09-14,TPR,0.0
2026-09-14,TPV,-0.14609370989232248
2026-09-14,TPZ,10.400240967184757
2026-09-14,TRJ,21.317091719993456
2026-09-14,TRN,0.0
2026-09-14,TRO,-9.712544963732366
2026-09-14,TRR,-0.9920037904154402
2026-09-14,TRU,4.651393629427555
2026-09-14,TSI,1.338735562369993
2026-09-14,TSP,0.05181947773980541
2026-09-14,TTA,-1.2871009006971281
2026-09-14,TTE,-2.874609796073808
2026-09-14,TTL,-0.23549749887235524
2026-09-14,TTP,0.0
2026-09-14,TTS,0.0
2026-09-14,TTV,-7.722027290584714
2026-09-14,TTZ,0.0
2026-09-14,TUA,-2.4421224035298907
2026-09-14,TVE,-24.009659192703424
2026-09-14,TVN,39.349928982179954
2026-09-14,TYH,-10.486490647077568
2026-09-14,TZC,-1.1553694086976116
2026-09-14,TZD,-1.4787153732531975
2026-09-14,TZH,2.4812902158176393
2026-09-14,TZL,-11.325947567878824
2026-09-14,TZP,-0.16876845339950935
2026-09-14,TZT,6.147516413270548
2026-09-14,TZV,25.018264715135413
2026-09-14,UAB,0.0
2026-09-14,UAP,0.0
2026-09-14,UCN,0.9134377766779951
2026-09-14,UCP,-6.906638278269611
2026-09-14,UFH,0.0
2026-09-14,UHL,0.0
2026-09-14,UHS,0.0
2026-09-14,ULH,-1.7147031193326188
2026-09-14,ULL,0.0
2026-09-14,UNT,-57.790996564254684
2026-09-14,UP1,1.0120149748397878
2026-09-14,UP2,10.261159576982708
2026-09-14,UPD,-4.349618832541257
2026-09-14,UPH,-42.878773440661725
2026-09-14,UPP,-0.8302606895345652
2026-09-14,UPS,0.0
2026-09-14,URA,-11.031914718640769
2026-09-14,URC,-3.2990511633728277
2026-09-14,URD,0.9575181176315922
2026-09-14,URG,0.0
2026-09-14,URM,84.27301563609153
2026-09-14,URS,0.0
2026-09-14,URV,0.0
2026-09-14,USS,0.0
2026-09-14,UST,0.0
2026-09-14,USY,-0.6248347656925749
2026-09-14,UYH,-3.650642671127456
2026-09-14,UZY,18.812271435683098
2026-09-14,VAY,16.768670397215423
2026-09-14,VCD,-79.7651498843999
2026-09-14,VCG,-0.07551850597010264
2026-09-14,VCY,-1.7798870098131878
2026-09-14,VFK,48.23282812394139
2026-09-14,VFO,299.8635520867593
2026-09-14,VFS,0.0
2026-09-14,VHK,398.92652353928713
2026-09-14,VHS,22.03881084644369
2026-09-14,VK6,-7.7317969857384945
2026-09-14,VKI,-68.885345362172
2026-09-14,VKK,64.78616954475926
2026-09-14,VKR,975.7301400983762
2026-09-14,VKT,39.79053560390376
2026-09-14,VKV,619.4949814303807
2026-09-14,VLT,18.936321620700998
2026-09-14,VMV,4.136744894949352
2026-09-14,VNK,-3.800433859482065
2026-09-14,VPA,-17.144619841290154
2026-09-14,VPD,223.66024540546215
2026-09-14,VPE,194.29013050830065
2026-09-14,VPH,1307.60692209829
2026-09-14,VPP,2.398851186653955
2026-09-14,VPS,-28.55824560468766
2026-09-14,VRK,-0.03784443130575781
2026-09-14,VTF,0.0
2026-09-14,VTL,35.382254725060804
2026-09-14,YA1,202.65611874891167
2026-09-14,YAC,-1.9130163439425947
2026-09-14,YAE,1.4013699417737029
2026-09-14,YAK,-0.35531584644416736
2026-09-14,YAN,-1.4126592669668634
2026-09-14,YAR,0.0
2026-09-14,YAS,-2.850018986932951
2026-09-14,YAY,-0.2047724775110235
2026-09-14,YBE,-0.8510356306929385
2026-09-14,YBH,-0.8922823153867641
2026-09-14,YBJ,0.0
2026-09-14,YBP,-0.7062752820554976
2026-09-14,YBR,6.022468541656992
2026-09-14,YBS,3.25998112223925
2026-09-14,YCG,0.0
2026-09-14,YCH,-2.605230522404206
2026-09-14,YCK,0.1945879862881869
2026-09-14,YCL,-13.383585675549343
2026-09-14,YCP,0.6179230534139629
2026-09-14,YCY,38.5031611534526
2026-09-14,YDH,24.758877945480435
2026-09-14,YDI,-0.36222330908853084
2026-09-14,YDK,-0.379190292228109
2026-09-14,YDL,0.0
2026-09-14,YDM,0.0
2026-09-14,YDP,14.946847668742027
2026-09-14,YDZ,-1.5039472740405135
2026-09-14,YEF,34.54345340107018
2026-09-14,YFV,1.9856215184288446
2026-09-14,YGM,1.5812481157399056
2026-09-14,YHB,-3.5746777656882225
2026-09-14,YHI,-3.845764206560629
2026-09-14,YHK,0.20902003884985024
2026-09-14,YHP,-2.6483839518332526
2026-09-14,YHS,-8.537711110377947
2026-09-14,YHT,57.210350148830955
2026-09-14,YHY,0.0
2026-09-14,YHZ,6.333568061462216
2026-09-14,YIK,-87.67793662702258
2026-09-14,YIS,-14.357834710863033
2026-09-14,YIT,-11.035905806718407
2026-09-14,YIV,0.0
2026-09-14,YJA,0.0
2026-09-14,YJH,-3.554505156946556
2026-09-14,YJK,-1.616087935776767
2026-09-14,YJU,0.0
2026-09-14,YJY,1.77775638137329
2026-09-14,YKS,16.358726252177743
2026-09-14,YKT,-2.414369744372976
2026-09-14,YLB,-12.876709472175026
2026-09-14,YLC,-2.144826914456016
2026-09-14,YLE,-15.071102065040867
2026-09-14,YLO,-3.5989468447062856
2026-09-14,YLR,0.0
2026-09-14,YLY,5.515055473885525
2026-09-14,YLZ,-159.70323311890934
2026-09-14,YMD,-1.0878817943020904
2026-09-14,YMH,-0.9965529341843474
2026-09-14,YMP,46.26376469855087
2026-09-14,YNF,4411.172501412203
2026-09-14,YNK,0.36770325090897227
2026-09-14,YNL,0.0
2026-09-14,YOA,-0.5216050904687901
2026-09-14,YOS,-6.334821779523538
2026-09-14,YOT,9.975810569553948
2026-09-14,YOZ,3.3983371086060963
2026-09-14,YP1,0.0
2026-09-14,YP2,0.0
2026-09-14,YP4,-0.5023403331357718
2026-09-14,YPC,-0.8871478069046207
2026-09-14,YPD,0.0
2026-09-14,YPF,11.413175135740024
2026-09-14,YPI,-1.1132220535253181
2026-09-14,YPK,-1.7146695726844834
2026-09-14,YPL,-0.06978941227756857
2026-09-14,YPN,16.350030878020725
2026-09-14,YPP,0.0
2026-09-14,YPR,-0.7022973819259543
2026-09-14,YPT,-16.78711234717434
2026-09-14,YPU,9.51760038407649
2026-09-14,YPV,-2.337992303834895
2026-09-14,YRZ,-0.060961719581623615
2026-09-14,YSA,21.7841970504924
2026-09-14,YSH,11.805893690994603
2026-09-14,YSL,-1.3845137779829895
2026-09-14,YSO,26.690874145064825
2026-09-14,YSU,1.730670434774815
2026-09-14,YTD,0.641726941734339
2026-09-14,YTJ,0.0
2026-09-14,YTO,0.0
2026-09-14,YTR,0.0
2026-09-14,YTV,-1.695228790778526
2026-09-14,YTY,7.6692059932876075
2026-09-14,YUB,-2.4071660122834246
2026-09-14,YUD,-1.389279360023267
2026-09-14,YUI,0.0
2026-09-14,YUK,0.0
2026-09-14,YUN,0.8162491715088963
2026-09-14,YUY,0.0
2026-09-14,YVB,22.344155871421385
2026-09-14,YVD,54.17584691300692
2026-09-14,YVF,0.0
2026-09-14,YVG,1.7034850360110307
2026-09-14,YVO,31.381863037096103
2026-09-14,YVS,0.0
2026-09-14,YZC,-1.0078026908473674
2026-09-14,YZF,0.0
2026-09-14,YZG,-3.6400524065883837
2026-09-14,YZH,-2.2921344552276066
2026-09-14,YZK,-8.472126945378454
2026-09-14,YZL,-2.0599519633066867
2026-09-14,YZT,116.67026343587754
2026-09-14,ZA2,-11.47771658700475
2026-09-14,ZAD,-10.948800630515327
2026-09-14,ZAV,0.24336047614606182
2026-09-14,ZAY,-28.607102029966434
2026-09-14,ZBD,0.05883305150034962
2026-09-14,ZBI,-1.5580911112647713
2026-09-14,ZBJ,6.650307797944707
2026-09-14,ZBN,-3.3083219410529137
2026-09-14,ZBO,0.3588417991910131
2026-09-14,ZBZ,0.0
2026-09-14,ZCA,0.0
2026-09-14,ZCB,-63.761210540389655
2026-09-14,ZCC,0.0
2026-09-14,ZCD,-1.1170448534484432
2026-09-14,ZCE,0.0
2026-09-14,ZCG,-8.185616424276308
2026-09-14,ZCH,0.0
2026-09-14,ZCK,5.290249564397692
2026-09-14,ZCN,3.0126195513614897
2026-09-14,ZDD,0.7345172974042559
2026-09-14,ZDK,0.0
2026-09-14,ZDZ,-1.0901625035542966
2026-09-14,ZFB,-1.7800513733831909
2026-09-14,ZHH,5.0816316702793305
2026-09-14,ZIH,110.31271546975859
2026-09-14,ZJB,-0.29879193504421836
2026-09-14,ZJH,0.0
2026-09-14,ZJI,-0.7369837193866186
2026-09-14,ZJL,-3.001676821366812
2026-09-14,ZJT,0.0
2026-09-14,ZJV,-0.2303645997831023
2026-09-14,ZK1,-5.8292824563105885
2026-09-14,ZK2,-33.47800010495812
2026-09-14,ZLB,-2.434081213948532
2026-09-14,ZLG,0.0
2026-09-14,ZLH,5.083930718654004
2026-09-14,ZMT,3.5338980913658267
2026-09-14,ZMU,2.1436592648233233
2026-09-14,ZMY,-1.036818814198494
2026-09-14,ZOS,0.0
2026-09-14,ZP1,0.0
2026-09-14,ZP2,0.0
2026-09-14,ZP3,0.0
2026-09-14,ZP6,-12.987508275586418
2026-09-14,ZP7,0.0
2026-09-14,ZP8,-3.2663519217450268
2026-09-14,ZP9,19.22389394772287
2026-09-14,ZPA,7.900068076621884
2026-09-14,ZPC,-0.09697380588003313
2026-09-14,ZPE,3.399211308092662
2026-09-14,ZPF,-0.8235971511682613
2026-09-14,ZPG,-2.266981356931436
2026-09-14,ZPH,13.217085426697073
2026-09-14,ZPJ,-11.910316733082693
2026-09-14,ZPK,32.74226552764901
2026-09-14,ZPN,-2.8737502870077885
2026-09-14,ZPO,76.53873457181616
2026-09-14,ZPR,33.89741796130386
2026-09-14,ZR2,0.0
2026-09-14,ZR3,0.4033728304619919
2026-09-14,ZSB,-28.609361195456817
2026-09-14,ZSF,2.52721011395904
2026-09-14,ZSG,1.6004566271097938
2026-09-14,ZSN,0.0
2026-09-14,ZTF,0.0
2026-09-14,ZTG,10.47686932878748
2026-09-14,ZTV,9976.593724736464
2026-09-14,ZUD,342.7499032908039
2026-09-14,ZUE,38.64321719623518
2026-09-14,ZUS,-2.9378538860175314
2026-09-14,ZVB,-0.24952840838933643
2026-09-14,ZVO,0.12323899715251259
2026-09-14,ZYC,0.03354206081597884
2026-09-14,ZYD,0.0
2026-09-14,ZZL,0.0
2026-09-14,DP6,-0.012499052352852258
2026-09-14,ZJR,0.0
2026-09-14,DKY,0.0
2026-09-15,AAL,-11.423227151706184
2026-09-15,AAS,1.7360105597513664
2026-09-15,AAV,12.117082261892051
2026-09-15,ABG,-0.3697500509120176
2026-09-15,ABJ,0.0
2026-09-15,ABU,0.0
2026-09-15,AC1,34.89869265662497
2026-09-15,AC2,204.87098576655697
2026-09-15,AC3,0.0
2026-09-15,AC4,-11.266786869760315
2026-09-15,AC5,0.3924969676799424
2026-09-15,AC6,1.3212624071927632
2026-09-15,AC7,-1.246074244390319e-06
2026-09-15,AC8,-0.26728482123649416
2026-09-15,ACC,-35.06670755934888
2026-09-15,ACD,-0.24595392298521346
2026-09-15,ACN,-0.5862576417668073
2026-09-15,ACU,0.7062439497295385
2026-09-15,ADE,-6.1606763979973955
2026-09-15,ADP,4.764228320264714
2026-09-15,AED,4.51817350375796
2026-09-15,AES,-2.594791134294724
2026-09-15,AEV,1.8524355764256353
2026-09-15,AFA,-2.28098863916477
2026-09-15,AFO,-2.3926465329206286
2026-09-15,AFS,3.285237817750536
2026-09-15,AFT,-3.235999562950683
2026-09-15,AFV,-8.218343488760679
2026-09-15,AGC,-16.81656722940258
2026-09-15,AHH,0.0
2026-09-15,AHI,-4.76908916430683
2026-09-15,AHN,6.097001943472666
2026-09-15,AHU,-32.57528492743104
2026-09-15,AHV,3.6296692953687524
2026-09-15,AHZ,81.93013845681239
2026-09-15,AI1,6.36252954284619e-05
2026-09-15,AIH,0.0
2026-09-15,AII,0.0
2026-09-15,AIM,0.0
2026-09-15,AIR,-0.371448239297367
2026-09-15,AIS,-23.028024810912655
2026-09-15,AJ1,-2.1488911057021687
2026-09-15,AJE,-3.6215002156637124
2026-09-15,AJK,-0.41785475030925306
2026-09-15,AJL,-6.5139569368062995
2026-09-15,AJN,-4.873098178745114
2026-09-15,AK2,65.39866642770525
2026-09-15,AK3,1.666779907277654
2026-09-15,AKE,-0.6367773787452647
2026-09-15,AKU,8.995151662859792
2026-09-15,AL4,0.0
2026-09-15,AL5,-3.6511211072406664
2026-09-15,AL6,0.0
2026-09-15,AL7,10.270880870904307
2026-09-15,ALC,0.7889498595982267
2026-09-15,ALE,4.121103340939243
2026-09-15,AN1,1.3505211800837393
2026-09-15,ANL,-5.445356288222474
2026-09-15,ANZ,0.07222613841288167
2026-09-15,AOJ,1.4927019296727513
2026-09-15,AOY,-7.129999985339196
2026-09-15,AP2,-2.839756058122957
2026-09-15,AP4,0.0
2026-09-15,AP5,2.0413565662982127
2026-09-15,AP6,-9.453057863543573e-06
2026-09-15,AP7,-26.9254616750369
2026-09-15,APJ,-3.3305741049515154
2026-09-15,APP,-74.16530752630243
2026-09-15,APT,52.52616924544067
2026-09-15,ARE,30.771055895088473
2026-09-15,ARF,0.0
2026-09-15,ARL,-2.772294482773362
2026-09-15,ARM,-6.600995696072752
2026-09-15,ARP,0.0
2026-09-15,AS1,-7.799145065959381
2026-09-15,AS3,0.00035362535106985715
2026-09-15,ASJ,-31.481521012761565
2026-09-15,ATJ,0.043227519748994976
2026-09-15,AU1,3.6745654106694516
2026-09-15,AUV,-38.53380894006689
2026-09-15,AVC,0.0
2026-09-15,AVT,24.364020947040583
2026-09-15,AVZ,0.0
2026-09-15,AY6,0.0
2026-09-15,AY7,0.0
2026-09-15,AYA,-3.5010849482103605
2026-09-15,AYR,-0.6753601259340077
2026-09-15,AZF,0.0
2026-09-15,AZJ,27.60436307531089
2026-09-15,AZV,0.006360305420702592
2026-09-15,AZZ,-9.264159957907848e-05
2026-09-15,BA1,1.4212411680743782
2026-09-15,BAC,0.0
2026-09-15,BAG,1.8748355091844562
2026-09-15,BAI,37.14679505715395
2026-09-15,BAL,0.0
2026-09-15,BAO,0.0
2026-09-15,BAS,0.0
2026-09-15,BBF,4.776531721789499
2026-09-15,BBI,0.06829379586151645
2026-09-15,BBN,0.0
2026-09-15,BBO,-2.207850783088294
2026-09-15,BBP,12.216390635874658
2026-09-15,BBS,62.57226721998415
2026-09-15,BCC,0.0
2026-09-15,BCK,-0.4307234258410388
2026-09-15,BCO,183.98775105561216
2026-09-15,BDA,-12.826150270484238
2026-09-15,BDC,-13.511176078109482
2026-09-15,BDI,-8.147649360592672e-10
2026-09-15,BDO,-41.39903778773259
2026-09-15,BDS,-22.22336748244006
2026-09-15,BDY,9.822669805439615
2026-09-15,BFE,7.582030437012925
2026-09-15,BFO,30.765522419697927
2026-09-15,BFS,31.059260830371667
2026-09-15,BFT,-7.462263461201755
2026-09-15,BGH,0.0
2026-09-15,BGP,-15.652576587036899
2026-09-15,BGR,10.182001406282847
2026-09-15,BHA,3.0817464613508325
2026-09-15,BHE,14.202518045003318
2026-09-15,BHF,-13.259987227447986
2026-09-15,BHH,-4.243575736662541e-07
2026-09-15,BHI,9.251894823745117
2026-09-15,BHL,-2.17825385872954
2026-09-15,BHN,-33.532391714556624
2026-09-15,BHO,0.0
2026-09-15,BI5,-65.31467996626806
2026-09-15,BIA,3512.8457653518553
2026-09-15,BID,-0.5363548306444793
2026-09-15,BIG,-6.162410320861387
2026-09-15,BIH,-0.003296640773645515
2026-09-15,BIK,0.006205707425511626
2026-09-15,BIO,-26.932243702479912
2026-09-15,BIP,34.31106843611553
2026-09-15,BIS,0.3438525770940742
2026-09-15,BIY,0.7515840246778872
2026-09-15,BJD,-10.425909122597886
2026-09-15,BKO,255.57454765040924
2026-09-15,BKY,18.392590406402633
2026-09-15,BLA,0.0
2026-09-15,BLD,-5.911814759546631
2026-09-15,BLT,5.319077915518379
2026-09-15,BMU,-45.256070410247965
2026-09-15,BNC,0.7521120870125642
2026-09-15,BNH,0.6259972616604884
2026-09-15,BOH,0.0
2026-09-15,BOL,17.237548683077325
2026-09-15,BON,58.42419780588297
2026-09-15,BOP,0.0
2026-09-15,BOS,-73.19390787517575
2026-09-15,BP5,-19.225549362714215
2026-09-15,BPD,9.690201889115905
2026-09-15,BPV,300320099899.89325
2026-09-15,BPZ,134.75266945808988
2026-09-15,BRB,0.0
2026-09-15,BRC,-11.511992682196762
2026-09-15,BRF,2.3295979536956217
2026-09-15,BRG,9.921133797904568
2026-09-15,BRH,-5.698020878950408
2026-09-15,BRR,2587.296257432398
2026-09-15,BRT,-27.555252998850648
2026-09-15,BRZ,0.0
2026-09-15,BS1,3908.602702961072
2026-09-15,BSA,0.0
2026-09-15,BSC,-0.00010553422773289839
2026-09-15,BSD,-5.513539480763748
2026-09-15,BSE,-1.3441025030746103e-06
2026-09-15,BSF,0.0
2026-09-15,BSH,1.5211084986101073
2026-09-15,BSM,10.020675102735702
2026-09-15,BSN,-1.1917340462290504e-05
2026-09-15,BST,-13.630960431924812
2026-09-15,BTE,-2.740152000085129
2026-09-15,BTJ,-1.8956523671944077
2026-09-15,BTK,6.992434541347106
2026-09-15,BTP,-35.22397640255105
2026-09-15,BTY,0.0
2026-09-15,BTZ,-0.15387539424985067
2026-09-15,BUB,-32.43009174602414
2026-09-15,BUC,-85.20526974730448
2026-09-15,BUP,0.0
2026-09-15,BUT,-20.169003253385515
2026-09-15,BUV,-16.849565809603344
2026-09-15,BUY,-5.133647360303127
2026-09-15,BV1,7.537296365631946
2026-09-15,BVB,0.0
2026-09-15,BVC,0.0
2026-09-15,BVD,-19.633983235830215
2026-09-15,BVF,24.302477690807383
2026-09-15,BVH,0.0
2026-09-15,BVI,-1.3055648112658518
2026-09-15,BVK,6.793237357839173
2026-09-15,BVM,-0.2372790646399686
2026-09-15,BVT,0.0
2026-09-15,BVV,-17.26656257301403
2026-09-15,BVZ,16.457298144396667
2026-09-15,BYZ,-0.0011345509397041327
2026-09-15,CAH,-52.577383387950796
2026-09-15,CBD,2902.974536598056
2026-09-15,CBN,0.0
2026-09-15,CBO,0.0
2026-09-15,CEY,0.0
2026-09-15,CFO,-9.641344847634944
2026-09-15,CGD,0.0
2026-09-15,CHY,-0.009234491252921197
2026-09-15,CIN,-7.852847230607033
2026-09-15,CJD,8094.652767597574
2026-09-15,CJF,-15.313631490000853
2026-09-15,CJG,0.0
2026-09-15,CJH,-2.3354133830884356
2026-09-15,CKF,5.827087479058302
2026-09-15,CKL,6.4031515313947125
2026-09-15,CKS,7.02416706126501
2026-09-15,COT,-1.5805518143359145
2026-09-15,CPT,-13.663948906982753
2026-09-15,CPU,-16.797638168945138
2026-09-15,CRL,0.0
2026-09-15,CSD,0.0
2026-09-15,CSH,-3.819139512291729e-07
2026-09-15,CTF,0.0
2026-09-15,CTG,0.0
2026-09-15,CTM,0.0
2026-09-15,CTP,0.0
2026-09-15,CTV,0.0
2026-09-15,CVA,0.0
2026-09-15,CVB,0.0
2026-09-15,CVC,0.0
2026-09-15,CVD,0.0
2026-09-15,CVE,0.0
2026-09-15,CVF,0.0
2026-09-15,CVK,-74.95748061396266
2026-09-15,CVL,817.6969106590595
2026-09-15,CYD,3.7523129711976506
2026-09-15,DA1,-54.43339535290478
2026-09-15,DAC,0.0
2026-09-15,DAE,0.0
2026-09-15,DAH,-0.7827407348899812
2026-09-15,DAI,-0.7473248494451137
2026-09-15,DAL,0.0
2026-09-15,DAP,1600.2261595768775
2026-09-15,DAS,-0.789962203324723
2026-09-15,DAT,0.0
2026-09-15,DAV,2.6563180760784895
2026-09-15,DAZ,0.0
2026-09-15,DB2,-40.03874963219694
2026-09-15,DBA,-2.3907085873225595
2026-09-15,DBB,64.1287165070089
2026-09-15,DBG,0.12150557245420557
2026-09-15,DBH,-1.218715087091962
2026-09-15,DBK,48.040301954657025
2026-09-15,DBP,-0.4649010078341396
2026-09-15,DBZ,-6.553334859167892
2026-09-15,DCB,-0.7315773012783208
2026-09-15,DCD,0.0
2026-09-15,DCE,0.0
2026-09-15,DCN,-10.403259889172148
2026-09-15,DCP,-0.8926762508320536
2026-09-15,DCV,0.0
2026-09-15,DDA,57.775334383875865
2026-09-15,DDC,-11.713587051516381
2026-09-15,DDE,0.0
2026-09-15,DDF,-22.657089157921583
2026-09-15,DDP,0.0
2026-09-15,DEF,-0.10007476696796047
2026-09-15,DEH,200.47778920522626
2026-09-15,DEI,0.009257617909297723
2026-09-15,DFC,-14.20091679514234
2026-09-15,DFD,1.2951307615926122
2026-09-15,DFI,-23.119529982817394
2026-09-15,DFO,0.2409668556083615
2026-09-15,DGF,356.3555876678415
2026-09-15,DGH,-19.88168319962976
2026-09-15,DHI,5.559020275707746
2026-09-15,DHJ,0.7954554507953592
2026-09-15,DHM,-6.690519931598605
2026-09-15,DHP,0.0
2026-09-15,DHS,0.0
2026-09-15,DHT,-2.1506772328268724
2026-09-15,DHV,-18.53115778209013
2026-09-15,DID,2.021976611829066
2026-09-15,DIH,0.0
2026-09-15,DIM,0.0
2026-09-15,DIP,-29.020686791420903
2026-09-15,DK1,-0.006020406085711289
2026-09-15,DK8,-0.00010541740798983478
2026-09-15,DKA,0.0
2026-09-15,DKC,0.5358019564637425
2026-09-15,DKH,-59.72482367122727
2026-09-15,DKL,7.892682509034015
2026-09-15,DKP,-0.2217497686814555
2026-09-15,DKR,-58.127039255639716
2026-09-15,DKS,0.0
2026-09-15,DL2,-60.27596641970096
2026-09-15,DLD,1.7414579939974084
2026-09-15,DLG,-2.8410725319631727
2026-09-15,DLN,15.915780144555338
2026-09-15,DLY,-33.28770327084133
2026-09-15,DLZ,2.322376677081597
2026-09-15,DMG,-2.44566389775375
2026-09-15,DMI,168.70478946192435
2026-09-15,DMV,0.0
2026-09-15,DMZ,0.0
2026-09-15,DNA,0.0
2026-09-15,DNF,494.92573758298175
2026-09-15,DNH,-6.558462053178163
2026-09-15,DNK,-0.3916053809215057
2026-09-15,DNL,0.0
2026-09-15,DNM,6.573968096277641
2026-09-15,DNP,46.127641016948644
2026-09-15,DNU,0.0
2026-09-15,DOC,0.0
2026-09-15,DOD,1.135976957804717
2026-09-15,DOH,3286.1091270621273
2026-09-15,DOL,3.066056235524183
2026-09-15,DOR,0.0
2026-09-15,DOS,0.0
2026-09-15,DOV,0.07056716615568825
2026-09-15,DP1,0.0
2026-09-15,DP2,0.978409306810162
2026-09-15,DP3,-0.23320917862113652
2026-09-15,DP4,-0.883610379257057
2026-09-15,DP5,0.0
2026-09-15,DP7,0.0
2026-09-15,DP8,0.0
2026-09-15,DP9,-0.007979282076946396
2026-09-15,DPB,-26.37553563309344
2026-09-15,DPC,0.0
2026-09-15,DPE,0.0
2026-09-15,DPG,0.0
2026-09-15,DPI,-15.889681544589868
2026-09-15,DPK,0.5676112706415054
2026-09-15,DPL,0.0
2026-09-15,DPN,0.0
2026-09-15,DPP,-72.61731103103017
2026-09-15,DPT,3.2744025148039366
2026-09-15,DPZ,-2.5370900723163516
2026-09-15,DRA,-4.64635229299716
2026-09-15,DRD,0.0
2026-09-15,DRH,-18.712291091928922
2026-09-15,DRT,-26.575489703907735
2026-09-15,DSC,0.0
2026-09-15,DSD,7.386581835195584
2026-09-15,DSH,88.20007599711931
2026-09-15,DSP,2.4203951302103976
2026-09-15,DSV,-60.46239795205287
2026-09-15,DTH,-8.622344910901528
2026-09-15,DTL,-1.8347554193255233
2026-09-15,DTM,-1.8899087838554647
2026-09-15,DTO,0.0
2026-09-15,DTP,0.0
2026-09-15,DTV,0.0
2026-09-15,DTZ,17.852685795168348
2026-09-15,DUC,0.0
2026-09-15,DUD,17.87678514688549
2026-09-15,DUH,-92.3588841460551
2026-09-15,DUT,-0.0022444816127719864
2026-09-15,DUV,10.979424353990845
2026-09-15,DVC,0.0
2026-09-15,DVI,0.0
2026-09-15,DVN,0.0
2026-09-15,DVO,0.0
2026-09-15,DVS,1088.2800741385668
2026-09-15,DVT,1.4541553000585004
2026-09-15,DVU,-2.482540167671858
2026-09-15,DVZ,0.0
2026-09-15,DXP,-5.549936378691148
2026-09-15,DYJ,-0.001462603645783828
2026-09-15,DYN,-0.7631296337596425
2026-09-15,DYS,0.0
2026-09-15,DZ2,17.024879813551465
2026-09-15,DZE,0.34113366011304846
2026-09-15,DZM,-14.97381777313308
2026-09-15,DZP,-0.5260611983709537
2026-09-15,DZS,210.75914118515215
2026-09-15,EBD,-1.1292838700357393
2026-09-15,EBI,2.552052512950313
2026-09-15,EBS,3.379096815009601
2026-09-15,EC2,-3.1901812204328204
2026-09-15,ECA,45.41617920301425
2026-09-15,ECB,-16.836396223123536
2026-09-15,ECV,37.24847411694578
2026-09-15,EDD,34.87315550977084
2026-09-15,EDN,3.3073599815669743
2026-09-15,EDP,168.29515682249456
2026-09-15,EDT,-3.6980247068847003
2026-09-15,EDU,-0.034671459677642055
2026-09-15,EES,0.17946830726293259
2026-09-15,EGP,0.0
2026-09-15,EGR,7.691348779812779
2026-09-15,EHS,0.0
2026-09-15,EIB,-1.6528700270171308
2026-09-15,EID,0.04583010427820428
2026-09-15,EIL,-9.74036612843902
2026-09-15,EJG,0.0
2026-09-15,EKF,-28.20453967272387
2026-09-15,EKL,-24.676038204505467
2026-09-15,ELZ,10.144620959958377
2026-09-15,EME,-0.029660934697646035
2026-09-15,EML,-2.557880969861636
2026-09-15,ENA,52.00699099318583
2026-09-15,ENJ,14.23129734229053
2026-09-15,ENO,13.936104562690108
2026-09-15,ENR,48.76474723667428
2026-09-15,ENS,0.7628521536789888
2026-09-15,EP1,-9.573388994390148
2026-09-15,EPA,1.2180498934006263
2026-09-15,EPI,0.49972223642920616
2026-09-15,EPK,-6.425454640277002
2026-09-15,EPO,0.0
2026-09-15,EPP,-7.674632738085724
2026-09-15,EPT,0.3853200699091588
2026-09-15,ESG,-0.2752817314019321
2026-09-15,ESN,0.0014750532269593942
2026-09-15,ESP,-3.1456399389863257
2026-09-15,ETN,10.171021100186838
2026-09-15,EUN,-3.5574391771954366
2026-09-15,EUZ,2.523994401230665
2026-09-15,EVM,44.65048287308502
2026-09-15,EYT,-6.463266577017459
2026-09-15,EZM,0.0
2026-09-15,FAK,-10.781891139340985
2026-09-15,FAL,-1.3583973640324198
2026-09-15,FBC,-7.194379355090863
2026-09-15,FBI,14.564567027649039
2026-09-15,FBN,1318.5317168657825
2026-09-15,FBV,-1.887888495374693
2026-09-15,FBZ,0.20378360240839843
2026-09-15,FCK,31.034717741148494
2026-09-15,FCS,-15.510410444266803
2026-09-15,FD1,-2.079008161722363
2026-09-15,FDE,-0.24362007583079243
2026-09-15,FDG,-37.393042169510196
2026-09-15,FDO,0.0
2026-09-15,FDV,0.0
2026-09-15,FDZ,0.0
2026-09-15,FFD,31.524259217950423
2026-09-15,FFF,0.0
2026-09-15,FFH,10.87050337850483
2026-09-15,FFO,0.0
2026-09-15,FFP,-1.3387400118341486
2026-09-15,FHI,-93.30301102376632
2026-09-15,FHP,-27.415111812523698
2026-09-15,FHZ,0.0
2026-09-15,FI3,20.117320149532564
2026-09-15,FI5,3.4878661782771028
2026-09-15,FIB,-2.7227980360927737
2026-09-15,FID,-1.448096296176216
2026-09-15,FIL,8.294792517097802
2026-09-15,FIT,43.704942845060444
2026-09-15,FJB,-5.7012924576394255
2026-09-15,FJC,0.0
2026-09-15,FJM,-6.757949441086687
2026-09-15,FJN,-2.7922387538046767
2026-09-15,FJZ,-3.3351533542892033
2026-09-15,FKE,-2.528930527980444
2026-09-15,FKV,-0.10573676071000233
2026-09-15,FLS,6.592948750311218
2026-09-15,FLY,-3.817303816862606
2026-09-15,FMG,-3.6065517565090994
2026-09-15,FMS,0.0
2026-09-15,FMV,0.05791224322619242
2026-09-15,FNO,-0.34053887975680375
2026-09-15,FNT,-27.261253918933125
2026-09-15,FP4,-1.7834551608957412
2026-09-15,FPE,-0.8390147346641782
2026-09-15,FPG,-6.9316280732655375
2026-09-15,FPH,-1.5167148704656896
2026-09-15,FPI,-6.559105853077068
2026-09-15,FPK,-11.433640478005927
2026-09-15,FPR,7.908109209258924
2026-09-15,FPZ,2.0654222784628553
2026-09-15,FR1,-2.525736308343366
2026-09-15,FRA,0.0
2026-09-15,FRC,-17.583595895361363
2026-09-15,FRZ,0.0
2026-09-15,FS1,-7.727134561905295
2026-09-15,FS2,22.050458652620446
2026-09-15,FS3,0.0
2026-09-15,FS4,0.0
2026-09-15,FS5,435.4711820122533
2026-09-15,FS6,149.28332618462167
2026-09-15,FSF,10.965317149286978
2026-09-15,FSG,-6.238391593938493
2026-09-15,FSH,-2.126958897569246
2026-09-15,FSK,-3.155183512469488
2026-09-15,FSM,5.510717032906363
2026-09-15,FSP,-0.8750982913761841
2026-09-15,FSR,18.454920398577205
2026-09-15,FSU,250.32265596162978
2026-09-15,FSV,-0.33064991262547927
2026-09-15,FTL,-26.42350084909199
2026-09-15,FTY,-0.10394594692032344
2026-09-15,FUA,-0.9398421640209619
2026-09-15,FUB,1.5267403336795489
2026-09-15,FUM,0.0
2026-09-15,FUN,162.2989092968727
2026-09-15,FUP,0.0
2026-09-15,FVL,-0.1141441735138871
2026-09-15,FYA,-2.1304450003867887
2026-09-15,FYB,0.0
2026-09-15,FYD,-1.2510313939702706
2026-09-15,FYF,0.0025641616786130036
2026-09-15,FYG,0.0
2026-09-15,FYH,0.0
2026-09-15,FYI,99.45542947725455
2026-09-15,FYM,0.0
2026-09-15,FYO,4.874687290666464
2026-09-15,FYT,46.8083581777265
2026-09-15,FYZ,0.0
2026-09-15,FZJ,-2.381175380240326
2026-09-15,FZP,-6.843401767174309
2026-09-15,GA1,15.45063090267042
2026-09-15,GAC,0.0
2026-09-15,GAE,11.663265728157
2026-09-15,GAF,1.6863583705310925
2026-09-15,GAG,-0.24245719462075302
2026-09-15,GAH,-6.031643454054021
2026-09-15,GAJ,0.0
2026-09-15,GAL,79.34487739844062
2026-09-15,GAN,0.0
2026-09-15,GAS,-0.21593591257910075
2026-09-15,GAU,0.0
2026-09-15,GAV,0.0
2026-09-15,GBC,-1.9295764830896633
2026-09-15,GBG,4.322695334466803
2026-09-15,GBH,1.0852867870175085
2026-09-15,GBJ,25.657153911853985
2026-09-15,GBL,63.01356969735487
2026-09-15,GBN,-0.9574341305597935
2026-09-15,GBP,0.0
2026-09-15,GBV,-12.221198640039981
2026-09-15,GBZ,2.6391735197069606
2026-09-15,GCA,-0.13939200112687888
2026-09-15,GCC,0.0
2026-09-15,GCD,4.8174737069869185
2026-09-15,GCI,0.0
2026-09-15,GCZ,0.0
2026-09-15,GDJ,0.0
2026-09-15,GDP,0.0
2026-09-15,GEC,0.0
2026-09-15,GEI,0.0
2026-09-15,GEZ,0.0
2026-09-15,GFB,0.0
2026-09-15,GFD,-1.4133109954405085
2026-09-15,GFI,0.0
2026-09-15,GFL,0.0
2026-09-15,GFN,0.0
2026-09-15,GFY,0.0
2026-09-15,GGA,-1.1671837395387725
2026-09-15,GGC,0.0
2026-09-15,GGD,0.0
2026-09-15,GGK,-3.159778417184706
2026-09-15,GGM,0.0
2026-09-15,GGN,0.0
2026-09-15,GGP,0.0
2026-09-15,GGR,-0.20999600773374613
2026-09-15,GHS,-11.068339674549634
2026-09-15,GID,-18.080878779947138
2026-09-15,GIE,-0.7338000476178673
2026-09-15,GIH,-29.030136996884533
2026-09-15,GJA,0.0
2026-09-15,GJB,-4.940960142619179
2026-09-15,GJD,-0.17817699258788613
2026-09-15,GJE,0.0
2026-09-15,GJF,-0.4404894961630755
2026-09-15,GJH,-41.437971127014514
2026-09-15,GJM,1.346870358037807
2026-09-15,GJO,0.0
2026-09-15,GKF,0.9118807951876001
2026-09-15,GKG,1.0440579801646244
2026-09-15,GKH,-36.68733290775057
2026-09-15,GKK,0.0
2026-09-15,GKL,0.0
2026-09-15,GKM,0.0
2026-09-15,GKV,-26.48257560557294
2026-09-15,GL1,14.610844843857246
2026-09-15,GLC,-0.031637405292023024
2026-09-15,GLG,-26.36744729896046
2026-09-15,GLL,-82.65506923028005
2026-09-15,GLM,0.0
2026-09-15,GLP,0.0
2026-09-15,GLS,173.6352084768491
2026-09-15,GLV,-0.3112220888424849
2026-09-15,GMA,6.096583447305445
2026-09-15,GMC,-7.240854343634312
2026-09-15,GMD,384.8491078439211
2026-09-15,GME,0.0
2026-09-15,GMI,-5.805312066896402
2026-09-15,GMM,0.0
2026-09-15,GMN,-0.36536664864052365
2026-09-15,GMO,-0.07370280206828467
2026-09-15,GMP,-0.6313715014801206
2026-09-15,GMR,-6.025220136443372
2026-09-15,GMZ,-2.186750300670974
2026-09-15,GNH,1.0469436773696696
2026-09-15,GNK,0.0
2026-09-15,GNL,-3.538348858926453
2026-09-15,GNP,15.035503635490032
2026-09-15,GNS,25.72938501922824
2026-09-15,GNZ,2.691585882875393
2026-09-15,GO1,-0.2422245146866809
2026-09-15,GO3,-11.570279016921937
2026-09-15,GO4,-2.6791401719585552
2026-09-15,GO6,-15.992344641765069
2026-09-15,GO9,-9.124156717045311
2026-09-15,GOF,10.472209297930862
2026-09-15,GOH,-3.9631883961964993
2026-09-15,GOK,5.0292293451083925
2026-09-15,GOL,-8.318076886859131
2026-09-15,GOP,-77.01613894957381
2026-09-15,GP1,0.0
2026-09-15,GP3,4.558741475989213
2026-09-15,GPA,3.018207079462995
2026-09-15,GPB,-0.12558107490014528
2026-09-15,GPC,-1.4764335308097571
2026-09-15,GPF,-8.080285192417639
2026-09-15,GPG,-2.416727612229231
2026-09-15,GPH,0.0
2026-09-15,GPI,-1.946140105252236
2026-09-15,GPJ,0.0
2026-09-15,GPL,0.08944760711338486
2026-09-15,GPM,0.0
2026-09-15,GPN,0.24107163497296427
2026-09-15,GPT,-10.779359838023142
2026-09-15,GPU,-0.3157651021963451
2026-09-15,GPV,-22.790674763490408
2026-09-15,GPZ,99.38620778460626
2026-09-15,GRL,-29.58432358760939
2026-09-15,GRO,-0.3962057074960174
2026-09-15,GRT,0.14661118186646094
2026-09-15,GSE,1.0427405041927715
2026-09-15,GSG,-1.3833249345971517
2026-09-15,GSL,-52.94141484103029
2026-09-15,GSO,14824.946534964141
2026-09-15,GSP,0.9466488851915095
2026-09-15,GSR,0.0
2026-09-15,GTA,-1.7046592347642227
2026-09-15,GTF,4.905608487711967
2026-09-15,GTH,-1.910920977937965
2026-09-15,GTK,0.0
2026-09-15,GTL,-1.6167655694831307
2026-09-15,GTM,-7.768710538741748
2026-09-15,GTN,0.0
2026-09-15,GTY,-2.7543361375869506
2026-09-15,GTZ,-3.7722872189265946
2026-09-15,GUA,0.0
2026-09-15,GUB,7.026059136662188
2026-09-15,GUC,-57.51960272454259
2026-09-15,GUF,6.373778383181867
2026-09-15,GUH,4.257222880260568
2026-09-15,GUK,-1.983947336581438
2026-09-15,GUM,-2.6914902550736914
2026-09-15,GUV,35.52246734095434
2026-09-15,GVA,-4.9810148760223765
2026-09-15,GVB,0.0
2026-09-15,GVC,0.0
2026-09-15,GVD,0.0
2026-09-15,GVI,-3.892866298749383
2026-09-15,GVL,0.0
2026-09-15,GVZ,0.0
2026-09-15,GYC,0.0
2026-09-15,GYG,-0.8148784252251844
2026-09-15,GYK,-0.09342907240707311
2026-09-15,GYL,12.872287219636869
2026-09-15,GYN,0.0
2026-09-15,GYR,-1.946947046759933
2026-09-15,GZB,0.0
2026-09-15,GZD,0.0
2026-09-15,GZE,-3.0403354562920453
2026-09-15,GZG,-6.962391180177435
2026-09-15,GZH,-7.148262896910855
2026-09-15,GZJ,-3.4698769882784717
2026-09-15,GZL,4.9641737788473606
2026-09-15,GZM,15.846657835150218
2026-09-15,GZN,-1.1974764024521463
2026-09-15,GZO,0.0
2026-09-15,GZP,0.8643921400876793
2026-09-15,GZR,0.05213897969775023
2026-09-15,GZU,0.0
2026-09-15,GZV,-0.0805259845544685
2026-09-15,GZY,-8.315733107421893
2026-09-15,GZZ,0.08829290190182587
2026-09-15,HAE,-0.33564962232125034
2026-09-15,HAG,0.0
2026-09-15,HAI,19.822401003700257
2026-09-15,HAM,-1.4682509228505554
2026-09-15,HAR,765.3886045087856
2026-09-15,HAT,-29.62843289177369
2026-09-15,HB1,-3.673923625789841
2026-09-15,HB2,2.346168448744112
2026-09-15,HBF,-1.0553989038585776
2026-09-15,HBJ,0.0
2026-09-15,HBN,-4.5724822075573375
2026-09-15,HBU,18.10326356585837
2026-09-15,HBV,0.02006235636740203
2026-09-15,HCV,-6.814660650978882
2026-09-15,HDA,-6.344041901702877
2026-09-15,HDD,93.26601299715558
2026-09-15,HDE,-1.089574402614477
2026-09-15,HDH,-2.680064288948743e-05
2026-09-15,HDJ,-2.464913726401621
2026-09-15,HDK,-2.797577098236745
2026-09-15,HDS,0.0
2026-09-15,HDV,2.4310000467897854
2026-09-15,HEH,-40.73018320863706
2026-09-15,HFA,0.0
2026-09-15,HFI,1.1487682695026635
2026-09-15,HFO,13.614646434979147
2026-09-15,HFR,-56.08489904736819
2026-09-15,HFV,-1.2840736164480528
2026-09-15,HFY,-94.92979563722304
2026-09-15,HGC,3.3175701833203113
2026-09-15,HGH,-98.2374953198066
2026-09-15,HGJ,0.0
2026-09-15,HGM,-2.339941170128813
2026-09-15,HGR,-13.031220444704495
2026-09-15,HGT,0.0
2026-09-15,HGU,0.0
2026-09-15,HGV,105.92724982947801
2026-09-15,HIA,-12.185846179680633
2026-09-15,HIF,-0.8147814182798329
2026-09-15,HIH,-6.4509183337533065
2026-09-15,HII,0.0
2026-09-15,HIM,-0.5959187076236916
2026-09-15,HIP,-12.239147008111946
2026-09-15,HIS,7.856987024594907
2026-09-15,HIZ,-0.2506500607486903
2026-09-15,HJA,-13.840221357374533
2026-09-15,HJB,-12.227348749330659
2026-09-15,HKG,8.232251451983082
2026-09-15,HKH,-11.7786954495604
2026-09-15,HKJ,-9.03010976338948
2026-09-15,HKM,-12.872050113061148
2026-09-15,HKP,-36.306624615038395
2026-09-15,HKR,-6.852135723919068
2026-09-15,HKV,10.521825653568493
2026-09-15,HLA,-24.04989847676353
2026-09-15,HLL,-0.3741016184530258
2026-09-15,HLR,-1.126900219059644
2026-09-15,HMC,-105.4632180502272
2026-09-15,HME,4.005252959332333
2026-09-15,HMG,4.980281415617002
2026-09-15,HMK,-44.114236091027806
2026-09-15,HML,410.0837196903193
2026-09-15,HMS,-32.91428721483797
2026-09-15,HMT,0.0
2026-09-15,HMV,0.0
2026-09-15,HNS,0.12663860863115983
2026-09-15,HOA,-7.566446620549157
2026-09-15,HOY,-1.0848756723328123
2026-09-15,HP3,81.8911512550195
2026-09-15,HPC,1.892344375676791
2026-09-15,HPD,0.037397066155210254
2026-09-15,HPF,0.0
2026-09-15,HPH,-25.467898078606723
2026-09-15,HPI,0.0
2026-09-15,HPJ,0.0
2026-09-15,HPL,0.0
2026-09-15,HPO,1.9412801695199613
2026-09-15,HPT,24.297262612824326
2026-09-15,HPV,-3.31801869226075
2026-09-15,HPZ,-1.2036625350374899
2026-09-15,HRZ,-29.13205351344858
2026-09-15,HSA,-1.2621768199155512
2026-09-15,HSL,-3.1477062149937978
2026-09-15,HSP,0.19340430221748925
2026-09-15,HST,2.2406355000889997
2026-09-15,HTF,-15.208518751011328
2026-09-15,HTJ,45.03100819934851
2026-09-15,HTK,-15.646895085339487
2026-09-15,HTS,8.32882160493749
2026-09-15,HTZ,0.0
2026-09-15,HUI,0.0
2026-09-15,HUS,0.0
2026-09-15,HVA,-2.2224433134840793
2026-09-15,HVB,0.0
2026-09-15,HVC,-3.693156913191298e-05
2026-09-15,HVI,0.24153936386755878
2026-09-15,HVK,-24.907696988622224
2026-09-15,HVL,0.0
2026-09-15,HVN,0.0
2026-09-15,HVS,-2.7559350381242074
2026-09-15,HVT,10.570994856843397
2026-09-15,HVU,0.316375472759146
2026-09-15,HVV,0.0
2026-09-15,HVZ,-15.010774776077973
2026-09-15,HYK,0.5169087535328081
2026-09-15,HYP,0.07144242569897484
2026-09-15,HYU,23.20573181407017
2026-09-15,HYV,-3.453202976688865
2026-09-15,HYY,0.0
2026-09-15,HZV,0.0
2026-09-15,IAC,0.0
2026-09-15,IAE,-3.0027446525759847
2026-09-15,IAI,0.0
2026-09-15,IAJ,0.0
2026-09-15,IAM,1.5183152343032116
2026-09-15,IAR,-4.074773750890657
2026-09-15,IAS,3.4562629563245176e-05
2026-09-15,IAT,19.9625713770867
2026-09-15,IAU,-37.7333269115451
2026-09-15,IAY,-3.2882191356771817
2026-09-15,IBB,-6.711695708325201
2026-09-15,IBC,0.0
2026-09-15,IBE,0.0
2026-09-15,IBG,0.0
2026-09-15,IBJ,0.0
2026-09-15,IBK,-0.6600128149136738
2026-09-15,IBM,-0.9583798102360932
2026-09-15,IBP,0.0
2026-09-15,IBR,27.512274198435293
2026-09-15,ICA,-2.035187511980506
2026-09-15,ICC,-11.082817361890879
2026-09-15,ICD,-1.606727352710121
2026-09-15,ICE,5.900607382059266
2026-09-15,ICF,10.11436360690278
2026-09-15,ICG,-1.3682134244896174
2026-09-15,ICH,32.99289697550213
2026-09-15,ICM,301.2395410815172
2026-09-15,ICN,244.56994943281484
2026-09-15,ICS,-10.354611666056513
2026-09-15,ICV,7.7123289472553935
2026-09-15,ICZ,14.246659313455915
2026-09-15,IDD,0.015714179483732413
2026-09-15,IDF,-2.2778246493041356
2026-09-15,IDH,-6.188457047156821
2026-09-15,IDI,253.08065341122023
2026-09-15,IDL,-5.935803190529311
2026-09-15,IDO,7.158078872748712
2026-09-15,IDP,-10.230427199825478
2026-09-15,IDV,-0.8972661007789617
2026-09-15,IDY,-30.010897012315503
2026-09-15,IED,1.1889232354635983
2026-09-15,IEN,-34.26848137889182
2026-09-15,IEV,16.86838548420838
2026-09-15,IEZ,0.08670391553489885
2026-09-15,IFD,0.0
2026-09-15,IFN,-2.4727793630835935
2026-09-15,IFV,33.85291211996296
2026-09-15,IFY,0.0
2026-09-15,IGF,0.0
2026-09-15,IGL,1.5215665489238523
2026-09-15,IGM,1.5126237130790723
2026-09-15,IGZ,-79.14817080040463
2026-09-15,IH1,1.1373074522238478
2026-09-15,IHA,-13.36821032790387
2026-09-15,IHC,0.8196905847806156
2026-09-15,IHK,-8.69510434258921
2026-09-15,IHP,-11.34692995130349
2026-09-15,IHT,-9.05205950991667
2026-09-15,IHV,-33.907576160451114
2026-09-15,IHY,0.0
2026-09-15,IHZ,-32.26567048828344
2026-09-15,IIA,0.0
2026-09-15,IIC,-0.39073261507107443
2026-09-15,IIE,-12.940829961972462
2026-09-15,IIF,141.37825039567562
2026-09-15,IIH,-5.116347891067295
2026-09-15,IIN,-8.23159164395669
2026-09-15,IIS,-1.7899835118624325
2026-09-15,IJA,-8.337917648313828
2026-09-15,IJB,-7.8859736106052445
2026-09-15,IJC,-15.37856338040952
2026-09-15,IJE,-9.169778337847537
2026-09-15,IJF,0.7097396227051231
2026-09-15,IJH,-7.425437050346882
2026-09-15,IJI,16.434096492981773
2026-09-15,IJK,-0.8287266571115954
2026-09-15,IJL,0.0
2026-09-15,IJP,-4.527301571690661
2026-09-15,IJT,10.699673373444746
2026-09-15,IJV,30.876731535523767
2026-09-15,IJZ,1.8644452671326666
2026-09-15,IK2,0.0
2026-09-15,IKL,-4.528802028578341
2026-09-15,IKP,-6.965479158375866
2026-09-15,IKV,15.469825892662028
2026-09-15,ILC,0.0
2026-09-15,ILE,0.0
2026-09-15,ILH,-4.4978822230811994
2026-09-15,ILI,7.602125049688042
2026-09-15,ILM,0.0
2026-09-15,ILP,0.0
2026-09-15,ILU,9.154160128252917
2026-09-15,ILZ,-2.6905736710185217
2026-09-15,IMB,-1.3236186693922534
2026-09-15,IMF,0.0
2026-09-15,IMG,0.0
2026-09-15,IMH,0.0
2026-09-15,IML,-5.518450128206292
2026-09-15,IMO,0.0
2026-09-15,IMS,0.0
2026-09-15,IMT,0.0
2026-09-15,IMY,0.0
2026-09-15,IMZ,0.0
2026-09-15,INH,-4.962977892463846
2026-09-15,INV,0.0
2026-09-15,INZ,0.0012109385112638563
2026-09-15,IOG,-3.1783451622335583
2026-09-15,IOH,0.7465007000885086
2026-09-15,IOJ,0.0
2026-09-15,IOL,0.0
2026-09-15,IOM,-3.2730959466390237
2026-09-15,ION,0.0
2026-09-15,IOO,59.97984202473218
2026-09-15,IOP,-1.2776707846659618
2026-09-15,IOT,0.0
2026-09-15,IOV,-0.669644776166934
2026-09-15,IPA,0.0
2026-09-15,IPB,-5.099818753826138
2026-09-15,IPC,0.0
2026-09-15,IPE,0.0
2026-09-15,IPF,8.242498970641917
2026-09-15,IPG,-1.4810815455669915
2026-09-15,IPJ,-3.7581549966328414
2026-09-15,IPK,-0.29319372719155523
2026-09-15,IPO,-9.215483301718406
2026-09-15,IPP,-5.2708472738428
2026-09-15,IPR,0.0
2026-09-15,IPU,0.0
2026-09-15,IPV,0.09843479069291447
2026-09-15,IRB,5.794420676445622
2026-09-15,IRE,0.0
2026-09-15,IRF,-7.274725409559372
2026-09-15,IRL,-15.109295473511752
2026-09-15,IRO,-3.838802046921766
2026-09-15,IRT,-0.6043342169974595
2026-09-15,IRV,43.93103054942089
2026-09-15,IRY,4.089224663760009
2026-09-15,ISR,0.0
2026-09-15,ISS,0.0
2026-09-15,IST,20.86415860046667
2026-09-15,ITA,0.0
2026-09-15,ITC,23.316317257860987
2026-09-15,ITD,0.0
2026-09-15,ITJ,0.0
2026-09-15,ITL,0.0
2026-09-15,ITP,-2.2694301541606143
2026-09-15,ITR,0.0
2026-09-15,ITV,0.0
2026-09-15,ITZ,2.0850061032292158
2026-09-15,IUA,-4.497121237610291
2026-09-15,IUB,0.0
2026-09-15,IUC,0.0
2026-09-15,IUF,0.9667756443503329
2026-09-15,IUH,-2.4665925930518515
2026-09-15,IUM,0.0
2026-09-15,IUN,0.0
2026-09-15,IUV,-2.1838625709613497
2026-09-15,IUZ,-23.215166858399883
2026-09-15,IV2,0.0
2026-09-15,IV6,0.0
2026-09-15,IV7,0.0
2026-09-15,IV8,-0.5488528116647232
2026-09-15,IVF,-1.4169562550651122
2026-09-15,IVS,-26.114694722782673
2026-09-15,IVY,-2.937619420756336
2026-09-15,IYB,-8.74013426256804
2026-09-15,IYP,0.255843482882114
2026-09-15,IYR,-0.011215153119799775
2026-09-15,IYS,0.0
2026-09-15,IYV,-6.933701485371026
2026-09-15,IZA,-12.175625773608672
2026-09-15,IZB,67.72634056331268
2026-09-15,IZE,0.0
2026-09-15,IZL,0.0
2026-09-15,IZS,44.067225301883674
2026-09-15,IZV,0.0
2026-09-15,IZY,0.0
2026-09-15,JET,-4.041332837469802
2026-09-15,JOT,0.0
2026-09-15,JUP,0.03531662214086288
2026-09-15,KAC,-3.5805314970016515
2026-09-15,KAN,0.9267013989800198
2026-09-15,KAV,-2.4848185996390453
2026-09-15,KBJ,-0.30784951952545475
2026-09-15,KBP,0.0
2026-09-15,KBZ,0.0
2026-09-15,KCL,1.7398385258024613
2026-09-15,KCR,30.54630831494332
2026-09-15,KCV,19.03417205091748
2026-09-15,KDE,19.054350172868393
2026-09-15,KDI,-94.72928411578529
2026-09-15,KDK,0.0
2026-09-15,KDL,-1.700270740781063
2026-09-15,KDO,4.29042499553918
2026-09-15,KDS,-5.063478953896839
2026-09-15,KDT,-1.859703001754995
2026-09-15,KDV,1.1153125174111589
2026-09-15,KDZ,-6.268212110848344
2026-09-15,KEI,0.0
2026-09-15,KEO,0.0
2026-09-15,KEU,12.335116942722987
2026-09-15,KFZ,0.0
2026-09-15,KGM,-3.471529637484917
2026-09-15,KH1,8.276463011885081
2026-09-15,KHA,-13.240717956363069
2026-09-15,KHB,-16.498377319431327
2026-09-15,KHC,-28.839442332688282
2026-09-15,KHD,4.586946380490942
2026-09-15,KHF,0.07034865227017294
2026-09-15,KHJ,4.680434728967565
2026-09-15,KHP,-36.19866642259397
2026-09-15,KHT,-10.6137609701387
2026-09-15,KHU,0.0
2026-09-15,KIA,-12.218437251402117
2026-09-15,KIB,1.6389789716796985
2026-09-15,KIE,123.43338054570954
2026-09-15,KIH,-0.07367615612763241
2026-09-15,KIK,-5.457802098235689
2026-09-15,KIS,-1.685556962695061
2026-09-15,KJK,0.0
2026-09-15,KKB,0.0
2026-09-15,KKC,-62.70961934709929
2026-09-15,KKE,0.0
2026-09-15,KKH,-5.743384049613036
2026-09-15,KKL,1.367637681084913
2026-09-15,KKO,0.0
2026-09-15,KKP,0.15427540286572008
2026-09-15,KKT,290.54130834474194
2026-09-15,KLH,-37.0141743633564
2026-09-15,KLI,13.43768876201924
2026-09-15,KLL,0.0
2026-09-15,KLM,0.0
2026-09-15,KLS,-71.38819041536895
2026-09-15,KLU,-6.666476807358395
2026-09-15,KMA,0.0
2026-09-15,KME,14.74679027051032
2026-09-15,KMF,17.18730249198888
2026-09-15,KMN,7.456470045069455
2026-09-15,KMT,0.0
2026-09-15,KNC,0.0
2026-09-15,KNI,-44.73767709547575
2026-09-15,KNJ,61.78785865563794
2026-09-15,KNN,0.00016748784988873897
2026-09-15,KNP,-11.081672698676014
2026-09-15,KNS,0.0
2026-09-15,KNT,0.0
2026-09-15,KNV,0.0
2026-09-15,KNZ,0.0
2026-09-15,KO4,-0.27164298752564203
2026-09-15,KOB,0.2665437091031355
2026-09-15,KOD,-7.433426007672618
2026-09-15,KOP,0.0
2026-09-15,KOT,-7.339170209024831
2026-09-15,KOZ,0.0
2026-09-15,KP3,-1.1580787018805974
2026-09-15,KPA,7.380763350074802
2026-09-15,KPB,0.0
2026-09-15,KPC,5.196695850794512
2026-09-15,KPD,-0.8893164896373804
2026-09-15,KPF,-89.72244571818257
2026-09-15,KPH,-2.296465417062634
2026-09-15,KPI,22.034990460809638
2026-09-15,KPK,0.0
2026-09-15,KPM,0.0
2026-09-15,KPP,-10.828753112145499
2026-09-15,KPR,-36.59133037195213
2026-09-15,KPS,0.0
2026-09-15,KPU,-0.8550099721513188
2026-09-15,KRC,0.21212612010360396
2026-09-15,KRF,9.401617121785879
2026-09-15,KRH,-7.894045660668028e-05
2026-09-15,KRO,-1.7236401677558002
2026-09-15,KRR,7.331622935875279
2026-09-15,KRS,-5.168786067462201
2026-09-15,KRT,7.657676998489955
2026-09-15,KRV,-0.41735420217294555
2026-09-15,KSA,17.874213647210766
2026-09-15,KSC,0.0
2026-09-15,KSK,-46.4895568458925
2026-09-15,KSL,-1.7056809888981086
2026-09-15,KSM,2.7593127185850657
2026-09-15,KSP,-0.04003556117584981
2026-09-15,KSR,0.12636405246971916
2026-09-15,KST,-2.431544184016647
2026-09-15,KSV,33.34005504156422
2026-09-15,KSY,208.74397043346482
2026-09-15,KTE,-4.40867269588505
2026-09-15,KTI,-62.41951058757351
2026-09-15,KTJ,-5.139874677118331
2026-09-15,KTM,3.96425357993915
2026-09-15,KTN,-7.763966414735969
2026-09-15,KTR,-0.10699012574651041
2026-09-15,KTS,15.320095022802386
2026-09-15,KTT,5.338537554255797
2026-09-15,KTU,0.0
2026-09-15,KTV,57.13664002061134
2026-09-15,KU3,6.423035289865359
2026-09-15,KUA,-5.090387230433995
2026-09-15,KUB,-1.8291666913842093
2026-09-15,KUD,45.19224883563796
2026-09-15,KUP,-0.4992097210581653
2026-09-15,KUT,-6.266498803407701
2026-09-15,KVA,0.0
2026-09-15,KVK,54.28564450832541
2026-09-15,KVR,-18.8513715535768
2026-09-15,KVS,-5.846223344880571
2026-09-15,KVT,20.19695577134963
2026-09-15,KYA,-7.7980931080273
2026-09-15,KYR,0.0
2026-09-15,KYS,0.0
2026-09-15,KZL,-2.0749968186037573
2026-09-15,KZO,0.0
2026-09-15,KZU,-3.131589347716521
2026-09-15,LAI,-38.145050287729404
2026-09-15,LET,0.0
2026-09-15,LFD,-96.05367078158893
2026-09-15,LGK,3.9581368278704905
2026-09-15,LGO,0.0
2026-09-15,LHM,0.0
2026-09-15,LHP,-3.955449366860754
2026-09-15,LKF,27.109649348070334
2026-09-15,LKT,-21.004401525781276
2026-09-15,LLA,-5.254858503021322
2026-09-15,LPH,16.833728020425195
2026-09-15,LRT,0.0
2026-09-15,LTC,-0.4290133272647768
2026-09-15,LTL,-63.74006011941906
2026-09-15,LTS,0.1777860162225252
2026-09-15,LZV,0.0
2026-09-15,MAC,-3.9000725321335104
2026-09-15,MAD,6.2555063804217435
2026-09-15,MAS,-0.35163924635238114
2026-09-15,MAV,0.0
2026-09-15,MBL,0.014345997042530763
2026-09-15,MBR,9.105341891388585
2026-09-15,MCU,39.09462129409435
2026-09-15,MD1,1.3640499537772464
2026-09-15,MD2,-6.901287378124909
2026-09-15,MDF,-1.2112008109931753
2026-09-15,MET,-1.1624916634737297
2026-09-15,MGB,-23.48387092536846
2026-09-15,MGD,0.0
2026-09-15,MGE,3.9628280835034793
2026-09-15,MGH,-1.6138651425976855
2026-09-15,MHF,-24.931212902818714
2026-09-15,MIK,-9.689994655437133
2026-09-15,MJB,0.28212174517497357
2026-09-15,MJE,0.5322709758686227
2026-09-15,MJG,-3.737237504023984
2026-09-15,MJH,4.132018709643348
2026-09-15,MJK,-4.305224529076934
2026-09-15,MJL,1.3921029047641122
2026-09-15,MKA,-8.25067234641076
2026-09-15,MKG,-6.050556904954628
2026-09-15,MKL,0.0
2026-09-15,MLS,0.0
2026-09-15,MLT,-9.522645190972726
2026-09-15,MMH,43.14118890996949
2026-09-15,MOD,-0.7352467499711827
2026-09-15,MOZ,2.997165542286734
2026-09-15,MP2,0.0
2026-09-15,MP4,1.8060131417114216
2026-09-15,MPD,-2.3754795883705166
2026-09-15,MPE,38.39104516125458
2026-09-15,MPF,8.303075765244412
2026-09-15,MPI,-0.1523617403101898
2026-09-15,MPK,-14.11418775868609
2026-09-15,MPL,-14.07316197601968
2026-09-15,MPN,-2.097022513850487
2026-09-15,MPP,-12.43548599851636
2026-09-15,MPS,-5.924122541890572
2026-09-15,MRI,2.658946833215301
2026-09-15,MSK,0.0
2026-09-15,MSO,0.0
2026-09-15,MSR,-4.3009877302550255
2026-09-15,MT1,1.1798583243706684
2026-09-15,MT2,-28.411299081305184
2026-09-15,MT5,-0.007226885164183392
2026-09-15,MT6,141.8782484002846
2026-09-15,MT7,-0.04725395777885147
2026-09-15,MT8,-61.47720251952442
2026-09-15,MT9,98.25082859396049
2026-09-15,MTD,-3.6060612001177126
2026-09-15,MTE,-56.792654066328026
2026-09-15,MTF,-7.88801548242091
2026-09-15,MTG,14.35321391777801
2026-09-15,MTH,-2.325312904989059
2026-09-15,MTI,0.0
2026-09-15,MTK,320.8137144807116
2026-09-15,MTL,1213.9534655397479
2026-09-15,MTS,-1.2487518302500504
2026-09-15,MTU,-0.005809924115202687
2026-09-15,MTV,-2.9568212929110453
2026-09-15,MTX,-2.1178555782008144
2026-09-15,MUL,9.36868422524359
2026-09-15,MUT,-13.184708600138176
2026-09-15,NAK,-1.3745973881848026
2026-09-15,NAL,-53.90994353379217
2026-09-15,NAU,-7.528238531479974
2026-09-15,NAV,0.0
2026-09-15,NBE,-0.9338953886147022
2026-09-15,NBH,5.842566121621302
2026-09-15,NBO,10.678392051865417
2026-09-15,NBZ,5.676227205235667
2026-09-15,NCS,0.36484060436962934
2026-09-15,NCU,0.1445240323063907
2026-09-15,NDL,0.0
2026-09-15,NDS,0.0
2026-09-15,NES,0.0
2026-09-15,NFF,-9.318372149501828
2026-09-15,NFH,-1.7844212195595621
2026-09-15,NFK,-8.631388163941429
2026-09-15,NHP,-3.44686190812135
2026-09-15,NHT,0.0
2026-09-15,NHV,0.0
2026-09-15,NHY,2.386046020102904
2026-09-15,NIG,-10.383364509928564
2026-09-15,NIS,-1.6005175811500123
2026-09-15,NJF,-21.28965359693527
2026-09-15,NJG,0.0
2026-09-15,NJR,13.039489194389878
2026-09-15,NJY,22.860479552147805
2026-09-15,NKA,-1.8275160874542669
2026-09-15,NKC,-5.663040808935996
2026-09-15,NKH,-0.6739589867258773
2026-09-15,NKJ,0.0
2026-09-15,NKK,0.0
2026-09-15,NKL,75.05166115260839
2026-09-15,NKM,-17.212614827142254
2026-09-15,NKP,-16.091520099214087
2026-09-15,NKS,0.0
2026-09-15,NKT,57.30899401203057
2026-09-15,NKV,0.0
2026-09-15,NLC,0.0
2026-09-15,NLD,169.5208423052047
2026-09-15,NLE,-2.435550705087725
2026-09-15,NLK,24.24931583889795
2026-09-15,NLL,0.03714056554430334
2026-09-15,NME,-14.42189248953539
2026-09-15,NMG,0.0
2026-09-15,NMP,111.47375789941172
2026-09-15,NMU,-1.0208945463278811
2026-09-15,NNF,-14.96290107984272
2026-09-15,NOA,-0.5776850867544034
2026-09-15,NOI,22.934283536012845
2026-09-15,NOV,0.0
2026-09-15,NP1,-3.86874174352141
2026-09-15,NPH,-39.01852275143721
2026-09-15,NPK,-0.002135336635632623
2026-09-15,NRC,-3.515933073092322
2026-09-15,NRG,-27.12842997824855
2026-09-15,NRM,0.0
2026-09-15,NSA,-24.30040581326895
2026-09-15,NSD,10.93072744491337
2026-09-15,NSH,30.142673476903926
2026-09-15,NSK,-71.16434525164772
2026-09-15,NSP,-15.084972374452265
2026-09-15,NSS,0.0
2026-09-15,NST,-4.783773449556139
2026-09-15,NSY,19.213883748613622
2026-09-15,NTB,-3.202561054557393e-05
2026-09-15,NTD,0.0
2026-09-15,NTF,-0.008593340155245903
2026-09-15,NTI,-28.240933918553278
2026-09-15,NTO,0.0
2026-09-15,NTS,0.0
2026-09-15,NUB,-4.763769104029817
2026-09-15,NUG,0.011334330143392794
2026-09-15,NUH,-70.50597464843727
2026-09-15,NVB,-15.971844041634178
2026-09-15,NVC,37.7645026743528
2026-09-15,NVK,55.08159816943892
2026-09-15,NVP,0.0
2026-09-15,NVT,2201.8697728641455
2026-09-15,NVZ,0.08962781472531232
2026-09-15,NYH,0.0
2026-09-15,NZH,-1.6610015721874576
2026-09-15,NZT,-65.32028260830371
2026-09-15,NZU,-10.50362165563678
2026-09-15,OAB,-0.11366523022789927
2026-09-15,OAO,2151.5650571788756
2026-09-15,OBI,-8.17651745457946
2026-09-15,OBN,-4.062480200098741
2026-09-15,OBP,-4.934599201547072
2026-09-15,OBR,-6.850898117028345
2026-09-15,OCM,0.0
2026-09-15,OCN,0.0
2026-09-15,OCT,-1.8836096755914171
2026-09-15,ODD,-1.3486377282595552
2026-09-15,ODG,-4.634435014901051
2026-09-15,ODN,86.5957080578529
2026-09-15,ODP,-1.7042337669607353
2026-09-15,ODS,1.2794097588947144
2026-09-15,ODV,-4.026149005295611
2026-09-15,OFA,-8.845404458697875
2026-09-15,OFB,0.0
2026-09-15,OFI,-0.6208407195832241
2026-09-15,OFK,-11.87465917118516
2026-09-15,OFO,0.0
2026-09-15,OFS,-0.9910615854848724
2026-09-15,OGD,-0.7026545549943679
2026-09-15,OGF,3.926114507933296
2026-09-15,OGV,0.0
2026-09-15,OHB,-1.5407418412907243
2026-09-15,OHI,-34.80374554405902
2026-09-15,OHK,52.105640128177455
2026-09-15,OIL,1.174429727382952
2026-09-15,OIR,2.027126418247564
2026-09-15,OIS,0.0
2026-09-15,OJB,-2.8241366631164744
2026-09-15,OJH,0.0
2026-09-15,OJK,-0.6806065074446757
2026-09-15,OJT,-3.1217383785826325
2026-09-15,OJU,0.0
2026-09-15,OJY,-0.10062628833105586
2026-09-15,OKD,-1.4639665048042543
2026-09-15,OKF,0.0
2026-09-15,OKP,-4.714638550111241
2026-09-15,OKT,-2.14446120042352
2026-09-15,OLA,-1.204914381720067
2026-09-15,OLD,-6.903681998582109
2026-09-15,OLE,10.325227086914614
2026-09-15,OMB,0.0
2026-09-15,OMC,0.0
2026-09-15,OME,-0.42912016627539434
2026-09-15,OMG,-1.417727145992837
2026-09-15,OMT,4.251629689787205
2026-09-15,ONB,-7.296016523159042
2026-09-15,OND,-1.1718250483673154
2026-09-15,ONE,-9.530054348342718
2026-09-15,ONF,-0.03182997225739102
2026-09-15,ONK,-7.213421269403838
2026-09-15,ONN,27.318798025736847
2026-09-15,ONS,3.068403084408618
2026-09-15,ONT,0.0
2026-09-15,ONY,-0.2253402803893323
2026-09-15,OPB,0.3916079229951869
2026-09-15,OPD,0.0019130551808872397
2026-09-15,OPF,-1.4636956176937443
2026-09-15,OPH,-0.27885811840029373
2026-09-15,OPI,-0.9297304998001821
2026-09-15,OPJ,-20.849123621847102
2026-09-15,OPL,-4.779409125140633
2026-09-15,OPU,78.93831539665445
2026-09-15,OPZ,0.0
2026-09-15,ORC,15.843073410188262
2026-09-15,ORI,0.10841205776821652
2026-09-15,OSD,-1.150537266226545
2026-09-15,OSF,-4.222265381693012
2026-09-15,OSH,0.0
2026-09-15,OSL,14.608511438727351
2026-09-15,OSN,-0.32900749319959094
2026-09-15,OTE,0.0
2026-09-15,OTF,1.8625103804678946
2026-09-15,OTJ,-4.872397001904153
2026-09-15,OTK,-15.53941656217755
2026-09-15,OTM,6.371018548882676
2026-09-15,OTZ,0.0
2026-09-15,OUB,-0.022742752936110514
2026-09-15,OUD,0.3471402172345976
2026-09-15,OUN,-1.7471896546875791
2026-09-15,OUR,0.0
2026-09-15,OUY,0.0
2026-09-15,OVD,20.0995431927046
2026-09-15,OVR,0.0
2026-09-15,OYL,-3.552814695836579
2026-09-15,OYS,-3.253950617830401
2026-09-15,OYT,4.0632851006470325
2026-09-15,OZC,-72.30646258888686
2026-09-15,P1A,35.5633571796031
2026-09-15,PA2,-3.9714167827281264
2026-09-15,PAB,57.94094907203207
2026-09-15,PAC,0.0
2026-09-15,PAF,-5.992724329694969
2026-09-15,PAI,-7.17564831036329
2026-09-15,PAL,-4.077092956571012
2026-09-15,PAO,-83.41788136705152
2026-09-15,PAU,2.265465788492499
2026-09-15,PBE,-63.25993536151816
2026-09-15,PBF,0.0
2026-09-15,PBH,-0.0027333880513425433
2026-09-15,PBI,-0.5312456483304712
2026-09-15,PBK,-7.157335761533236
2026-09-15,PBN,-7.216762355538378
2026-09-15,PBR,-68.50638588775558
2026-09-15,PBS,0.0
2026-09-15,PBY,-0.04679721755706387
2026-09-15,PCE,-44.90089221908945
2026-09-15,PCH,-0.462114879377354
2026-09-15,PCN,0.0
2026-09-15,PCS,1.6088172334450035
2026-09-15,PDC,0.06275076503748463
2026-09-15,PDD,-4.734311222848846
2026-09-15,PDE,-0.3991410447329905
2026-09-15,PDF,-1.8788587697937085
2026-09-15,PDG,-29.743954230270557
2026-09-15,PDH,-0.5497448314347076
2026-09-15,PDR,0.0
2026-09-15,PDS,-0.0002470591352707447
2026-09-15,PEA,0.09997652400349552
2026-09-15,PFO,1.1378724259602784
2026-09-15,PFS,2.514023044139076
2026-09-15,PGD,-10.477386981981319
2026-09-15,PGE,-0.00024991503828880574
2026-09-15,PGH,-7.128119185893027e-06
2026-09-15,PGS,-3.9337230220658324
2026-09-15,PHB,-12.831768815489388
2026-09-15,PHE,-59.752581052001474
2026-09-15,PHF,0.0
2026-09-15,PHI,9.309833812660631
2026-09-15,PHK,-1.138547039346286
2026-09-15,PHN,4.527290509223012
2026-09-15,PHS,-2.782907114566114
2026-09-15,PHY,-0.0007825743938133586
2026-09-15,PID,-3.2376878541567637
2026-09-15,PIL,-13.727422957864018
2026-09-15,PIP,-82.83488185365817
2026-09-15,PIR,-9.395121264736321
2026-09-15,PIS,13.562443771491436
2026-09-15,PJL,-1.3360818968286352
2026-09-15,PJP,-1.1879101739958569
2026-09-15,PK1,3.2578679305100535
2026-09-15,PKD,-66.00487449401976
2026-09-15,PKF,-2.7504222309984736
2026-09-15,PKH,0.7383233767193371
2026-09-15,PKL,6.686383048672822
2026-09-15,PKM,-20.268160939177886
2026-09-15,PKN,-52.06571217834382
2026-09-15,PKP,-8.624146725809805
2026-09-15,PKR,-3.682177711300959
2026-09-15,PKT,-30.87805776261635
2026-09-15,PKU,-27.349628406945737
2026-09-15,PKV,-2.523948754486729
2026-09-15,PKZ,-1.1425742902959415
2026-09-15,PLA,-16.081111379683374
2026-09-15,PLR,-15.895455625114007
2026-09-15,PLS,0.0
2026-09-15,PMG,0.0
2026-09-15,PMH,-82.47787366287827
2026-09-15,PMP,-22.022652348168627
2026-09-15,PNU,-78.18912241213974
2026-09-15,PO7,-27.932446264201133
2026-09-15,PO8,-96.98844451189896
2026-09-15,PO9,7.5334988056726555
2026-09-15,POB,-0.008284952579726489
2026-09-15,POD,-7.164304985713632
2026-09-15,POF,1.2061446997337204
2026-09-15,POH,0.0
2026-09-15,POI,-1.8867885636771736e-07
2026-09-15,POS,-19.19161962939532
2026-09-15,POU,-5.813480617576571
2026-09-15,PP1,-4.638169260613777
2026-09-15,PPB,-1.1292456561067594
2026-09-15,PPD,-4.320763043562245
2026-09-15,PPE,-1.3817853275560972
2026-09-15,PPF,-39.87786758318491
2026-09-15,PPG,-26.618164451733122
2026-09-15,PPH,-18.45218954363507
2026-09-15,PPI,-26.211432276612932
2026-09-15,PPJ,-17.150260459785205
2026-09-15,PPK,-0.9193463371054887
2026-09-15,PPM,-6.440603639577125
2026-09-15,PPN,-0.8203463100189011
2026-09-15,PPO,-1.6118769639592496e-05
2026-09-15,PPP,-48.86762237145509
2026-09-15,PPS,-13.992921938640343
2026-09-15,PPT,1.9907001185391935
2026-09-15,PPU,-5.1390113484496715e-06
2026-09-15,PPV,-67.21495830009603
2026-09-15,PPZ,-19.231108850744572
2026-09-15,PRD,-5.417830659604611
2026-09-15,PRF,0.0
2026-09-15,PRH,-3.6617346734464236
2026-09-15,PRR,-21.085542242922294
2026-09-15,PRU,-2.8268189328466793
2026-09-15,PRV,-43.6334961780126
2026-09-15,PRY,-80.42630957123797
2026-09-15,PSD,0.0
2026-09-15,PSE,-9.822105500586499
2026-09-15,PSG,-14.495452275251733
2026-09-15,PSH,-4.852431606925923
2026-09-15,PSL,-10.980762739326643
2026-09-15,PSO,0.0
2026-09-15,PSR,0.3080210055057937
2026-09-15,PSS,-22.36279293383437
2026-09-15,PST,-2.1001910828375956e-05
2026-09-15,PTC,0.33745593791747436
2026-09-15,PTE,3.5334358629046623
2026-09-15,PTF,32.19002721898906
2026-09-15,PTG,0.0
2026-09-15,PTL,-12.601486078739969
2026-09-15,PTN,31.064984550508225
2026-09-15,PTO,-39.57455713257458
2026-09-15,PTP,342.34562084269953
2026-09-15,PTS,0.6402124905710085
2026-09-15,PUA,0.0
2026-09-15,PUC,80.03322309529378
2026-09-15,PUH,26.450484883275944
2026-09-15,PUK,-58.448196341566906
2026-09-15,PUR,-8.546310890125804
2026-09-15,PUT,0.0
2026-09-15,PUV,0.0
2026-09-15,PVK,-8.070359340845785
2026-09-15,PYB,-45.9157648647402
2026-09-15,PYD,-0.0005255353405964984
2026-09-15,PYF,44.50698206745648
2026-09-15,PYH,7.119520248723549
2026-09-15,PYI,-16.094502643169818
2026-09-15,PYL,0.0
2026-09-15,PYR,-12.118283596180207
2026-09-15,PYS,-2.8683505061978662
2026-09-15,RAF,3.581807696661616
2026-09-15,RAI,0.0
2026-09-15,RAN,0.0
2026-09-15,RAV,-0.003617699615716771
2026-09-15,RAY,0.0
2026-09-15,RBA,-4.982095028428722
2026-09-15,RBB,34.51918273804535
2026-09-15,RBE,0.0
2026-09-15,RBF,-49.83387454183111
2026-09-15,RBH,-6.058242793864854
2026-09-15,RBI,-4.85225800814782
2026-09-15,RBK,-17.01158084327301
2026-09-15,RBL,-27.144700399427503
2026-09-15,RBN,-13.649825153286077
2026-09-15,RBP,-24.323012543355464
2026-09-15,RBR,29.236896851694915
2026-09-15,RBT,4.474505026709796
2026-09-15,RBV,13.22769564638847
2026-09-15,RCL,0.0
2026-09-15,RCS,0.0
2026-09-15,RCV,-0.46429310111724226
2026-09-15,RD1,-1.9243152377278199
2026-09-15,RDF,-4.718050765636157
2026-09-15,RDH,0.008681606356976049
2026-09-15,RDK,0.0
2026-09-15,RDS,0.0
2026-09-15,RDT,5.548263931691251
2026-09-15,RDZ,-0.0008032837222229507
2026-09-15,RE6,112.83885698694776
2026-09-15,RE7,0.0
2026-09-15,RE8,-42.68726747383198
2026-09-15,RFM,216.98396914448887
2026-09-15,RGD,-7.248548090669896
2026-09-15,RGH,-7.672629973635836
2026-09-15,RHD,0.0
2026-09-15,RHI,44.08244654344446
2026-09-15,RHS,-5.476816657543853
2026-09-15,RIA,-35.469950407057816
2026-09-15,RIH,-42.19537096368507
2026-09-15,RIK,-25.209776287700166
2026-09-15,RJG,-37.00789185002053
2026-09-15,RKC,-9.223325882418063
2026-09-15,RKH,-3.0078802114811456
2026-09-15,RKL,0.0
2026-09-15,RKS,-1.2233834384956435
2026-09-15,RKV,-8.418335709155446
2026-09-15,RLH,-0.16402625422472855
2026-09-15,RO1,-43.21819909964869
2026-09-15,ROD,-7.06181099574522
2026-09-15,ROF,-2.433670542605707
2026-09-15,ROY,0.0
2026-09-15,RPC,3.377832184423949
2026-09-15,RPD,-9.054571297921203
2026-09-15,RPG,7.341957251467749
2026-09-15,RPI,9.586810655398741
2026-09-15,RPK,0.0
2026-09-15,RPL,-2.6157749519683673
2026-09-15,RPM,8.35747625192347
2026-09-15,RPN,0.0
2026-09-15,RPO,0.0
2026-09-15,RPP,-4.398362713708396
2026-09-15,RPS,-0.6379024908140188
2026-09-15,RPT,-1.179928045095151
2026-09-15,RPU,0.0
2026-09-15,RPX,-2.104030648537456
2026-09-15,RRA,-51.78189911566224
2026-09-15,RRP,-15.93586431617261
2026-09-15,RS1,-11.656229310452634
2026-09-15,RSF,5.480907022794677
2026-09-15,RSK,-21.26214532047659
2026-09-15,RSY,0.0
2026-09-15,RSZ,-1.940235800317099
2026-09-15,RTA,0.0
2026-09-15,RTB,-11.900728302546975
2026-09-15,RTD,-0.13386062480876396
2026-09-15,RTG,-7.479185261542411
2026-09-15,RTH,-17.529796086403383
2026-09-15,RTI,29.28473517543424
2026-09-15,RTP,-4.940673391020742
2026-09-15,RUH,0.21137799449633382
2026-09-15,RUT,-9.565809601778568
2026-09-15,RVI,109.78906896527228
2026-09-15,RVS,-1.4784595353971142
2026-09-15,RYA,-0.0009189739218814488
2026-09-15,RYB,-0.06861450192707758
2026-09-15,RYD,0.0
2026-09-15,RYF,-7.497859385115607
2026-09-15,RYU,1.785793157621332
2026-09-15,RZR,0.0
2026-09-15,SAP,12.599083909254894
2026-09-15,SAR,0.0
2026-09-15,SAS,-3.7987847483839787
2026-09-15,SAT,0.0
2026-09-15,SBH,-22.745549137949858
2026-09-15,SBI,0.0
2026-09-15,SBR,0.0
2026-09-15,SBS,0.0
2026-09-15,SCZ,-1.3939090866913317
2026-09-15,SD1,45.35284844859079
2026-09-15,SDA,-0.012701166830102886
2026-09-15,SEH,-0.0013981783235873385
2026-09-15,SER,-0.44982008595257744
2026-09-15,SFA,0.018884599609777564
2026-09-15,SFS,0.03028253704178372
2026-09-15,SGK,0.2690687261089877
2026-09-15,SGT,-7.551739886155606
2026-09-15,SHC,17.845370319313453
2026-09-15,SHE,1.738681487199054
2026-09-15,SHI,-2.1815401727657062e-07
2026-09-15,SHU,68.66425412833324
2026-09-15,SIA,-73.96290939558145
2026-09-15,SIS,17.127973222247615
2026-09-15,SJP,0.0
2026-09-15,SKL,-4.704288683492735
2026-09-15,SKO,-8.10228455338655
2026-09-15,SKS,0.0
2026-09-15,SKT,2.711480424856666
2026-09-15,SKZ,31.39360271316511
2026-09-15,SLF,26.295685050697852
2026-09-15,SLG,-7.622751087648981
2026-09-15,SLR,0.0
2026-09-15,SLS,0.15961473340183654
2026-09-15,SMP,0.0
2026-09-15,SNY,-14.109438023720719
2026-09-15,SOS,75.37943873256083
2026-09-15,SPA,3.3615645852870606
2026-09-15,SPD,0.0
2026-09-15,SPE,7.025806847009358
2026-09-15,SPN,-0.29163806241202417
2026-09-15,SPP,-39.940243754521454
2026-09-15,SPR,-1.2540095693419853
2026-09-15,SPT,2.2475281914480356
2026-09-15,SRA,-19.9510568804251
2026-09-15,SRE,0.0
2026-09-15,SRL,-66.1204140591245
2026-09-15,SRO,0.0
2026-09-15,SSD,0.0
2026-09-15,SSE,0.22799146137277934
2026-09-15,SSF,0.0
2026-09-15,SSK,-1.7943921994929457
2026-09-15,SSN,0.0
2026-09-15,SSO,0.0
2026-09-15,SSS,-7.83226307860508
2026-09-15,SST,0.0
2026-09-15,ST1,-3.1088284286172128
2026-09-15,STI,-104.60452351894185
2026-09-15,STM,0.15580315261050207
2026-09-15,STS,0.0
2026-09-15,STZ,-2.4095318310717704
2026-09-15,SUA,9.974281426482486
2026-09-15,SUB,-1.747058145851483
2026-09-15,SUC,-0.8601495507163629
2026-09-15,SUR,-0.11330940259184523
2026-09-15,SVB,-12.397177766302345
2026-09-15,SVS,0.0
2026-09-15,SVY,-23.944747844572493
2026-09-15,SYF,0.0
2026-09-15,SYL,0.0
2026-09-15,SYR,0.0
2026-09-15,SYS,0.0
2026-09-15,T3B,31.414968559121508
2026-09-15,TAL,-5.016197712166606
2026-09-15,TAO,0.0
2026-09-15,TAR,2.6695902556468245
2026-09-15,TAU,2.415748115239579
2026-09-15,TAZ,0.0
2026-09-15,TB9,-0.09207584971974071
2026-09-15,TBP,-9.530426354960893
2026-09-15,TBT,39.31237576004551
2026-09-15,TBV,-4.614287812546516
2026-09-15,TCA,-2.0597049239182685
2026-09-15,TCB,-4.735823886779472
2026-09-15,TCC,-8.970551071488082
2026-09-15,TCD,-1.934937864372465
2026-09-15,TCF,-5.786300768064922
2026-09-15,TCG,0.0
2026-09-15,TCH,0.7865947722428447
2026-09-15,TCI,0.0
2026-09-15,TCS,-0.17460566499931007
2026-09-15,TDG,-9.14407601815191
2026-09-15,TDP,-57.74345811683309
2026-09-15,TE3,-0.619769097292098
2026-09-15,TE4,42.89067172734378
2026-09-15,TEJ,-2.3226319658113677
2026-09-15,TFE,2.43265091662939
2026-09-15,TFF,-1.4175789205217024
2026-09-15,TFU,-61.035113891012095
2026-09-15,TGA,-1.6713468361187727
2026-09-15,TGE,-7.171011841005175
2026-09-15,TGN,-20.466440432580182
2026-09-15,TGR,-4.3829076518007355
2026-09-15,TGT,103.15674884521823
2026-09-15,TGV,0.017657636314974703
2026-09-15,TGZ,0.01830963723449116
2026-09-15,THD,-1.8207418936870605
2026-09-15,THF,1256.8826591779364
2026-09-15,THG,-0.7565601771634934
2026-09-15,THH,0.0
2026-09-15,THO,0.0
2026-09-15,THS,0.0
2026-09-15,THT,59.83177867329723
2026-09-15,THV,0.018285498296262852
2026-09-15,TI1,-9.064689916512005
2026-09-15,TI2,-5.109085580555845
2026-09-15,TI3,-2.904451344768742
2026-09-15,TI4,-6.84813881461777
2026-09-15,TI6,20.3614474141722
2026-09-15,TI7,-2.787600415404641
2026-09-15,TIE,20.43612154762823
2026-09-15,TIL,-8.288249183443567
2026-09-15,TIP,1732.0866020061683
2026-09-15,TIV,89.67997922122785
2026-09-15,TJB,0.0
2026-09-15,TJF,-0.8023717722807682
2026-09-15,TJI,-16.983734811938564
2026-09-15,TJL,0.0
2026-09-15,TJT,-3.973640754196015
2026-09-15,TKF,-0.7231668886677457
2026-09-15,TKH,0.0
2026-09-15,TKK,-1.4504308663785055
2026-09-15,TKM,0.5315045137134057
2026-09-15,TLC,124.75236535701393
2026-09-15,TLE,-0.024400924819285397
2026-09-15,TLH,-2.674617626591664
2026-09-15,TLK,-7.279733908028022
2026-09-15,TLT,0.0
2026-09-15,TLU,-18.413970112638758
2026-09-15,TLV,5.761653426639633
2026-09-15,TLY,-27.508986006550856
2026-09-15,TLZ,5.699863458635893
2026-09-15,TMC,-27.600444722218718
2026-09-15,TMG,1.555130873822408
2026-09-15,TMM,94.0679021473522
2026-09-15,TMR,-1.106824320335046
2026-09-15,TMS,5.230341674686966
2026-09-15,TMU,-5.03866339051563
2026-09-15,TMV,-4.567592315240445
2026-09-15,TMZ,2.4800474592179023
2026-09-15,TNB,-6.8188107141870375
2026-09-15,TND,-1.371061302975798
2026-09-15,TNF,0.0
2026-09-15,TNH,19384.534791890856
2026-09-15,TNI,12.809053761387453
2026-09-15,TNK,3.0389147185320713
2026-09-15,TNS,0.0
2026-09-15,TO8,1.9080456365902547
2026-09-15,TOK,-2.6648496218566247
2026-09-15,TOT,-1.4324531827652165
2026-09-15,TP1,0.0
2026-09-15,TP2,18.62320988074071
2026-09-15,TPC,-4.716672286318813
2026-09-15,TPE,-2.0856042395418166
2026-09-15,TPF,-1.2740494348680673
2026-09-15,TPJ,4.642173960585789
2026-09-15,TPL,-1.3738356196620984
2026-09-15,TPO,0.0
2026-09-15,TPP,-1.2889267988450006
2026-09-15,TPR,0.0
2026-09-15,TPV,-0.23910234684879275
2026-09-15,TPZ,9.466157629577696
2026-09-15,TRJ,22.401075689372753
2026-09-15,TRN,0.0
2026-09-15,TRO,-9.074631215658242
2026-09-15,TRR,-1.0444934871506792
2026-09-15,TRU,-4.642111674277134
2026-09-15,TSI,0.8940061557697171
2026-09-15,TSP,0.05176426932674053
2026-09-15,TTA,-1.2499159511426132
2026-09-15,TTE,-3.7002657707429707
2026-09-15,TTL,-0.22765308882784704
2026-09-15,TTP,0.0
2026-09-15,TTS,0.0
2026-09-15,TTV,-7.719231213139692
2026-09-15,TTZ,0.0
2026-09-15,TUA,-2.5368307907289664
2026-09-15,TVE,6.151346699262441
2026-09-15,TVN,37.23552239551989
2026-09-15,TYH,-10.577747174848538
2026-09-15,TZC,-1.1540726362801168
2026-09-15,TZD,-1.4902860701874958
2026-09-15,TZH,2.4780570342227213
2026-09-15,TZL,-8.846347353226614
2026-09-15,TZP,-0.16833478321740925
2026-09-15,TZT,6.024100863471805
2026-09-15,TZV,38.47387636199049
2026-09-15,UAB,0.0
2026-09-15,UAP,0.0
2026-09-15,UCN,0.9127717598106816
2026-09-15,UCP,-7.256320434314533
2026-09-15,UFH,0.0
2026-09-15,UHL,0.0
2026-09-15,UHS,0.0
2026-09-15,ULH,-1.7893955270284971
2026-09-15,ULL,0.0
2026-09-15,UNT,-57.62660533835721
2026-09-15,UP1,1.039956045453901
2026-09-15,UP2,8.88950155882192
2026-09-15,UPD,-4.160033007245422
2026-09-15,UPH,-42.88968186740061
2026-09-15,UPP,-2.8657123642063667
2026-09-15,UPS,0.0
2026-09-15,URA,-10.659983463667427
2026-09-15,URC,-3.2968555574977043
2026-09-15,URD,0.9563809415118597
2026-09-15,URG,0.0
2026-09-15,URM,84.17566220807726
2026-09-15,URS,0.0
2026-09-15,URV,0.0
2026-09-15,USS,0.0
2026-09-15,UST,0.0
2026-09-15,USY,-0.6117172553142941
2026-09-15,UYH,-3.642890588255278
2026-09-15,UZY,19.044106208992844
2026-09-15,VAY,17.012639204769208
2026-09-15,VCD,-79.54375254585044
2026-09-15,VCG,-0.07527761221702343
2026-09-15,VCY,-1.8607903815858355
2026-09-15,VFK,55.965143170756846
2026-09-15,VFO,235.357530900996
2026-09-15,VFS,0.0
2026-09-15,VHK,599.9428791120496
2026-09-15,VHS,27.83976910496945
2026-09-15,VK6,-8.858548290312367
2026-09-15,VKI,69.96818841425073
2026-09-15,VKK,35.85213992074379
2026-09-15,VKR,975.7301400983762
2026-09-15,VKT,36.05651340192327
2026-09-15,VKV,620.3036679261324
2026-09-15,VLT,19.494403175907774
2026-09-15,VMV,4.120887517957854
2026-09-15,VNK,-13.526396984947855
2026-09-15,VPA,-23.00699074867352
2026-09-15,VPD,242.89741651829058
2026-09-15,VPE,209.20642242739254
2026-09-15,VPH,1355.7140178108589
2026-09-15,VPP,-10.314633930863048
2026-09-15,VPS,-30.456383003412423
2026-09-15,VRK,-4.175954091017785
2026-09-15,VTF,0.0
2026-09-15,VTL,50.74663209444646
2026-09-15,YA1,202.37578765343937
2026-09-15,YAC,-1.948577250765552
2026-09-15,YAE,1.1772591775070582
2026-09-15,YAK,-0.294921892799703
2026-09-15,YAN,-1.3613344436509436
2026-09-15,YAR,0.0
2026-09-15,YAS,-2.7221687317869816
2026-09-15,YAY,-0.21439792992478252
2026-09-15,YBE,-1.3411325871911826
2026-09-15,YBH,-0.7866791224099995
2026-09-15,YBJ,0.0
2026-09-15,YBP,-0.7039749748262527
2026-09-15,YBR,6.031391363929173
2026-09-15,YBS,3.1264901109534433
2026-09-15,YCG,0.0
2026-09-15,YCH,-1.6953574249726766
2026-09-15,YCK,0.24225534652762937
2026-09-15,YCL,-13.33459229302404
2026-09-15,YCP,0.5600071943375027
2026-09-15,YCY,38.355797268605386
2026-09-15,YDH,24.621889365520076
2026-09-15,YDI,-0.3452974139266795
2026-09-15,YDK,-0.3807583118240073
2026-09-15,YDL,0.0
2026-09-15,YDM,0.0
2026-09-15,YDP,14.928266884768698
2026-09-15,YDZ,-0.2443908842403431
2026-09-15,YEF,32.89460669112592
2026-09-15,YFV,1.8724441050577179
2026-09-15,YGM,0.8791652121598227
2026-09-15,YHB,-3.561890698051674
2026-09-15,YHI,-3.7785512416558475
2026-09-15,YHK,0.1645031430421811
2026-09-15,YHP,-2.6428808980609957
2026-09-15,YHS,-8.421108762041749
2026-09-15,YHT,33.36872142937409
2026-09-15,YHY,0.0
2026-09-15,YHZ,3.39816448342152
2026-09-15,YIK,-87.56390066712052
2026-09-15,YIS,-14.311263088900592
2026-09-15,YIT,-11.92742300882928
2026-09-15,YIV,0.0
2026-09-15,YJA,0.0
2026-09-15,YJH,-3.440540013946348
2026-09-15,YJK,-2.461507952157488
2026-09-15,YJU,0.0
2026-09-15,YJY,1.5231442868475769
2026-09-15,YKS,16.829074067640555
2026-09-15,YKT,-2.544417163149705
2026-09-15,YLB,-13.545111669539256
2026-09-15,YLC,-2.059770499728064
2026-09-15,YLE,-7.0503787586627675
2026-09-15,YLO,-3.2144066753384486
2026-09-15,YLR,0.0
2026-09-15,YLY,6.424671962176916
2026-09-15,YLZ,-159.94848292803445
2026-09-15,YMD,-1.01538448755687
2026-09-15,YMH,-0.960571231484779
2026-09-15,YMP,45.13168655415186
2026-09-15,YNF,4443.5729915113225
2026-09-15,YNK,0.2999203451407432
2026-09-15,YNL,0.0
2026-09-15,YOA,-0.5207754723510633
2026-09-15,YOS,-6.300507332389868
2026-09-15,YOT,10.004153880612368
2026-09-15,YOZ,4.653336597246935
2026-09-15,YP1,0.0
2026-09-15,YP2,0.0
2026-09-15,YP4,-0.503165942731857
2026-09-15,YPC,-0.3827702909026241
2026-09-15,YPD,0.0
2026-09-15,YPF,12.752269200656546
2026-09-15,YPI,-1.1106152121276494
2026-09-15,YPK,0.9701167733253601
2026-09-15,YPL,-0.1429924183781549
2026-09-15,YPN,16.909743514244585
2026-09-15,YPP,0.0
2026-09-15,YPR,-0.7501701939244374
2026-09-15,YPT,-20.690429808006066
2026-09-15,YPU,9.213341978616297
2026-09-15,YPV,-2.0951031754628695
2026-09-15,YRZ,-0.060909408403823834
2026-09-15,YSA,25.229704689548733
2026-09-15,YSH,12.202448191836254
2026-09-15,YSL,-1.3828010207324752
2026-09-15,YSO,29.513850702157
2026-09-15,YSU,1.685533349287345
2026-09-15,YTD,0.42335772964862356
2026-09-15,YTJ,0.0
2026-09-15,YTO,0.0
2026-09-15,YTR,0.0
2026-09-15,YTV,2.0454024002716977
2026-09-15,YTY,7.86178800710872
2026-09-15,YUB,-4.716730155344139
2026-09-15,YUD,-1.1109615914474098
2026-09-15,YUI,0.0
2026-09-15,YUK,0.0
2026-09-15,YUN,0.6485644366640055
2026-09-15,YUY,0.0
2026-09-15,YVB,22.204983574263075
2026-09-15,YVD,46.15663236294212
2026-09-15,YVF,0.0
2026-09-15,YVG,1.8582730553533724
2026-09-15,YVO,31.334052754818416
2026-09-15,YVS,0.0
2026-09-15,YZC,-0.6486707100662698
2026-09-15,YZF,0.0
2026-09-15,YZG,-3.7732186362040947
2026-09-15,YZH,-2.6316167579371252
2026-09-15,YZK,-8.464315405843495
2026-09-15,YZL,-2.031845614276149
2026-09-15,YZT,106.67346663381892
2026-09-15,ZA2,-13.129496679448879
2026-09-15,ZAD,-11.491839230411546
2026-09-15,ZAV,0.48243117135285185
2026-09-15,ZAY,-28.396369736453103
2026-09-15,ZBD,0.056784742494339006
2026-09-15,ZBI,-2.1970037158802267
2026-09-15,ZBJ,-0.9495158101655524
2026-09-15,ZBN,-3.437675739824828
2026-09-15,ZBO,0.4247289910266854
2026-09-15,ZBZ,0.0
2026-09-15,ZCA,0.0
2026-09-15,ZCB,-63.64871148671809
2026-09-15,ZCC,0.0
2026-09-15,ZCD,-1.1215078923427944
2026-09-15,ZCE,0.0
2026-09-15,ZCG,-7.528416420768093
2026-09-15,ZCH,0.0
2026-09-15,ZCK,5.53360387744691
2026-09-15,ZCN,2.6617330926230984
2026-09-15,ZDD,0.7106203582574036
2026-09-15,ZDK,0.0
2026-09-15,ZDZ,-1.2704766317970089
2026-09-15,ZFB,-1.788148072512068
2026-09-15,ZHH,5.2463626719163265
2026-09-15,ZIH,93.17714657721565
2026-09-15,ZJB,-0.28372960883199505
2026-09-15,ZJH,0.0
2026-09-15,ZJI,-0.7366636796274939
2026-09-15,ZJL,-2.648949674900185
2026-09-15,ZJT,0.0
2026-09-15,ZJV,-0.31264185697027974
2026-09-15,ZK1,-5.5552320898288015
2026-09-15,ZK2,-33.37322416635774
2026-09-15,ZLB,0.2330318397636233
2026-09-15,ZLG,0.0
2026-09-15,ZLH,4.371428452572713
2026-09-15,ZMT,3.5748220080658566
2026-09-15,ZMU,2.143972980340956
2026-09-15,ZMY,-0.9811263976261833
2026-09-15,ZOS,0.0
2026-09-15,ZP1,0.0
2026-09-15,ZP2,0.0
2026-09-15,ZP3,0.0
2026-09-15,ZP6,-12.684074658448354
2026-09-15,ZP7,0.0
2026-09-15,ZP8,-6.696232509962638
2026-09-15,ZP9,31.299281398186203
2026-09-15,ZPA,7.513344715813584
2026-09-15,ZPC,0.5400275632268625
2026-09-15,ZPE,3.33173197158734
2026-09-15,ZPF,-1.1955612475731525
2026-09-15,ZPG,-2.4198686159780896
2026-09-15,ZPH,-36.594244210492775
2026-09-15,ZPJ,-12.26786246837039
2026-09-15,ZPK,27.277951837189107
2026-09-15,ZPN,-2.8678969133164642
2026-09-15,ZPO,107.85343148424542
2026-09-15,ZPR,2.24580471860252
2026-09-15,ZR2,0.0
2026-09-15,ZR3,0.40479607153923225
2026-09-15,ZSB,-28.573680095471104
2026-09-15,ZSF,2.6026535644986395
2026-09-15,ZSG,1.5826102871257848
2026-09-15,ZSN,0.0
2026-09-15,ZTF,0.0
2026-09-15,ZTG,11.55719986756132
2026-09-15,ZTV,10627.8812279082
2026-09-15,ZUD,342.4412702759492
2026-09-15,ZUE,38.56083960641257
2026-09-15,ZUS,-2.675825144101286
2026-09-15,ZVB,-0.24958715531311393
2026-09-15,ZVO,-0.20035171806688942
2026-09-15,ZYC,0.033436066124869844
2026-09-15,ZYD,0.0
2026-09-15,ZZL,0.0
2026-09-15,DP6,-0.012539025893956415
2026-09-15,ZJR,0.0
2026-09-16,AAL,-11.885023806366354
2026-09-16,AAS,-0.61758365602234
2026-09-16,AAV,11.742132582482832
2026-09-16,ABG,-0.3697500509120176
2026-09-16,ABJ,0.0
2026-09-16,ABU,0.0
2026-09-16,AC1,39.45673163480484
2026-09-16,AC2,204.87098576655697
2026-09-16,AC3,0.0
2026-09-16,AC4,-13.434675772387125
2026-09-16,AC5,1.2371340376995603
2026-09-16,AC6,1.068794763178424
2026-09-16,AC7,-1.246074244390319e-06
2026-09-16,AC8,-0.26728482123649416
2026-09-16,ACC,-35.16420003359049
2026-09-16,ACD,-0.3293691688300639
2026-09-16,ACN,-0.5862576417668073
2026-09-16,ACU,0.7062439497295385
2026-09-16,ADE,-6.851951911336257
2026-09-16,ADP,4.6668697361191605
2026-09-16,AED,4.441846439641242
2026-09-16,AES,-2.594791134294724
2026-09-16,AEV,2.500386520897558
2026-09-16,AFA,-2.527186711352418
2026-09-16,AFO,-2.602966575666368
2026-09-16,AFS,2.9572141566822188
2026-09-16,AFT,-3.8551898986976445
2026-09-16,AFV,-8.526585315666587
2026-09-16,AGC,-17.169483569360942
2026-09-16,AHH,0.0
2026-09-16,AHI,-5.93994367707977
2026-09-16,AHN,6.088292450632112
2026-09-16,AHU,-33.931900957294296
2026-09-16,AHV,3.7433177102605826
2026-09-16,AHZ,81.93013845681239
2026-09-16,AI1,6.36252954284619e-05
2026-09-16,AIH,0.0
2026-09-16,AII,0.0
2026-09-16,AIM,0.0
2026-09-16,AIR,-0.371448239297367
2026-09-16,AIS,-24.997601154748118
2026-09-16,AJ1,-2.127699766227075
2026-09-16,AJE,-12.315977413518148
2026-09-16,AJK,-0.41785475030925306
2026-09-16,AJL,-6.570470496316299
2026-09-16,AJN,-4.873098178745114
2026-09-16,AK2,62.736255915035564
2026-09-16,AK3,1.8027351658603752
2026-09-16,AKE,-0.7208833697769532
2026-09-16,AKU,9.397213427533885
2026-09-16,AL4,0.0
2026-09-16,AL5,-3.7251453914828225
2026-09-16,AL6,0.0
2026-09-16,AL7,13.867096612296884
2026-09-16,ALC,0.6898093112482016
2026-09-16,ALE,5.298528340057748
2026-09-16,AN1,-1.3053150635914053
2026-09-16,ANL,-4.644928499930147
2026-09-16,ANZ,0.07164881165304256
2026-09-16,AOJ,1.4895715261444935
2026-09-16,AOY,-7.746954552566791
2026-09-16,AP2,-2.839756058122957
2026-09-16,AP4,0.0
2026-09-16,AP5,1.5419907124239347
2026-09-16,AP6,-9.453057863543573e-06
2026-09-16,AP7,-27.11270938487561
2026-09-16,APJ,-3.3305741049515154
2026-09-16,APP,-78.39972226748912
2026-09-16,APT,52.229905762219786
2026-09-16,ARE,30.754177048200244
2026-09-16,ARF,0.0
2026-09-16,ARL,-2.772294482773362
2026-09-16,ARM,-6.600995696072752
2026-09-16,ARP,0.0
2026-09-16,AS1,-7.80048854315859
2026-09-16,AS3,0.00035362535106985715
2026-09-16,ASJ,-4.039289021558956
2026-09-16,ATJ,0.043227519748994976
2026-09-16,AU1,3.5274088006136113
2026-09-16,AUV,-38.778128919783306
2026-09-16,AVC,0.0
2026-09-16,AVT,23.486516278766814
2026-09-16,AVZ,0.0
2026-09-16,AY6,0.0
2026-09-16,AY7,0.0
2026-09-16,AYA,-3.804698214618576
2026-09-16,AYR,-1.8428761447514663
2026-09-16,AZF,0.0
2026-09-16,AZJ,27.60436307531089
2026-09-16,AZV,0.006360305420702592
2026-09-16,AZZ,-9.264159957907848e-05
2026-09-16,BA1,1.4253487237171703
2026-09-16,BAC,0.0
2026-09-16,BAG,1.7912369453203334
2026-09-16,BAI,37.10702625352186
2026-09-16,BAL,0.0
2026-09-16,BAO,0.0
2026-09-16,BAS,0.0
2026-09-16,BBF,4.31994729732552
2026-09-16,BBI,0.06829379586151645
2026-09-16,BBN,0.0
2026-09-16,BBO,-2.207850783088294
2026-09-16,BBP,10.85087973814868
2026-09-16,BBS,65.04570788362983
2026-09-16,BCC,0.0
2026-09-16,BCK,-0.7410386220743014
2026-09-16,BCO,181.357581117649
2026-09-16,BDA,-5.986492774378281
2026-09-16,BDC,-13.511176078109482
2026-09-16,BDI,-8.147649360592672e-10
2026-09-16,BDO,-41.39903778773259
2026-09-16,BDS,-25.012675913105724
2026-09-16,BDY,8.468184268440899
2026-09-16,BFE,7.580363934339754
2026-09-16,BFO,42.99957500677644
2026-09-16,BFS,36.55520322966819
2026-09-16,BFT,-7.313966865733615
2026-09-16,BGH,0.0
2026-09-16,BGP,-14.73679143339217
2026-09-16,BGR,8.890503719921213
2026-09-16,BHA,2.440593436340763
2026-09-16,BHE,14.203818008790444
2026-09-16,BHF,-14.095651374161356
2026-09-16,BHH,-4.243575736662541e-07
2026-09-16,BHI,9.542454330338607
2026-09-16,BHL,-2.567480053238278
2026-09-16,BHN,-33.63526311495795
2026-09-16,BHO,0.0
2026-09-16,BI5,-65.31467996626806
2026-09-16,BIA,3512.8457653518553
2026-09-16,BID,-0.5829527255554737
2026-09-16,BIG,-6.431364219686526
2026-09-16,BIH,-0.00017249390793152122
2026-09-16,BIK,0.006205707425511626
2026-09-16,BIO,-26.988231354992703
2026-09-16,BIP,32.468675082244616
2026-09-16,BIS,0.34381827609355275
2026-09-16,BIY,0.2341071500790549
2026-09-16,BJD,-10.619297803724184
2026-09-16,BKO,255.57454765040924
2026-09-16,BKY,17.146954538075775
2026-09-16,BLA,0.0
2026-09-16,BLD,-6.243845096211375
2026-09-16,BLT,3.3723042324766253
2026-09-16,BMU,-47.954540993574994
2026-09-16,BNC,1.6072345436556321
2026-09-16,BNH,0.5647904122787861
2026-09-16,BOH,0.0
2026-09-16,BOL,17.423131917914763
2026-09-16,BON,52.683766225967524
2026-09-16,BOP,0.0
2026-09-16,BOS,-73.21443880184458
2026-09-16,BP5,-19.225549362714215
2026-09-16,BPD,9.690201889115905
2026-09-16,BPV,300320099899.89325
2026-09-16,BPZ,145.61811846358503
2026-09-16,BRB,0.0
2026-09-16,BRC,-18.50301953268337
2026-09-16,BRF,1.5376569805692226
2026-09-16,BRG,8.620102711616596
2026-09-16,BRH,-5.698020878950408
2026-09-16,BRR,3275.9564206738546
2026-09-16,BRT,-27.51393714122054
2026-09-16,BRZ,0.0
2026-09-16,BS1,4152.805413554972
2026-09-16,BSA,0.0
2026-09-16,BSC,-0.00010553422773289839
2026-09-16,BSD,-5.863703355819968
2026-09-16,BSE,-1.3441025030746103e-06
2026-09-16,BSF,0.0
2026-09-16,BSH,1.4508069904094427
2026-09-16,BSM,9.161363813064343
2026-09-16,BSN,-1.1917340462290504e-05
2026-09-16,BST,-16.39831734517448
2026-09-16,BTE,-2.7899453505102265
2026-09-16,BTJ,-1.9073954570369145
2026-09-16,BTK,6.027561493895338
2026-09-16,BTP,-41.98755278079364
2026-09-16,BTY,0.0
2026-09-16,BTZ,0.08693731686857087
2026-09-16,BUB,-34.89154161391197
2026-09-16,BUC,-85.20526974730448
2026-09-16,BUP,0.0
2026-09-16,BUT,-20.169003253385515
2026-09-16,BUV,-24.283674937809295
2026-09-16,BUY,-5.273490771898354
2026-09-16,BV1,5.547796422504926
2026-09-16,BVB,0.0
2026-09-16,BVC,0.0
2026-09-16,BVD,-21.54915534753446
2026-09-16,BVF,7.750183237502721
2026-09-16,BVH,0.0
2026-09-16,BVI,-1.3055648112658518
2026-09-16,BVK,6.997822103659596
2026-09-16,BVM,-0.23836214802846592
2026-09-16,BVT,0.0
2026-09-16,BVV,-17.765166427776467
2026-09-16,BVZ,16.37815452848874
2026-09-16,BYZ,-0.0011345509397041327
2026-09-16,CAH,-52.8058341206591
2026-09-16,CBD,2902.974536598056
2026-09-16,CBN,0.0
2026-09-16,CBO,0.0
2026-09-16,CEY,0.0
2026-09-16,CFO,-9.948939837960971
2026-09-16,CGD,0.0
2026-09-16,CHY,-0.009234491252921197
2026-09-16,CIN,-7.852847230607033
2026-09-16,CJD,8828.157657161175
2026-09-16,CJF,-15.313631490000853
2026-09-16,CJG,0.0
2026-09-16,CJH,-2.5713528314487153
2026-09-16,CKF,5.9954389467349145
2026-09-16,CKL,7.231440575745241
2026-09-16,CKS,7.121465062039488
2026-09-16,COT,-1.5805518143359145
2026-09-16,CPT,-14.45214675620753
2026-09-16,CPU,-17.4823103512622
2026-09-16,CRL,0.0
2026-09-16,CSD,0.0
2026-09-16,CSH,-3.819139512291729e-07
2026-09-16,CTF,0.0
2026-09-16,CTG,0.0
2026-09-16,CTM,0.0
2026-09-16,CTP,0.0
2026-09-16,CTV,-3.3390322470120255
2026-09-16,CVA,0.0
2026-09-16,CVB,0.0
2026-09-16,CVC,0.0
2026-09-16,CVD,0.0
2026-09-16,CVE,0.0
2026-09-16,CVF,0.0
2026-09-16,CVK,-74.98099464438972
2026-09-16,CVL,863.4341215169015
2026-09-16,CYD,3.7464773363881902
2026-09-16,DA1,-54.43601954937258
2026-09-16,DAC,0.0
2026-09-16,DAE,0.0
2026-09-16,DAH,-0.7348681545463212
2026-09-16,DAI,-0.7473248494451137
2026-09-16,DAL,0.0
2026-09-16,DAP,1548.0796452727907
2026-09-16,DAS,-1.40456375432891
2026-09-16,DAT,0.0
2026-09-16,DAV,2.7974846312350388
2026-09-16,DAZ,0.0
2026-09-16,DB2,-40.03874963219694
2026-09-16,DBA,-2.52123051037778
2026-09-16,DBB,65.97575027799478
2026-09-16,DBG,0.12150557245420557
2026-09-16,DBH,-2.122913444594243
2026-09-16,DBK,54.236761801637066
2026-09-16,DBP,-0.4359850988548092
2026-09-16,DBZ,-9.362018316103102
2026-09-16,DCB,-0.7054686988132578
2026-09-16,DCD,0.0
2026-09-16,DCE,0.0
2026-09-16,DCN,6.7429680692340925
2026-09-16,DCP,-0.8926762508320536
2026-09-16,DCV,0.0
2026-09-16,DDA,57.74773656287591
2026-09-16,DDC,-11.713587051516381
2026-09-16,DDE,0.0
2026-09-16,DDF,-19.14696132535094
2026-09-16,DDP,0.0
2026-09-16,DEF,-0.10093743447883725
2026-09-16,DEH,154.41753451495765
2026-09-16,DEI,0.009257617909297723
2026-09-16,DFC,-12.422576300440417
2026-09-16,DFD,0.38941200813128973
2026-09-16,DFI,-25.958006732791766
2026-09-16,DFO,0.2409668556083615
2026-09-16,DGF,15.822776197898744
2026-09-16,DGH,-19.798163064403333
2026-09-16,DHI,5.559020275707746
2026-09-16,DHJ,-4.836453650324796
2026-09-16,DHM,-6.666341177324736
2026-09-16,DHP,0.0
2026-09-16,DHS,0.0
2026-09-16,DHT,-5.6336940902688495
2026-09-16,DHV,-18.661895117749854
2026-09-16,DID,2.0217741962555316
2026-09-16,DIH,0.0
2026-09-16,DIM,0.0
2026-09-16,DIP,-27.790009016955587
2026-09-16,DK1,0.13929423535167632
2026-09-16,DK8,-0.00010541740798983478
2026-09-16,DKA,0.0
2026-09-16,DKC,0.5358019564637425
2026-09-16,DKH,-59.37093157928566
2026-09-16,DKL,7.224429992850699
2026-09-16,DKP,-0.2217497686814555
2026-09-16,DKR,-58.81967297868918
2026-09-16,DKS,0.0
2026-09-16,DL2,-66.39397117312981
2026-09-16,DLD,1.7500110678326648
2026-09-16,DLG,-2.8410725319631727
2026-09-16,DLN,16.07822172460849
2026-09-16,DLY,-32.59409358609372
2026-09-16,DLZ,2.3523212302089966
2026-09-16,DMG,-2.6407229484575474
2026-09-16,DMI,168.70478946192435
2026-09-16,DMV,0.0
2026-09-16,DMZ,0.0
2026-09-16,DNA,0.0
2026-09-16,DNF,485.12793978006795
2026-09-16,DNH,-6.614042242745594
2026-09-16,DNK,-0.39287256803046433
2026-09-16,DNL,0.0
2026-09-16,DNM,6.273118910378097
2026-09-16,DNP,-4.094418920764557
2026-09-16,DNU,0.0
2026-09-16,DOC,0.0
2026-09-16,DOD,-2.223263611886151
2026-09-16,DOH,3353.193970174879
2026-09-16,DOL,2.0015541916654143
2026-09-16,DOR,0.0
2026-09-16,DOS,0.0
2026-09-16,DOV,0.29071555616339195
2026-09-16,DP1,0.0
2026-09-16,DP2,0.978409306810162
2026-09-16,DP3,-0.23320917862113652
2026-09-16,DP4,-0.883610379257057
2026-09-16,DP5,0.0
2026-09-16,DP7,0.0
2026-09-16,DP8,0.0
2026-09-16,DP9,-0.007979282076946396
2026-09-16,DPB,-26.740894320205022
2026-09-16,DPC,0.0
2026-09-16,DPE,0.0
2026-09-16,DPG,0.0
2026-09-16,DPI,-15.701399566558521
2026-09-16,DPK,1.5698289101138865
2026-09-16,DPL,0.0
2026-09-16,DPN,0.0
2026-09-16,DPP,-72.61731103103017
2026-09-16,DPT,3.9880201212656563
2026-09-16,DPZ,-2.5370900723163516
2026-09-16,DRA,-4.6472072241489935
2026-09-16,DRD,0.0
2026-09-16,DRH,-21.679185534790925
2026-09-16,DRT,-26.773403659312184
2026-09-16,DSC,0.0
2026-09-16,DSD,7.096406495447588
2026-09-16,DSH,96.46307712711001
2026-09-16,DSP,2.3385351812623063
2026-09-16,DSV,-60.46239795205287
2026-09-16,DTH,-8.698447603714428
2026-09-16,DTL,-1.9276734534506828
2026-09-16,DTM,-2.402084349026705
2026-09-16,DTO,0.0
2026-09-16,DTP,0.0
2026-09-16,DTV,0.0
2026-09-16,DTZ,17.557320916325246
2026-09-16,DUC,0.3375825509094903
2026-09-16,DUD,17.056541857231842
2026-09-16,DUH,-93.20836034475772
2026-09-16,DUT,-0.0022444816127719864
2026-09-16,DUV,-0.24452065070320667
2026-09-16,DVC,0.0
2026-09-16,DVI,0.0
2026-09-16,DVN,0.0
2026-09-16,DVO,0.0
2026-09-16,DVS,1148.0710504992912
2026-09-16,DVT,1.3532754408028838
2026-09-16,DVU,-2.854392312665963
2026-09-16,DVZ,0.0
2026-09-16,DXP,-5.551392008271096
2026-09-16,DYJ,-0.001462603645783828
2026-09-16,DYN,-1.2177763665178631
2026-09-16,DYS,0.0
2026-09-16,DZ2,17.024879813551465
2026-09-16,DZE,0.7204209591909401
2026-09-16,DZM,-15.432447492397383
2026-09-16,DZP,-0.5260611983709537
2026-09-16,DZS,201.45099140373125
2026-09-16,EBD,-1.5211371555443058
2026-09-16,EBI,2.5521035016895945
2026-09-16,EBS,3.3790912124137007
2026-09-16,EC2,-3.4493596534974733
2026-09-16,ECA,49.19548572101695
2026-09-16,ECB,-12.606686352591643
2026-09-16,ECV,39.924484389453596
2026-09-16,EDD,24.352815204670463
2026-09-16,EDN,3.2882349489405076
2026-09-16,EDP,157.5058240080481
2026-09-16,EDT,-3.9057858287783924
2026-09-16,EDU,-0.0437835192443246
2026-09-16,EES,0.17946830726293259
2026-09-16,EGP,0.0
2026-09-16,EGR,7.6754038156669795
2026-09-16,EHS,0.0
2026-09-16,EIB,-1.6645754914026514
2026-09-16,EID,-0.2616797330309705
2026-09-16,EIL,-8.727140505517367
2026-09-16,EJG,0.0
2026-09-16,EKF,-31.47844173628477
2026-09-16,EKL,-33.30434240883648
2026-09-16,ELZ,-18.54353181112092
2026-09-16,EME,-0.029660934697646035
2026-09-16,EML,-3.113722154105952
2026-09-16,ENA,49.74992749262943
2026-09-16,ENJ,13.856327676217864
2026-09-16,ENO,13.348701594367057
2026-09-16,ENR,63.632881778578735
2026-09-16,ENS,-0.38021612522936965
2026-09-16,EP1,-14.039981280253222
2026-09-16,EPA,1.2388638509088614
2026-09-16,EPI,0.47739749671235493
2026-09-16,EPK,-6.97643343278898
2026-09-16,EPO,0.0
2026-09-16,EPP,-7.7226372956287745
2026-09-16,EPT,2.1128237156824397
2026-09-16,ESG,-0.27672470557665546
2026-09-16,ESN,-24.79053041522987
2026-09-16,ESP,-3.1571574662622233
2026-09-16,ETN,10.170874538781032
2026-09-16,EUN,-4.124286928267854
2026-09-16,EUZ,2.619669134307503
2026-09-16,EVM,52.748725927248074
2026-09-16,EYT,-6.463266577017459
2026-09-16,EZM,0.0
2026-09-16,FAK,-10.80953861441227
2026-09-16,FAL,-2.4329154109921736
2026-09-16,FBC,8.419583610138163
2026-09-16,FBI,15.737080720166304
2026-09-16,FBN,1318.5317168657825
2026-09-16,FBV,-2.1860009792582256
2026-09-16,FBZ,0.1874281484891961
2026-09-16,FCK,46.06090790970109
2026-09-16,FCS,-15.134380137631329
2026-09-16,FD1,-2.1311265006019395
2026-09-16,FDE,-0.24362007583079243
2026-09-16,FDG,-39.41608169046292
2026-09-16,FDO,0.0
2026-09-16,FDV,0.0
2026-09-16,FDZ,0.0
2026-09-16,FFD,158.49588284597945
2026-09-16,FFF,0.0
2026-09-16,FFH,11.463923416646708
2026-09-16,FFO,0.0
2026-09-16,FFP,-1.6455137851334072
2026-09-16,FHI,-93.02307175108085
2026-09-16,FHP,8.348149802456414
2026-09-16,FHZ,0.0
2026-09-16,FI3,19.849047182627892
2026-09-16,FI5,2.967113651325779
2026-09-16,FIB,-2.8864764400771774
2026-09-16,FID,-1.437223111177494
2026-09-16,FIL,13.27873897938416
2026-09-16,FIT,43.68481655578791
2026-09-16,FJB,-5.8128096366338
2026-09-16,FJC,0.0
2026-09-16,FJM,-6.757949441086687
2026-09-16,FJN,-2.7922387538046767
2026-09-16,FJZ,-2.06067007316027
2026-09-16,FKE,-2.545771183303557
2026-09-16,FKV,-0.10573676071000233
2026-09-16,FLS,4.713761151450874
2026-09-16,FLY,-4.795422113423116
2026-09-16,FMG,-3.9011160561991214
2026-09-16,FMS,0.0
2026-09-16,FMV,0.05791224322619242
2026-09-16,FNO,-0.49504603418681115
2026-09-16,FNT,-38.222265701582145
2026-09-16,FP4,-1.858205671547853
2026-09-16,FPE,-1.011463553831491
2026-09-16,FPG,-6.6616876136269045
2026-09-16,FPH,-1.6625649522524093
2026-09-16,FPI,-7.048142466694124
2026-09-16,FPK,-21.09413077494149
2026-09-16,FPR,7.908480956145006
2026-09-16,FPZ,1.6903517628271993
2026-09-16,FR1,-2.525736308343366
2026-09-16,FRA,0.0
2026-09-16,FRC,-17.72927897049715
2026-09-16,FRZ,0.0
2026-09-16,FS1,-8.065602497412234
2026-09-16,FS2,22.050458652620446
2026-09-16,FS3,0.07779238979430787
2026-09-16,FS4,0.0
2026-09-16,FS5,435.6545701098027
2026-09-16,FS6,147.38510308937552
2026-09-16,FSF,13.236689000298943
2026-09-16,FSG,-5.621847044986366
2026-09-16,FSH,-2.212547889630989
2026-09-16,FSK,-1.7108811238782902
2026-09-16,FSM,5.510717032906363
2026-09-16,FSP,-0.9475993597726126
2026-09-16,FSR,18.2956042363419
2026-09-16,FSU,250.32265596162978
2026-09-16,FSV,-0.33064991262547927
2026-09-16,FTL,-26.504332489030563
2026-09-16,FTY,-0.10394594692032344
2026-09-16,FUA,-1.1304216310140174
2026-09-16,FUB,1.4319933199934545
2026-09-16,FUM,0.0
2026-09-16,FUN,160.81000025663496
2026-09-16,FUP,0.0
2026-09-16,FVL,-0.1141441735138871
2026-09-16,FYA,-2.441294899594309
2026-09-16,FYB,0.0
2026-09-16,FYD,-1.41448507154317
2026-09-16,FYF,0.0025641616786130036
2026-09-16,FYG,0.0
2026-09-16,FYH,0.0
2026-09-16,FYI,84.71291139416763
2026-09-16,FYM,0.0
2026-09-16,FYO,4.72153291505741
2026-09-16,FYT,48.68556313320257
2026-09-16,FYZ,0.0
2026-09-16,FZJ,-2.1182819000899906
2026-09-16,FZP,-6.881308056395528
2026-09-16,GA1,15.176224931177817
2026-09-16,GAC,0.0
2026-09-16,GAE,12.181238916663471
2026-09-16,GAF,8.536268993899501
2026-09-16,GAG,0.01096963287462275
2026-09-16,GAH,-6.424421755750362
2026-09-16,GAJ,0.0
2026-09-16,GAL,12.497804285624339
2026-09-16,GAN,0.0
2026-09-16,GAS,-0.21491080332226134
2026-09-16,GAU,0.0
2026-09-16,GAV,0.0
2026-09-16,GBC,0.896576021636222
2026-09-16,GBG,3.030441398521305
2026-09-16,GBH,1.0857881352658207
2026-09-16,GBJ,25.315727604418353
2026-09-16,GBL,61.347139585534094
2026-09-16,GBN,-2.105724183162595
2026-09-16,GBP,0.0
2026-09-16,GBV,-13.184890655479926
2026-09-16,GBZ,2.332737050918087
2026-09-16,GCA,-0.13939200112687888
2026-09-16,GCC,0.0
2026-09-16,GCD,-10.341842299575019
2026-09-16,GCI,0.0
2026-09-16,GCZ,0.0
2026-09-16,GDJ,0.0
2026-09-16,GDP,0.0
2026-09-16,GEC,0.0
2026-09-16,GEI,0.0
2026-09-16,GEZ,0.0
2026-09-16,GFB,0.0
2026-09-16,GFD,-1.4133109954405085
2026-09-16,GFI,0.0
2026-09-16,GFL,0.0
2026-09-16,GFN,0.0
2026-09-16,GFY,0.0
2026-09-16,GGA,-1.1671837395387725
2026-09-16,GGC,0.0
2026-09-16,GGD,0.0
2026-09-16,GGK,-3.939371945834197
2026-09-16,GGM,0.0
2026-09-16,GGN,0.0
2026-09-16,GGP,0.0
2026-09-16,GGR,-0.20999600773374613
2026-09-16,GHS,-11.22003641145056
2026-09-16,GID,-18.080878779947138
2026-09-16,GIE,0.5566092066347605
2026-09-16,GIH,-29.353047870280264
2026-09-16,GJA,0.0
2026-09-16,GJB,-5.195626789818526
2026-09-16,GJD,-0.29741394631468393
2026-09-16,GJE,0.0
2026-09-16,GJF,-0.4404894961630755
2026-09-16,GJH,-12.083821849283687
2026-09-16,GJM,1.346870358037807
2026-09-16,GJO,0.0
2026-09-16,GKF,0.7967843946140878
2026-09-16,GKG,1.6752763487580762
2026-09-16,GKH,-35.30157557246805
2026-09-16,GKK,0.0
2026-09-16,GKL,0.0
2026-09-16,GKM,0.0
2026-09-16,GKV,-26.3239130613157
2026-09-16,GL1,14.68215863602972
2026-09-16,GLC,-0.031637405292023024
2026-09-16,GLG,-26.479370621024493
2026-09-16,GLL,-83.84420554112297
2026-09-16,GLM,0.0
2026-09-16,GLP,0.0
2026-09-16,GLS,173.822824656281
2026-09-16,GLV,-0.3112220888424849
2026-09-16,GMA,-2.3325432176595142
2026-09-16,GMC,-7.240854343634312
2026-09-16,GMD,384.8440804104099
2026-09-16,GME,0.0
2026-09-16,GMI,-6.6661277341789535
2026-09-16,GMM,0.0
2026-09-16,GMN,-0.36825776768578034
2026-09-16,GMO,-0.14774674803645402
2026-09-16,GMP,-0.6313715014801206
2026-09-16,GMR,-6.061455887671603
2026-09-16,GMZ,-2.186750300670974
2026-09-16,GNH,1.0307352285644267
2026-09-16,GNK,0.0
2026-09-16,GNL,-3.538348858926453
2026-09-16,GNP,31.620016018870743
2026-09-16,GNS,25.172211607064447
2026-09-16,GNZ,2.691585882875393
2026-09-16,GO1,-1.842007786119209
2026-09-16,GO3,-11.81621201449534
2026-09-16,GO4,-3.6632089403352004
2026-09-16,GO6,-16.45081526959606
2026-09-16,GO9,-9.237851898364983
2026-09-16,GOF,10.272962613068865
2026-09-16,GOH,-4.488900229758615
2026-09-16,GOK,4.890033662526042
2026-09-16,GOL,-8.66923047247855
2026-09-16,GOP,-79.66700428023593
2026-09-16,GP1,0.0
2026-09-16,GP3,5.718335361525693
2026-09-16,GPA,2.7032947525056876
2026-09-16,GPB,-0.24583262859551275
2026-09-16,GPC,-1.6367120603440082
2026-09-16,GPF,-7.3734303970088515
2026-09-16,GPG,-3.1054351394008735
2026-09-16,GPH,0.0
2026-09-16,GPI,-2.2879590507817733
2026-09-16,GPJ,0.0
2026-09-16,GPL,0.04541812441953076
2026-09-16,GPM,0.0
2026-09-16,GPN,-2.8415045371834733
2026-09-16,GPT,-11.614712880287387
2026-09-16,GPU,-0.6511654677108369
2026-09-16,GPV,-22.790674763490408
2026-09-16,GPZ,137.61949059198986
2026-09-16,GRL,-29.725100213020962
2026-09-16,GRO,-0.8373979915462121
2026-09-16,GRT,-0.960182777375062
2026-09-16,GSE,1.0427405041927715
2026-09-16,GSG,-1.3833249345971517
2026-09-16,GSL,-52.94141484103029
2026-09-16,GSO,14824.946534964141
2026-09-16,GSP,0.8136860181755415
2026-09-16,GSR,0.0
2026-09-16,GTA,-2.7451085269404993
2026-09-16,GTF,4.285418620664807
2026-09-16,GTH,0.037999321168237975
2026-09-16,GTK,0.0
2026-09-16,GTL,-5.1575778439604365
2026-09-16,GTM,-7.7428366580546015
2026-09-16,GTN,0.0
2026-09-16,GTY,-2.7853362400779913
2026-09-16,GTZ,-3.7722872189265946
2026-09-16,GUA,0.0
2026-09-16,GUB,7.134469292527557
2026-09-16,GUC,-57.51960272454259
2026-09-16,GUF,6.081989387443492
2026-09-16,GUH,1.5255145101667704
2026-09-16,GUK,-1.983947336581438
2026-09-16,GUM,-2.6914902550736914
2026-09-16,GUV,35.713067329319045
2026-09-16,GVA,-5.479429078080976
2026-09-16,GVB,0.0
2026-09-16,GVC,0.0
2026-09-16,GVD,0.0
2026-09-16,GVI,-4.070586088855567
2026-09-16,GVL,0.0
2026-09-16,GVZ,0.0
2026-09-16,GYC,0.0
2026-09-16,GYG,-0.8148784252251844
2026-09-16,GYK,-0.094759144906015
2026-09-16,GYL,16.85346554638053
2026-09-16,GYN,0.0
2026-09-16,GYR,-1.946947046759933
2026-09-16,GZB,0.0
2026-09-16,GZD,0.0
2026-09-16,GZE,-3.0403354562920453
2026-09-16,GZG,-7.689470549920038
2026-09-16,GZH,-7.280622140939885
2026-09-16,GZJ,-3.4775641067730447
2026-09-16,GZL,4.727800104473435
2026-09-16,GZM,14.38018186192083
2026-09-16,GZN,-2.4047490794378854
2026-09-16,GZO,0.0
2026-09-16,GZP,0.8643921400876793
2026-09-16,GZR,0.03857600531784383
2026-09-16,GZU,0.0
2026-09-16,GZV,-0.0805259845544685
2026-09-16,GZY,-8.630430809304158
2026-09-16,GZZ,0.007623657456130377
2026-09-16,HAE,-0.3200008697822972
2026-09-16,HAG,0.0
2026-09-16,HAI,19.441221824605133
2026-09-16,HAM,-2.0193479943069876
2026-09-16,HAR,1483.3918149810265
2026-09-16,HAT,-33.1382928043907
2026-09-16,HB1,-3.5407183197014804
2026-09-16,HB2,2.346168448744112
2026-09-16,HBF,-1.1873018911148636
2026-09-16,HBJ,0.0
2026-09-16,HBN,-4.5724822075573375
2026-09-16,HBU,20.547508146172945
2026-09-16,HBV,0.02006235636740203
2026-09-16,HCV,-7.824983790477821
2026-09-16,HDA,-20.468056449887147
2026-09-16,HDD,98.32359648708618
2026-09-16,HDE,-1.124282531885213
2026-09-16,HDH,-2.680064288948743e-05
2026-09-16,HDJ,-2.464913726401621
2026-09-16,HDK,-2.473352714021861
2026-09-16,HDS,0.0
2026-09-16,HDV,2.5560975180525345
2026-09-16,HEH,-43.071509070021094
2026-09-16,HFA,0.0
2026-09-16,HFI,1.620005256336396
2026-09-16,HFO,13.514283656069317
2026-09-16,HFR,201.25453599576946
2026-09-16,HFV,-1.3340145669557006
2026-09-16,HFY,-103.85463181247675
2026-09-16,HGC,3.3175701833203113
2026-09-16,HGH,-98.2374953198066
2026-09-16,HGJ,0.0
2026-09-16,HGM,-3.161934493973015
2026-09-16,HGR,-14.201905039308125
2026-09-16,HGT,0.0
2026-09-16,HGU,0.0
2026-09-16,HGV,103.01155782669625
2026-09-16,HIA,-35.27327605622243
2026-09-16,HIF,-0.8450594927616536
2026-09-16,HIH,-6.995715806986066
2026-09-16,HII,0.0
2026-09-16,HIM,-1.1011195961057791
2026-09-16,HIP,-12.348256594342358
2026-09-16,HIS,7.856987024594907
2026-09-16,HIZ,-0.7018269339606394
2026-09-16,HJA,-13.840221357374533
2026-09-16,HJB,-12.61058352197256
2026-09-16,HKG,10.661159215813582
2026-09-16,HKH,-12.620883163867443
2026-09-16,HKJ,-20.48116792435694
2026-09-16,HKM,-13.248721151643682
2026-09-16,HKP,-37.14727403983306
2026-09-16,HKR,-7.087242424283066
2026-09-16,HKV,23.426433000400642
2026-09-16,HLA,-35.0835338527934
2026-09-16,HLL,0.7436580081625707
2026-09-16,HLR,-9.977931700174764
2026-09-16,HMC,-105.22301187881425
2026-09-16,HME,4.0313984010973165
2026-09-16,HMG,4.749165110725314
2026-09-16,HMK,-44.64028354294725
2026-09-16,HML,410.2563225568381
2026-09-16,HMS,-32.9140193059015
2026-09-16,HMT,0.0
2026-09-16,HMV,0.0
2026-09-16,HNS,0.12663860863115983
2026-09-16,HOA,-7.499488158724928
2026-09-16,HOY,-1.6511708817312132
2026-09-16,HP3,82.7232315782465
2026-09-16,HPC,1.892344375676791
2026-09-16,HPD,-0.09479875106793942
2026-09-16,HPF,0.0
2026-09-16,HPH,-26.195067521982136
2026-09-16,HPI,0.0
2026-09-16,HPJ,0.0
2026-09-16,HPL,0.0
2026-09-16,HPO,1.7087011917683759
2026-09-16,HPT,28.085759674701887
2026-09-16,HPV,-2.616784658412983
2026-09-16,HPZ,-1.2036625350374899
2026-09-16,HRZ,-30.16938258907397
2026-09-16,HSA,-1.4173881399818842
2026-09-16,HSL,-2.971406154161788
2026-09-16,HSP,0.19340430221748925
2026-09-16,HST,1.6946856646373496
2026-09-16,HTF,-15.500148296811616
2026-09-16,HTJ,45.034949769929895
2026-09-16,HTK,-17.983081116026845
2026-09-16,HTS,8.632979685308223
2026-09-16,HTZ,0.0
2026-09-16,HUI,0.0
2026-09-16,HUS,0.0
2026-09-16,HVA,-2.2224433134840793
2026-09-16,HVB,0.0
2026-09-16,HVC,-3.693156913191298e-05
2026-09-16,HVI,0.17520595968935193
2026-09-16,HVK,-25.319614831341607
2026-09-16,HVL,0.0
2026-09-16,HVN,0.0
2026-09-16,HVS,-2.862429067982041
2026-09-16,HVT,8.76988840866254
2026-09-16,HVU,0.21207831929660886
2026-09-16,HVV,0.0
2026-09-16,HVZ,-15.045777404402386
2026-09-16,HYK,0.5169087535328081
2026-09-16,HYP,0.07144242569897484
2026-09-16,HYU,22.154041679696714
2026-09-16,HYV,-3.948462455628731
2026-09-16,HYY,0.0
2026-09-16,HZV,0.0
2026-09-16,IAC,0.0
2026-09-16,IAE,-3.1938216024441557
2026-09-16,IAI,0.0
2026-09-16,IAJ,0.0
2026-09-16,IAM,1.1513353338368089
2026-09-16,IAR,-4.074773750890657
2026-09-16,IAS,3.4562629563245176e-05
2026-09-16,IAT,17.747361032148547
2026-09-16,IAU,-53.30712837902903
2026-09-16,IAY,-3.3238178504470888
2026-09-16,IBB,-6.823328369416239
2026-09-16,IBC,0.0
2026-09-16,IBE,0.0
2026-09-16,IBG,0.0
2026-09-16,IBJ,0.0
2026-09-16,IBK,-0.6536470456320286
2026-09-16,IBM,-0.9583798102360932
2026-09-16,IBP,0.0
2026-09-16,IBR,27.512274198435293
2026-09-16,ICA,-1.7662014609104504
2026-09-16,ICC,-11.180793938942864
2026-09-16,ICD,-5.176608312596962
2026-09-16,ICE,7.764852456275459
2026-09-16,ICF,10.65801727941794
2026-09-16,ICG,-1.3682134244896174
2026-09-16,ICH,21.364222237533088
2026-09-16,ICM,390.79612250519403
2026-09-16,ICN,244.56994943281484
2026-09-16,ICS,-10.942498833216476
2026-09-16,ICV,1.3486460626033918
2026-09-16,ICZ,14.061357597776869
2026-09-16,IDD,0.015714179483732413
2026-09-16,IDF,-2.4441063773514267
2026-09-16,IDH,-6.467860980917431
2026-09-16,IDI,247.9789334535687
2026-09-16,IDL,-5.412610698112051
2026-09-16,IDO,7.826472017132276
2026-09-16,IDP,-10.230427199825478
2026-09-16,IDV,-0.8972661007789617
2026-09-16,IDY,-30.18594672553262
2026-09-16,IED,2.157253480400189
2026-09-16,IEN,-34.24563874217243
2026-09-16,IEV,10.711437421632601
2026-09-16,IEZ,0.08670391553489885
2026-09-16,IFD,0.0
2026-09-16,IFN,-3.4337252874243553
2026-09-16,IFV,287.73365944631973
2026-09-16,IFY,0.0
2026-09-16,IGF,0.0
2026-09-16,IGL,2.0976223388319144
2026-09-16,IGM,1.5126237130790723
2026-09-16,IGZ,-79.14817080040463
2026-09-16,IH1,1.1313651892353151
2026-09-16,IHA,-13.909146546428843
2026-09-16,IHC,-0.007595793275487616
2026-09-16,IHK,-9.036767108163536
2026-09-16,IHP,-11.36004582459018
2026-09-16,IHT,-9.368256402354747
2026-09-16,IHV,-33.907576160451114
2026-09-16,IHY,0.0
2026-09-16,IHZ,-32.26627699894756
2026-09-16,IIA,0.0
2026-09-16,IIC,-0.39073261507107443
2026-09-16,IIE,-13.192247923191628
2026-09-16,IIF,141.37825039567562
2026-09-16,IIH,-5.56356302744717
2026-09-16,IIN,-7.316516432686307
2026-09-16,IIS,-1.7899835118624325
2026-09-16,IJA,-8.345256681533355
2026-09-16,IJB,-8.596501701928744
2026-09-16,IJC,-16.2254644123978
2026-09-16,IJE,-9.169778337847537
2026-09-16,IJF,0.7097396227051231
2026-09-16,IJH,-7.425437050346882
2026-09-16,IJI,16.66059845076767
2026-09-16,IJK,-0.8287266571115954
2026-09-16,IJL,0.0
2026-09-16,IJP,-4.734056193386356
2026-09-16,IJT,10.688851313272158
2026-09-16,IJV,33.144392001571276
2026-09-16,IJZ,1.45192749719499
2026-09-16,IK2,0.0
2026-09-16,IKL,-4.842021681767958
2026-09-16,IKP,-7.877354546500421
2026-09-16,IKV,17.164628933795516
2026-09-16,ILC,0.0
2026-09-16,ILE,0.0
2026-09-16,ILH,-9.477145819422416
2026-09-16,ILI,7.602125049688042
2026-09-16,ILM,0.0
2026-09-16,ILP,0.0
2026-09-16,ILU,9.154160128252917
2026-09-16,ILZ,-2.6910116001056648
2026-09-16,IMB,-1.5639548613484364
2026-09-16,IMF,0.0
2026-09-16,IMG,0.0
2026-09-16,IMH,0.0
2026-09-16,IML,-5.668823617757891
2026-09-16,IMO,0.0
2026-09-16,IMS,0.0
2026-09-16,IMT,0.0
2026-09-16,IMY,0.0
2026-09-16,IMZ,0.0
2026-09-16,INH,-4.9812906628030635
2026-09-16,INV,0.0
2026-09-16,INZ,0.0012109385112638563
2026-09-16,IOG,-3.508774354073805
2026-09-16,IOH,0.7465007000885086
2026-09-16,IOJ,0.0
2026-09-16,IOL,0.0
2026-09-16,IOM,-3.2730959466390237
2026-09-16,ION,0.0
2026-09-16,IOO,67.52304588261583
2026-09-16,IOP,1.6249110053581028
2026-09-16,IOT,0.0
2026-09-16,IOV,-0.669644776166934
2026-09-16,IPA,0.0
2026-09-16,IPB,-5.545767730939886
2026-09-16,IPC,0.0
2026-09-16,IPE,0.0
2026-09-16,IPF,8.242498970641917
2026-09-16,IPG,-1.537005255311635
2026-09-16,IPJ,-4.215155437873578
2026-09-16,IPK,-0.29319372719155523
2026-09-16,IPO,-9.215483301718406
2026-09-16,IPP,-5.298444986675834
2026-09-16,IPR,0.0
2026-09-16,IPU,0.0
2026-09-16,IPV,0.38996363882932056
2026-09-16,IRB,5.794420676445622
2026-09-16,IRE,0.0
2026-09-16,IRF,-7.274725409559372
2026-09-16,IRL,-15.109295473511752
2026-09-16,IRO,-3.972849189429527
2026-09-16,IRT,-0.8318086416124514
2026-09-16,IRV,44.224163365702076
2026-09-16,IRY,4.17850815317621
2026-09-16,ISR,0.0
2026-09-16,ISS,0.0
2026-09-16,IST,16.53208128303511
2026-09-16,ITA,0.0
2026-09-16,ITC,23.288351514499446
2026-09-16,ITD,0.0
2026-09-16,ITJ,0.0
2026-09-16,ITL,0.0
2026-09-16,ITP,-2.55346862454017
2026-09-16,ITR,0.0
2026-09-16,ITV,0.0
2026-09-16,ITZ,2.0850061032292158
2026-09-16,IUA,-4.497121237610291
2026-09-16,IUB,0.0
2026-09-16,IUC,0.0
2026-09-16,IUF,-0.10741057891756028
2026-09-16,IUH,-3.663736301462435
2026-09-16,IUM,0.0
2026-09-16,IUN,0.0
2026-09-16,IUV,-2.3332638248974225
2026-09-16,IUZ,-22.745762731549426
2026-09-16,IV2,0.0
2026-09-16,IV6,0.0
2026-09-16,IV7,0.0
2026-09-16,IV8,-0.566755603106359
2026-09-16,IVF,-1.742948880222288
2026-09-16,IVS,-26.114694722782673
2026-09-16,IVY,-3.775483622219368
2026-09-16,IYB,-8.963394697493426
2026-09-16,IYP,0.26440891871587757
2026-09-16,IYR,-0.005368843255234189
2026-09-16,IYS,0.0
2026-09-16,IYV,-6.882701623736391
2026-09-16,IZA,-12.175625773608672
2026-09-16,IZB,67.72610476394475
2026-09-16,IZE,0.0
2026-09-16,IZL,0.0
2026-09-16,IZS,45.903322259785384
2026-09-16,IZV,0.0
2026-09-16,IZY,0.0
2026-09-16,JET,-4.837553058213701
2026-09-16,JOT,0.0
2026-09-16,JUP,0.00011210843496499007
2026-09-16,KAC,-1.471080197340992
2026-09-16,KAN,0.9267013989800198
2026-09-16,KAV,-2.6220009911046995
2026-09-16,KBJ,-0.30784951952545475
2026-09-16,KBP,0.0
2026-09-16,KBZ,0.0
2026-09-16,KCL,1.4922937820635411
2026-09-16,KCR,32.03851886591125
2026-09-16,KCV,18.814078847561458
2026-09-16,KDE,19.9590753618531
2026-09-16,KDI,-94.72928411578529
2026-09-16,KDK,0.0
2026-09-16,KDL,-2.0856501464407264
2026-09-16,KDO,4.264057139366897
2026-09-16,KDS,-5.59725874161251
2026-09-16,KDT,-2.1441624363089407
2026-09-16,KDV,1.1671703725664044
2026-09-16,KDZ,-4.392128736843203
2026-09-16,KEI,0.0
2026-09-16,KEO,0.0
2026-09-16,KEU,11.838486631283992
2026-09-16,KFZ,0.0
2026-09-16,KGM,-4.139396495329603
2026-09-16,KH1,8.916833421555584
2026-09-16,KHA,-13.671949438515652
2026-09-16,KHB,-16.716665996137284
2026-09-16,KHC,-29.264058576085404
2026-09-16,KHD,4.586946380490942
2026-09-16,KHF,0.07034865227017294
2026-09-16,KHJ,2.402558045197436
2026-09-16,KHP,-36.076592567651744
2026-09-16,KHT,-10.793733113967138
2026-09-16,KHU,0.0
2026-09-16,KIA,-12.104001765795381
2026-09-16,KIB,1.004161606838807
2026-09-16,KIE,128.29441747609562
2026-09-16,KIH,-0.07500279331356373
2026-09-16,KIK,-5.7503062787988695
2026-09-16,KIS,-1.7043804371384335
2026-09-16,KJK,0.0
2026-09-16,KKB,0.0
2026-09-16,KKC,-62.70961934709929
2026-09-16,KKE,0.0
2026-09-16,KKH,-6.208780629528808
2026-09-16,KKL,1.4115525489141278
2026-09-16,KKO,0.0
2026-09-16,KKP,0.15427540286572008
2026-09-16,KKT,322.0235059608108
2026-09-16,KLH,-38.64178668701822
2026-09-16,KLI,14.520483432348355
2026-09-16,KLL,0.0
2026-09-16,KLM,0.0
2026-09-16,KLS,-71.38819041536895
2026-09-16,KLU,-7.303784695131764
2026-09-16,KMA,0.0
2026-09-16,KME,11.764820304621763
2026-09-16,KMF,17.42757572233556
2026-09-16,KMN,7.284921051671427
2026-09-16,KMT,0.0
2026-09-16,KNC,0.0
2026-09-16,KNI,-45.218591174580055
2026-09-16,KNJ,64.58934286379588
2026-09-16,KNN,0.00016748784988873897
2026-09-16,KNP,-11.081672698676014
2026-09-16,KNS,0.0
2026-09-16,KNT,0.0
2026-09-16,KNV,0.0
2026-09-16,KNZ,0.0
2026-09-16,KO4,-0.27164298752564203
2026-09-16,KOB,1.741946267107492
2026-09-16,KOD,-7.107127466583946
2026-09-16,KOP,0.0
2026-09-16,KOT,-7.487803077073246
2026-09-16,KOZ,0.0
2026-09-16,KP3,-1.1580787018805974
2026-09-16,KPA,7.304385921788667
2026-09-16,KPB,0.0
2026-09-16,KPC,4.134589727419335
2026-09-16,KPD,-0.7546246795155741
2026-09-16,KPF,-89.94234573138246
2026-09-16,KPH,-2.845106204474734
2026-09-16,KPI,21.42459285562517
2026-09-16,KPK,0.0
2026-09-16,KPM,0.0
2026-09-16,KPP,-11.342232391670139
2026-09-16,KPR,-38.24309871891201
2026-09-16,KPS,0.0
2026-09-16,KPU,-6.14563785725482
2026-09-16,KRC,-0.06788824241631461
2026-09-16,KRF,9.0854493496882
2026-09-16,KRH,-7.894045660668028e-05
2026-09-16,KRO,-1.7236401677558002
2026-09-16,KRR,13.769015751055763
2026-09-16,KRS,-5.657124653612833
2026-09-16,KRT,7.076506197407087
2026-09-16,KRV,-0.41735420217294555
2026-09-16,KSA,19.450690770646638
2026-09-16,KSC,0.0
2026-09-16,KSK,-48.22549699439077
2026-09-16,KSL,-1.593831517742984
2026-09-16,KSM,1.300364545665118
2026-09-16,KSP,-0.04003556117584981
2026-09-16,KSR,-20.187649530297143
2026-09-16,KST,-2.4527346223898587
2026-09-16,KSV,22.856034220777097
2026-09-16,KSY,208.73931351789224
2026-09-16,KTE,-4.40867269588505
2026-09-16,KTI,-62.54411323089677
2026-09-16,KTJ,-11.02524762564188
2026-09-16,KTM,3.8075549848345056
2026-09-16,KTN,-6.9643266273373525
2026-09-16,KTR,-0.11488119281495505
2026-09-16,KTS,16.234470750736698
2026-09-16,KTT,3.232891328812715
2026-09-16,KTU,0.0
2026-09-16,KTV,48.95952325528528
2026-09-16,KU3,6.464756786313722
2026-09-16,KUA,-6.211199639951485
2026-09-16,KUB,-2.1541668458395287
2026-09-16,KUD,48.553002446643305
2026-09-16,KUP,-0.4992097210581653
2026-09-16,KUT,-6.683776057079796
2026-09-16,KVA,0.0
2026-09-16,KVK,54.294922151346704
2026-09-16,KVR,-18.32912301439587
2026-09-16,KVS,-11.968601887850888
2026-09-16,KVT,18.855395457533003
2026-09-16,KYA,-8.265938137546287
2026-09-16,KYR,0.0
2026-09-16,KYS,0.0
2026-09-16,KZL,-2.107298878693576
2026-09-16,KZO,0.0
2026-09-16,KZU,-3.7794023162685395
2026-09-16,LAI,-41.98218118883096
2026-09-16,LET,0.0
2026-09-16,LFD,-263.6899425842019
2026-09-16,LGK,3.9581368278704905
2026-09-16,LGO,0.0
2026-09-16,LHM,0.0
2026-09-16,LHP,-3.955449366860754
2026-09-16,LKF,26.360493199102148
2026-09-16,LKT,10.536102735612163
2026-09-16,LLA,-10.82141634331361
2026-09-16,LPH,20.666847909606194
2026-09-16,LRT,-6.1251429736349134
2026-09-16,LTC,-0.41892310129442295
2026-09-16,LTL,-60.7993096604024
2026-09-16,LTS,0.1777860162225252
2026-09-16,LZV,0.0
2026-09-16,MAC,-4.1805787056912
2026-09-16,MAD,6.011839292101421
2026-09-16,MAS,-0.48397814399136374
2026-09-16,MAV,0.0
2026-09-16,MBL,0.014916041394114577
2026-09-16,MBR,8.999298715778306
2026-09-16,MCU,38.90317305093996
2026-09-16,MD1,1.0797679138842962
2026-09-16,MD2,-7.32119523241279
2026-09-16,MDF,-2.3210897674557356
2026-09-16,MET,-1.243951762488576
2026-09-16,MGB,-20.31178381494059
2026-09-16,MGD,0.0
2026-09-16,MGE,3.9628280835034793
2026-09-16,MGH,-2.006947867198704
2026-09-16,MHF,-26.295851253433472
2026-09-16,MIK,-9.689994655437133
2026-09-16,MJB,0.28212174517497357
2026-09-16,MJE,-10.078654411890332
2026-09-16,MJG,-3.737237504023984
2026-09-16,MJH,4.132018709643348
2026-09-16,MJK,-4.8247782992167
2026-09-16,MJL,1.3921029047641122
2026-09-16,MKA,-9.814359721441422
2026-09-16,MKG,-6.050556904954628
2026-09-16,MKL,0.0
2026-09-16,MLS,0.0
2026-09-16,MLT,-9.04622469959085
2026-09-16,MMH,44.87099008975717
2026-09-16,MOD,-0.7352467499711827
2026-09-16,MOZ,2.993352432314028
2026-09-16,MP2,0.0
2026-09-16,MP4,1.8060131417114216
2026-09-16,MPD,-2.3754795883705166
2026-09-16,MPE,38.32355795277671
2026-09-16,MPF,9.371436090471482
2026-09-16,MPI,-0.1592040868735847
2026-09-16,MPK,-14.528034674304774
2026-09-16,MPL,-14.862631065657009
2026-09-16,MPN,-2.171331550744011
2026-09-16,MPP,-13.107937831426971
2026-09-16,MPS,-5.944258344914917
2026-09-16,MRI,2.2701118580544084
2026-09-16,MSK,6.921212475142994e-06
2026-09-16,MSO,0.0
2026-09-16,MSR,-4.3009877302550255
2026-09-16,MT1,1.1788643695382506
2026-09-16,MT2,-28.998856740526342
2026-09-16,MT5,-0.007226885164183392
2026-09-16,MT6,141.8782484002846
2026-09-16,MT7,-0.04725395777885147
2026-09-16,MT8,-64.02460835239684
2026-09-16,MT9,98.25082859396049
2026-09-16,MTD,-7.692073506175754
2026-09-16,MTE,-56.792654066328026
2026-09-16,MTF,-7.891680675592898
2026-09-16,MTG,7.579129122389188
2026-09-16,MTH,-2.9396157198931685
2026-09-16,MTI,0.0
2026-09-16,MTK,316.8223579120325
2026-09-16,MTL,1213.9534655397479
2026-09-16,MTS,-1.2487518302500504
2026-09-16,MTU,-0.005809924115202687
2026-09-16,MTV,-4.390376237845774
2026-09-16,MTX,-2.8111250563303654
2026-09-16,MUL,9.36868422524359
2026-09-16,MUT,-13.52996174755116
2026-09-16,NAK,-1.5651882091766403
2026-09-16,NAL,-55.596182361876224
2026-09-16,NAU,-8.360121011186392
2026-09-16,NAV,0.0
2026-09-16,NBE,-0.9338953886147022
2026-09-16,NBH,5.346812391286847
2026-09-16,NBO,20.53867660906487
2026-09-16,NBZ,5.167914385707244
2026-09-16,NCS,-2.2808454596203234
2026-09-16,NCU,0.1445240323063907
2026-09-16,NDL,0.0
2026-09-16,NDS,0.0
2026-09-16,NES,0.0
2026-09-16,NFF,-9.318372149501828
2026-09-16,NFH,-3.4138779693022454
2026-09-16,NFK,-11.140343666536943
2026-09-16,NHP,-3.44686190812135
2026-09-16,NHT,0.0
2026-09-16,NHV,0.0
2026-09-16,NHY,-0.609731728282563
2026-09-16,NIG,-10.405242481523565
2026-09-16,NIS,-1.6354910867379255
2026-09-16,NJF,-25.595978746150955
2026-09-16,NJG,0.0
2026-09-16,NJR,11.862793066418666
2026-09-16,NJY,21.999501101793463
2026-09-16,NKA,-1.8678243032209756
2026-09-16,NKC,-6.038895207286186
2026-09-16,NKH,-0.6739589867258773
2026-09-16,NKJ,0.0
2026-09-16,NKK,0.0
2026-09-16,NKL,76.20237441534657
2026-09-16,NKM,-17.772359556500092
2026-09-16,NKP,-16.684049012474073
2026-09-16,NKS,0.0
2026-09-16,NKT,60.122939646493656
2026-09-16,NKV,0.0
2026-09-16,NLC,0.0
2026-09-16,NLD,169.5208423052047
2026-09-16,NLE,-4.470754120221343
2026-09-16,NLK,32.849668457806104
2026-09-16,NLL,0.03714056554430334
2026-09-16,NME,-14.51901184141404
2026-09-16,NMG,0.0
2026-09-16,NMP,79.26998049253207
2026-09-16,NMU,-0.7564079867682069
2026-09-16,NNF,-16.07223345653974
2026-09-16,NOA,54.88622724339002
2026-09-16,NOI,22.934283536012845
2026-09-16,NOV,0.0
2026-09-16,NP1,-3.906696116655501
2026-09-16,NPH,-39.263210737962154
2026-09-16,NPK,-0.002135336635632623
2026-09-16,NRC,-5.380780525274128
2026-09-16,NRG,-27.340422207066982
2026-09-16,NRM,0.0
2026-09-16,NSA,-26.607554091995706
2026-09-16,NSD,10.927648197140371
2026-09-16,NSH,29.22436748180936
2026-09-16,NSK,-71.21291478774016
2026-09-16,NSP,-16.114373954034964
2026-09-16,NSS,0.0
2026-09-16,NST,-6.140671104914889
2026-09-16,NSY,17.334625249546264
2026-09-16,NTB,-3.202561054557393e-05
2026-09-16,NTD,0.0
2026-09-16,NTF,-0.008593340155245903
2026-09-16,NTI,-31.15291889019295
2026-09-16,NTO,0.0
2026-09-16,NTS,0.0
2026-09-16,NUB,-4.945957164852687
2026-09-16,NUG,0.011334330143392794
2026-09-16,NUH,-73.25272194472362
2026-09-16,NVB,-27.175499015974054
2026-09-16,NVC,37.71194022422692
2026-09-16,NVK,55.081690411305054
2026-09-16,NVP,0.0
2026-09-16,NVT,2396.6163107288503
2026-09-16,NVZ,-0.7511986915447139
2026-09-16,NYH,0.0
2026-09-16,NZH,-1.6715150241171775
2026-09-16,NZT,-65.92216482844938
2026-09-16,NZU,-10.479637040552054
2026-09-16,OAB,-0.11366523022789927
2026-09-16,OAO,2158.963807015663
2026-09-16,OBI,-8.423555986269813
2026-09-16,OBN,-4.062480200098741
2026-09-16,OBP,-4.978924420384466
2026-09-16,OBR,-6.826233012236275
2026-09-16,OCM,0.03604995386147812
2026-09-16,OCN,0.0
2026-09-16,OCT,-1.8836096755914171
2026-09-16,ODD,-1.3486377282595552
2026-09-16,ODG,-4.636148186153939
2026-09-16,ODN,89.56465079187501
2026-09-16,ODP,-1.7155680578902412
2026-09-16,ODS,1.2791664425905591
2026-09-16,ODV,-4.026149005295611
2026-09-16,OFA,-11.291313581504017
2026-09-16,OFB,0.0
2026-09-16,OFI,-0.6204214576867161
2026-09-16,OFK,-12.29368709256481
2026-09-16,OFO,0.0
2026-09-16,OFS,-0.94576189247625
2026-09-16,OGD,-1.212224475987721
2026-09-16,OGF,3.8620648140165574
2026-09-16,OGV,0.0
2026-09-16,OHB,-1.8800750879319286
2026-09-16,OHI,-34.80374554405902
2026-09-16,OHK,64.76140109708847
2026-09-16,OIL,1.1602492868211767
2026-09-16,OIR,-1.3006419455237463
2026-09-16,OIS,0.0
2026-09-16,OJB,-1.993650203547332
2026-09-16,OJH,0.0
2026-09-16,OJK,-0.8004918636864249
2026-09-16,OJT,-3.163228855506976
2026-09-16,OJU,0.0
2026-09-16,OJY,-0.10062628833105586
2026-09-16,OKD,-1.4463739785486198
2026-09-16,OKF,0.0
2026-09-16,OKP,-4.795675364122867
2026-09-16,OKT,-2.1506419354227377
2026-09-16,OLA,-1.1953628363291093
2026-09-16,OLD,-7.485735413754976
2026-09-16,OLE,9.155459191769818
2026-09-16,OMB,0.0
2026-09-16,OMC,-0.2668499409219432
2026-09-16,OME,-0.42912016627539434
2026-09-16,OMG,-1.3880981947433975
2026-09-16,OMT,2.6461382472682877
2026-09-16,ONB,-7.438118021541297
2026-09-16,OND,-1.1718250483673154
2026-09-16,ONE,-9.40662129680332
2026-09-16,ONF,0.10257138238384625
2026-09-16,ONK,-8.528117453408909
2026-09-16,ONN,28.285918238746454
2026-09-16,ONS,3.2816293453376053
2026-09-16,ONT,0.0
2026-09-16,ONY,-0.204838034435531
2026-09-16,OPB,0.4894313819646212
2026-09-16,OPD,0.0016412050066944
2026-09-16,OPF,-1.9499591115765904
2026-09-16,OPH,-0.9912181988528662
2026-09-16,OPI,-1.081012379496472
2026-09-16,OPJ,-38.0296612449199
2026-09-16,OPL,-4.857151307295875
2026-09-16,OPU,78.93831539665445
2026-09-16,OPZ,0.0
2026-09-16,ORC,15.843021614868855
2026-09-16,ORI,0.10841205776821652
2026-09-16,OSD,-1.611414608856016
2026-09-16,OSF,-4.222265381693012
2026-09-16,OSH,0.0
2026-09-16,OSL,19.45402196070327
2026-09-16,OSN,-13.942507601621362
2026-09-16,OTE,0.0
2026-09-16,OTF,3.97609305183658
2026-09-16,OTJ,-5.213843404267215
2026-09-16,OTK,-15.848915774266068
2026-09-16,OTM,6.488772811849541
2026-09-16,OTZ,0.0
2026-09-16,OUB,-0.022742752936110514
2026-09-16,OUD,0.23929345735956392
2026-09-16,OUN,-1.7471896546875791
2026-09-16,OUR,0.0
2026-09-16,OUY,0.0
2026-09-16,OVD,23.799797235351594
2026-09-16,OVR,0.0
2026-09-16,OYL,-5.589221709584496
2026-09-16,OYS,-3.253950617830401
2026-09-16,OYT,4.0632851006470325
2026-09-16,OZC,-72.30646258888686
2026-09-16,P1A,36.28299962467278
2026-09-16,PA2,-16.86892333790394
2026-09-16,PAB,64.84950219265183
2026-09-16,PAC,0.0
2026-09-16,PAF,-7.587460277697359
2026-09-16,PAI,-9.474525304308475
2026-09-16,PAL,-4.272366864301217
2026-09-16,PAO,-83.02227996976961
2026-09-16,PAU,2.67586595912503
2026-09-16,PBE,-63.25993536151816
2026-09-16,PBF,0.0
2026-09-16,PBH,-0.0027333880513425433
2026-09-16,PBI,-1.3138962389614623
2026-09-16,PBK,-7.331336590431818
2026-09-16,PBN,-7.397292865013953
2026-09-16,PBR,-68.55183874917901
2026-09-16,PBS,0.0
2026-09-16,PBY,-0.04679721755706387
2026-09-16,PCE,-45.606274253866154
2026-09-16,PCH,-2.4526304932522955
2026-09-16,PCN,0.0
2026-09-16,PCS,1.6088172334450035
2026-09-16,PDC,0.06275076503748463
2026-09-16,PDD,-6.172745789898947
2026-09-16,PDE,-0.3991410447329905
2026-09-16,PDF,-1.8793729773843377
2026-09-16,PDG,-29.743954230270557
2026-09-16,PDH,-0.5497448314347076
2026-09-16,PDR,0.0
2026-09-16,PDS,-0.0002470591352707447
2026-09-16,PEA,0.06986563681681522
2026-09-16,PFO,1.1416268036328951
2026-09-16,PFS,0.8576417663352298
2026-09-16,PGD,-10.508267256483121
2026-09-16,PGE,-0.00024991503828880574
2026-09-16,PGH,-7.128119185893027e-06
2026-09-16,PGS,-3.9351215589600614
2026-09-16,PHB,-12.831768815489388
2026-09-16,PHE,-59.752581052001474
2026-09-16,PHF,0.8123815245712405
2026-09-16,PHI,9.233586449741441
2026-09-16,PHK,-0.48224534004353214
2026-09-16,PHN,4.527290509223012
2026-09-16,PHS,-2.782907114566114
2026-09-16,PHY,-0.0007825743938133586
2026-09-16,PID,-3.2474081050181693
2026-09-16,PIL,-15.012637538611273
2026-09-16,PIP,-84.71785426198598
2026-09-16,PIR,-12.69249359085212
2026-09-16,PIS,13.99633222618343
2026-09-16,PJL,0.772285961812501
2026-09-16,PJP,-1.1879101739958569
2026-09-16,PK1,27.4530448761817
2026-09-16,PKD,-68.92631596073501
2026-09-16,PKF,-2.8754902337868398
2026-09-16,PKH,0.7383233767193371
2026-09-16,PKL,6.686383048672822
2026-09-16,PKM,-28.65210513489974
2026-09-16,PKN,-52.06571217834382
2026-09-16,PKP,-8.231180435183202
2026-09-16,PKR,-3.6609138900165323
2026-09-16,PKT,-30.841158531764634
2026-09-16,PKU,-27.349628406945737
2026-09-16,PKV,-4.228894368379539
2026-09-16,PKZ,-1.1425726706517287
2026-09-16,PLA,-16.081111379683374
2026-09-16,PLR,-17.926898516082616
2026-09-16,PLS,0.0
2026-09-16,PMG,0.0
2026-09-16,PMH,-82.47787366287827
2026-09-16,PMP,-21.93168007335446
2026-09-16,PNU,-86.36815244777607
2026-09-16,PO7,-27.932446264201133
2026-09-16,PO8,-98.9178993468734
2026-09-16,PO9,5.184859560009125
2026-09-16,POB,-0.008284952579726489
2026-09-16,POD,-7.1115559038535725
2026-09-16,POF,1.2061446997337204
2026-09-16,POH,0.0
2026-09-16,POI,-1.8867885636771736e-07
2026-09-16,POS,-19.75796785242473
2026-09-16,POU,-5.813480617576571
2026-09-16,PP1,-4.707860375213584
2026-09-16,PPB,-1.2200509561759576
2026-09-16,PPD,-4.3649240087570975
2026-09-16,PPE,-2.7202544281597776
2026-09-16,PPF,-39.87786758318491
2026-09-16,PPG,-27.66277297716742
2026-09-16,PPH,-20.757504132210233
2026-09-16,PPI,-37.59717702665654
2026-09-16,PPJ,-17.9280258065792
2026-09-16,PPK,-0.3940219242965719
2026-09-16,PPM,-11.135511460287635
2026-09-16,PPN,-0.5255932816624204
2026-09-16,PPO,-1.6118769639592496e-05
2026-09-16,PPP,-48.92814961508911
2026-09-16,PPS,-14.313175375519569
2026-09-16,PPT,-19.02148391475343
2026-09-16,PPU,-5.1390113484496715e-06
2026-09-16,PPV,-65.74870785232719
2026-09-16,PPZ,-18.396074209549226
2026-09-16,PRD,-4.755232950744435
2026-09-16,PRF,0.0
2026-09-16,PRH,-2.779779481719482
2026-09-16,PRR,-20.079612381619857
2026-09-16,PRU,-4.35361054205017
2026-09-16,PRV,-42.99245632884942
2026-09-16,PRY,-86.20125869380153
2026-09-16,PSD,0.0
2026-09-16,PSE,-15.917506878095528
2026-09-16,PSG,-14.495452275251733
2026-09-16,PSH,-4.928631591319891
2026-09-16,PSL,-11.002898651609803
2026-09-16,PSO,0.0
2026-09-16,PSR,0.3080210055057937
2026-09-16,PSS,-27.939998795298692
2026-09-16,PST,-2.1001910828375956e-05
2026-09-16,PTC,0.33745593791747436
2026-09-16,PTE,2.082453372697518
2026-09-16,PTF,31.882308848363454
2026-09-16,PTG,0.0
2026-09-16,PTL,-2.7261277168660496
2026-09-16,PTN,30.78937414142085
2026-09-16,PTO,-41.4717609392242
2026-09-16,PTP,568.2486374643977
2026-09-16,PTS,16.578671908991574
2026-09-16,PUA,0.0
2026-09-16,PUC,162.75373207598028
2026-09-16,PUH,26.31245032211515
2026-09-16,PUK,-64.91768943831096
2026-09-16,PUR,-8.25359090219473
2026-09-16,PUT,0.0
2026-09-16,PUV,0.0
2026-09-16,PVK,1.3430342811483018
2026-09-16,PYB,-47.86943697655257
2026-09-16,PYD,-0.0005255353405964984
2026-09-16,PYF,44.50698206745648
2026-09-16,PYH,7.119520248723549
2026-09-16,PYI,-16.094502643169818
2026-09-16,PYL,0.0
2026-09-16,PYR,-12.158575376231795
2026-09-16,PYS,-2.8683505061978662
2026-09-16,RAF,-23.439194294336634
2026-09-16,RAI,0.0
2026-09-16,RAN,0.0
2026-09-16,RAV,-0.003617699615716771
2026-09-16,RAY,0.0
2026-09-16,RBA,-5.02614628814793
2026-09-16,RBB,34.518647664411226
2026-09-16,RBE,0.0
2026-09-16,RBF,-48.3472841422225
2026-09-16,RBH,-5.728417847390332
2026-09-16,RBI,-4.110646381057174
2026-09-16,RBK,-18.36472544945562
2026-09-16,RBL,-27.514931880378573
2026-09-16,RBN,-13.65019465181624
2026-09-16,RBP,-29.35135314461291
2026-09-16,RBR,23.799153013020426
2026-09-16,RBT,4.762119874914019
2026-09-16,RBV,13.811065214187588
2026-09-16,RCL,0.0
2026-09-16,RCS,0.0
2026-09-16,RCV,-0.4814046561949653
2026-09-16,RD1,-2.040586863671297
2026-09-16,RDF,-4.723549237302641
2026-09-16,RDH,0.008681606356976049
2026-09-16,RDK,0.0
2026-09-16,RDS,0.0
2026-09-16,RDT,7.077482073724655
2026-09-16,RDZ,-0.0008032837222229507
2026-09-16,RE6,-48.59487092544349
2026-09-16,RE7,0.0
2026-09-16,RE8,-42.68726747383198
2026-09-16,RFM,240.96381986299394
2026-09-16,RGD,-7.2386952068795365
2026-09-16,RGH,-7.673102817000673
2026-09-16,RHD,0.0
2026-09-16,RHI,44.520201919136866
2026-09-16,RHS,-5.80110680715225
2026-09-16,RIA,-35.469950407057816
2026-09-16,RIH,-42.57067443578295
2026-09-16,RIK,-26.79367331767758
2026-09-16,RJG,-37.00591867192143
2026-09-16,RKC,-10.436280913417908
2026-09-16,RKH,-3.1188430686735993
2026-09-16,RKL,0.0
2026-09-16,RKS,-1.2220647077107634
2026-09-16,RKV,39.959811598850976
2026-09-16,RLH,-0.16402625422472855
2026-09-16,RO1,-43.21819909964869
2026-09-16,ROD,-7.06181099574522
2026-09-16,ROF,-2.449478302736819
2026-09-16,ROY,0.0
2026-09-16,RPC,3.3791262382989915
2026-09-16,RPD,-9.78073647020286
2026-09-16,RPG,6.362599776586234
2026-09-16,RPI,9.302698190231729
2026-09-16,RPK,0.0
2026-09-16,RPL,-2.6201355947670413
2026-09-16,RPM,1.7106930756887393
2026-09-16,RPN,0.0
2026-09-16,RPO,0.0
2026-09-16,RPP,-5.227608977555026
2026-09-16,RPS,-0.6379024908140188
2026-09-16,RPT,-1.1920309072486783
2026-09-16,RPU,0.0
2026-09-16,RPX,-3.1768297466851774
2026-09-16,RRA,-57.83015207798361
2026-09-16,RRP,-15.935852370131261
2026-09-16,RS1,-0.392999415577806
2026-09-16,RSF,5.480907022794677
2026-09-16,RSK,-23.483056579105728
2026-09-16,RSY,0.0
2026-09-16,RSZ,-1.940235800317099
2026-09-16,RTA,0.0
2026-09-16,RTB,-10.408802086076175
2026-09-16,RTD,-0.9457808348414383
2026-09-16,RTG,-8.92011669657439
2026-09-16,RTH,-21.322442851694078
2026-09-16,RTI,12.958516284199225
2026-09-16,RTP,-5.581901947697775
2026-09-16,RUH,0.21137799449633382
2026-09-16,RUT,-11.663060579951487
2026-09-16,RVI,109.78906896527228
2026-09-16,RVS,-1.4784595353971142
2026-09-16,RYA,-0.0009189739218814488
2026-09-16,RYB,0.0456460126311821
2026-09-16,RYD,0.0
2026-09-16,RYF,-7.387581183288973
2026-09-16,RYU,1.785793157621332
2026-09-16,RZR,0.0
2026-09-16,SAP,-21.535457933664524
2026-09-16,SAR,0.0
2026-09-16,SAS,-4.063618471667603
2026-09-16,SAT,0.0
2026-09-16,SBH,-22.745549137949858
2026-09-16,SBI,0.0
2026-09-16,SBR,0.0
2026-09-16,SBS,0.0
2026-09-16,SCZ,-7.215763742419991
2026-09-16,SD1,45.35284844859079
2026-09-16,SDA,-0.012701166830102886
2026-09-16,SEH,-0.0013981783235873385
2026-09-16,SER,-0.4503659337663708
2026-09-16,SFA,0.018884599609777564
2026-09-16,SFS,0.030602328744297583
2026-09-16,SGK,0.2690410121705968
2026-09-16,SGT,-11.20231841522029
2026-09-16,SHC,17.892094544164824
2026-09-16,SHE,1.7209331239202232
2026-09-16,SHI,-2.1815401727657062e-07
2026-09-16,SHU,68.66425412833324
2026-09-16,SIA,-73.96290939558145
2026-09-16,SIS,17.127973222247615
2026-09-16,SJP,0.0
2026-09-16,SKL,-4.968340267074935
2026-09-16,SKO,-13.893528402092517
2026-09-16,SKS,0.0
2026-09-16,SKT,2.8166954345094886
2026-09-16,SKZ,32.064379119835486
2026-09-16,SLF,9.606995492119465
2026-09-16,SLG,-6.563514444844988
2026-09-16,SLR,0.0
2026-09-16,SLS,0.15961473340183654
2026-09-16,SMP,0.0
2026-09-16,SNY,-14.162070878817303
2026-09-16,SOS,39.434812396124514
2026-09-16,SPA,3.3615645852870606
2026-09-16,SPD,0.0
2026-09-16,SPE,6.801612004414917
2026-09-16,SPN,-0.3690931483450693
2026-09-16,SPP,-39.9440041309924
2026-09-16,SPR,-1.254761266737807
2026-09-16,SPT,2.2475281914480356
2026-09-16,SRA,-19.9510568804251
2026-09-16,SRE,0.0
2026-09-16,SRL,-68.87413945886397
2026-09-16,SRO,0.0
2026-09-16,SSD,0.0
2026-09-16,SSE,0.22799146137277934
2026-09-16,SSF,0.0
2026-09-16,SSK,-6.7693799715529135
2026-09-16,SSN,0.0
2026-09-16,SSO,0.0
2026-09-16,SSS,-8.17230601033676
2026-09-16,SST,0.0
2026-09-16,ST1,-3.4035323697310966
2026-09-16,STI,-104.11645893054772
2026-09-16,STM,0.15580315261050207
2026-09-16,STS,0.0
2026-09-16,STZ,-2.4095318310717704
2026-09-16,SUA,9.832611420489727
2026-09-16,SUB,-1.8015335708362126
2026-09-16,SUC,-0.982496228117824
2026-09-16,SUR,-0.11317306647220989
2026-09-16,SVB,-12.305039513886218
2026-09-16,SVS,0.0
2026-09-16,SVY,-23.944747844572493
2026-09-16,SYF,0.0
2026-09-16,SYL,0.0
2026-09-16,SYR,0.0
2026-09-16,SYS,0.0
2026-09-16,T3B,31.35685683227064
2026-09-16,TAL,-6.920784032851923
2026-09-16,TAO,0.0
2026-09-16,TAR,2.7322904389321554
2026-09-16,TAU,2.7381275286485858
2026-09-16,TAZ,0.0
2026-09-16,TB9,-0.4756693466155845
2026-09-16,TBP,-9.530426354960893
2026-09-16,TBT,37.190491626993925
2026-09-16,TBV,-3.504177193506455
2026-09-16,TCA,-2.1669463162707103
2026-09-16,TCB,-5.783129043331764
2026-09-16,TCC,-9.104163047796026
2026-09-16,TCD,-2.0967576162142034
2026-09-16,TCF,-5.786300768064922
2026-09-16,TCG,0.0
2026-09-16,TCH,0.7865947722428447
2026-09-16,TCI,0.0
2026-09-16,TCS,-0.17460566499931007
2026-09-16,TDG,-10.150099265993182
2026-09-16,TDP,-57.74345811683309
2026-09-16,TE3,-0.48053191533306217
2026-09-16,TE4,45.32146476023966
2026-09-16,TEJ,-5.730135814717893
2026-09-16,TFE,2.4970453323612576
2026-09-16,TFF,-2.4393657094224404
2026-09-16,TFU,-61.56092745595478
2026-09-16,TGA,-2.9109805015057892
2026-09-16,TGE,-7.585292143774465
2026-09-16,TGN,-27.448072467822932
2026-09-16,TGR,-4.539036546699427
2026-09-16,TGT,97.25439627219625
2026-09-16,TGV,0.017657636314974703
2026-09-16,TGZ,0.01830963723449116
2026-09-16,THD,6.13230482469688
2026-09-16,THF,1216.8350927735783
2026-09-16,THG,-0.7565601771634934
2026-09-16,THH,0.0
2026-09-16,THO,0.0
2026-09-16,THS,0.0
2026-09-16,THT,59.76140095565273
2026-09-16,THV,0.018285498296262852
2026-09-16,TI1,-8.967779961128642
2026-09-16,TI2,-5.380321682199289
2026-09-16,TI3,-2.895805457358317
2026-09-16,TI4,-6.766625772185582
2026-09-16,TI6,23.78975729361325
2026-09-16,TI7,-2.7916875453326773
2026-09-16,TIE,20.95845273762569
2026-09-16,TIL,-7.355203907764668
2026-09-16,TIP,1707.4959223745911
2026-09-16,TIV,106.97822978331911
2026-09-16,TJB,0.0
2026-09-16,TJF,-0.8023717722807682
2026-09-16,TJI,-16.983734811938564
2026-09-16,TJL,0.0
2026-09-16,TJT,-4.398456177299061
2026-09-16,TKF,-0.8039897153286555
2026-09-16,TKH,0.0
2026-09-16,TKK,-1.4697268708249869
2026-09-16,TKM,2.1578970157088615
2026-09-16,TLC,130.82127998161442
2026-09-16,TLE,-0.2381012830803924
2026-09-16,TLH,-3.0639613869148192
2026-09-16,TLK,-7.523604600256166
2026-09-16,TLT,0.0
2026-09-16,TLU,-18.413970112638758
2026-09-16,TLV,5.664720288526934
2026-09-16,TLY,-30.29317146026964
2026-09-16,TLZ,5.131056346253854
2026-09-16,TMC,-28.39317407549233
2026-09-16,TMG,1.3311457229523636
2026-09-16,TMM,85.34293027760879
2026-09-16,TMR,-1.106824320335046
2026-09-16,TMS,5.230341674686966
2026-09-16,TMU,-4.949706058662855
2026-09-16,TMV,-10.938455237743725
2026-09-16,TMZ,4.535979169113946
2026-09-16,TNB,-11.048201621097347
2026-09-16,TND,-1.3954791099071435
2026-09-16,TNF,0.0
2026-09-16,TNH,19384.534791890856
2026-09-16,TNI,14.306098207180284
2026-09-16,TNK,10.011548429997557
2026-09-16,TNS,0.0
2026-09-16,TO8,1.9080456365902547
2026-09-16,TOK,-2.79262486383844
2026-09-16,TOT,-1.5147730264413244
2026-09-16,TP1,0.0
2026-09-16,TP2,9.089684781850982
2026-09-16,TPC,-4.716672286318813
2026-09-16,TPE,-2.0856042395418166
2026-09-16,TPF,1.886589921016401
2026-09-16,TPJ,4.24830045921722
2026-09-16,TPL,-1.3634839831168066
2026-09-16,TPO,0.0
2026-09-16,TPP,-1.2889267988450006
2026-09-16,TPR,0.0
2026-09-16,TPV,-0.5029949943135106
2026-09-16,TPZ,9.304141410862872
2026-09-16,TRJ,17.89289909951057
2026-09-16,TRN,0.0
2026-09-16,TRO,-9.413513786579651
2026-09-16,TRR,-1.061457899474873
2026-09-16,TRU,-5.063993953259441
2026-09-16,TSI,3.6697853067607813
2026-09-16,TSP,0.05176426932674053
2026-09-16,TTA,-1.4358167207253996
2026-09-16,TTE,-4.212041213850178
2026-09-16,TTL,-0.3719063340025214
2026-09-16,TTP,0.0
2026-09-16,TTS,0.0
2026-09-16,TTV,-7.719456384008802
2026-09-16,TTZ,0.0
2026-09-16,TUA,-3.0079545382775614
2026-09-16,TVE,6.1412267342942295
2026-09-16,TVN,35.102491859841464
2026-09-16,TYH,-14.532905938468414
2026-09-16,TZC,-1.1154301514788985
2026-09-16,TZD,-1.521500705812572
2026-09-16,TZH,2.4780570342227213
2026-09-16,TZL,-5.246813379370887
2026-09-16,TZP,-0.16833478321740925
2026-09-16,TZT,7.19452774698977
2026-09-16,TZV,34.69825285319012
2026-09-16,UAB,0.0
2026-09-16,UAP,0.0
2026-09-16,UCN,0.9127717598106816
2026-09-16,UCP,-9.813603534299418
2026-09-16,UFH,0.0
2026-09-16,UHL,0.0
2026-09-16,UHS,0.0
2026-09-16,ULH,-1.7663091013283312
2026-09-16,ULL,0.0
2026-09-16,UNT,-57.453903512292506
2026-09-16,UP1,1.0333575980003762
2026-09-16,UP2,7.9680064744369545
2026-09-16,UPD,-4.179862125468942
2026-09-16,UPH,-42.95557233731845
2026-09-16,UPP,-2.783770713551529
2026-09-16,UPS,0.0
2026-09-16,URA,-11.200830905932452
2026-09-16,URC,-3.2968555574977043
2026-09-16,URD,0.9563809415118597
2026-09-16,URG,0.0
2026-09-16,URM,84.17566220807726
2026-09-16,URS,0.0
2026-09-16,URV,0.0
2026-09-16,USS,0.0
2026-09-16,UST,0.0
2026-09-16,USY,-0.620102591221473
2026-09-16,UYH,-3.642890588255278
2026-09-16,UZY,19.044106208992844
2026-09-16,VAY,16.676354646613937
2026-09-16,VCD,-79.54375254585044
2026-09-16,VCG,-0.07527761221702343
2026-09-16,VCY,-1.8568410247934763
2026-09-16,VFK,69.30812663695947
2026-09-16,VFO,232.93882816007533
2026-09-16,VFS,0.0
2026-09-16,VHK,503.9410764172217
2026-09-16,VHS,31.305137041082727
2026-09-16,VK6,-5.951475167104706
2026-09-16,VKI,70.98130075100953
2026-09-16,VKK,62.78460898235371
2026-09-16,VKR,996.7209332301619
2026-09-16,VKT,42.10522269329107
2026-09-16,VKV,2155.952956611397
2026-09-16,VLT,18.876140469020385
2026-09-16,VMV,9.14112275494169
2026-09-16,VNK,-13.528584348222436
2026-09-16,VPA,-2.649238163566871
2026-09-16,VPD,171.02641429366275
2026-09-16,VPE,142.17500930104347
2026-09-16,VPH,1281.7618229411196
2026-09-16,VPP,-11.85185902783646
2026-09-16,VPS,-31.5896704012023
2026-09-16,VRK,-2.901923679110959
2026-09-16,VTF,0.0
2026-09-16,VTL,69.06464649237199
2026-09-16,YA1,202.71874736364782
2026-09-16,YAC,-1.948577250765552
2026-09-16,YAE,1.967886470414643
2026-09-16,YAK,-0.3799530506650976
2026-09-16,YAN,-1.3613344436509436
2026-09-16,YAR,0.0
2026-09-16,YAS,-2.783566227155843
2026-09-16,YAY,-0.561801172456766
2026-09-16,YBE,-1.411176860979465
2026-09-16,YBH,-0.7974748421756923
2026-09-16,YBJ,0.0
2026-09-16,YBP,-0.7039749748262527
2026-09-16,YBR,5.453892706656742
2026-09-16,YBS,5.945248059441986
2026-09-16,YCG,0.0
2026-09-16,YCH,-1.6953574249726766
2026-09-16,YCK,0.2112708435314287
2026-09-16,YCL,-13.33459229302404
2026-09-16,YCP,0.4179409694513625
2026-09-16,YCY,38.355797268605386
2026-09-16,YDH,24.621889365520076
2026-09-16,YDI,-0.46629861280874896
2026-09-16,YDK,-0.39432176800468166
2026-09-16,YDL,0.0
2026-09-16,YDM,0.0
2026-09-16,YDP,15.177181295483733
2026-09-16,YDZ,0.2669156260448635
2026-09-16,YEF,33.55752535142161
2026-09-16,YFV,2.0987402394265584
2026-09-16,YGM,0.8555086418157483
2026-09-16,YHB,-3.7084642910656287
2026-09-16,YHI,-3.7808558032676407
2026-09-16,YHK,-0.32928128567124937
2026-09-16,YHP,-2.6428808980609957
2026-09-16,YHS,-8.562321175468929
2026-09-16,YHT,34.28529646338225
2026-09-16,YHY,0.0
2026-09-16,YHZ,3.322836128430358
2026-09-16,YIK,-88.1272986595126
2026-09-16,YIS,-14.311263088900592
2026-09-16,YIT,-12.697518199168492
2026-09-16,YIV,0.0
2026-09-16,YJA,0.0
2026-09-16,YJH,-4.357589752354906
2026-09-16,YJK,-2.461507952157488
2026-09-16,YJU,0.0
2026-09-16,YJY,1.4526874054321173
2026-09-16,YKS,16.905563940815362
2026-09-16,YKT,-2.6309355490838815
2026-09-16,YLB,-12.237462213506639
2026-09-16,YLC,-2.138872400905723
2026-09-16,YLE,-7.050453612225294
2026-09-16,YLO,-3.4220461141315597
2026-09-16,YLR,0.0
2026-09-16,YLY,6.759720676504028
2026-09-16,YLZ,-159.94848292803445
2026-09-16,YMD,-0.5733385887126508
2026-09-16,YMH,-0.9618631667910308
2026-09-16,YMP,46.96773122172952
2026-09-16,YNF,4443.5729915113225
2026-09-16,YNK,0.2922980851312517
2026-09-16,YNL,0.0
2026-09-16,YOA,-0.5207754723510633
2026-09-16,YOS,-6.312880438754124
2026-09-16,YOT,9.580628466520084
2026-09-16,YOZ,4.391248812101355
2026-09-16,YP1,0.0
2026-09-16,YP2,0.0
2026-09-16,YP4,-0.6370163048934588
2026-09-16,YPC,-0.48039454826140315
2026-09-16,YPD,0.0
2026-09-16,YPF,9.176922857387321
2026-09-16,YPI,-1.1106152121276494
2026-09-16,YPK,0.9700948525516959
2026-09-16,YPL,-0.17492669197631217
2026-09-16,YPN,17.250912298071793
2026-09-16,YPP,0.0
2026-09-16,YPR,-0.5765826592418288
2026-09-16,YPT,-7.966912983719143
2026-09-16,YPU,8.868586175129757
2026-09-16,YPV,-2.0951031754628695
2026-09-16,YRZ,-0.060909408403823834
2026-09-16,YSA,24.927295721133383
2026-09-16,YSH,11.99440179747663
2026-09-16,YSL,-1.3660492411117242
2026-09-16,YSO,22.96017379353127
2026-09-16,YSU,1.5418728169279292
2026-09-16,YTD,0.42335772964862356
2026-09-16,YTJ,0.0
2026-09-16,YTO,0.0
2026-09-16,YTR,0.0
2026-09-16,YTV,2.3997200786663955
2026-09-16,YTY,6.50256414833706
2026-09-16,YUB,-5.692698797806952
2026-09-16,YUD,-1.1109615914474098
2026-09-16,YUI,0.0
2026-09-16,YUK,0.0
2026-09-16,YUN,0.5233514295783337
2026-09-16,YUY,0.0
2026-09-16,YVB,18.10540443780121
2026-09-16,YVD,2.750537491412428
2026-09-16,YVF,0.0
2026-09-16,YVG,1.8196042830308532
2026-09-16,YVO,31.334052754818416
2026-09-16,YVS,0.0
2026-09-16,YZC,-0.8005801497483525
2026-09-16,YZF,0.0
2026-09-16,YZG,-3.7732186362040947
2026-09-16,YZH,-9.891557724081503
2026-09-16,YZK,-8.46438609916134
2026-09-16,YZL,-2.031845614276149
2026-09-16,YZT,105.25853567977113
2026-09-16,ZA2,-12.722011307350911
2026-09-16,ZAD,-11.491839230411546
2026-09-16,ZAV,0.7603712884314513
2026-09-16,ZAY,-28.690269259955514
2026-09-16,ZBD,0.24808291069217847
2026-09-16,ZBI,-2.144392692740826
2026-09-16,ZBJ,-10.607532595306584
2026-09-16,ZBN,-3.4311355919868536
2026-09-16,ZBO,0.4595050957796362
2026-09-16,ZBZ,0.0
2026-09-16,ZCA,0.0
2026-09-16,ZCB,-63.64871148671809
2026-09-16,ZCC,0.0
2026-09-16,ZCD,-1.0098402228433971
2026-09-16,ZCE,0.0
2026-09-16,ZCG,-8.222315943245533
2026-09-16,ZCH,0.0
2026-09-16,ZCK,5.31433919150414
2026-09-16,ZCN,2.1321594383683697
2026-09-16,ZDD,0.7646664528540548
2026-09-16,ZDK,0.0
2026-09-16,ZDZ,-1.2276202800706648
2026-09-16,ZFB,-1.957095111933473
2026-09-16,ZHH,1.8449780546183754
2026-09-16,ZIH,92.78815719906642
2026-09-16,ZJB,-0.2858030013570755
2026-09-16,ZJH,0.0
2026-09-16,ZJI,-0.7422131298358402
2026-09-16,ZJL,-2.67228450284904
2026-09-16,ZJT,0.0
2026-09-16,ZJV,-0.33780765313290073
2026-09-16,ZK1,-5.35035396918455
2026-09-16,ZK2,-33.37322416635774
2026-09-16,ZLB,0.2330318397636233
2026-09-16,ZLG,0.0
2026-09-16,ZLH,4.21777500500252
2026-09-16,ZMT,3.283306185034397
2026-09-16,ZMU,2.143972980340956
2026-09-16,ZMY,-0.7133750313805095
2026-09-16,ZOS,0.0
2026-09-16,ZP1,0.0
2026-09-16,ZP2,0.0
2026-09-16,ZP3,0.0
2026-09-16,ZP6,-13.060647914282765
2026-09-16,ZP7,0.0
2026-09-16,ZP8,-8.280503749792125
2026-09-16,ZP9,31.130174142938312
2026-09-16,ZPA,9.24903651408682
2026-09-16,ZPC,0.535569229753853
2026-09-16,ZPE,3.6233177692398653
2026-09-16,ZPF,-1.452653636449147
2026-09-16,ZPG,-2.47827951032694
2026-09-16,ZPH,-36.283572792641564
2026-09-16,ZPJ,-12.557055939082911
2026-09-16,ZPK,32.203293891598584
2026-09-16,ZPN,-2.8678969133164642
2026-09-16,ZPO,125.96731411583504
2026-09-16,ZPR,3.3992634367031767
2026-09-16,ZR2,0.0
2026-09-16,ZR3,0.40477577563134093
2026-09-16,ZSB,-28.573680095471104
2026-09-16,ZSF,2.808493148843532
2026-09-16,ZSG,0.5436591914854726
2026-09-16,ZSN,0.0
2026-09-16,ZTF,0.0
2026-09-16,ZTG,12.347316959830525
2026-09-16,ZTV,10916.318107799872
2026-09-16,ZUD,342.4412702759492
2026-09-16,ZUE,38.56083960641257
2026-09-16,ZUS,-1.7734375442105705
2026-09-16,ZVB,-0.24958715531311393
2026-09-16,ZVO,-0.1451513350502207
2026-09-16,ZYC,0.033436066124869844
2026-09-16,ZYD,0.0
2026-09-16,ZZL,0.0
2026-09-16,DP6,-0.012539025893956415
2026-09-16,ZJR,0.0
2026-09-18,AAL,-20.682789548805705
2026-09-18,AAS,-0.6054882100552536
2026-09-18,AAV,12.153556318374687
2026-09-18,ABG,-0.36367247289466054
2026-09-18,ABJ,0.0
2026-09-18,ABU,0.0
2026-09-18,AC1,-7.343070396011991
2026-09-18,AC2,51.56642187636839
2026-09-18,AC3,0.0
2026-09-18,AC4,-5.585463830145749
2026-09-18,AC5,1.2152613543990103
2026-09-18,AC6,-0.04027969027422451
2026-09-18,AC7,-0.10018713261712003
2026-09-18,AC8,-0.2697494270344304
2026-09-18,ACC,-49.93328137110611
2026-09-18,ACD,1.993916145929136
2026-09-18,ACN,-0.5847462478674896
2026-09-18,ACU,0.7226807475646096
2026-09-18,ADE,-5.690017128095603
2026-09-18,ADP,3.2014270962557725
2026-09-18,AED,2.7414137717276392
2026-09-18,AES,1.4450492399311083
2026-09-18,AEV,3.3092686006914915
2026-09-18,AFA,-3.0240113696905215
2026-09-18,AFO,-2.651959541665152
2026-09-18,AFS,2.2199001656639923
2026-09-18,AFT,-4.581345138045562
2026-09-18,AFV,-3.701646970307467
2026-09-18,AGC,-1.3731897317805926
2026-09-18,AHH,0.0
2026-09-18,AHI,-6.8513136925946645
2026-09-18,AHN,4.049779115043276
2026-09-18,AHU,-45.99928781200923
2026-09-18,AHV,3.111567659084937
2026-09-18,AHZ,81.76907860786574
2026-09-18,AI1,9.006876838072059e-05
2026-09-18,AIH,0.0
2026-09-18,AII,0.0
2026-09-18,AIM,0.0
2026-09-18,AIR,0.6849836144981634
2026-09-18,AIS,-29.34341566551668
2026-09-18,AJ1,395.16067613102126
2026-09-18,AJE,-10.271962316511441
2026-09-18,AJK,-2.6528550703145264
2026-09-18,AJL,-6.46213039606124
2026-09-18,AJN,-6.545946277942989
2026-09-18,AK2,58.87181969108575
2026-09-18,AK3,1.286992094843673
2026-09-18,AKE,-1.029924306459726
2026-09-18,AKU,8.798931297171107
2026-09-18,AL4,0.0
2026-09-18,AL5,-3.6299439153017072
2026-09-18,AL6,0.0
2026-09-18,AL7,-2.790997259463483
2026-09-18,ALC,0.7381076895653673
2026-09-18,ALE,-15.909471726391649
2026-09-18,AN1,-1.7972309440359842
2026-09-18,ANL,12.441331248106811
2026-09-18,ANZ,0.08718703507248807
2026-09-18,AOJ,1.1451528440842436
2026-09-18,AOY,-8.451217129949576
2026-09-18,AP2,-0.1303850918061352
2026-09-18,AP4,0.0
2026-09-18,AP5,1.5217214051863877
2026-09-18,AP6,-9.889860109235858e-06
2026-09-18,AP7,-27.883579428501644
2026-09-18,APJ,-3.67434072722657
2026-09-18,APP,-78.10255479983668
2026-09-18,APT,50.63951565091216
2026-09-18,ARE,31.226026581908112
2026-09-18,ARF,0.0
2026-09-18,ARL,-3.3739443337790194
2026-09-18,ARM,-7.291627808144726
2026-09-18,ARP,0.0
2026-09-18,AS1,-8.010932459671958
2026-09-18,AS3,0.00033224698797848935
2026-09-18,ASJ,-4.07153216889478
2026-09-18,ATJ,0.04329078337833562
2026-09-18,AU1,0.3741045878734614
2026-09-18,AUV,-18.028438425762882
2026-09-18,AVC,0.0
2026-09-18,AVT,8.25314410878281
2026-09-18,AVZ,-2.673409369151708
2026-09-18,AY6,0.0
2026-09-18,AY7,0.0
2026-09-18,AYA,-4.871623620802571
2026-09-18,AYR,-2.019653859899736
2026-09-18,AZF,0.0
2026-09-18,AZJ,2.9797639486602785
2026-09-18,AZV,0.006350026815447041
2026-09-18,AZZ,-9.24111506482643e-05
2026-09-18,BA1,1.608345717373309
2026-09-18,BAC,0.0
2026-09-18,BAG,1.1109865107491197
2026-09-18,BAI,41.53525088408824
2026-09-18,BAL,0.0
2026-09-18,BAO,0.0
2026-09-18,BAS,0.0
2026-09-18,BBF,0.3808328018161023
2026-09-18,BBI,0.07146882684798833
2026-09-18,BBN,-1.8555397584049828e-05
2026-09-18,BBO,-2.3051444439442146
2026-09-18,BBP,-17.960078681935464
2026-09-18,BBS,-30.844594599817697
2026-09-18,BCC,0.0
2026-09-18,BCK,-1.5237067419165153
2026-09-18,BCO,145.39866014828655
2026-09-18,BDA,-6.787597501379998
2026-09-18,BDC,-13.571333375665159
2026-09-18,BDI,-8.216371959213163e-10
2026-09-18,BDO,-38.67575094214735
2026-09-18,BDS,-21.70924549397639
2026-09-18,BDY,6.537876127330552
2026-09-18,BFE,2.1327372300614127
2026-09-18,BFO,42.94236841001094
2026-09-18,BFS,35.639011586783695
2026-09-18,BFT,-1.1657465919238654
2026-09-18,BGH,0.0
2026-09-18,BGP,-23.274631806481967
2026-09-18,BGR,7.80383372626699
2026-09-18,BHA,-2.228887369200289
2026-09-18,BHE,13.690887752349756
2026-09-18,BHF,-15.421820241006609
2026-09-18,BHH,-4.315288089833238e-07
2026-09-18,BHI,7.494766513615221
2026-09-18,BHL,-26.04943250080842
2026-09-18,BHN,-35.62837687547997
2026-09-18,BHO,0.0
2026-09-18,BI5,-69.87933998309639
2026-09-18,BIA,3549.8175326538408
2026-09-18,BID,0.25187193308361716
2026-09-18,BIG,-9.836305309366141
2026-09-18,BIH,-0.010337385262244656
2026-09-18,BIK,0.006503588652223587
2026-09-18,BIO,-26.990298591540586
2026-09-18,BIP,50.57303152884675
2026-09-18,BIS,0.3377032478592391
2026-09-18,BIY,0.1417636448169654
2026-09-18,BJD,-8.273605966842776
2026-09-18,BKO,255.0398727415797
2026-09-18,BKY,24.330550644958013
2026-09-18,BLA,0.0
2026-09-18,BLD,-7.24142907660435
2026-09-18,BLT,3.3730651281384216
2026-09-18,BMU,-58.07267586715334
2026-09-18,BNC,1.3484018757933076
2026-09-18,BNH,-0.7767519369712461
2026-09-18,BOH,-0.23441515507765692
2026-09-18,BOL,17.65880724522045
2026-09-18,BON,155.04317793770397
2026-09-18,BOP,5.29328957533478
2026-09-18,BOS,-76.98323717334516
2026-09-18,BP5,-19.57197100346312
2026-09-18,BPD,11.412983115315642
2026-09-18,BPV,300320099899.89325
2026-09-18,BPZ,74.62402244094977
2026-09-18,BRB,0.0
2026-09-18,BRC,-19.329917888026262
2026-09-18,BRF,1.3870159473203927
2026-09-18,BRG,11.499091759376876
2026-09-18,BRH,-6.705110108145762
2026-09-18,BRR,3705.6514134722493
2026-09-18,BRT,-26.51838257494312
2026-09-18,BRZ,0.0
2026-09-18,BS1,4769.60361233179
2026-09-18,BSA,0.0
2026-09-18,BSC,-0.021868534807924386
2026-09-18,BSD,-6.477820363837332
2026-09-18,BSE,-1.300051109656508e-06
2026-09-18,BSF,0.0
2026-09-18,BSH,-4.822914509024658
2026-09-18,BSM,-2.4662915174892475
2026-09-18,BSN,-1.205215795122404e-05
2026-09-18,BST,-14.603568914674552
2026-09-18,BTE,-3.0196356075141906
2026-09-18,BTJ,-1.1283294240179793
2026-09-18,BTK,2.4641671808835732
2026-09-18,BTP,-30.797261693712947
2026-09-18,BTY,0.0
2026-09-18,BTZ,-2.107485925904043
2026-09-18,BUB,-45.32979560798935
2026-09-18,BUC,-91.0156815142588
2026-09-18,BUP,0.0
2026-09-18,BUT,-20.28239836035994
2026-09-18,BUV,-28.208651471191935
2026-09-18,BUY,-5.339790967313521
2026-09-18,BV1,5.523909010312609
2026-09-18,BVB,0.0
2026-09-18,BVC,0.0
2026-09-18,BVD,-22.831904345631475
2026-09-18,BVF,-18.250595517633656
2026-09-18,BVH,0.0
2026-09-18,BVI,-1.3065613612529392
2026-09-18,BVK,354.21808345344925
2026-09-18,BVM,-0.2172527228597386
2026-09-18,BVT,0.0
2026-09-18,BVV,-18.195001524761874
2026-09-18,BVZ,15.983017232937922
2026-09-18,BYZ,-0.001200357664396385
2026-09-18,CAH,-54.8467304578001
2026-09-18,CBD,1076278.392092703
2026-09-18,CBN,0.0
2026-09-18,CBO,0.0
2026-09-18,CEY,0.0
2026-09-18,CFO,-17.5416183433259
2026-09-18,CGD,0.0
2026-09-18,CHY,-0.00906994501653626
2026-09-18,CIN,-15.428099651665558
2026-09-18,CJD,1715.7033172679767
2026-09-18,CJF,0.0
2026-09-18,CJG,0.0
2026-09-18,CJH,-3.3620754039737557
2026-09-18,CKF,3.877250915163478
2026-09-18,CKL,6.522296753580958
2026-09-18,CKS,6.175388703883794
2026-09-18,COT,-1.9316977361164407
2026-09-18,CPT,-17.056331455895823
2026-09-18,CPU,-23.036150045431786
2026-09-18,CRL,0.0
2026-09-18,CSD,0.0
2026-09-18,CSH,-4.294131194782258e-07
2026-09-18,CTF,0.0
2026-09-18,CTG,0.0
2026-09-18,CTM,0.0
2026-09-18,CTP,0.0
2026-09-18,CTV,-3.338493553629831
2026-09-18,CVA,0.0
2026-09-18,CVB,0.0
2026-09-18,CVC,0.0
2026-09-18,CVD,0.0
2026-09-18,CVE,0.0
2026-09-18,CVF,0.0
2026-09-18,CVK,-74.38069600222215
2026-09-18,CVL,312.8181888991119
2026-09-18,CYD,3.7691503863825595
2026-09-18,DA1,-54.35951604108934
2026-09-18,DAC,0.0
2026-09-18,DAE,0.0
2026-09-18,DAH,-1.9824145049779516
2026-09-18,DAI,-0.7460473840998061
2026-09-18,DAL,0.0
2026-09-18,DAP,1031.540375584932
2026-09-18,DAS,-3.1357132245711115
2026-09-18,DAT,0.0
2026-09-18,DAV,0.24166052314283562
2026-09-18,DAZ,0.0
2026-09-18,DB2,-39.86575810962899
2026-09-18,DBA,-2.716173760215272
2026-09-18,DBB,51.18260267331364
2026-09-18,DBG,-1.6695980475620253
2026-09-18,DBH,-2.3211757022498674
2026-09-18,DBK,42.1441059898317
2026-09-18,DBP,-1.0623116850499386
2026-09-18,DBZ,-9.871848408681501
2026-09-18,DCB,-8.561450873720702
2026-09-18,DCD,0.0
2026-09-18,DCE,0.0
2026-09-18,DCN,-80.15442245969354
2026-09-18,DCP,-0.8951805311198414
2026-09-18,DCV,0.0
2026-09-18,DDA,60.03504440755189
2026-09-18,DDC,-12.95665899124407
2026-09-18,DDE,0.0
2026-09-18,DDF,-26.110853959785246
2026-09-18,DDP,0.0
2026-09-18,DEF,-42.971973483658324
2026-09-18,DEH,95.4889579776837
2026-09-18,DEI,0.00923871675438987
2026-09-18,DFC,-12.923522761803849
2026-09-18,DFD,0.5593014723179157
2026-09-18,DFI,-58.71577114360984
2026-09-18,DFO,0.23802164478447355
2026-09-18,DGF,-93.35388723511095
2026-09-18,DGH,-43.131494576323895
2026-09-18,DHI,2.7357862275452787
2026-09-18,DHJ,-6.869188893421232
2026-09-18,DHM,-5.07686838359006
2026-09-18,DHP,0.0
2026-09-18,DHS,0.0
2026-09-18,DHT,-5.717311239308724
2026-09-18,DHV,-25.144682937580942
2026-09-18,DID,-1.4117728959936657
2026-09-18,DIH,0.0
2026-09-18,DIM,0.0
2026-09-18,DIP,-33.78061231790074
2026-09-18,DK1,0.19779469656468548
2026-09-18,DK8,-0.00010541740798983478
2026-09-18,DKA,0.0
2026-09-18,DKC,0.02201056186010547
2026-09-18,DKH,-58.822019209264184
2026-09-18,DKL,7.01849407397907
2026-09-18,DKP,-0.22171910361091077
2026-09-18,DKR,-57.70466139552061
2026-09-18,DKS,0.0
2026-09-18,DL2,-23.720822870793608
2026-09-18,DLD,2.306684471002099
2026-09-18,DLG,-2.8568594177249023
2026-09-18,DLN,7.364432768195058
2026-09-18,DLY,-25.11335930539601
2026-09-18,DLZ,154.93248578303033
2026-09-18,DMG,-3.277172940846803
2026-09-18,DMI,168.70478946192435
2026-09-18,DMV,0.0
2026-09-18,DMZ,0.0
2026-09-18,DNA,0.0
2026-09-18,DNF,-52.30450484766544
2026-09-18,DNH,-6.29986962671998
2026-09-18,DNK,-0.387540373566873
2026-09-18,DNL,0.0
2026-09-18,DNM,5.25460719980507
2026-09-18,DNP,-1.993447868991337
2026-09-18,DNU,0.0
2026-09-18,DOC,0.0
2026-09-18,DOD,-4.742886000113477
2026-09-18,DOH,1296.291369970351
2026-09-18,DOL,4.476331686271686
2026-09-18,DOR,0.0
2026-09-18,DOS,-0.3018331316738941
2026-09-18,DOV,-2.936670250417164
2026-09-18,DP1,0.0
2026-09-18,DP2,0.9767280487892277
2026-09-18,DP3,-0.23306230629262817
2026-09-18,DP4,-0.8815357644379632
2026-09-18,DP5,0.0
2026-09-18,DP7,0.0
2026-09-18,DP8,0.0
2026-09-18,DP9,-0.007960358391227372
2026-09-18,DPB,-27.76860240472655
2026-09-18,DPC,0.0
2026-09-18,DPE,0.0
2026-09-18,DPG,0.0
2026-09-18,DPI,-12.586962111409793
2026-09-18,DPK,4.638885758467252
2026-09-18,DPL,0.0
2026-09-18,DPN,0.0
2026-09-18,DPT,7.114335230356709
2026-09-18,DPZ,-2.5301579567612564
2026-09-18,DRA,-4.645152234649898
2026-09-18,DRD,0.0
2026-09-18,DRH,-21.762682914172437
2026-09-18,DRT,-28.447384677628605
2026-09-18,DSC,0.0
2026-09-18,DSD,9.31578408346549
2026-09-18,DSH,98.43303944706052
2026-09-18,DSP,2.57960382060629
2026-09-18,DSV,-73.88771509952682
2026-09-18,DTH,-8.797424960242923
2026-09-18,DTL,-3.433450107444337
2026-09-18,DTM,-3.5836102677572264
2026-09-18,DTO,0.0
2026-09-18,DTP,0.0
2026-09-18,DTV,0.0
2026-09-18,DTZ,14.864792808241276
2026-09-18,DUC,-33.040310232776434
2026-09-18,DUD,15.551534369635704
2026-09-18,DUH,-68.26094061228211
2026-09-18,DUT,-0.004545364716506779
2026-09-18,DUV,-2.6551390699738877
2026-09-18,DVC,0.0
2026-09-18,DVI,0.0
2026-09-18,DVN,0.0
2026-09-18,DVO,0.0
2026-09-18,DVS,1500.1289077776612
2026-09-18,DVT,0.4890127620694515
2026-09-18,DVU,-2.8369979117483206
2026-09-18,DVZ,0.0
2026-09-18,DXP,-3.0026431686582367
2026-09-18,DYJ,-0.0014584290879596019
2026-09-18,DYN,-3.10798293011602
2026-09-18,DYS,0.0
2026-09-18,DZ2,17.264657192536706
2026-09-18,DZE,1.1728388381685546
2026-09-18,DZM,-13.561888514563936
2026-09-18,DZP,-0.5274222475841828
2026-09-18,DZS,203.3402099115092
2026-09-18,EBD,-2.1102852533187466
2026-09-18,EBI,2.5456608819062114
2026-09-18,EBS,4.723745729120525
2026-09-18,EC2,-6.1704102997897055
2026-09-18,ECA,35.84216316189007
2026-09-18,ECB,2.9606151010411637
2026-09-18,ECV,77.25677406824177
2026-09-18,EDD,16.385152867049776
2026-09-18,EDN,3.2698534346809547
2026-09-18,EDP,213.423634746241
2026-09-18,EDT,-3.8252000093240874
2026-09-18,EDU,-0.002405514219832083
2026-09-18,EES,0.18102043239825777
2026-09-18,EGP,0.0
2026-09-18,EGR,7.5525771647918
2026-09-18,EHS,0.0
2026-09-18,EIB,-1.582349328637904
2026-09-18,EID,0.33723544724401006
2026-09-18,EIL,-24.267838801420933
2026-09-18,EJG,0.0
2026-09-18,EKF,-32.26892945498896
2026-09-18,EKL,-33.41454045489845
2026-09-18,ELZ,-15.652763000690417
2026-09-18,EME,-0.029866797489096913
2026-09-18,EML,-0.7658519279958653
2026-09-18,ENA,18.997332779702493
2026-09-18,ENJ,12.26777482951216
2026-09-18,ENO,11.210187096239652
2026-09-18,ENR,17.892854976031845
2026-09-18,ENS,-4.434597409956012
2026-09-18,EP1,-4.741416509387004
2026-09-18,EPA,13.81130078247046
2026-09-18,EPI,-0.9224135926002378
2026-09-18,EPK,-6.941800671313382
2026-09-18,EPO,0.0
2026-09-18,EPP,-4.510824748314268
2026-09-18,EPT,1.5730625902783175
2026-09-18,ESG,-0.3027717978219385
2026-09-18,ESN,-68.98151275474441
2026-09-18,ESP,-1.9137700742370163
2026-09-18,ETN,10.17810736160995
2026-09-18,EUN,-5.17303362505874
2026-09-18,EUZ,2.3400178125288478
2026-09-18,EVM,54.82656887880738
2026-09-18,EYT,-6.115449485437556
2026-09-18,EZM,0.0
2026-09-18,FAK,-11.357507062732129
2026-09-18,FAL,-2.3787404887649832
2026-09-18,FBC,9.20053402014253
2026-09-18,FBI,14.506203475359403
2026-09-18,FBN,1500.7223368902012
2026-09-18,FBV,-2.148710708147648
2026-09-18,FBZ,0.13964841959320323
2026-09-18,FCK,46.715072381985294
2026-09-18,FCS,7.609076512143603
2026-09-18,FD1,-31.306851871163854
2026-09-18,FDE,-0.24377259941337262
2026-09-18,FDG,-37.18293652933958
2026-09-18,FDO,0.0
2026-09-18,FDV,0.0
2026-09-18,FDZ,0.0
2026-09-18,FFD,-2.687440627503599
2026-09-18,FFF,0.0
2026-09-18,FFH,8.065413366009693
2026-09-18,FFO,0.0
2026-09-18,FFP,-2.2930216978842974
2026-09-18,FHI,-94.73863140851336
2026-09-18,FHP,-22.29422855156611
2026-09-18,FHZ,0.0
2026-09-18,FI3,18.469856775063022
2026-09-18,FI5,2.314662676104322
2026-09-18,FIB,-3.1166595661357315
2026-09-18,FID,-1.4799895760685493
2026-09-18,FIL,19.606677480723768
2026-09-18,FIT,42.329357747748965
2026-09-18,FJB,-8.953938756015575
2026-09-18,FJC,0.0
2026-09-18,FJM,0.0
2026-09-18,FJN,-2.78523062576224
2026-09-18,FJZ,-3.6938961842035987
2026-09-18,FKE,-1.7449134310551926
2026-09-18,FKV,-0.10584043428418194
2026-09-18,FLS,4.053516355982934
2026-09-18,FLY,-9.827710150773335
2026-09-18,FMG,-6.139718888942743
2026-09-18,FMS,0.0
2026-09-18,FMV,0.02378323559779141
2026-09-18,FNO,-0.5779637193482459
2026-09-18,FNT,-43.671538980214955
2026-09-18,FP4,-3.0661152910866614
2026-09-18,FPE,-0.6819622438738807
2026-09-18,FPG,-5.8971746835251295
2026-09-18,FPH,-1.6570482670547757
2026-09-18,FPI,4.362016404052204
2026-09-18,FPK,0.7340624949708916
2026-09-18,FPR,7.938939104310975
2026-09-18,FPZ,1.5069602595146407
2026-09-18,FR1,-2.6108801798137025
2026-09-18,FRA,0.0
2026-09-18,FRC,-18.8466720282913
2026-09-18,FRZ,0.0
2026-09-18,FS1,-8.477257764547412
2026-09-18,FS2,22.30686174101198
2026-09-18,FS3,0.0036612746510155105
2026-09-18,FS4,0.0
2026-09-18,FS5,465.07269148537137
2026-09-18,FS6,137.27649860614164
2026-09-18,FSF,20.948201564276832
2026-09-18,FSG,-4.332478697524307
2026-09-18,FSH,-3.4190237332053903
2026-09-18,FSK,-3.7254508075631674
2026-09-18,FSM,10.979230742784813
2026-09-18,FSP,-1.4012393633303395
2026-09-18,FSR,20.000962459302368
2026-09-18,FSU,141.68401496307197
2026-09-18,FSV,-0.3299986663281445
2026-09-18,FTL,-32.78569342281935
2026-09-18,FTM,0.0
2026-09-18,FTY,-0.10402047855768326
2026-09-18,FUA,-1.3593799250454486
2026-09-18,FUB,1.1645228971754362
2026-09-18,FUM,0.0
2026-09-18,FUN,143.50252626831556
2026-09-18,FUP,0.0
2026-09-18,FVL,0.0
2026-09-18,FYA,-15.389816605563558
2026-09-18,FYB,0.0
2026-09-18,FYD,-1.0694962667412211
2026-09-18,FYF,0.0025591601243385334
2026-09-18,FYG,0.0
2026-09-18,FYH,0.0
2026-09-18,FYI,76.8674783887481
2026-09-18,FYM,0.0
2026-09-18,FYO,3.748052268728093
2026-09-18,FYT,37.71861054126103
2026-09-18,FYZ,0.0
2026-09-18,FZJ,-2.171075966708684
2026-09-18,FZP,-5.590210963085152
2026-09-18,GA1,11.385216923064148
2026-09-18,GAC,0.0
2026-09-18,GAE,9.912431977339553
2026-09-18,GAF,7.491714643407238
2026-09-18,GAG,-1.566508082451577
2026-09-18,GAH,-6.562090590431491
2026-09-18,GAJ,0.0
2026-09-18,GAL,4.721530355679027
2026-09-18,GAN,-0.07531407141760552
2026-09-18,GAS,-1.8325022608708683
2026-09-18,GAU,0.0
2026-09-18,GAV,0.0
2026-09-18,GBC,0.5066913811190072
2026-09-18,GBG,-0.6226090062769992
2026-09-18,GBH,-0.6136788004210445
2026-09-18,GBJ,27.712758893875634
2026-09-18,GBL,54.9123166391099
2026-09-18,GBN,-1.9801053248655065
2026-09-18,GBP,0.0
2026-09-18,GBV,-9.423805047321341
2026-09-18,GBZ,0.8055365656332106
2026-09-18,GCA,-0.138887633794279
2026-09-18,GCC,0.0
2026-09-18,GCD,-10.783499371489944
2026-09-18,GCI,0.0
2026-09-18,GCZ,0.0
2026-09-18,GDJ,0.0
2026-09-18,GDP,0.0
2026-09-18,GEC,0.0
2026-09-18,GEI,0.0
2026-09-18,GEZ,0.0
2026-09-18,GFB,-1.8555224560559656
2026-09-18,GFD,-1.4143236574579574
2026-09-18,GFI,0.0
2026-09-18,GFL,0.0
2026-09-18,GFN,0.0
2026-09-18,GFY,0.0
2026-09-18,GGA,-1.1655011518184404
2026-09-18,GGC,0.0
2026-09-18,GGD,0.0
2026-09-18,GGK,-4.147955010844007
2026-09-18,GGM,0.0
2026-09-18,GGN,0.0
2026-09-18,GGP,0.0
2026-09-18,GGR,-0.20975562594909375
2026-09-18,GHS,-11.598041188557467
2026-09-18,GID,-16.578234426751347
2026-09-18,GIE,1.1565225048627594
2026-09-18,GIH,-32.63141797830973
2026-09-18,GJA,0.0
2026-09-18,GJB,-5.78878619033966
2026-09-18,GJD,-0.2969559350559407
2026-09-18,GJE,0.0
2026-09-18,GJF,-0.4407490223730234
2026-09-18,GJH,-11.770208887836226
2026-09-18,GJM,0.9845562407664654
2026-09-18,GJO,0.0
2026-09-18,GKF,8.182020767460276
2026-09-18,GKG,0.5378060921516293
2026-09-18,GKH,-37.85002882686152
2026-09-18,GKK,0.0
2026-09-18,GKL,0.0
2026-09-18,GKM,0.0
2026-09-18,GKV,-26.788864122933497
2026-09-18,GL1,14.824706801728658
2026-09-18,GLC,-0.033015938519715404
2026-09-18,GLG,-32.276525751196864
2026-09-18,GLL,-83.85155895760035
2026-09-18,GLM,-99.66633102033941
2026-09-18,GLP,0.0
2026-09-18,GLS,177.6340411503844
2026-09-18,GLV,-0.29019791813198403
2026-09-18,GMA,-15.27685602031996
2026-09-18,GMC,-8.219560435174111
2026-09-18,GMD,385.2064097353062
2026-09-18,GME,0.0
2026-09-18,GMI,-6.213950566127802
2026-09-18,GMM,0.0
2026-09-18,GMN,-0.39998175523716145
2026-09-18,GMO,-0.07585395700101728
2026-09-18,GMP,-0.6327129081139452
2026-09-18,GMR,-3.1985623380351056
2026-09-18,GMZ,-2.203930323180358
2026-09-18,GNH,-1.1955254551741294
2026-09-18,GNK,0.0
2026-09-18,GNL,-3.531862604577947
2026-09-18,GNP,-76.53880024787884
2026-09-18,GNS,23.959992043516163
2026-09-18,GNZ,2.998517260198223
2026-09-18,GO1,-10.013745815909427
2026-09-18,GO3,-23.992080626579472
2026-09-18,GO4,-9.057140116905908
2026-09-18,GO6,-39.30395265536912
2026-09-18,GO9,-10.091448613774437
2026-09-18,GOF,14.860445422993502
2026-09-18,GOH,-4.659459302176304
2026-09-18,GOK,3.5607551714716053
2026-09-18,GOL,8.879923910781216
2026-09-18,GOP,-91.77479144991533
2026-09-18,GP1,0.0
2026-09-18,GP3,1.9098699370600096
2026-09-18,GPA,2.0771288041423173
2026-09-18,GPB,-0.4841046657450236
2026-09-18,GPC,-2.396536454421249
2026-09-18,GPF,-7.8900808588000695
2026-09-18,GPG,-4.243093017562957
2026-09-18,GPH,0.0
2026-09-18,GPI,-2.4033923877734913
2026-09-18,GPJ,0.0
2026-09-18,GPL,0.08309718442074057
2026-09-18,GPM,0.0
2026-09-18,GPN,2.132867803864226
2026-09-18,GPT,-12.264284374205863
2026-09-18,GPU,-0.8916095697770278
2026-09-18,GPV,-22.725086667135326
2026-09-18,GPZ,156.50009355144448
2026-09-18,GRL,-24.131591125326125
2026-09-18,GRO,-1.365873682299335
2026-09-18,GRT,8.550930023231349
2026-09-18,GSE,0.5161990681189472
2026-09-18,GSG,-1.3804373860881218
2026-09-18,GSL,-52.721246987313485
2026-09-18,GSO,14793.138450721193
2026-09-18,GSP,0.9479607443637078
2026-09-18,GSR,0.0
2026-09-18,GTA,-0.9075926353767104
2026-09-18,GTF,4.04542153823623
2026-09-18,GTH,7.258727822085078
2026-09-18,GTK,0.0
2026-09-18,GTL,-19.03512210580024
2026-09-18,GTM,-7.717457000343318
2026-09-18,GTN,0.0
2026-09-18,GTY,-2.780356976389368
2026-09-18,GTZ,-3.7979289663347924
2026-09-18,GUA,0.0
2026-09-18,GUB,7.394727812973439
2026-09-18,GUC,-39.535879447404625
2026-09-18,GUF,5.385415349761978
2026-09-18,GUH,0.4901704369971868
2026-09-18,GUK,16.52095221836659
2026-09-18,GUM,-3.124679065673241
2026-09-18,GUV,36.943064946488704
2026-09-18,GVA,-6.009093583625425
2026-09-18,GVB,0.0
2026-09-18,GVC,0.0
2026-09-18,GVD,0.0
2026-09-18,GVI,-9.145300130004111
2026-09-18,GVL,0.0
2026-09-18,GVZ,0.0
2026-09-18,GYC,0.0
2026-09-18,GYG,0.0
2026-09-18,GYK,44.466372364398964
2026-09-18,GYL,6.874606530125303
2026-09-18,GYN,0.0
2026-09-18,GYR,0.0
2026-09-18,GZB,0.0
2026-09-18,GZD,0.0
2026-09-18,GZE,17.47737258513725
2026-09-18,GZG,-7.328276764547824
2026-09-18,GZH,-6.899975644192109
2026-09-18,GZJ,-2.5147847019364757
2026-09-18,GZL,3.4412530967355117
2026-09-18,GZM,1.4630196134818696
2026-09-18,GZN,-3.459066251488891
2026-09-18,GZO,0.0
2026-09-18,GZP,-0.232474288501119
2026-09-18,GZR,-0.06390124381283156
2026-09-18,GZU,0.0
2026-09-18,GZV,-1.1477150331673573
2026-09-18,GZY,-8.069086088899544
2026-09-18,GZZ,-1.0233152568524946
2026-09-18,HAE,-0.3619432442965308
2026-09-18,HAG,0.0
2026-09-18,HAI,18.5350428368894
2026-09-18,HAM,-2.060070535748712
2026-09-18,HAR,1490.8485877333899
2026-09-18,HAT,-27.689122176209906
2026-09-18,HB1,-2.440917463413818
2026-09-18,HB2,0.9851898431273142
2026-09-18,HBF,-1.6085145471649298
2026-09-18,HBJ,0.0
2026-09-18,HBN,-4.814851842651561
2026-09-18,HBU,17.80330886770259
2026-09-18,HBV,0.019933691999987676
2026-09-18,HCV,-13.953168425593693
2026-09-18,HDA,-21.65113318732021
2026-09-18,HDD,52.58157888061401
2026-09-18,HDE,-0.8192568060921069
2026-09-18,HDH,-3.7708371687309055
2026-09-18,HDJ,-2.4595690690594045
2026-09-18,HDK,-7.60492965030462
2026-09-18,HDS,0.0
2026-09-18,HDV,3.142195093202734
2026-09-18,HEH,-43.953542304601726
2026-09-18,HFA,0.0
2026-09-18,HFI,1.8503198123254565
2026-09-18,HFO,14.104222619434994
2026-09-18,HFR,317.9457143853049
2026-09-18,HFV,-0.7292797136002539
2026-09-18,HFY,-80.66415822548359
2026-09-18,HGC,3.262483868776315
2026-09-18,HGH,-98.65572585895714
2026-09-18,HGJ,0.0
2026-09-18,HGM,-8.583419174800955
2026-09-18,HGR,-25.656532321841084
2026-09-18,HGT,0.0
2026-09-18,HGU,0.0
2026-09-18,HGV,-16.81416572577386
2026-09-18,HIA,-39.555529111562265
2026-09-18,HIF,-1.335340783341696
2026-09-18,HIH,-7.960040569265835
2026-09-18,HII,0.0
2026-09-18,HIM,-4.1808525147085325
2026-09-18,HIP,-11.96330091296718
2026-09-18,HIS,7.860823035021958
2026-09-18,HIZ,-0.13264706189740066
2026-09-18,HJA,-14.640662729675165
2026-09-18,HJB,-13.754291549402373
2026-09-18,HKG,11.767349823686033
2026-09-18,HKH,-12.016451512042764
2026-09-18,HKJ,-54.30961709459944
2026-09-18,HKM,-15.157245874505602
2026-09-18,HKP,-38.30542711028714
2026-09-18,HKR,-8.159556089506163
2026-09-18,HKV,7.537191721577832
2026-09-18,HLA,-35.48211545582177
2026-09-18,HLL,-1.7989697570115888
2026-09-18,HLR,-27.911979100965663
2026-09-18,HMC,-104.94043575801662
2026-09-18,HME,4.097099991001958
2026-09-18,HMG,3.6799105167705966
2026-09-18,HMK,-43.62623116746768
2026-09-18,HML,415.5995067837528
2026-09-18,HMS,-33.207107381204956
2026-09-18,HMT,0.0
2026-09-18,HMV,0.0
2026-09-18,HNS,0.12647925287234668
2026-09-18,HOA,-9.41498104823176
2026-09-18,HOY,-6.479690121622866
2026-09-18,HP3,-1.2917861667769461
2026-09-18,HPC,201.45850034868226
2026-09-18,HPD,0.00856711893426301
2026-09-18,HPF,0.0
2026-09-18,HPH,-48.93650295339126
2026-09-18,HPI,0.0
2026-09-18,HPJ,0.0
2026-09-18,HPL,0.0
2026-09-18,HPO,1.1703377267126411
2026-09-18,HPT,23.65344485642428
2026-09-18,HPV,3.355517913436347
2026-09-18,HPZ,-1.190919869019363
2026-09-18,HRZ,-31.122174459041428
2026-09-18,HSA,-1.3642025884116684
2026-09-18,HSL,-1.5454563497386602
2026-09-18,HSP,0.20023651838457843
2026-09-18,HST,-0.5724967653048554
2026-09-18,HTF,-21.333463537134197
2026-09-18,HTJ,6.803471317592821
2026-09-18,HTK,-18.407634331809433
2026-09-18,HTS,8.051398185309456
2026-09-18,HTZ,0.0
2026-09-18,HUI,0.0
2026-09-18,HUS,0.0
2026-09-18,HVA,-2.713344569009548
2026-09-18,HVB,0.0
2026-09-18,HVC,0.0
2026-09-18,HVI,-1.8332233536377882
2026-09-18,HVK,-27.071967022512165
2026-09-18,HVL,0.0
2026-09-18,HVN,0.0
2026-09-18,HVS,-3.579627244825881
2026-09-18,HVT,-33.693294112871094
2026-09-18,HVU,-23.90881188775994
2026-09-18,HVV,0.0
2026-09-18,HVZ,-14.335150024588916
2026-09-18,HYK,0.578522032601587
2026-09-18,HYP,0.05745800484001146
2026-09-18,HYU,21.953468397969452
2026-09-18,HYV,-6.268577211781473
2026-09-18,HYY,0.0
2026-09-18,HZV,0.0
2026-09-18,IAC,0.0
2026-09-18,IAE,-4.697302808825148
2026-09-18,IAI,0.0
2026-09-18,IAJ,0.0
2026-09-18,IAM,0.7896468471368182
2026-09-18,IAR,-3.033071866333448
2026-09-18,IAS,3.482228457896422e-05
2026-09-18,IAT,16.427716802435903
2026-09-18,IAU,-44.26689814655926
2026-09-18,IAY,-4.375274564606742
2026-09-18,IBB,-4.988577117710468
2026-09-18,IBC,0.0
2026-09-18,IBE,-0.0004790224879807936
2026-09-18,IBG,0.0
2026-09-18,IBJ,0.0
2026-09-18,IBK,-0.7318000787147084
2026-09-18,IBM,-0.9556825638678346
2026-09-18,IBP,0.0
2026-09-18,IBR,27.44269570797732
2026-09-18,ICA,-1.87955670849156
2026-09-18,ICC,-11.574301510592807
2026-09-18,ICD,-0.09534351875436174
2026-09-18,ICE,-1.903520590227202
2026-09-18,ICF,0.7452353585092237
2026-09-18,ICG,-1.3673713523015947
2026-09-18,ICH,-21.055909371794648
2026-09-18,ICM,391.36454237653055
2026-09-18,ICN,242.85740454813768
2026-09-18,ICS,-11.022276919993462
2026-09-18,ICV,3.484403120169606
2026-09-18,ICZ,10.722297985008382
2026-09-18,IDD,0.01572440077014768
2026-09-18,IDF,-2.972658694396903
2026-09-18,IDH,-7.204529547457147
2026-09-18,IDI,157.1589093375088
2026-09-18,IDL,27.375899092267325
2026-09-18,IDO,10.221135734836807
2026-09-18,IDP,-9.986747240935838
2026-09-18,IDV,-0.8970382908970567
2026-09-18,IDY,-30.345068080333203
2026-09-18,IED,4.1122522900234335
2026-09-18,IEN,-34.493039631889374
2026-09-18,IEV,-3.1606352427698283
2026-09-18,IEZ,0.08377847686463052
2026-09-18,IFD,0.0
2026-09-18,IFN,5.720216049905106
2026-09-18,IFV,446.275540586112
2026-09-18,IFY,0.0
2026-09-18,IGF,0.0
2026-09-18,IGL,-1.2712591482690898
2026-09-18,IGM,0.0
2026-09-18,IGZ,-99.80629052747504
2026-09-18,IH1,1.3093103281141394
2026-09-18,IHA,-10.288962541869271
2026-09-18,IHC,-1.5010867495205527
2026-09-18,IHK,-9.583225725749243
2026-09-18,IHP,-1.0431884873927115
2026-09-18,IHT,-9.009594631834153
2026-09-18,IHV,-42.600585769930454
2026-09-18,IHY,0.0
2026-09-18,IHZ,-1.4613868588399277
2026-09-18,IIA,0.0
2026-09-18,IIC,-0.3904754178968589
2026-09-18,IIE,-15.522475097267602
2026-09-18,IIF,140.77070636943822
2026-09-18,IIH,-6.640122852021037
2026-09-18,IIN,-9.887097154388858
2026-09-18,IIS,-2.082264795884328
2026-09-18,IJA,-8.01446636683429
2026-09-18,IJB,-8.683556383979411
2026-09-18,IJC,-17.974810446839975
2026-09-18,IJE,-9.16195290931421
2026-09-18,IJF,0.7049250984366777
2026-09-18,IJH,-6.729266612336421
2026-09-18,IJI,15.388394296788938
2026-09-18,IJK,-0.8282433381093841
2026-09-18,IJL,0.0
2026-09-18,IJP,-5.274346347496687
2026-09-18,IJT,12.929508547578141
2026-09-18,IJV,17.872000386198366
2026-09-18,IJZ,-3.482570994856022
2026-09-18,IK2,0.0
2026-09-18,IKL,-6.287476130297441
2026-09-18,IKP,-8.11464472911588
2026-09-18,IKV,72.26391153939656
2026-09-18,ILC,0.0
2026-09-18,ILE,0.0
2026-09-18,ILH,1.0563752640451622
2026-09-18,ILI,6.219674093402007
2026-09-18,ILM,0.0
2026-09-18,ILP,0.0
2026-09-18,ILU,9.05877177432798
2026-09-18,ILZ,-2.674328418506161
2026-09-18,IMB,-1.7798439030035567
2026-09-18,IMF,0.0
2026-09-18,IMG,0.0
2026-09-18,IMH,0.0
2026-09-18,IML,-4.856805606990795
2026-09-18,IMO,0.0
2026-09-18,IMS,0.0
2026-09-18,IMT,0.0
2026-09-18,IMY,0.0
2026-09-18,IMZ,0.0
2026-09-18,INH,-5.790573858691522
2026-09-18,INV,0.0
2026-09-18,INZ,0.001209051395679765
2026-09-18,IOG,-3.5794872447136292
2026-09-18,IOH,0.7459601085726535
2026-09-18,IOJ,0.0
2026-09-18,IOL,0.0
2026-09-18,IOM,-3.2998949750912407
2026-09-18,ION,0.0
2026-09-18,IOO,59.47286323908202
2026-09-18,IOP,2.4524367804085516
2026-09-18,IOT,0.0
2026-09-18,IOV,-0.6682549939170754
2026-09-18,IPA,0.0
2026-09-18,IPB,-6.472350641913282
2026-09-18,IPC,0.0
2026-09-18,IPE,0.0
2026-09-18,IPF,8.23318648114508
2026-09-18,IPG,-1.3138291009018432
2026-09-18,IPJ,-4.528158696499849
2026-09-18,IPK,-0.29601793432958545
2026-09-18,IPO,-9.21612962884118
2026-09-18,IPP,-1.5011807686642054
2026-09-18,IPR,0.0
2026-09-18,IPU,0.0
2026-09-18,IPV,0.645343332051857
2026-09-18,IRB,6.471060014777147
2026-09-18,IRE,0.0
2026-09-18,IRF,-5.859615916912033
2026-09-18,IRL,-15.102878858712524
2026-09-18,IRO,-3.6718807601612453
2026-09-18,IRT,-1.3971832177220855
2026-09-18,IRV,36.9084276725667
2026-09-18,IRY,-0.8393624276950513
2026-09-18,ISR,0.0
2026-09-18,ISS,0.0
2026-09-18,IST,15.191384025473253
2026-09-18,ITA,0.0
2026-09-18,ITC,24.058132685015156
2026-09-18,ITD,0.0
2026-09-18,ITJ,0.0
2026-09-18,ITL,0.0
2026-09-18,ITP,-2.8645532757184853
2026-09-18,ITR,0.0
2026-09-18,ITV,0.0
2026-09-18,ITZ,2.0811402701694166
2026-09-18,IUA,-4.336656650176483
2026-09-18,IUB,0.0
2026-09-18,IUC,0.0
2026-09-18,IUF,-0.8165677320002759
2026-09-18,IUH,-6.8674899677952945
2026-09-18,IUM,0.0
2026-09-18,IUN,0.0
2026-09-18,IUV,-1.914504133914922
2026-09-18,IUZ,-24.88970441689621
2026-09-18,IV2,0.0
2026-09-18,IV6,0.0
2026-09-18,IV7,0.0
2026-09-18,IV8,-3.291540271659406
2026-09-18,IVF,-2.4870638426564096
2026-09-18,IVS,-25.080797856740784
2026-09-18,IVY,-7.926329114251553
2026-09-18,IYB,-9.625207183022857
2026-09-18,IYP,0.25824743971721664
2026-09-18,IYR,65.79326396362524
2026-09-18,IYS,0.0
2026-09-18,IYV,-6.548173073059998
2026-09-18,IZA,-15.145011061555866
2026-09-18,IZB,90.36364435743121
2026-09-18,IZE,0.0
2026-09-18,IZL,0.0
2026-09-18,IZS,47.850760162438135
2026-09-18,IZV,0.0
2026-09-18,IZY,0.0
2026-09-18,JET,-8.4622609668077
2026-09-18,JOT,0.0
2026-09-18,JUP,-0.2888048501340241
2026-09-18,KAC,-2.068527571585174
2026-09-18,KAN,-0.8216388538636934
2026-09-18,KAV,0.0314432244345908
2026-09-18,KBJ,-0.39639721699917657
2026-09-18,KBP,0.0
2026-09-18,KBZ,0.0
2026-09-18,KCL,-4.061708501970377
2026-09-18,KCR,38.38905632342346
2026-09-18,KCV,10.732921551085886
2026-09-18,KDE,15.151105781511296
2026-09-18,KDI,-93.02799531750675
2026-09-18,KDK,0.0
2026-09-18,KDL,-1.680841845666867
2026-09-18,KDO,4.525040825499066
2026-09-18,KDS,-4.474348081649934
2026-09-18,KDT,0.12444181110320272
2026-09-18,KDV,-7.3005627382736735
2026-09-18,KDZ,-7.454344453315244
2026-09-18,KEI,0.0
2026-09-18,KEO,0.0
2026-09-18,KEU,33.74708497294417
2026-09-18,KFZ,0.0
2026-09-18,KGM,-4.393282044647954
2026-09-18,KH1,3.349079395675753
2026-09-18,KHA,-50.301529228317385
2026-09-18,KHB,-17.317026377381513
2026-09-18,KHC,-16.663826960950747
2026-09-18,KHD,4.532915238894465
2026-09-18,KHF,0.06933281257658504
2026-09-18,KHJ,0.385391125585463
2026-09-18,KHP,-23.743013311855105
2026-09-18,KHT,-6.533081766745083
2026-09-18,KHU,0.0
2026-09-18,KIA,-11.27029606892608
2026-09-18,KIB,-0.39601189592482244
2026-09-18,KIE,68.37625125324647
2026-09-18,KIH,-0.07457828773473495
2026-09-18,KIK,-9.34922027011678
2026-09-18,KIS,-1.9906985237369061
2026-09-18,KJK,0.0
2026-09-18,KKB,0.0
2026-09-18,KKC,-65.18037982572197
2026-09-18,KKE,0.0
2026-09-18,KKH,-6.199442445521989
2026-09-18,KKL,-6.620285097989517
2026-09-18,KKO,0.0
2026-09-18,KKP,0.15402777331034065
2026-09-18,KKT,312.75161724917893
2026-09-18,KLH,-38.93919390917135
2026-09-18,KLI,-72.61152075328825
2026-09-18,KLL,0.0
2026-09-18,KLM,0.0
2026-09-18,KLS,-79.20959851591847
2026-09-18,KLU,-8.158243721515491
2026-09-18,KMA,0.0
2026-09-18,KME,13.145258950437915
2026-09-18,KMF,23.767255571762927
2026-09-18,KMN,10.537328453123367
2026-09-18,KMT,0.0
2026-09-18,KNC,0.0
2026-09-18,KNI,-44.53336700561767
2026-09-18,KNJ,65.0033572653953
2026-09-18,KNN,0.00016721539779874462
2026-09-18,KNP,-11.1122000116024
2026-09-18,KNS,0.0
2026-09-18,KNT,0.0
2026-09-18,KNV,0.0
2026-09-18,KNZ,0.0
2026-09-18,KO4,-0.2709580150507317
2026-09-18,KOB,-7.005611887190268
2026-09-18,KOD,-7.524594370077191
2026-09-18,KOP,0.0
2026-09-18,KOT,-3.295216141478525
2026-09-18,KOZ,0.0
2026-09-18,KP3,-21.108313763892255
2026-09-18,KPA,6.913714699108588
2026-09-18,KPB,0.0
2026-09-18,KPC,5.127950247262523
2026-09-18,KPD,-0.7303777001902828
2026-09-18,KPF,-86.9473342169068
2026-09-18,KPH,-2.6357983813609756
2026-09-18,KPI,19.556925547245726
2026-09-18,KPK,0.0
2026-09-18,KPM,0.0
2026-09-18,KPP,-15.199027937334655
2026-09-18,KPR,-39.4937051203687
2026-09-18,KPS,0.0
2026-09-18,KPU,-5.7074740442613505
2026-09-18,KRC,-0.15404214903068375
2026-09-18,KRF,9.143407651502761
2026-09-18,KRH,-7.836832161604921e-05
2026-09-18,KRO,-1.719271677708733
2026-09-18,KRR,22.51828014970729
2026-09-18,KRS,-6.107315740019196
2026-09-18,KRT,6.856543044461763
2026-09-18,KRV,-0.4173787700069889
2026-09-18,KSA,-13.704840087976509
2026-09-18,KSC,0.0
2026-09-18,KSK,-45.06345965847041
2026-09-18,KSL,-1.5171393025474555
2026-09-18,KSM,0.5387752725411841
2026-09-18,KSP,-0.040015331409127164
2026-09-18,KSR,-21.670883816765034
2026-09-18,KST,-3.098446868725484
2026-09-18,KSV,17.901273012474864
2026-09-18,KSY,208.05868653222325
2026-09-18,KTE,-4.396391900877159
2026-09-18,KTI,-62.00186483003034
2026-09-18,KTJ,-14.013302791256562
2026-09-18,KTM,3.104106011209468
2026-09-18,KTN,-9.596216408094419
2026-09-18,KTR,0.03500203964392602
2026-09-18,KTS,10.42711527062142
2026-09-18,KTT,2.4656459163999815
2026-09-18,KTU,0.0
2026-09-18,KTV,39.820983619227846
2026-09-18,KU3,5.617142874510751
2026-09-18,KUA,-5.743221292676116
2026-09-18,KUB,-9.020566136254558
2026-09-18,KUD,49.031708096381216
2026-09-18,KUP,-0.26609672727695577
2026-09-18,KUT,-7.516563202496178
2026-09-18,KVA,0.0
2026-09-18,KVK,-1.0131970374627677
2026-09-18,KVR,-13.67324867512848
2026-09-18,KVS,-26.356598779850888
2026-09-18,KVT,18.38059876584702
2026-09-18,KYA,-8.181575409547667
2026-09-18,KYR,0.0
2026-09-18,KYS,0.0
2026-09-18,KZL,-1.89632954937651
2026-09-18,KZO,0.0
2026-09-18,KZU,-3.5446456389965366
2026-09-18,LAI,-0.29210948490847516
2026-09-18,LET,0.0
2026-09-18,LGK,3.00842933139174
2026-09-18,LGO,0.0
2026-09-18,LHM,0.0
2026-09-18,LHP,-3.9466304869362476
2026-09-18,LKF,45.11903159672203
2026-09-18,LKT,-80.66994093133872
2026-09-18,LLA,-12.986635452857415
2026-09-18,LPH,17.011840513555203
2026-09-18,LRT,-6.114361417845761
2026-09-18,LTC,-0.36896452672476154
2026-09-18,LTL,-55.47410637360669
2026-09-18,LTS,0.1719995116151
2026-09-18,LZV,0.0
2026-09-18,MAC,-4.09581244815772
2026-09-18,MAD,6.081417991997712
2026-09-18,MAS,-0.7042776239226249
2026-09-18,MAV,0.0
2026-09-18,MBL,-0.036405519692936705
2026-09-18,MBR,-48.896159428903296
2026-09-18,MCU,36.89317356292401
2026-09-18,MD1,-55.211861261249794
2026-09-18,MD2,-42.64622862204511
2026-09-18,MDF,-1.2666098211928867
2026-09-18,MET,-1.346412526015687
2026-09-18,MGB,-12.438182210923442
2026-09-18,MGD,0.0
2026-09-18,MGE,4.281800033753625
2026-09-18,MGH,-2.5404164126761035
2026-09-18,MHF,-63.151504502863595
2026-09-18,MIK,-14.077554751682571
2026-09-18,MJB,0.4095085772659759
2026-09-18,MJE,-9.5079806308972
2026-09-18,MJG,-2.5606447483413706
2026-09-18,MJH,0.35248251649672474
2026-09-18,MJK,-4.442007734993816
2026-09-18,MJL,1.3861684796088327
2026-09-18,MKA,-11.547184150013297
2026-09-18,MKG,-5.3260992647475724
2026-09-18,MKL,0.0
2026-09-18,MLS,0.0
2026-09-18,MLT,-15.744765045646222
2026-09-18,MMH,42.05951475582502
2026-09-18,MOD,-0.7335928394751843
2026-09-18,MOZ,3.038989302076275
2026-09-18,MP2,0.0
2026-09-18,MP4,-0.002988556487303952
2026-09-18,MPD,-2.3688744717951047
2026-09-18,MPE,38.49056759005202
2026-09-18,MPF,7.476910598029668
2026-09-18,MPI,-0.15749253497541119
2026-09-18,MPK,-14.786910985849605
2026-09-18,MPL,-28.72398158178509
2026-09-18,MPN,-2.197432420527443
2026-09-18,MPP,-12.751566582663349
2026-09-18,MPS,-5.393642002238694
2026-09-18,MRI,1.919487172307303
2026-09-18,MSK,6.883688668525548e-06
2026-09-18,MSO,0.0
2026-09-18,MSR,-23.57029571732638
2026-09-18,MT1,1.1709490997121166
2026-09-18,MT2,-35.34474413161953
2026-09-18,MT5,-0.0076167215976433895
2026-09-18,MT6,130.3488691319341
2026-09-18,MT7,-0.052651142197318805
2026-09-18,MT8,-61.037533475838536
2026-09-18,MT9,97.61231472840844
2026-09-18,MTD,-17.689577443266806
2026-09-18,MTE,-61.74888464196348
2026-09-18,MTF,-25.2161462128295
2026-09-18,MTG,-4.449306744942412
2026-09-18,MTH,-17.617244412799167
2026-09-18,MTI,0.0
2026-09-18,MTK,23.11634348760242
2026-09-18,MTL,1190.0741164306407
2026-09-18,MTS,-1.3672492290797562
2026-09-18,MTU,2.9698852427761135
2026-09-18,MTV,-5.084999333523746
2026-09-18,MTX,-2.7550328650261307
2026-09-18,MUL,9.558151713664234
2026-09-18,MUT,-15.944751599674593
2026-09-18,NAK,-1.4952315595602437
2026-09-18,NAL,-55.384153733764485
2026-09-18,NAU,-16.885783424895745
2026-09-18,NAV,0.0
2026-09-18,NBE,-0.9315310786179529
2026-09-18,NBH,6.771906480207314
2026-09-18,NBO,19.506160708673516
2026-09-18,NBZ,5.656162039156303
2026-09-18,NCS,-13.279045701797548
2026-09-18,NCU,0.14662771654279447
2026-09-18,NDL,-93.69426392138226
2026-09-18,NDS,0.0
2026-09-18,NES,-9.20174383924107
2026-09-18,NFF,-10.017488634849629
2026-09-18,NFH,-3.361223241020486
2026-09-18,NFK,-12.27036377570996
2026-09-18,NHP,-3.4123029907343185
2026-09-18,NHT,0.0
2026-09-18,NHV,0.0
2026-09-18,NHY,-1.1671973281038501
2026-09-18,NIG,-1.9728698556323778
2026-09-18,NIS,-2.2302777316832647
2026-09-18,NJF,-25.417002328270794
2026-09-18,NJG,-34.13675756650551
2026-09-18,NJR,-4.752569228038369
2026-09-18,NJY,22.047378080602904
2026-09-18,NKA,-1.865348790703972
2026-09-18,NKC,-2.6324602325557347
2026-09-18,NKH,-0.6551057139071814
2026-09-18,NKJ,0.0
2026-09-18,NKK,0.0
2026-09-18,NKL,66.92357568537467
2026-09-18,NKM,-19.805069466202927
2026-09-18,NKP,-19.34804895419805
2026-09-18,NKS,0.0
2026-09-18,NKT,51.918052093517694
2026-09-18,NKV,0.0
2026-09-18,NLC,0.0
2026-09-18,NLD,169.17402532188984
2026-09-18,NLE,-8.35289722652464
2026-09-18,NLK,26.654961504425213
2026-09-18,NLL,0.03674335712624177
2026-09-18,NME,-14.463170232198932
2026-09-18,NMG,3.2430688971293478
2026-09-18,NMP,-90.25473604043353
2026-09-18,NMU,0.17646763323842843
2026-09-18,NNF,-17.277818235042584
2026-09-18,NOA,55.17470608113476
2026-09-18,NOI,20.054930965496407
2026-09-18,NOV,0.0
2026-09-18,NP1,-3.8972568435384236
2026-09-18,NPH,-40.24896736699315
2026-09-18,NPK,-0.0021244281277401876
2026-09-18,NRC,-4.809564617046893
2026-09-18,NRG,-40.44935512572525
2026-09-18,NRM,0.0
2026-09-18,NSA,-30.603404399508648
2026-09-18,NSD,19.575651021860555
2026-09-18,NSH,23.604570829318543
2026-09-18,NSK,-71.03178295547725
2026-09-18,NSP,-26.62275700119291
2026-09-18,NSS,0.0
2026-09-18,NST,-8.144526970494601
2026-09-18,NSY,14.090912864548208
2026-09-18,NTB,-3.218966068667204e-05
2026-09-18,NTD,0.0
2026-09-18,NTF,-0.008576076422560657
2026-09-18,NTI,-32.247035336517825
2026-09-18,NTO,0.0
2026-09-18,NTS,0.0
2026-09-18,NUB,-5.453435511079322
2026-09-18,NUG,0.0
2026-09-18,NUH,-73.44726714400647
2026-09-18,NVB,-37.145006140275534
2026-09-18,NVC,20.982890949612443
2026-09-18,NVK,54.93904273716071
2026-09-18,NVP,0.0
2026-09-18,NVT,2335.245794558275
2026-09-18,NVZ,-1.0550167347379247
2026-09-18,NYH,0.0
2026-09-18,NZH,-0.10470876555123274
2026-09-18,NZT,-69.90588824910809
2026-09-18,NZU,-10.459968674649396
2026-09-18,OAB,-0.11348873457939447
2026-09-18,OAO,940.3196281985821
2026-09-18,OBI,-8.403718324038852
2026-09-18,OBN,-2.59144731765921
2026-09-18,OBP,-3.3707292255220125
2026-09-18,OBR,-6.88908643013143
2026-09-18,OCM,0.035990777018122505
2026-09-18,OCN,0.0
2026-09-18,OCT,-4.747971863283162
2026-09-18,ODD,-1.34283434039014
2026-09-18,ODG,-4.651327460916646
2026-09-18,ODN,75.40274507407474
2026-09-18,ODP,-1.5797696306503604
2026-09-18,ODS,2.0088925509820537
2026-09-18,ODV,-4.15300146131898
2026-09-18,OFA,-11.291739709767034
2026-09-18,OFB,0.0
2026-09-18,OFI,-0.6358753264680359
2026-09-18,OFK,-12.54389705627269
2026-09-18,OFO,0.0
2026-09-18,OFS,-0.8246928174726198
2026-09-18,OGD,-0.682214341060507
2026-09-18,OGF,4.966912683214663
2026-09-18,OGV,0.0
2026-09-18,OHB,-0.030255523050302907
2026-09-18,OHI,-9.602948122258638e-08
2026-09-18,OHK,57.035357105697194
2026-09-18,OIL,0.5121628360541881
2026-09-18,OIR,-1.6343689287759953
2026-09-18,OIS,0.0
2026-09-18,OJB,-1.811548801670966
2026-09-18,OJH,0.0
2026-09-18,OJK,-0.8245837910410849
2026-09-18,OJT,-2.6214839924194027
2026-09-18,OJU,0.0
2026-09-18,OJY,-0.10033533112057313
2026-09-18,OKD,1.6112830837228882
2026-09-18,OKF,0.0
2026-09-18,OKP,-0.38219664394093783
2026-09-18,OKT,0.6747637131083398
2026-09-18,OLA,-1.19009648670596
2026-09-18,OLD,-7.516590790911139
2026-09-18,OLE,6.041077990178094
2026-09-18,OMB,0.0
2026-09-18,OMC,-0.2668549933962398
2026-09-18,OME,-0.43288787606994067
2026-09-18,OMG,-0.37264663860926905
2026-09-18,OMT,15.034191705171176
2026-09-18,ONB,-7.495422746112743
2026-09-18,OND,-1.1716670356143695
2026-09-18,ONE,-10.236253507937267
2026-09-18,ONF,0.17958201182830807
2026-09-18,ONK,-7.38183934716664
2026-09-18,ONN,27.034556228987
2026-09-18,ONS,2.961513077444695
2026-09-18,ONT,0.0
2026-09-18,ONY,0.41914753208471356
2026-09-18,OPB,0.2638984374236083
2026-09-18,OPD,-0.0017253251942872725
2026-09-18,OPF,-3.8270473043625373
2026-09-18,OPH,-1.0230954597122075
2026-09-18,OPI,-3.399405209502359
2026-09-18,OPJ,-89.59851853303063
2026-09-18,OPL,-5.375692385535735
2026-09-18,OPU,78.93831539665445
2026-09-18,OPZ,0.0
2026-09-18,ORC,15.767120259010342
2026-09-18,ORI,0.10824718536699213
2026-09-18,OSD,-5.583306537118873
2026-09-18,OSF,-0.03697540923298667
2026-09-18,OSH,0.0
2026-09-18,OSL,20.351809912452175
2026-09-18,OSN,-83.492644984771
2026-09-18,OTE,0.0
2026-09-18,OTF,2.9829230655821513
2026-09-18,OTJ,-5.690481330528769
2026-09-18,OTK,-15.40050470020597
2026-09-18,OTM,6.3772670008751415
2026-09-18,OTZ,0.0
2026-09-18,OUB,-0.0227001322416872
2026-09-18,OUD,0.1603748062524456
2026-09-18,OUN,-1.498260189127199
2026-09-18,OUR,0.0
2026-09-18,OUY,0.0
2026-09-18,OVD,23.064787224009557
2026-09-18,OVR,0.0
2026-09-18,OYL,-2.506893656429652
2026-09-18,OYS,-3.2346277857148285
2026-09-18,OYT,-11.212345531177787
2026-09-18,OZC,-74.43063152691875
2026-09-18,P1A,59.29376283120672
2026-09-18,PA2,-18.6014467359029
2026-09-18,PAB,59.57470856677136
2026-09-18,PAC,0.0
2026-09-18,PAF,-8.640505658713211
2026-09-18,PAI,-10.543227922401975
2026-09-18,PAL,-3.3518222497960446
2026-09-18,PAO,-82.22299341735946
2026-09-18,PAU,3.247143386439888
2026-09-18,PBE,-71.71702110205545
2026-09-18,PBF,0.0
2026-09-18,PBH,-0.0028171343921050045
2026-09-18,PBI,-5.419640645675691
2026-09-18,PBK,-6.850965011273283
2026-09-18,PBN,-7.519059428539047
2026-09-18,PBR,-63.592411175413034
2026-09-18,PBS,0.0
2026-09-18,PBY,-0.04473848315876651
2026-09-18,PCE,-45.60943398221482
2026-09-18,PCH,-2.4698179056556095
2026-09-18,PCN,0.0
2026-09-18,PCS,1.7456543430107971
2026-09-18,PDC,0.07097358173027078
2026-09-18,PDD,-5.601255212576342
2026-09-18,PDE,-0.35101363065365415
2026-09-18,PDF,0.040707922957154086
2026-09-18,PDG,-40.29020886795224
2026-09-18,PDH,-1.1502983904956188
2026-09-18,PDR,0.0
2026-09-18,PDS,-0.00026089751480115326
2026-09-18,PEA,-0.01896001547290101
2026-09-18,PFO,1.216400951684142
2026-09-18,PFS,-3.1963778049232388
2026-09-18,PGD,-0.09422748234206707
2026-09-18,PGE,-0.0002506954673261706
2026-09-18,PGH,-7.196866639919898e-06
2026-09-18,PGS,-5.650244353055789
2026-09-18,PHB,-12.108063994958666
2026-09-18,PHE,-57.45881298760297
2026-09-18,PHF,8.634495402668657
2026-09-18,PHI,8.714712977851566
2026-09-18,PHK,-1.2625956843726975
2026-09-18,PHN,4.514524377362677
2026-09-18,PHS,-2.77818459172987
2026-09-18,PHY,-0.0008073315672800014
2026-09-18,PID,-3.481468342474149
2026-09-18,PIL,-14.590877270947816
2026-09-18,PIP,-81.28525258149126
2026-09-18,PIR,-12.364215893767138
2026-09-18,PIS,14.344206170494578
2026-09-18,PJL,0.45641261184536164
2026-09-18,PJP,-1.1862308543029867
2026-09-18,PK1,112.51048953171738
2026-09-18,PKD,-85.45851442622981
2026-09-18,PKF,-3.1006268806316224
2026-09-18,PKH,0.7527963332577758
2026-09-18,PKL,11.268710631449345
2026-09-18,PKM,-30.668272827280468
2026-09-18,PKN,-52.682729377636996
2026-09-18,PKP,-14.728371574208552
2026-09-18,PKR,-0.5568579873867338
2026-09-18,PKT,-36.4894893985102
2026-09-18,PKU,-24.530157694001847
2026-09-18,PKV,-11.996436545488546
2026-09-18,PKZ,-1.0809731038704524
2026-09-18,PLA,22.241289611581557
2026-09-18,PLR,-26.988287953427548
2026-09-18,PLS,0.0
2026-09-18,PMG,0.0
2026-09-18,PMH,-0.007635061207373608
2026-09-18,PMP,-24.02425001904829
2026-09-18,PNU,-84.72195894034374
2026-09-18,PO7,-28.357127050090007
2026-09-18,PO8,-97.93055632801001
2026-09-18,PO9,4.00839956489418
2026-09-18,POB,-9.584208424830845e-07
2026-09-18,POD,-7.452609695844843
2026-09-18,POF,-7.412334800596762e-07
2026-09-18,POH,0.0
2026-09-18,POI,-1.9535823293965853e-07
2026-09-18,POS,-15.882403320138227
2026-09-18,POU,-5.872060413796625
2026-09-18,PP1,-5.201541815107653
2026-09-18,PPB,-0.3407834693935577
2026-09-18,PPD,-4.324995720021715
2026-09-18,PPE,-3.120956996938795
2026-09-18,PPF,2.950003157623482
2026-09-18,PPG,-29.749835761655575
2026-09-18,PPH,-25.832998308107758
2026-09-18,PPI,-9.940886547246723
2026-09-18,PPJ,-28.041732925591457
2026-09-18,PPK,-8.820049673021225
2026-09-18,PPM,-9.236004164356087
2026-09-18,PPN,-12.28406459835953
2026-09-18,PPO,-1.5880864093910703e-05
2026-09-18,PPP,-52.87774381749585
2026-09-18,PPS,-13.045406197247605
2026-09-18,PPT,-24.86453363170812
2026-09-18,PPU,-5.366266298429924e-06
2026-09-18,PPV,-65.84489885463171
2026-09-18,PPZ,-23.341926818176024
2026-09-18,PRD,-15.375392196379645
2026-09-18,PRF,0.0
2026-09-18,PRH,-5.29200265242981
2026-09-18,PRR,-59.660289854510026
2026-09-18,PRU,-29.708553240360576
2026-09-18,PRV,-48.70405573114937
2026-09-18,PRY,-85.78694606129453
2026-09-18,PSD,0.0
2026-09-18,PSE,-44.34129753324651
2026-09-18,PSG,-14.431019689594143
2026-09-18,PSH,10.42064865767245
2026-09-18,PSL,-4.871739443395065
2026-09-18,PSO,0.0
2026-09-18,PSR,0.31429872302137984
2026-09-18,PSS,-33.44802137123193
2026-09-18,PST,-2.1812950091751265e-05
2026-09-18,PTC,0.3369438271833127
2026-09-18,PTE,-7.638164818624997
2026-09-18,PTF,9.171484174347269
2026-09-18,PTG,0.0
2026-09-18,PTL,-38.49802260075798
2026-09-18,PTN,37.64328053555669
2026-09-18,PTO,-50.27416290489801
2026-09-18,PTP,457.85203210024486
2026-09-18,PTS,9.036234091992846
2026-09-18,PUA,0.0
2026-09-18,PUC,449.06944501615953
2026-09-18,PUH,26.468348755948835
2026-09-18,PUK,-65.51178295941408
2026-09-18,PUR,-6.6482594340212975
2026-09-18,PUT,0.0
2026-09-18,PUV,0.0
2026-09-18,PVK,-3.822462455054772
2026-09-18,PYB,-44.16173730508528
2026-09-18,PYD,13.089222618482982
2026-09-18,PYF,22.176415439395228
2026-09-18,PYH,7.101842960892127
2026-09-18,PYI,-17.716499034157643
2026-09-18,PYL,0.0
2026-09-18,PYR,-12.954659255790974
2026-09-18,PYS,-5.464725737695178
2026-09-18,RAF,-48.16368327799058
2026-09-18,RAI,0.0
2026-09-18,RAN,0.0
2026-09-18,RAV,-0.0036144903174149764
2026-09-18,RAY,0.0
2026-09-18,RBA,-5.166409935509589
2026-09-18,RBB,53.061396252951766
2026-09-18,RBE,0.0
2026-09-18,RBF,-48.272524993965945
2026-09-18,RBH,-6.071171498316281
2026-09-18,RBI,-7.895218606822807
2026-09-18,RBK,-28.139957259925108
2026-09-18,RBL,-27.855483600789633
2026-09-18,RBN,-10.600197300675001
2026-09-18,RBP,-40.79594436591339
2026-09-18,RBR,3.9171843310045737
2026-09-18,RBT,12.373432477609963
2026-09-18,RBV,18.282473317855068
2026-09-18,RCL,0.0
2026-09-18,RCS,0.0
2026-09-18,RCV,-1.1672072247681111
2026-09-18,RD1,-1.7739314055653532
2026-09-18,RDF,-22.693627842261517
2026-09-18,RDH,0.009971702957520213
2026-09-18,RDK,0.0
2026-09-18,RDS,0.0
2026-09-18,RDT,6.586483578025207
2026-09-18,RDZ,-0.0008013146396957805
2026-09-18,RE6,-85.51638494071416
2026-09-18,RE7,0.0
2026-09-18,RE8,-43.64715627831373
2026-09-18,RFM,242.98194277831655
2026-09-18,RGD,-7.575721951698005
2026-09-18,RGH,-7.634191995534172
2026-09-18,RHD,0.0
2026-09-18,RHI,44.4560487328066
2026-09-18,RHS,-9.48010984148428
2026-09-18,RIA,-42.15074815488243
2026-09-18,RIH,-29.85920972914744
2026-09-18,RIK,-28.260610035006685
2026-09-18,RJG,-36.59207924208755
2026-09-18,RKC,-9.432784521006596
2026-09-18,RKH,-3.0970937175148485
2026-09-18,RKL,0.0
2026-09-18,RKS,0.8661940704008761
2026-09-18,RKV,40.22381098339569
2026-09-18,RLH,-0.17643103826781903
2026-09-18,RO1,-43.00186899982306
2026-09-18,ROD,-7.04487594481342
2026-09-18,ROF,-2.9955367010257286
2026-09-18,ROY,0.0
2026-09-18,RPC,3.1176699791928404
2026-09-18,RPD,-12.355971947622399
2026-09-18,RPG,6.447355477747478
2026-09-18,RPI,6.274826764533313
2026-09-18,RPK,0.0
2026-09-18,RPL,-2.6003349619409697
2026-09-18,RPM,-0.19290703727564085
2026-09-18,RPN,0.0
2026-09-18,RPO,0.0
2026-09-18,RPP,-16.208675952655522
2026-09-18,RPS,-0.6381612850441807
2026-09-18,RPT,-1.2414648848822578
2026-09-18,RPU,0.0
2026-09-18,RPX,0.514528975920351
2026-09-18,RRA,-43.24569108113009
2026-09-18,RRP,-15.399557377306412
2026-09-18,RS1,0.13151786216730962
2026-09-18,RSF,4.588801173773798
2026-09-18,RSK,-23.441773536587455
2026-09-18,RSY,0.0
2026-09-18,RSZ,-2.1430262627193932
2026-09-18,RTA,0.0
2026-09-18,RTB,6.908869704823813
2026-09-18,RTD,-7.803397902230297
2026-09-18,RTG,-10.859227063944916
2026-09-18,RTH,-21.681488380728013
2026-09-18,RTI,14.782134413611109
2026-09-18,RTP,-11.415067287080273
2026-09-18,RUH,0.22320890814723301
2026-09-18,RUT,-15.662390178810156
2026-09-18,RVI,109.69697432937855
2026-09-18,RVS,-1.5493814105846337
2026-09-18,RYA,-0.0009234312653989335
2026-09-18,RYB,-0.06849531745119775
2026-09-18,RYD,0.0
2026-09-18,RYF,-7.877748871525247
2026-09-18,RYU,1.7804431178284248
2026-09-18,RZR,0.0
2026-09-18,SAP,-20.387308431367412
2026-09-18,SAR,0.0
2026-09-18,SAS,-3.8807213627435826
2026-09-18,SAT,0.0
2026-09-18,SBH,-23.25744855416173
2026-09-18,SBI,0.0
2026-09-18,SBR,0.0
2026-09-18,SBS,0.0
2026-09-18,SCZ,25.05685760673196
2026-09-18,SD1,23.062900705358246
2026-09-18,SDA,-0.012675285397517335
2026-09-18,SEH,-0.0013932189494097504
2026-09-18,SER,-0.37583039230527865
2026-09-18,SFA,0.018801587173273713
2026-09-18,SFS,-0.9464970001961741
2026-09-18,SGK,0.2711983326591161
2026-09-18,SGT,-15.607179201271784
2026-09-18,SHC,16.9660161055062
2026-09-18,SHE,-8.803183858065388
2026-09-18,SHI,-2.2110725392611685e-07
2026-09-18,SHU,-21.161553119804758
2026-09-18,SIA,-70.57238426120696
2026-09-18,SIS,15.069315024234294
2026-09-18,SJP,0.0
2026-09-18,SKL,-5.953012062402461
2026-09-18,SKO,-14.375104105854042
2026-09-18,SKS,0.0
2026-09-18,SKT,-13.009759551058538
2026-09-18,SKZ,92.333430267764
2026-09-18,SLF,-6.709417202330456
2026-09-18,SLG,-5.202613624752234
2026-09-18,SLR,0.0
2026-09-18,SLS,0.16049135252388097
2026-09-18,SMP,0.0
2026-09-18,SNY,-19.04859644842614
2026-09-18,SOS,35.99070946848215
2026-09-18,SPA,3.1233878378353785
2026-09-18,SPD,0.0
2026-09-18,SPE,6.573435380164582
2026-09-18,SPN,-15.158479836262945
2026-09-18,SPP,-55.7933514277037
2026-09-18,SPR,-1.3101444309369714
2026-09-18,SPT,-4.246007309618303
2026-09-18,SRA,-19.99735053225842
2026-09-18,SRE,0.0
2026-09-18,SRL,-70.2643043147338
2026-09-18,SRO,0.0
2026-09-18,SSD,0.0
2026-09-18,SSE,0.17534889829606515
2026-09-18,SSF,0.0
2026-09-18,SSK,-6.703473215830591
2026-09-18,SSN,0.0
2026-09-18,SSO,0.0
2026-09-18,SSS,-10.006267500972866
2026-09-18,SST,0.0
2026-09-18,ST1,-3.1179254531920737
2026-09-18,STI,-106.31700191066722
2026-09-18,STM,0.15537946024351185
2026-09-18,STS,0.0
2026-09-18,STZ,-2.4168196915010203
2026-09-18,SUA,6.970577089059526
2026-09-18,SUB,-1.6973318531367325
2026-09-18,SUC,-0.7723765126416416
2026-09-18,SUR,2.326217516392449
2026-09-18,SVB,-11.95488539127199
2026-09-18,SVS,0.0
2026-09-18,SVY,-23.752578962127846
2026-09-18,SYF,0.0
2026-09-18,SYL,0.0
2026-09-18,SYR,0.0
2026-09-18,SYS,0.0
2026-09-18,T3B,28.837059357888883
2026-09-18,TAL,-8.70845078911346
2026-09-18,TAO,0.0
2026-09-18,TAR,2.849846619384272
2026-09-18,TAU,1.712036344802032
2026-09-18,TAZ,0.0
2026-09-18,TB9,-1.0987850388985543
2026-09-18,TBP,-9.50954683200435
2026-09-18,TBT,24.80096050948176
2026-09-18,TBV,-1.0347853880236357
2026-09-18,TCA,-2.1881321823463424
2026-09-18,TCB,-13.501015683793465
2026-09-18,TCC,-12.15695549917377
2026-09-18,TCD,-2.5131008380630333
2026-09-18,TCF,-6.6100184179039765
2026-09-18,TCG,0.0
2026-09-18,TCH,0.5328664374843104
2026-09-18,TCI,0.0
2026-09-18,TCS,-0.3157681396182874
2026-09-18,TDG,-10.498664250714931
2026-09-18,TDP,-57.60065896880747
2026-09-18,TE3,0.13399473432961134
2026-09-18,TE4,42.062097444541905
2026-09-18,TEJ,-6.9113140222934275
2026-09-18,TFE,1.2020672874762823
2026-09-18,TFF,-3.034364518444392
2026-09-18,TFU,-61.32812455042321
2026-09-18,TGA,-3.2503852810571185
2026-09-18,TGE,-7.5375305078188015
2026-09-18,TGN,-26.959475919511426
2026-09-18,TGR,-3.9022087310962092
2026-09-18,TGT,50.2641763876735
2026-09-18,TGV,0.02101638055362709
2026-09-18,TGZ,0.01823529595312112
2026-09-18,THD,-1.311749290839397
2026-09-18,THF,310.8913009206878
2026-09-18,THG,-0.7445882340369507
2026-09-18,THH,0.0
2026-09-18,THO,0.0
2026-09-18,THS,0.0
2026-09-18,THT,-1.9548730688173774
2026-09-18,THV,-72.10634878551122
2026-09-18,TI1,-9.68688110808579
2026-09-18,TI2,-5.884330950066514
2026-09-18,TI3,-2.9691487590568646
2026-09-18,TI4,-6.274296423850117
2026-09-18,TI6,19.567045655030732
2026-09-18,TI7,-3.1404673699767565
2026-09-18,TIE,20.666611308092186
2026-09-18,TIL,-16.332257795292232
2026-09-18,TIP,1453.0075554890939
2026-09-18,TIV,75.37955223957547
2026-09-18,TJB,0.0
2026-09-18,TJF,-0.7454554451676918
2026-09-18,TJI,-17.549384852900523
2026-09-18,TJL,0.0
2026-09-18,TJT,-5.387150449467147
2026-09-18,TKF,-0.7772416034606534
2026-09-18,TKH,0.0
2026-09-18,TKK,-1.253938484805727
2026-09-18,TKM,-0.003929169633177218
2026-09-18,TLC,136.61676725716706
2026-09-18,TLE,-2.692889008663263
2026-09-18,TLH,-1.9866756362816738
2026-09-18,TLK,-9.629151697881163
2026-09-18,TLT,0.0
2026-09-18,TLU,-18.36899963626589
2026-09-18,TLV,-12.167564150232797
2026-09-18,TLY,-26.842164564689757
2026-09-18,TLZ,6.60711734601357
2026-09-18,TMC,-27.22060200562626
2026-09-18,TMG,1.5249947659341176
2026-09-18,TMM,38.030084363449724
2026-09-18,TMR,-1.1025264975312765
2026-09-18,TMS,4.567297849348786
2026-09-18,TMU,-4.953520352585608
2026-09-18,TMV,-47.589430571352715
2026-09-18,TMZ,4.1508036624228835
2026-09-18,TNB,-11.030055238059976
2026-09-18,TND,-7.960819887083609
2026-09-18,TNF,0.0
2026-09-18,TNH,98.17704263188219
2026-09-18,TNI,15.334742712211153
2026-09-18,TNK,1.8784729756698644
2026-09-18,TNS,-0.4625502083509283
2026-09-18,TO8,1.8999504634359135
2026-09-18,TOK,-1.3967783599513985
2026-09-18,TOT,-1.7152489488000762
2026-09-18,TP1,0.0
2026-09-18,TP2,7.907121951140163
2026-09-18,TPC,-5.910080394412684
2026-09-18,TPE,-1.3998055807428844
2026-09-18,TPF,3.2448854433137004
2026-09-18,TPJ,4.0865932816212345
2026-09-18,TPL,-1.5204298337725373
2026-09-18,TPO,0.0
2026-09-18,TPP,0.6826972135947793
2026-09-18,TPR,0.0
2026-09-18,TPV,-0.48884413538463795
2026-09-18,TPZ,6.664705735265662
2026-09-18,TRJ,-12.485047884828345
2026-09-18,TRN,0.0
2026-09-18,TRO,-10.506476359568905
2026-09-18,TRR,7.177998730643595
2026-09-18,TRU,-16.90560284115645
2026-09-18,TSI,-0.7044288324943344
2026-09-18,TSP,0.05173428762168912
2026-09-18,TTA,-1.4932173190814075
2026-09-18,TTE,-6.439484249143224
2026-09-18,TTL,-0.37292632505248685
2026-09-18,TTP,0.0
2026-09-18,TTS,0.0
2026-09-18,TTV,-6.0532305711744065
2026-09-18,TTZ,0.0
2026-09-18,TUA,-2.8878427157342665
2026-09-18,TVE,6.033651938698538
2026-09-18,TVN,21.329072299601343
2026-09-18,TYH,-14.091551522565766
2026-09-18,TZC,-1.2007888736421852
2026-09-18,TZD,-0.6174060027069085
2026-09-18,TZH,2.471539259845596
2026-09-18,TZL,-9.376360585723672
2026-09-18,TZP,-0.09929765962751634
2026-09-18,TZT,6.107014957882867
2026-09-18,TZV,20.332980509433302
2026-09-18,UAB,0.0
2026-09-18,UAP,0.0
2026-09-18,UCN,0.911638265822549
2026-09-18,UCP,-28.67230180894435
2026-09-18,UFH,0.0
2026-09-18,UHL,0.0
2026-09-18,UHS,0.0
2026-09-18,ULH,-1.5443152814664336
2026-09-18,ULL,0.0
2026-09-18,UNT,-48.83709259103992
2026-09-18,UP1,1.3369222859566927
2026-09-18,UP2,-6.813960347814874
2026-09-18,UPD,-4.6770821292288325
2026-09-18,UPH,-44.34957251296401
2026-09-18,UPP,-4.925469253120214
2026-09-18,UPS,0.0
2026-09-18,URA,-13.163165205727537
2026-09-18,URC,-5.090331792659948
2026-09-18,URD,0.9543239899511802
2026-09-18,URG,0.0
2026-09-18,URM,83.96054392897472
2026-09-18,URS,0.0
2026-09-18,URV,0.0
2026-09-18,USS,0.0
2026-09-18,UST,0.0
2026-09-18,USY,-4.839817962828059
2026-09-18,UYH,-2.2198916466918064
2026-09-18,UZY,18.162176074596864
2026-09-18,VAY,16.55173105331919
2026-09-18,VCD,-79.35018282498689
2026-09-18,VCG,-0.07514958054261288
2026-09-18,VCY,-2.872329747886113
2026-09-18,VFK,62.02030565963804
2026-09-18,VFO,147.78280413001622
2026-09-18,VFS,0.0
2026-09-18,VHK,2005.6450501713737
2026-09-18,VHS,16.234517402328844
2026-09-18,VK6,-3.9090481792567586
2026-09-18,VKI,161.06214386075024
2026-09-18,VKK,136.98694752644806
2026-09-18,VKR,2926.260712093698
2026-09-18,VKT,43.50388942255242
2026-09-18,VKV,2157.018649685232
2026-09-18,VLT,19.347371203807274
2026-09-18,VMV,3.242368984592361
2026-09-18,VNK,-8.28623571412059
2026-09-18,VPA,-36.226259985755924
2026-09-18,VPD,209.1519244270759
2026-09-18,VPE,148.35754470447245
2026-09-18,VPH,1132.157565000644
2026-09-18,VPP,-14.699827471598995
2026-09-18,VPS,-32.4389344338838
2026-09-18,VRK,-3.0927271452261094
2026-09-18,VTF,0.0
2026-09-18,VTL,32.60455189288301
2026-09-18,YA1,-65.41497188933948
2026-09-18,YAC,-1.6869242783287757
2026-09-18,YAE,21.658821497967118
2026-09-18,YAK,-0.48769889960521373
2026-09-18,YAN,-1.2483711505306996
2026-09-18,YAR,0.0
2026-09-18,YAS,-4.79842071348761
2026-09-18,YAY,-1.646267275704469
2026-09-18,YBE,-1.638917792642495
2026-09-18,YBH,-1.1011278227736876
2026-09-18,YBJ,0.0
2026-09-18,YBP,-0.7020092565027386
2026-09-18,YBR,3.4701171457340467
2026-09-18,YBS,6.218388928764685
2026-09-18,YCG,0.0
2026-09-18,YCH,-0.8714266640417974
2026-09-18,YCK,-0.07662743691562417
2026-09-18,YCL,-13.311574522992967
2026-09-18,YCP,0.28681280028924067
2026-09-18,YCY,46.25562813061596
2026-09-18,YDH,37.6018942581085
2026-09-18,YDI,-0.8191763189029458
2026-09-18,YDK,-0.41720471516809604
2026-09-18,YDL,0.0
2026-09-18,YDM,0.0
2026-09-18,YDP,12.438860402912463
2026-09-18,YDZ,-2.0137605740496642
2026-09-18,YEF,18.089803862531863
2026-09-18,YFV,1.8720487396028371
2026-09-18,YGM,1.8298948954882945
2026-09-18,YHB,-5.610097356026762
2026-09-18,YHI,-3.888593038816087
2026-09-18,YHK,-4.464430413133906
2026-09-18,YHP,-2.632605712113996
2026-09-18,YHS,-12.811293412793448
2026-09-18,YHT,52.645883354237924
2026-09-18,YHY,0.0
2026-09-18,YHZ,-3.138689867012881
2026-09-18,YIK,-87.37473245409618
2026-09-18,YIS,-14.280316314360626
2026-09-18,YIT,-14.781876080078945
2026-09-18,YIV,0.0
2026-09-18,YJA,0.0
2026-09-18,YJH,-4.451063655040732
2026-09-18,YJK,-4.668842360555465
2026-09-18,YJU,0.0
2026-09-18,YJY,1.136018770908166
2026-09-18,YKS,17.666716476291068
2026-09-18,YKT,-2.9744083323171986
2026-09-18,YLB,-15.200712017087248
2026-09-18,YLC,-2.9374779600445438
2026-09-18,YLE,1.7094668479116535
2026-09-18,YLO,-3.0411254776936665
2026-09-18,YLR,0.0
2026-09-18,YLY,5.1356335706876255
2026-09-18,YLZ,-162.15157701795053
2026-09-18,YMD,-1.4465303635804592
2026-09-18,YMH,-0.34521672415427945
2026-09-18,YMP,40.824283218820604
2026-09-18,YNF,450.8990601578419
2026-09-18,YNK,0.2819499963646758
2026-09-18,YNL,0.0
2026-09-18,YOA,-0.4806830762979246
2026-09-18,YOS,-5.554575559178207
2026-09-18,YOT,20.48494614809773
2026-09-18,YOZ,4.312276665652974
2026-09-18,YP1,0.0
2026-09-18,YP2,0.0
2026-09-18,YP4,0.16323067262489763
2026-09-18,YPC,-0.18633989193124145
2026-09-18,YPD,-3.5338479519133736
2026-09-18,YPF,7.763535252478097
2026-09-18,YPI,-3.484796980380822
2026-09-18,YPK,1.7999715533807372
2026-09-18,YPL,-0.6589300505739454
2026-09-18,YPN,15.798724434237506
2026-09-18,YPP,0.0
2026-09-18,YPR,-0.16749970451200302
2026-09-18,YPT,-7.676818450527822
2026-09-18,YPU,8.929799714359882
2026-09-18,YPV,-2.6727009517018447
2026-09-18,YRZ,-0.06076520249930229
2026-09-18,YSA,25.64762643237961
2026-09-18,YSH,7.138643768739422
2026-09-18,YSL,-1.361077166883972
2026-09-18,YSO,16.85897383666054
2026-09-18,YSU,0.9192201659497443
2026-09-18,YTD,0.21395821302846812
2026-09-18,YTJ,0.0
2026-09-18,YTO,0.0
2026-09-18,YTR,0.0
2026-09-18,YTV,5.534299839637523
2026-09-18,YTY,8.38379081567329
2026-09-18,YUB,-6.190456729194148
2026-09-18,YUD,-1.1128388545370915
2026-09-18,YUI,0.0
2026-09-18,YUK,-0.01067573729524899
2026-09-18,YUN,0.7335565866333364
2026-09-18,YUY,0.0
2026-09-18,YVB,57.40248616521899
2026-09-18,YVD,-0.14681854091226432
2026-09-18,YVF,0.0
2026-09-18,YVG,0.15836459415613027
2026-09-18,YVO,31.295780845749643
2026-09-18,YVS,0.0
2026-09-18,YZC,-1.2356549517010786
2026-09-18,YZF,0.0
2026-09-18,YZG,-4.204842274111704
2026-09-18,YZH,-11.179361019060243
2026-09-18,YZK,-8.43870736639404
2026-09-18,YZL,-2.056569692247501
2026-09-18,YZT,79.62532903696278
2026-09-18,ZA2,-12.775184626548578
2026-09-18,ZAD,-12.155364185600648
2026-09-18,ZAV,-0.01611143184780534
2026-09-18,ZAY,-27.54687975678003
2026-09-18,ZBD,0.18160186383334084
2026-09-18,ZBI,12.404324349582566
2026-09-18,ZBJ,-28.81859751229324
2026-09-18,ZBN,-0.28793339757553793
2026-09-18,ZBO,0.5893334692319168
2026-09-18,ZBZ,0.0
2026-09-18,ZCA,0.0
2026-09-18,ZCB,-63.84122140858503
2026-09-18,ZCC,0.0
2026-09-18,ZCD,-1.2091233068567395
2026-09-18,ZCE,0.0
2026-09-18,ZCG,-7.630298528321992
2026-09-18,ZCH,80.61185476038534
2026-09-18,ZCK,5.7841863940199785
2026-09-18,ZCN,1.5491242262592533
2026-09-18,ZDD,1.5788503146965234
2026-09-18,ZDK,0.0
2026-09-18,ZDZ,-1.2559363700226227
2026-09-18,ZFB,-4.390413217995133
2026-09-18,ZHH,-0.19676691247224523
2026-09-18,ZIH,5.554854782375183
2026-09-18,ZJB,-0.38703931733664054
2026-09-18,ZJH,0.0
2026-09-18,ZJI,-0.7413567594921893
2026-09-18,ZJL,-2.333305557698183
2026-09-18,ZJT,0.0
2026-09-18,ZJV,-0.49126590181109997
2026-09-18,ZK1,-5.167122926374846
2026-09-18,ZK2,-33.7413993184814
2026-09-18,ZLB,1.2559636990097562
2026-09-18,ZLG,0.0
2026-09-18,ZLH,4.152670824931066
2026-09-18,ZMT,2.2250649337391897
2026-09-18,ZMU,2.135153304016415
2026-09-18,ZMY,-1.3875696014919237
2026-09-18,ZOS,0.0
2026-09-18,ZP1,0.0
2026-09-18,ZP2,0.0
2026-09-18,ZP3,0.0
2026-09-18,ZP6,-13.712863344281729
2026-09-18,ZP7,0.0
2026-09-18,ZP8,-10.352382236590326
2026-09-18,ZP9,32.138512460428984
2026-09-18,ZPA,10.051070705726973
2026-09-18,ZPC,0.489273355292031
2026-09-18,ZPE,4.981668200138788
2026-09-18,ZPF,-1.4569880609878578
2026-09-18,ZPG,-0.22023035035275187
2026-09-18,ZPH,-25.533915750967743
2026-09-18,ZPJ,-10.533464394564934
2026-09-18,ZPK,48.7662665358184
2026-09-18,ZPN,-1.4501138805322327
2026-09-18,ZPO,113.59481255696868
2026-09-18,ZPR,15.928299049730512
2026-09-18,ZR2,0.0
2026-09-18,ZR3,0.24278947021674438
2026-09-18,ZSB,-28.41596632269145
2026-09-18,ZSF,0.9247973031780059
2026-09-18,ZSG,0.012481319855163854
2026-09-18,ZSN,118.29762753476005
2026-09-18,ZTF,0.0
2026-09-18,ZTG,12.804498896654959
2026-09-18,ZTV,10147.334646412846
2026-09-18,ZUD,343.0706097479618
2026-09-18,ZUE,-31.975863528696525
2026-09-18,ZUS,-1.4365014928163267
2026-09-18,ZVB,-0.248447829722778
2026-09-18,ZVO,0.09345449118562549
2026-09-18,ZYC,0.033362906946970396
2026-09-18,ZYD,0.0
2026-09-18,ZZL,0.0
2026-09-18,DPP,-73.10358420592073
2026-09-18,LFD,-94.87981817877363
2026-09-18,DP6,-0.012513801019861914
2026-09-18,ZJR,0.0
2026-09-21,AAL,-18.53685479661517
2026-09-21,AAS,-43.26486854798864
2026-09-21,AAV,14.92485532698363
2026-09-21,ABG,-0.35990759132361083
2026-09-21,ABJ,0.0
2026-09-21,ABU,0.0
2026-09-21,AC1,-7.357352582525305
2026-09-21,AC2,34.732088827919604
2026-09-21,AC3,0.0
2026-09-21,AC4,-12.448246654795065
2026-09-21,AC5,1.8175480384979688
2026-09-21,AC6,-0.024665981234530877
2026-09-21,AC7,-0.10056581818941475
2026-09-21,AC8,-0.26482989674067026
2026-09-21,ACC,-24.44751211847691
2026-09-21,ACD,0.6142250762728346
2026-09-21,ACN,-0.583493776500299
2026-09-21,ACU,0.7217311721317463
2026-09-21,ADE,-5.693089194547057
2026-09-21,ADP,3.199119484866085
2026-09-21,AED,2.477862553751059
2026-09-21,AES,1.6482812628577992
2026-09-21,AEV,-1.1964520626908524
2026-09-21,AFA,-2.7720563828610465
2026-09-21,AFO,-2.7547732683366695
2026-09-21,AFS,1.7045240148972556
2026-09-21,AFT,-4.932947336640552
2026-09-21,AFV,-3.7840850377269106
2026-09-21,AGC,-1.2397713331137257
2026-09-21,AHH,0.0
2026-09-21,AHI,-6.697198582240128
2026-09-21,AHN,4.076214448625098
2026-09-21,AHU,-43.44933222413063
2026-09-21,AHV,3.080505699193875
2026-09-21,AHZ,81.58535392244305
2026-09-21,AI1,0.0
2026-09-21,AIH,0.0
2026-09-21,AII,0.0
2026-09-21,AIM,0.0
2026-09-21,AIR,0.6837262664020538
2026-09-21,AIS,-29.418996519892644
2026-09-21,AJ1,-2.6038417833026126
2026-09-21,AJE,-9.005432092992436
2026-09-21,AJK,-2.696851877308849
2026-09-21,AJL,-6.304885036161285
2026-09-21,AJN,-6.541253894050085
2026-09-21,AK2,26.42961529842606
2026-09-21,AK3,1.453757508972693
2026-09-21,AKE,-1.1143545712560787
2026-09-21,AKU,8.71800652683621
2026-09-21,AL4,0.0
2026-09-21,AL5,-4.055660817144342
2026-09-21,AL6,0.0
2026-09-21,AL7,11.561784389195484
2026-09-21,ALC,0.6634004809390012
2026-09-21,ALE,-22.644300351435927
2026-09-21,AN1,-1.8670329440203157
2026-09-21,ANL,-8.918096000347022
2026-09-21,ANZ,0.004395443439650996
2026-09-21,AOJ,-3.3338716442948413
2026-09-21,AOY,-7.260252330067571
2026-09-21,AP2,-0.12498343383465407
2026-09-21,AP4,0.0
2026-09-21,AP5,1.5077092195674784
2026-09-21,AP6,-9.654871340893845e-06
2026-09-21,AP7,-20.014795049611774
2026-09-21,APJ,-3.189545974695476
2026-09-21,APP,-78.58593628076387
2026-09-21,APT,42.448903215792555
2026-09-21,ARE,24.220353631432072
2026-09-21,ARF,0.0
2026-09-21,ARL,-2.949135195924206
2026-09-21,ARM,-7.4373379357376885
2026-09-21,ARP,0.0
2026-09-21,AS1,-7.716493145550383
2026-09-21,AS3,0.0003402941003501986
2026-09-21,ASJ,-4.7329672299225285
2026-09-21,ATJ,0.04250244231265127
2026-09-21,AU1,0.736526192938935
2026-09-21,AUV,-15.614765161017994
2026-09-21,AVC,0.0
2026-09-21,AVT,4.683632718692789
2026-09-21,AVZ,-2.664684591732655
2026-09-21,AY6,0.0
2026-09-21,AY7,0.0
2026-09-21,AYA,-4.692871545957695
2026-09-21,AYR,-2.35758273016927
2026-09-21,AZF,0.0
2026-09-21,AZJ,2.9718676006892215
2026-09-21,AZV,0.006337913407087015
2026-09-21,AZZ,-9.231315324977255e-05
2026-09-21,BA1,1.6382943503764462
2026-09-21,BAC,0.0
2026-09-21,BAG,1.6644377563653712
2026-09-21,BAI,38.38898764729204
2026-09-21,BAL,0.0
2026-09-21,BAO,0.0
2026-09-21,BAS,0.0
2026-09-21,BBF,-0.8390506184555462
2026-09-21,BBI,0.07021211323070953
2026-09-21,BBN,-1.80860888394936e-05
2026-09-21,BBO,-2.4729945320463367
2026-09-21,BBP,-42.76199779025791
2026-09-21,BBS,-29.17277927125872
2026-09-21,BCC,0.0
2026-09-21,BCK,-3.449977924192911
2026-09-21,BCO,132.2507533987594
2026-09-21,BDA,-6.336328946209485
2026-09-21,BDC,-13.336418688169063
2026-09-21,BDI,-7.933621417084285e-10
2026-09-21,BDO,-38.51343345063663
2026-09-21,BDS,-21.158344615074434
2026-09-21,BDY,0.4892322975385402
2026-09-21,BFE,-0.5062406954099521
2026-09-21,BFO,42.60624316217799
2026-09-21,BFS,17.51165779456848
2026-09-21,BFT,-2.5525206785361507
2026-09-21,BGH,0.0
2026-09-21,BGP,-14.873836367718443
2026-09-21,BGR,8.185141865021105
2026-09-21,BHA,-4.491832336870082
2026-09-21,BHE,11.351463565530405
2026-09-21,BHF,-13.603640877540496
2026-09-21,BHH,-4.0621881114461983e-07
2026-09-21,BHI,4.732656269634705
2026-09-21,BHL,-26.497702317386107
2026-09-21,BHN,-36.45149131810891
2026-09-21,BHO,0.0
2026-09-21,BI5,-75.80707680375383
2026-09-21,BIA,3414.891257937902
2026-09-21,BID,0.35752139063036287
2026-09-21,BIG,-9.232670709720367
2026-09-21,BIH,-0.0038016259023219666
2026-09-21,BIK,0.006424610361712051
2026-09-21,BIO,-26.90376870807415
2026-09-21,BIP,43.35467545944607
2026-09-21,BIS,0.337303892772877
2026-09-21,BIY,-3.634657337201382
2026-09-21,BJD,-7.104255085612378
2026-09-21,BKO,-58.5116475513795
2026-09-21,BKY,29.033351253805677
2026-09-21,BLA,0.0
2026-09-21,BLD,-6.66785433225517
2026-09-21,BLT,-2.227432068504605
2026-09-21,BMU,-57.58235917395371
2026-09-21,BNC,1.264982454706734
2026-09-21,BNH,-1.5577965860466951
2026-09-21,BOH,-0.23659125505908685
2026-09-21,BOL,15.28292165384862
2026-09-21,BON,146.87575529337062
2026-09-21,BOP,5.285169568989975
2026-09-21,BOS,-75.65157368605286
2026-09-21,BP5,-19.46516161702871
2026-09-21,BPD,11.390213255967137
2026-09-21,BPV,300320099899.89325
2026-09-21,BPZ,60.345909413270306
2026-09-21,BRB,0.0
2026-09-21,BRC,-19.411438572523267
2026-09-21,BRF,-1.6069926134257735
2026-09-21,BRG,4.228313760884859
2026-09-21,BRH,-6.438019404952187
2026-09-21,BRR,2001.5975632615841
2026-09-21,BRT,-26.91238981797403
2026-09-21,BRZ,0.0
2026-09-21,BS1,4263.1367625909115
2026-09-21,BSA,0.0
2026-09-21,BSC,-0.021819695283545985
2026-09-21,BSD,-6.472157582595657
2026-09-21,BSE,-1.153353363093321e-06
2026-09-21,BSF,0.0
2026-09-21,BSH,-5.2630800504792825
2026-09-21,BSM,-48.678568578328075
2026-09-21,BSN,-1.1534904347109658e-05
2026-09-21,BST,-14.495141836284883
2026-09-21,BTE,-3.546622292442931
2026-09-21,BTJ,-2.5063412736673243
2026-09-21,BTK,-10.136162363656629
2026-09-21,BTP,-26.099422802989515
2026-09-21,BTY,0.0
2026-09-21,BTZ,-2.5358833590625576
2026-09-21,BUB,-42.85169834694075
2026-09-21,BUC,-84.20730895492848
2026-09-21,BUP,0.0
2026-09-21,BUT,-19.692785404081324
2026-09-21,BUV,-27.695431554174494
2026-09-21,BUY,-3.471294294083381
2026-09-21,BV1,-0.9563414023772674
2026-09-21,BVB,0.0
2026-09-21,BVC,0.0
2026-09-21,BVD,-61.70035789989365
2026-09-21,BVF,-27.701503790186788
2026-09-21,BVH,0.0
2026-09-21,BVI,-1.2829024063839032
2026-09-21,BVK,354.5315914613369
2026-09-21,BVM,-0.00040654223760144717
2026-09-21,BVT,0.0
2026-09-21,BVV,-22.102491266748366
2026-09-21,BVZ,15.244335723912265
2026-09-21,BYZ,-0.0011856987291261974
2026-09-21,CAH,-53.742927902931235
2026-09-21,CBD,258.988235753852
2026-09-21,CBN,0.0
2026-09-21,CBO,0.0
2026-09-21,CEY,0.0
2026-09-21,CFO,-17.50270591224898
2026-09-21,CGD,0.0
2026-09-21,CHY,-0.008046146674601153
2026-09-21,CIN,-15.60244624834574
2026-09-21,CJD,776.0187390249846
2026-09-21,CJF,0.0
2026-09-21,CJG,0.0
2026-09-21,CJH,-3.444036229890709
2026-09-21,CKF,1.5430652414558397
2026-09-21,CKL,6.47304985058958
2026-09-21,CKS,4.034741410330647
2026-09-21,COT,-2.0247308030833553
2026-09-21,CPT,-21.449003948877017
2026-09-21,CPU,-24.615048455327187
2026-09-21,CRL,0.0
2026-09-21,CSD,0.0
2026-09-21,CSH,-5.042572833348028e-07
2026-09-21,CTF,0.0
2026-09-21,CTG,0.0
2026-09-21,CTM,0.0
2026-09-21,CTP,0.0
2026-09-21,CTV,-3.342078265856998
2026-09-21,CVA,0.0
2026-09-21,CVB,0.0
2026-09-21,CVC,0.0
2026-09-21,CVD,0.0
2026-09-21,CVE,0.0
2026-09-21,CVF,0.0
2026-09-21,CVK,-75.0327596876589
2026-09-21,CVL,171.4917453026295
2026-09-21,CYD,1.9432771772896325
2026-09-21,DA1,-54.25857960452419
2026-09-21,DAC,0.0
2026-09-21,DAE,0.0
2026-09-21,DAH,-0.5674172475030567
2026-09-21,DAI,-0.7451066201468012
2026-09-21,DAL,0.0
2026-09-21,DAP,28.92497284325258
2026-09-21,DAS,-5.2310708713701715
2026-09-21,DAT,0.0
2026-09-21,DAV,0.17184870741787223
2026-09-21,DAZ,0.0
2026-09-21,DB2,-13.40842330581255
2026-09-21,DBA,-2.5211815808057376
2026-09-21,DBB,43.95347808009421
2026-09-21,DBG,-1.6729003839609842
2026-09-21,DBH,-2.3525754500174982
2026-09-21,DBK,30.935517990635642
2026-09-21,DBP,-2.243641226555206
2026-09-21,DBZ,-9.875344083299927
2026-09-21,DCB,-8.497558140833785
2026-09-21,DCD,0.0
2026-09-21,DCE,0.0
2026-09-21,DCN,-86.56451572247312
2026-09-21,DCP,-0.8889405147280699
2026-09-21,DCV,0.0
2026-09-21,DDA,61.10847944486307
2026-09-21,DDC,-14.832236662339751
2026-09-21,DDE,0.0
2026-09-21,DDF,-28.71958230113006
2026-09-21,DDP,0.0
2026-09-21,DEF,-42.77277468049017
2026-09-21,DEH,81.63902963573531
2026-09-21,DEI,0.00921931328232889
2026-09-21,DFC,5.810058689210096
2026-09-21,DFD,0.28990434437825535
2026-09-21,DFI,-57.64237291194755
2026-09-21,DFO,0.4308773097826375
2026-09-21,DGF,-92.71776262332149
2026-09-21,DGH,-43.0651167216961
2026-09-21,DHI,2.6963289348990327
2026-09-21,DHJ,-1.3055983388900176
2026-09-21,DHM,-5.168586446721081
2026-09-21,DHP,0.0
2026-09-21,DHS,0.0
2026-09-21,DHT,-11.35462016907716
2026-09-21,DHV,-25.735206536212285
2026-09-21,DID,0.22646630301269843
2026-09-21,DIH,0.0
2026-09-21,DIM,0.0
2026-09-21,DIP,-19.36280385989603
2026-09-21,DK1,4.447175650857583
2026-09-21,DK8,-0.00010536481673991907
2026-09-21,DKA,0.0
2026-09-21,DKC,-0.24871907352996847
2026-09-21,DKH,-59.58605475266121
2026-09-21,DKL,7.5810181943469654
2026-09-21,DKP,-0.11737652739285556
2026-09-21,DKR,-54.30105376310673
2026-09-21,DKS,0.0
2026-09-21,DL2,-56.47245142950117
2026-09-21,DLD,1.8772054932032471
2026-09-21,DLG,-1.1642141508286552
2026-09-21,DLN,7.385021889075411
2026-09-21,DLY,-25.419347456482388
2026-09-21,DLZ,153.28004129474513
2026-09-21,DMG,-4.106728028547884
2026-09-21,DMI,169.7185448898105
2026-09-21,DMV,0.0
2026-09-21,DMZ,0.0
2026-09-21,DNA,0.0
2026-09-21,DNF,-53.27718605716729
2026-09-21,DNH,-5.496879502222394
2026-09-21,DNK,-0.39124007724386417
2026-09-21,DNL,0.0
2026-09-21,DNM,3.331661733777027
2026-09-21,DNP,-25.06659524842198
2026-09-21,DNU,0.0
2026-09-21,DOC,0.0
2026-09-21,DOD,-7.273007972043233
2026-09-21,DOH,693.1938744935084
2026-09-21,DOL,-1.0626175329373768
2026-09-21,DOR,0.0
2026-09-21,DOS,-0.30124285331912776
2026-09-21,DOV,-6.061023214781159
2026-09-21,DP1,0.0
2026-09-21,DP2,0.0
2026-09-21,DP3,-0.2326771941763737
2026-09-21,DP4,-0.879567057378475
2026-09-21,DP5,0.0
2026-09-21,DP7,0.0
2026-09-21,DP8,0.0
2026-09-21,DP9,-0.007951568833199344
2026-09-21,DPB,-26.202620791262234
2026-09-21,DPC,0.0
2026-09-21,DPE,0.0
2026-09-21,DPG,0.0
2026-09-21,DPI,-12.45409787319314
2026-09-21,DPK,4.461113699456789
2026-09-21,DPL,0.0
2026-09-21,DPN,0.0
2026-09-21,DPT,6.918276084302702
2026-09-21,DPZ,-2.52693911544139
2026-09-21,DRA,-4.570847759704338
2026-09-21,DRD,0.0
2026-09-21,DRH,-21.643850704655407
2026-09-21,DRT,-30.311885022293065
2026-09-21,DSC,0.0
2026-09-21,DSD,7.026346174452362
2026-09-21,DSH,74.54871528289341
2026-09-21,DSP,1.0254758274866442
2026-09-21,DSV,-65.36514782775885
2026-09-21,DTH,-8.638836547746248
2026-09-21,DTL,-4.0560557846574685
2026-09-21,DTM,-4.067232423098755
2026-09-21,DTO,0.0
2026-09-21,DTP,0.0
2026-09-21,DTV,0.0
2026-09-21,DTZ,15.764162879076768
2026-09-21,DUC,-33.13840768550847
2026-09-21,DUD,13.008649449269456
2026-09-21,DUH,-56.34813423812317
2026-09-21,DUT,-0.0045407326806786285
2026-09-21,DUV,-3.054032263784584
2026-09-21,DVC,0.0
2026-09-21,DVI,0.0
2026-09-21,DVN,0.0
2026-09-21,DVO,0.0
2026-09-21,DVS,1454.0825342610167
2026-09-21,DVT,-0.5865716769230007
2026-09-21,DVU,-2.8021869546254816
2026-09-21,DVZ,0.0
2026-09-21,DXP,-2.951217301470595
2026-09-21,DYJ,-0.001456273340373016
2026-09-21,DYN,-3.2951096418748875
2026-09-21,DYS,0.0
2026-09-21,DZ2,16.80147170866892
2026-09-21,DZE,1.8463367713069039
2026-09-21,DZM,-12.825127975304214
2026-09-21,DZP,-0.5272219150388424
2026-09-21,DZS,-167.44786029957476
2026-09-21,EBD,-3.9380536159729607
2026-09-21,EBI,2.4485607439351935
2026-09-21,EBS,4.719714003836609
2026-09-21,EC2,-15.752092461574321
2026-09-21,ECA,26.989072226272125
2026-09-21,ECB,1.0687315416104828
2026-09-21,ECV,77.27469315320566
2026-09-21,EDD,10.327267619660763
2026-09-21,EDN,-0.8457268645263841
2026-09-21,EDP,204.0124234141933
2026-09-21,EDT,-3.7882146838706934
2026-09-21,EDU,-0.015969396445831317
2026-09-21,EES,0.1797738743593254
2026-09-21,EGP,0.0
2026-09-21,EGR,0.9451780801633225
2026-09-21,EHS,0.0
2026-09-21,EIB,-1.4803771746744303
2026-09-21,EID,-0.9590295943648497
2026-09-21,EIL,-25.69128036251252
2026-09-21,EJG,0.0
2026-09-21,EKF,-31.726239336587238
2026-09-21,EKL,-33.13224380537845
2026-09-21,ELZ,-15.179366680649142
2026-09-21,EME,-0.029780918696117695
2026-09-21,EML,-4.780916801244603
2026-09-21,ENA,21.929254854796937
2026-09-21,ENJ,12.025901564842094
2026-09-21,ENO,7.761849998136267
2026-09-21,ENR,24.500013648958785
2026-09-21,ENS,-4.907641470696992
2026-09-21,EP1,-4.3081970194739325
2026-09-21,EPA,8.945176484790384
2026-09-21,EPI,-0.9497229173007924
2026-09-21,EPK,-11.58713097007308
2026-09-21,EPO,0.0
2026-09-21,EPP,-5.26121073734468
2026-09-21,EPT,-1.8233266312598313
2026-09-21,ESG,-0.14018351727340211
2026-09-21,ESN,-68.47264161866175
2026-09-21,ESP,-2.1009129890366536
2026-09-21,ETN,10.178049723262308
2026-09-21,EUN,-6.813400172108859
2026-09-21,EUZ,2.2428993063540306
2026-09-21,EVL,60.10021346704899
2026-09-21,EVM,49.823370916882695
2026-09-21,EYT,-5.889876638781642
2026-09-21,EZM,0.0
2026-09-21,FAK,-11.92455270447483
2026-09-21,FAL,-2.8950785170528146
2026-09-21,FBC,8.796569175768374
2026-09-21,FBI,14.01647889740672
2026-09-21,FBN,1497.0227347179543
2026-09-21,FBV,-2.560976163885283
2026-09-21,FBZ,-7.181057020634637
2026-09-21,FCK,45.89119150253733
2026-09-21,FCS,5.834596587575859
2026-09-21,FD1,-30.77068011300117
2026-09-21,FDE,-0.24354362061437823
2026-09-21,FDG,-34.27751020417883
2026-09-21,FDO,0.0
2026-09-21,FDV,0.0
2026-09-21,FDZ,0.0
2026-09-21,FFD,-49.67136509797773
2026-09-21,FFF,0.0
2026-09-21,FFH,5.71365482071314
2026-09-21,FFO,0.0
2026-09-21,FFP,-1.382612058797108
2026-09-21,FHI,-95.23698816262842
2026-09-21,FHP,-40.840840163007755
2026-09-21,FHZ,0.0
2026-09-21,FI3,16.142321760040094
2026-09-21,FI5,0.14858645501315182
2026-09-21,FIB,-3.4386589921317463
2026-09-21,FID,-0.9650696216375018
2026-09-21,FIL,15.412925437263409
2026-09-21,FIT,42.1964240005225
2026-09-21,FJB,-16.640994606213503
2026-09-21,FJC,0.0
2026-09-21,FJM,0.0
2026-09-21,FJN,-2.7827747008029275
2026-09-21,FJZ,-4.70137250408693
2026-09-21,FKE,-1.9091131527548262
2026-09-21,FKV,-0.10574558565716503
2026-09-21,FLS,2.6522375965872618
2026-09-21,FLY,-13.593619803350693
2026-09-21,FMG,-5.222914731041398
2026-09-21,FMS,0.0
2026-09-21,FMV,0.00921502562955685
2026-09-21,FNO,-1.1916331037868166
2026-09-21,FNT,-42.9277503848942
2026-09-21,FP4,-3.1475133526296926
2026-09-21,FPE,-1.567169700546173
2026-09-21,FPG,-5.063157459784082
2026-09-21,FPH,-1.880343848819219
2026-09-21,FPI,-8.417001625337624
2026-09-21,FPK,-7.285975285619998
2026-09-21,FPR,7.4617433277665555
2026-09-21,FPZ,1.9413242686362384
2026-09-21,FR1,-2.5564054555535782
2026-09-21,FRA,0.0
2026-09-21,FRC,-18.679119189866245
2026-09-21,FRZ,0.0
2026-09-21,FS1,-9.145188243712552
2026-09-21,FS2,21.898008005351553
2026-09-21,FS3,0.003711386797918789
2026-09-21,FS4,0.0
2026-09-21,FS5,459.1831521462141
2026-09-21,FS6,104.82410438944638
2026-09-21,FSF,19.04002884065369
2026-09-21,FSG,-5.134149156903811
2026-09-21,FSH,-3.6117586790160923
2026-09-21,FSK,-7.194021662051371
2026-09-21,FSM,10.558783346390232
2026-09-21,FSP,-4.569226665661668
2026-09-21,FSR,21.798269228713508
2026-09-21,FSU,79.072757712673
2026-09-21,FSV,-0.12029792008099402
2026-09-21,FTL,-33.53284558124932
2026-09-21,FTM,0.0
2026-09-21,FTY,-0.10392167633289316
2026-09-21,FUA,-2.2672750410520064
2026-09-21,FUB,0.965169763842165
2026-09-21,FUM,0.0
2026-09-21,FUN,103.21581810035786
2026-09-21,FUP,0.0
2026-09-21,FVL,0.0
2026-09-21,FYA,-15.584373185891964
2026-09-21,FYB,0.0
2026-09-21,FYD,-0.49410332934946644
2026-09-21,FYF,0.6049666076437901
2026-09-21,FYG,0.0
2026-09-21,FYH,0.0
2026-09-21,FYI,-28.662075115173106
2026-09-21,FYM,0.0
2026-09-21,FYO,3.360695114204857
2026-09-21,FYT,33.01120120031597
2026-09-21,FYZ,0.0
2026-09-21,FZJ,-2.355900980775098
2026-09-21,FZP,-4.352224855421438
2026-09-21,GA1,10.299672936139963
2026-09-21,GAC,0.0
2026-09-21,GAE,10.690327825081019
2026-09-21,GAF,7.9867704983991334
2026-09-21,GAG,-15.16011003004498
2026-09-21,GAH,-5.798065468457246
2026-09-21,GAJ,0.0
2026-09-21,GAL,-44.209730807293326
2026-09-21,GAN,-0.07385972020042768
2026-09-21,GAS,-2.575447617807975
2026-09-21,GAU,0.0
2026-09-21,GAV,0.0
2026-09-21,GBC,-0.5381222532238096
2026-09-21,GBG,-7.201139946489487
2026-09-21,GBH,-0.5038443542263226
2026-09-21,GBJ,27.206533093667467
2026-09-21,GBL,49.02520305847516
2026-09-21,GBN,-1.9922923008817108
2026-09-21,GBP,0.0
2026-09-21,GBV,-6.556419306551244
2026-09-21,GBZ,0.7426199044198887
2026-09-21,GCA,0.0
2026-09-21,GCC,0.0
2026-09-21,GCD,-13.860095680171405
2026-09-21,GCI,0.0
2026-09-21,GCZ,0.0
2026-09-21,GDJ,0.0
2026-09-21,GDP,0.0
2026-09-21,GEC,0.0
2026-09-21,GEI,0.0
2026-09-21,GEZ,0.0
2026-09-21,GFB,-1.8539687868629757
2026-09-21,GFD,-1.4112320940675915
2026-09-21,GFI,0.0
2026-09-21,GFL,0.0
2026-09-21,GFN,0.0
2026-09-21,GFY,0.0
2026-09-21,GGA,-1.164649263488457
2026-09-21,GGC,0.0
2026-09-21,GGD,0.0
2026-09-21,GGK,-10.071273117441343
2026-09-21,GGM,0.0
2026-09-21,GGN,0.0
2026-09-21,GGP,0.0
2026-09-21,GGR,-0.2095235408033172
2026-09-21,GHS,-0.8836427032930055
2026-09-21,GID,-14.157071498836432
2026-09-21,GIE,2.596614636171848
2026-09-21,GIH,-33.44250901029562
2026-09-21,GJA,0.0
2026-09-21,GJB,-6.810691411743022
2026-09-21,GJD,-0.2966610482776676
2026-09-21,GJE,0.0
2026-09-21,GJF,-0.4394554514717366
2026-09-21,GJH,23.349960856383177
2026-09-21,GJM,-0.2841508650009684
2026-09-21,GJO,0.0
2026-09-21,GKF,8.555731286358625
2026-09-21,GKG,1.1266585161406137
2026-09-21,GKH,-44.83918893075432
2026-09-21,GKK,0.0
2026-09-21,GKL,0.0
2026-09-21,GKM,0.0
2026-09-21,GKV,-26.744011944690822
2026-09-21,GL1,7.432108787944131
2026-09-21,GLC,-0.05193498142000533
2026-09-21,GLG,-33.65695808483419
2026-09-21,GLL,-82.0915859957112
2026-09-21,GLM,-87.69351116594598
2026-09-21,GLP,0.0
2026-09-21,GLS,-8.323331504407978
2026-09-21,GLV,-2.454179039172607
2026-09-21,GMA,-17.21890585294975
2026-09-21,GMC,-7.649995724428186
2026-09-21,GMD,381.93778073089334
2026-09-21,GME,0.0
2026-09-21,GMI,-4.166114788383892
2026-09-21,GMM,0.0
2026-09-21,GMN,1.6740407036721492
2026-09-21,GMO,-0.07778562372164598
2026-09-21,GMP,-0.6288988127017804
2026-09-21,GMR,-4.0486215729310295
2026-09-21,GMZ,0.0
2026-09-21,GNH,0.6977269585394643
2026-09-21,GNK,0.0
2026-09-21,GNL,0.0
2026-09-21,GNP,-52.25090652763018
2026-09-21,GNS,23.217895978733427
2026-09-21,GNZ,2.487656749095134
2026-09-21,GO1,-33.82302403428173
2026-09-21,GO3,-25.89437964372911
2026-09-21,GO4,-13.658232518024155
2026-09-21,GO6,-45.29825096130655
2026-09-21,GO9,-45.23200650766936
2026-09-21,GOF,12.766372894932132
2026-09-21,GOH,-4.436084852560861
2026-09-21,GOK,3.5607551714716053
2026-09-21,GOL,9.074044313199687
2026-09-21,GOP,-91.65279844304446
2026-09-21,GP1,0.0
2026-09-21,GP3,-0.015724198596266198
2026-09-21,GPA,1.4578328947526058
2026-09-21,GPB,-0.4114175844882563
2026-09-21,GPC,-2.561893806394797
2026-09-21,GPF,-16.966318943302692
2026-09-21,GPG,-4.418471092040556
2026-09-21,GPH,0.0
2026-09-21,GPI,-1.1065496565655286
2026-09-21,GPJ,0.0
2026-09-21,GPL,-0.7031755439958854
2026-09-21,GPM,0.0
2026-09-21,GPN,-5.867128565143095
2026-09-21,GPT,-12.461673423028994
2026-09-21,GPU,-0.9131971066191822
2026-09-21,GPV,-22.472464318064336
2026-09-21,GPZ,150.91838240528037
2026-09-21,GRL,-23.65688907120134
2026-09-21,GRO,-1.4385227225897599
2026-09-21,GRT,8.68719356077221
2026-09-21,GSE,0.5152228626626116
2026-09-21,GSG,-1.379129692862053
2026-09-21,GSL,-91.28809757935838
2026-09-21,GSO,971.180552875642
2026-09-21,GSP,0.5492609298976229
2026-09-21,GSR,0.0
2026-09-21,GTA,-0.8352120665869751
2026-09-21,GTF,-5.637400132268468
2026-09-21,GTH,7.872391655519865
2026-09-21,GTK,0.0
2026-09-21,GTL,-18.26731479928082
2026-09-21,GTM,-1.4319753012977061
2026-09-21,GTN,0.0
2026-09-21,GTY,-2.673858617291515
2026-09-21,GTZ,-3.4434115624050854
2026-09-21,GUA,0.0
2026-09-21,GUB,6.1352138671648415
2026-09-21,GUC,-39.44980546764331
2026-09-21,GUF,8.855832616963575
2026-09-21,GUH,0.4364138706200034
2026-09-21,GUK,15.971670023000673
2026-09-21,GUM,-2.7588035898169543
2026-09-21,GUV,35.453019292469925
2026-09-21,GVA,-6.086386629102504
2026-09-21,GVB,0.0
2026-09-21,GVC,0.0
2026-09-21,GVD,0.0
2026-09-21,GVI,-8.455717278176538
2026-09-21,GVL,0.0
2026-09-21,GVZ,0.0
2026-09-21,GYC,0.0
2026-09-21,GYG,0.0
2026-09-21,GYK,44.26287785870711
2026-09-21,GYL,2.8757968993987655
2026-09-21,GYN,0.0
2026-09-21,GYR,0.0
2026-09-21,GZB,0.0
2026-09-21,GZD,0.0
2026-09-21,GZE,17.896726110786037
2026-09-21,GZG,-8.909812530448704
2026-09-21,GZH,-6.284413783409039
2026-09-21,GZJ,-2.213582333105153
2026-09-21,GZL,4.2672637882582025
2026-09-21,GZM,-28.171837390247095
2026-09-21,GZN,-7.863355717919204
2026-09-21,GZO,0.0
2026-09-21,GZP,-0.5923887044021631
2026-09-21,GZR,-0.001365884964385206
2026-09-21,GZU,0.0
2026-09-21,GZV,-1.2593250813574874
2026-09-21,GZY,-7.602897961619001
2026-09-21,GZZ,-1.3764483726915977
2026-09-21,HAE,-0.40723038541024625
2026-09-21,HAG,0.0
2026-09-21,HAI,15.232118508594631
2026-09-21,HAM,-41.41349172718326
2026-09-21,HAR,1478.554817702016
2026-09-21,HAT,-22.83134011648577
2026-09-21,HB1,1.2421993249849488
2026-09-21,HB2,1.0853814603277252
2026-09-21,HBF,-1.7660988008007361
2026-09-21,HBJ,0.0
2026-09-21,HBN,-4.301340388252531
2026-09-21,HBU,16.709349672019126
2026-09-21,HBV,0.019569309856142275
2026-09-21,HCV,-60.11028238844346
2026-09-21,HDA,-21.422010045557712
2026-09-21,HDD,25.833303815541115
2026-09-21,HDE,-0.935501099294662
2026-09-21,HDH,-3.8951438619869077
2026-09-21,HDJ,515.8125706139654
2026-09-21,HDK,-7.562087619807083
2026-09-21,HDS,0.0
2026-09-21,HDV,2.6160631550216804
2026-09-21,HEH,-43.775027710816396
2026-09-21,HFA,0.0
2026-09-21,HFI,1.6745391180443936
2026-09-21,HFO,11.749280175760973
2026-09-21,HFR,317.8255281486353
2026-09-21,HFV,-0.8367349895740872
2026-09-21,HFY,59.221507827648736
2026-09-21,HGC,6.4657460065588594
2026-09-21,HGH,-96.76818876230233
2026-09-21,HGJ,0.0
2026-09-21,HGM,-9.847799378997706
2026-09-21,HGR,-83.5141147171963
2026-09-21,HGT,0.0
2026-09-21,HGU,-32.3157045741211
2026-09-21,HGV,-15.921336085345809
2026-09-21,HIA,-39.45250383702193
2026-09-21,HIF,-1.3969258649693927
2026-09-21,HIH,-8.611403532053007
2026-09-21,HII,0.0
2026-09-21,HIM,-4.143209518147986
2026-09-21,HIP,-14.747864526468582
2026-09-21,HIS,7.881396467382294
2026-09-21,HIZ,-6.467578912376373
2026-09-21,HJA,-15.813907661770834
2026-09-21,HJB,-10.970309297118742
2026-09-21,HKG,13.279735050700946
2026-09-21,HKH,-10.259320461242913
2026-09-21,HKJ,-56.0398543420785
2026-09-21,HKM,-12.701497553395127
2026-09-21,HKP,-33.02456191939838
2026-09-21,HKR,-9.059268472305158
2026-09-21,HKV,5.287281548285989
2026-09-21,HLA,-33.085485583998924
2026-09-21,HLL,-4.442368835224127
2026-09-21,HLR,-29.42473530132087
2026-09-21,HMC,-104.62223508047937
2026-09-21,HME,3.1764218028919005
2026-09-21,HMG,4.298166552424484
2026-09-21,HMK,-36.23808798125252
2026-09-21,HML,415.4193451059787
2026-09-21,HMS,-32.85447585317286
2026-09-21,HMT,0.0
2026-09-21,HMV,0.0
2026-09-21,HNS,0.6819968915416647
2026-09-21,HOA,-9.992076951968535
2026-09-21,HOY,-6.364913994863628
2026-09-21,HP3,-2.017056361283357
2026-09-21,HPC,198.14016620974536
2026-09-21,HPD,-0.30087219485794764
2026-09-21,HPF,0.0
2026-09-21,HPH,-45.067064428350996
2026-09-21,HPI,0.0
2026-09-21,HPJ,0.0
2026-09-21,HPL,0.0
2026-09-21,HPO,0.5462185114649283
2026-09-21,HPT,22.377491997296755
2026-09-21,HPV,4.234671424694383
2026-09-21,HPZ,-1.1627033334639831
2026-09-21,HRZ,-35.12351263695797
2026-09-21,HSA,-1.3047912719952492
2026-09-21,HSL,-4.507026460320214
2026-09-21,HSP,0.0829328271647008
2026-09-21,HST,-14.70028311330549
2026-09-21,HTF,-19.60464538415108
2026-09-21,HTJ,6.39871554742118
2026-09-21,HTK,-24.00959926968588
2026-09-21,HTS,4.520511317990447
2026-09-21,HTZ,0.0
2026-09-21,HUI,0.0
2026-09-21,HUS,0.0
2026-09-21,HVA,-2.2925317707089103
2026-09-21,HVB,0.0
2026-09-21,HVC,0.0
2026-09-21,HVI,-1.419007048210254
2026-09-21,HVK,-27.52373427449484
2026-09-21,HVL,0.0
2026-09-21,HVN,-0.00293664906122248
2026-09-21,HVS,-2.7072916547632864
2026-09-21,HVT,-41.03672821630837
2026-09-21,HVU,-36.241619167390965
2026-09-21,HVV,0.0
2026-09-21,HVZ,-16.092198981143838
2026-09-21,HYK,0.08960311703091078
2026-09-21,HYP,0.057696750497694065
2026-09-21,HYU,36.10722909205153
2026-09-21,HYV,-5.8428210458081375
2026-09-21,HYY,0.0
2026-09-21,HZV,0.0
2026-09-21,IAC,0.0
2026-09-21,IAE,-3.957126721890104
2026-09-21,IAI,0.0
2026-09-21,IAJ,0.0
2026-09-21,IAM,0.48008221236840143
2026-09-21,IAR,-2.9796570298000553
2026-09-21,IAS,3.461245448540314e-05
2026-09-21,IAT,15.156124317075331
2026-09-21,IAU,-43.7357693062692
2026-09-21,IAY,-4.4469977522925
2026-09-21,IBB,-4.475829313170103
2026-09-21,IBC,0.0
2026-09-21,IBE,-0.0004689300607397163
2026-09-21,IBG,0.0
2026-09-21,IBJ,0.0
2026-09-21,IBK,-0.6083617943869368
2026-09-21,IBM,-0.9546252514118441
2026-09-21,IBP,0.0
2026-09-21,IBR,27.348039482782866
2026-09-21,ICA,-1.6775079206789119
2026-09-21,ICC,-14.625232294352541
2026-09-21,ICD,-1.1738677217272442
2026-09-21,ICE,-0.25094899459616954
2026-09-21,ICF,0.05685116754770059
2026-09-21,ICG,-1.3649747246399346
2026-09-21,ICH,-31.32433323681566
2026-09-21,ICM,391.666454609651
2026-09-21,ICN,242.84363461847778
2026-09-21,ICS,-15.175244131155782
2026-09-21,ICV,3.4686592864646433
2026-09-21,ICZ,9.066993621673245
2026-09-21,IDD,-9.988259081708566
2026-09-21,IDF,-3.617934668060056
2026-09-21,IDH,-7.013594731454289
2026-09-21,IDI,121.11500365529693
2026-09-21,IDL,14.139629836624781
2026-09-21,IDO,12.169960173508837
2026-09-21,IDP,-9.822334722327819
2026-09-21,IDV,-0.8949180720679227
2026-09-21,IDY,-30.26890044453777
2026-09-21,IED,-5.815986515926401
2026-09-21,IEN,-34.555855602554516
2026-09-21,IEV,-11.426836117800585
2026-09-21,IEZ,0.08117626642434728
2026-09-21,IFD,0.0
2026-09-21,IFN,3.7700053202891577
2026-09-21,IFV,419.34110438217084
2026-09-21,IFY,0.0
2026-09-21,IGF,0.0
2026-09-21,IGL,-2.3938160648902307
2026-09-21,IGM,0.0
2026-09-21,IGZ,-99.09800150548936
2026-09-21,IH1,1.3085609721109792
2026-09-21,IHA,-10.028354325821166
2026-09-21,IHC,-1.868325630438936
2026-09-21,IHK,-9.367771610375383
2026-09-21,IHP,0.07773401647206188
2026-09-21,IHT,-8.141381904776313
2026-09-21,IHV,-41.893884226969085
2026-09-21,IHY,0.0
2026-09-21,IHZ,-4.503145171110105
2026-09-21,IIA,0.0
2026-09-21,IIC,-0.39000008782234824
2026-09-21,IIE,-13.822362941595589
2026-09-21,IIF,140.33334237248866
2026-09-21,IIH,-7.6681528398165
2026-09-21,IIN,-10.424086743050584
2026-09-21,IIS,-1.9838635272826435
2026-09-21,IJA,-8.284366393097315
2026-09-21,IJB,-10.253441361817002
2026-09-21,IJC,-18.370545244685857
2026-09-21,IJE,0.0
2026-09-21,IJF,-7.254205469035934
2026-09-21,IJH,-6.4453124255837
2026-09-21,IJI,14.152787762126506
2026-09-21,IJK,0.0
2026-09-21,IJL,0.0
2026-09-21,IJP,-5.508017324508992
2026-09-21,IJT,13.513517928085813
2026-09-21,IJV,15.555266565468651
2026-09-21,IJZ,-4.212757427756376
2026-09-21,IK2,0.0
2026-09-21,IKL,-6.2824658845460695
2026-09-21,IKP,-2.059522944746078
2026-09-21,IKV,127.41334056943536
2026-09-21,ILC,0.0
2026-09-21,ILE,0.0
2026-09-21,ILH,-4.262427740148075
2026-09-21,ILI,-18.573790676596904
2026-09-21,ILM,0.0
2026-09-21,ILP,0.0
2026-09-21,ILU,9.03742320321741
2026-09-21,ILZ,-2.5343557327770716
2026-09-21,IMB,7.927482375755332
2026-09-21,IMF,0.0
2026-09-21,IMG,0.0
2026-09-21,IMH,0.0
2026-09-21,IML,-2.1625850611713684
2026-09-21,IMO,0.0
2026-09-21,IMS,0.0
2026-09-21,IMT,0.0
2026-09-21,IMY,0.0
2026-09-21,IMZ,0.0
2026-09-21,INH,-5.4828103625311435
2026-09-21,INV,0.0
2026-09-21,INZ,0.0009437529462595159
2026-09-21,IOG,-5.222417809145292
2026-09-21,IOH,0.7448371278148218
2026-09-21,IOJ,0.0
2026-09-21,IOL,0.0
2026-09-21,IOM,-3.2589986743917136
2026-09-21,ION,0.0
2026-09-21,IOO,64.07836565192423
2026-09-21,IOP,1.3030082476905018
2026-09-21,IOT,0.0
2026-09-21,IOV,-0.6664689095584174
2026-09-21,IPA,0.0
2026-09-21,IPB,-8.183735512788513
2026-09-21,IPC,0.0
2026-09-21,IPE,0.0
2026-09-21,IPF,8.20775227475686
2026-09-21,IPG,-1.18543896926448
2026-09-21,IPJ,-5.106832746556923
2026-09-21,IPK,-0.294927970780577
2026-09-21,IPO,-9.19551320290811
2026-09-21,IPP,-1.615850374527836
2026-09-21,IPR,0.0
2026-09-21,IPU,0.0
2026-09-21,IPV,0.010118826683592388
2026-09-21,IRB,11.999536845925748
2026-09-21,IRE,0.0
2026-09-21,IRF,-5.957486871762133
2026-09-21,IRL,-14.814497062557889
2026-09-21,IRO,-10.36665392615884
2026-09-21,IRT,-1.9249517225282902
2026-09-21,IRV,20.07061613914318
2026-09-21,IRY,-6.650280638814932
2026-09-21,ISR,0.0
2026-09-21,ISS,0.0
2026-09-21,IST,24.826668398063536
2026-09-21,ITA,0.0
2026-09-21,ITC,23.84811429835998
2026-09-21,ITD,0.0
2026-09-21,ITJ,0.0
2026-09-21,ITL,0.0
2026-09-21,ITP,-3.1469535659155943
2026-09-21,ITR,0.0
2026-09-21,ITV,0.0
2026-09-21,ITZ,2.078311861581633
2026-09-21,IUA,-4.335585531822007
2026-09-21,IUB,0.0
2026-09-21,IUC,0.0
2026-09-21,IUF,-0.12980205643507828
2026-09-21,IUH,-8.620853837504077
2026-09-21,IUM,0.0
2026-09-21,IUN,0.0
2026-09-21,IUV,-2.3528186100182618
2026-09-21,IUZ,-25.575144526812338
2026-09-21,IV2,0.0
2026-09-21,IV6,0.0
2026-09-21,IV7,0.0
2026-09-21,IV8,-3.320571421667546
2026-09-21,IVF,-3.033743927022464
2026-09-21,IVS,-25.637414208454267
2026-09-21,IVY,-11.880362907328216
2026-09-21,IYB,-10.041870189021429
2026-09-21,IYP,0.2491540741647225
2026-09-21,IYR,65.69938644013908
2026-09-21,IYS,0.0
2026-09-21,IYV,-5.775468150445242
2026-09-21,IZA,-15.042319795689208
2026-09-21,IZB,88.53026574909669
2026-09-21,IZE,0.0
2026-09-21,IZL,0.0
2026-09-21,IZS,12.704412425343497
2026-09-21,IZV,0.0
2026-09-21,IZY,0.0
2026-09-21,JET,-9.567384915561375
2026-09-21,JOT,0.0
2026-09-21,JUP,-0.6442822104674625
2026-09-21,KAC,1.9490130547994602
2026-09-21,KAN,-32.6942710885936
2026-09-21,KAV,-0.08196555986499651
2026-09-21,KBJ,-0.7213160893400233
2026-09-21,KBP,0.0
2026-09-21,KBZ,0.0
2026-09-21,KCL,-1.227077614680603
2026-09-21,KCR,35.90744564511954
2026-09-21,KCV,8.11436071150465
2026-09-21,KDE,10.090860255479951
2026-09-21,KDI,-92.74897574295338
2026-09-21,KDK,0.0
2026-09-21,KDL,-1.5637572136685953
2026-09-21,KDO,4.045887803559588
2026-09-21,KDS,-4.607337022352222
2026-09-21,KDT,1.9742297780443618
2026-09-21,KDV,-10.914248366477766
2026-09-21,KDZ,-11.278709780238927
2026-09-21,KEI,0.0
2026-09-21,KEO,0.0
2026-09-21,KEU,44.012713750337355
2026-09-21,KFZ,0.0
2026-09-21,KGM,-5.250159434572191
2026-09-21,KH1,3.1064290296517654
2026-09-21,KHA,-55.718497586972596
2026-09-21,KHB,-17.08469355087724
2026-09-21,KHC,-13.809002198296708
2026-09-21,KHD,4.364504011213747
2026-09-21,KHF,0.06832223841763088
2026-09-21,KHJ,-1.9757910247761072
2026-09-21,KHP,-22.727603069524214
2026-09-21,KHT,-6.5988408130273735
2026-09-21,KHU,0.0
2026-09-21,KIA,-16.164434793965363
2026-09-21,KIB,-0.6527937419825147
2026-09-21,KIE,74.16764089418352
2026-09-21,KIH,-0.06979474678779482
2026-09-21,KIK,-9.944952854368506
2026-09-21,KIS,-3.005440618225941
2026-09-21,KJK,0.0
2026-09-21,KKB,0.0
2026-09-21,KKC,-66.78406997792747
2026-09-21,KKE,0.0
2026-09-21,KKH,-5.750586244742085
2026-09-21,KKL,-11.666764984399263
2026-09-21,KKO,0.0
2026-09-21,KKP,0.15392358055442404
2026-09-21,KKT,319.89974091098355
2026-09-21,KLH,-37.24798656470302
2026-09-21,KLI,-73.31157785777822
2026-09-21,KLL,0.0
2026-09-21,KLM,0.0
2026-09-21,KLS,-77.58146764005767
2026-09-21,KLU,-8.550111160659805
2026-09-21,KMA,0.0
2026-09-21,KME,14.477568071748687
2026-09-21,KMF,19.96553269260865
2026-09-21,KMN,9.583542111878504
2026-09-21,KMT,0.0
2026-09-21,KNC,0.0
2026-09-21,KNI,-43.250486353798365
2026-09-21,KNJ,51.57224238098641
2026-09-21,KNN,0.00016674791046873206
2026-09-21,KNP,0.0
2026-09-21,KNS,0.0
2026-09-21,KNT,0.0
2026-09-21,KNV,0.0
2026-09-21,KNZ,0.0
2026-09-21,KO4,-0.11010558982533858
2026-09-21,KOB,-7.7202989752433195
2026-09-21,KOD,-8.70021159957172
2026-09-21,KOP,0.0
2026-09-21,KOT,-5.6495250046896635
2026-09-21,KOZ,0.0
2026-09-21,KP3,-20.54674975944376
2026-09-21,KPA,4.439778471115444
2026-09-21,KPB,0.0
2026-09-21,KPC,5.925130087739036
2026-09-21,KPD,-1.996616866514402
2026-09-21,KPF,-87.00098986545677
2026-09-21,KPH,-0.9266570863180987
2026-09-21,KPI,15.279286339301196
2026-09-21,KPK,0.0
2026-09-21,KPM,0.0
2026-09-21,KPP,-15.283102523054213
2026-09-21,KPR,-38.31765843476839
2026-09-21,KPS,0.0
2026-09-21,KPU,-6.468468237577654
2026-09-21,KRC,-0.1588280528945912
2026-09-21,KRF,9.146043051175603
2026-09-21,KRH,-7.77327575174645e-05
2026-09-21,KRO,-1.717577469905731
2026-09-21,KRR,20.206749185902193
2026-09-21,KRS,-5.903183869111675
2026-09-21,KRT,6.913950304944018
2026-09-21,KRV,-0.3226297489988964
2026-09-21,KSA,-17.20717570083175
2026-09-21,KSC,0.0
2026-09-21,KSK,-59.724030700637286
2026-09-21,KSL,-2.524318057209614
2026-09-21,KSM,0.19686856668272365
2026-09-21,KSP,-0.03966956623717585
2026-09-21,KSR,-20.90721005562879
2026-09-21,KST,-9.53254515670331
2026-09-21,KSV,19.54980327541128
2026-09-21,KSY,200.77061033442098
2026-09-21,KTE,-4.390939326807449
2026-09-21,KTI,-60.86588092149523
2026-09-21,KTJ,-16.240659549436018
2026-09-21,KTM,0.7601724507178228
2026-09-21,KTN,-12.069464928985653
2026-09-21,KTR,0.16734786495044168
2026-09-21,KTS,10.094547040531175
2026-09-21,KTT,0.7031112333969028
2026-09-21,KTU,0.0
2026-09-21,KTV,41.0613286428134
2026-09-21,KU3,7.94293813767339
2026-09-21,KUA,-6.596727611134193
2026-09-21,KUB,-8.881212849342182
2026-09-21,KUD,35.09858486464875
2026-09-21,KUP,-0.2654721283484198
2026-09-21,KUT,-7.598235048396716
2026-09-21,KVA,0.0
2026-09-21,KVK,-21.448974786028806
2026-09-21,KVR,-8.663879348853717
2026-09-21,KVS,-37.42912561790377
2026-09-21,KVT,18.841048627081445
2026-09-21,KYA,-7.911074397832392
2026-09-21,KYR,0.0
2026-09-21,KYS,0.0
2026-09-21,KZL,-2.3635021919092636
2026-09-21,KZO,0.0
2026-09-21,KZU,-3.7701032440998863
2026-09-21,LAI,-0.2731473572829569
2026-09-21,LET,0.0
2026-09-21,LGK,2.082094378319068
2026-09-21,LGO,0.0
2026-09-21,LHM,0.0
2026-09-21,LHP,-3.94375222138619
2026-09-21,LKF,49.669096357737274
2026-09-21,LKT,-91.72401629208622
2026-09-21,LLA,-13.372844218056251
2026-09-21,LPH,-0.7057666348524233
2026-09-21,LRT,-6.092657750654123
2026-09-21,LTC,-0.5149918611136457
2026-09-21,LTL,-52.66225506716704
2026-09-21,LTS,0.1792583985767975
2026-09-21,LZV,0.0
2026-09-21,MAC,-3.4689010551984576
2026-09-21,MAD,5.805478515210803
2026-09-21,MAS,-1.5984362226737634
2026-09-21,MAV,0.0
2026-09-21,MBL,-0.0043495035789315115
2026-09-21,MBR,-57.58950938776264
2026-09-21,MCU,25.81648746694648
2026-09-21,MD1,-65.521234758607
2026-09-21,MD2,-45.294133179004575
2026-09-21,MDF,0.22527155590868417
2026-09-21,MET,-1.273085624501344
2026-09-21,MGB,-9.503677248067948
2026-09-21,MGD,0.0
2026-09-21,MGE,1.3364970986314721
2026-09-21,MGH,-5.486719171426022
2026-09-21,MHF,-64.00660978104871
2026-09-21,MIK,-25.427835587688303
2026-09-21,MJB,0.42927539415854327
2026-09-21,MJE,-10.466478397236676
2026-09-21,MJG,-2.3437802242164856
2026-09-21,MJH,0.3151989333235013
2026-09-21,MJK,-3.576772430069735
2026-09-21,MJL,2.1849981287276554
2026-09-21,MKA,-9.537434930485118
2026-09-21,MKG,-4.805852003633937
2026-09-21,MKL,0.0
2026-09-21,MLS,0.0
2026-09-21,MLT,-15.543356300774832
2026-09-21,MMH,38.5078267645328
2026-09-21,MOD,-0.7326849780806032
2026-09-21,MOZ,3.0534155242803585
2026-09-21,MP2,0.0
2026-09-21,MP4,-0.002908151654665248
2026-09-21,MPD,-5.245467807487885
2026-09-21,MPE,41.707460320619774
2026-09-21,MPF,4.515927551815749
2026-09-21,MPI,0.08228725853887255
2026-09-21,MPK,-12.551303055032855
2026-09-21,MPL,-24.13080166655296
2026-09-21,MPN,-2.934812957544548
2026-09-21,MPP,-11.799306157723311
2026-09-21,MPS,-5.4643322645149635
2026-09-21,MRI,1.3043097131781776
2026-09-21,MSK,6.858467498752943e-06
2026-09-21,MSO,0.0
2026-09-21,MSR,-23.022836477601576
2026-09-21,MT1,0.992394648593491
2026-09-21,MT2,-33.35569123799347
2026-09-21,MT5,-0.00731091529378489
2026-09-21,MT6,45.39671888394488
2026-09-21,MT7,-0.04998933136215029
2026-09-21,MT8,-57.34909783267128
2026-09-21,MT9,0.0
2026-09-21,MTD,-21.876792608663227
2026-09-21,MTE,-68.0725146750753
2026-09-21,MTF,-25.291216496367063
2026-09-21,MTG,-24.433978733307075
2026-09-21,MTH,-26.527796608663866
2026-09-21,MTI,0.0
2026-09-21,MTK,11.845842160949786
2026-09-21,MTL,320.0937633864477
2026-09-21,MTS,-1.1951325626003035
2026-09-21,MTU,2.916522030396462
2026-09-21,MTV,-5.17569205775397
2026-09-21,MTX,-3.123199453575025
2026-09-21,MUL,8.618659314283953
2026-09-21,MUT,-15.427183751022334
2026-09-21,NAK,-1.5106240256465038
2026-09-21,NAL,-55.221756818142
2026-09-21,NAU,-22.131600068548053
2026-09-21,NAV,0.0
2026-09-21,NBE,-0.9307672759396656
2026-09-21,NBH,94.37124976003676
2026-09-21,NBO,19.391055452715943
2026-09-21,NBZ,-4.851354351677563
2026-09-21,NCS,-23.589302950434003
2026-09-21,NCU,0.14318559989105667
2026-09-21,NDL,-93.21008052379949
2026-09-21,NDS,0.0
2026-09-21,NES,-32.36694077805696
2026-09-21,NFF,-0.05716044687011146
2026-09-21,NFH,-3.4918761174443693
2026-09-21,NFK,-11.869297250405824
2026-09-21,NHP,-3.404767686885953
2026-09-21,NHT,0.0
2026-09-21,NHV,0.0
2026-09-21,NHY,-1.827151814420508
2026-09-21,NIG,-0.1760376533066126
2026-09-21,NIS,-2.4634426961808247
2026-09-21,NJF,-27.133142303459717
2026-09-21,NJG,-34.0614852585422
2026-09-21,NJR,-9.100220209483991
2026-09-21,NJY,21.060926234005752
2026-09-21,NKA,-2.022868929110753
2026-09-21,NKC,-2.6235232507226147
2026-09-21,NKH,0.14750347660655605
2026-09-21,NKJ,0.0
2026-09-21,NKK,0.0
2026-09-21,NKL,65.58965761982918
2026-09-21,NKM,-23.02661451323641
2026-09-21,NKP,-22.979258798409727
2026-09-21,NKS,0.0
2026-09-21,NKT,47.08210145120052
2026-09-21,NKV,0.0
2026-09-21,NLC,0.0
2026-09-21,NLD,168.9659813650951
2026-09-21,NLE,-13.178690715863278
2026-09-21,NLK,10.242810820660662
2026-09-21,NLL,0.037307116414072125
2026-09-21,NME,-14.383776326037706
2026-09-21,NMG,-12.879029819923145
2026-09-21,NMP,-98.22385236287391
2026-09-21,NMU,-5.950382054457862
2026-09-21,NNF,-15.607561250263762
2026-09-21,NOA,54.69221298336026
2026-09-21,NOI,17.349959057936793
2026-09-21,NOV,0.0
2026-09-21,NP1,-3.9009885877706423
2026-09-21,NPH,-39.57093251609127
2026-09-21,NPK,-0.002107252162006536
2026-09-21,NRC,-7.690235731595073
2026-09-21,NRG,-49.972678752659846
2026-09-21,NRM,0.0
2026-09-21,NSA,-34.07595195115567
2026-09-21,NSD,13.0051553153414
2026-09-21,NSH,11.014757668755474
2026-09-21,NSK,-71.01985750587248
2026-09-21,NSP,-28.694864667195557
2026-09-21,NSS,0.0
2026-09-21,NST,-8.440897854596155
2026-09-21,NSY,14.057285219553355
2026-09-21,NTB,-3.1545122640872627e-05
2026-09-21,NTD,0.0
2026-09-21,NTF,-0.0085578189562216
2026-09-21,NTI,-34.60578872741907
2026-09-21,NTO,0.0
2026-09-21,NTS,0.0
2026-09-21,NUB,-20.936369792436384
2026-09-21,NUG,6300.050606984981
2026-09-21,NUH,-75.04236047685632
2026-09-21,NVB,-40.94998634709884
2026-09-21,NVC,-0.5664550819711971
2026-09-21,NVK,54.89117252359951
2026-09-21,NVP,0.0
2026-09-21,NVT,2504.8001758828364
2026-09-21,NVZ,-7.497853900737337
2026-09-21,NYH,0.0
2026-09-21,NZH,-2.477107212112578
2026-09-21,NZT,-70.25805143142925
2026-09-21,NZU,-34.505106340680705
2026-09-21,OAB,-0.11307433129121246
2026-09-21,OAO,555.4256290347413
2026-09-21,OBI,-9.551535676112975
2026-09-21,OBN,-2.168525995739288
2026-09-21,OBP,-4.57896447880295
2026-09-21,OBR,-6.908460186486846
2026-09-21,OCM,0.035953095245623755
2026-09-21,OCN,0.0
2026-09-21,OCT,-4.742212411686692
2026-09-21,ODD,-1.3368425624599338
2026-09-21,ODG,-4.540686034492731
2026-09-21,ODN,69.44509718566134
2026-09-21,ODP,-1.623963733946713
2026-09-21,ODS,1.920757192594755
2026-09-21,ODV,-4.1692575792709174
2026-09-21,OFA,-7.507469828980059
2026-09-21,OFB,0.0
2026-09-21,OFI,-0.677711586735994
2026-09-21,OFK,-12.525635828060722
2026-09-21,OFO,0.0
2026-09-21,OFS,-0.8486478193397129
2026-09-21,OGD,-0.7840391684498859
2026-09-21,OGF,1.405204981790147
2026-09-21,OGV,0.0
2026-09-21,OHB,-0.04166685919262251
2026-09-21,OHI,-9.025054962166313e-08
2026-09-21,OHK,57.67498804135893
2026-09-21,OIL,-3.8910096163285703
2026-09-21,OIR,-3.4812312088501787
2026-09-21,OIS,0.0
2026-09-21,OJB,-1.4347713491273297
2026-09-21,OJH,0.0
2026-09-21,OJK,-0.7536294998088932
2026-09-21,OJT,-2.620839685408696
2026-09-21,OJU,0.0
2026-09-21,OJY,-0.09941857213250126
2026-09-21,OKD,1.4943018092712008
2026-09-21,OKF,0.0
2026-09-21,OKP,23.465290430873676
2026-09-21,OKT,-0.22406112115215196
2026-09-21,OLA,-1.305610090898791
2026-09-21,OLD,-6.996190021880118
2026-09-21,OLE,6.742470630515789
2026-09-21,OMB,0.0
2026-09-21,OMC,-0.2664163162286519
2026-09-21,OME,-0.42750034210430965
2026-09-21,OMG,-3.7839346744435107
2026-09-21,OMT,14.160220344827874
2026-09-21,ONB,-20.07227811256726
2026-09-21,OND,0.0
2026-09-21,ONE,-17.344986192669307
2026-09-21,ONF,0.9980152402575196
2026-09-21,ONK,-8.379151298107338
2026-09-21,ONN,14.389513557252286
2026-09-21,ONS,2.68399323880832
2026-09-21,ONT,0.0
2026-09-21,ONY,-0.9587919429109162
2026-09-21,OPB,-0.5624148392665183
2026-09-21,OPD,-0.00482774102280843
2026-09-21,OPF,-5.562838783112823
2026-09-21,OPH,-2.2114925867947557
2026-09-21,OPI,-3.3301841424560816
2026-09-21,OPJ,-90.57780772919538
2026-09-21,OPL,-4.98776963053029
2026-09-21,OPU,78.86243478324741
2026-09-21,OPZ,0.0
2026-09-21,ORC,15.532498048424479
2026-09-21,ORI,0.10810255225571581
2026-09-21,OSD,-10.98975821375673
2026-09-21,OSF,-0.03689228727873519
2026-09-21,OSH,0.0
2026-09-21,OSL,15.04659200073034
2026-09-21,OSN,-96.8477100672822
2026-09-21,OTE,0.0
2026-09-21,OTF,-5.586720489926529
2026-09-21,OTJ,-5.720498679293437
2026-09-21,OTK,-14.633500116001565
2026-09-21,OTM,6.235375610899056
2026-09-21,OTZ,0.0
2026-09-21,OUB,-0.022655434428906357
2026-09-21,OUD,0.3653681431749377
2026-09-21,OUN,-1.2731578434075241
2026-09-21,OUR,0.0
2026-09-21,OUY,0.0
2026-09-21,OVD,18.877897244526924
2026-09-21,OVR,0.0
2026-09-21,OYL,0.9890418201898199
2026-09-21,OYS,-3.200532581040555
2026-09-21,OYT,-23.766919375444374
2026-09-21,OZC,-74.65209929393158
2026-09-21,P1A,43.07522108661975
2026-09-21,PA2,-25.536715387615228
2026-09-21,PAB,53.72103092239994
2026-09-21,PAC,0.0
2026-09-21,PAF,-7.32271618033565
2026-09-21,PAI,-11.534260241076572
2026-09-21,PAL,-3.8644527452781428
2026-09-21,PAO,-81.69235481957097
2026-09-21,PAU,1.5453403466558258
2026-09-21,PBE,-74.17699515540849
2026-09-21,PBF,-18.81755990575651
2026-09-21,PBH,-0.0028519519354747065
2026-09-21,PBI,-6.625728512172093
2026-09-21,PBK,-8.209242270836087
2026-09-21,PBN,-6.702743535327508
2026-09-21,PBR,-56.34029131887289
2026-09-21,PBS,0.0
2026-09-21,PBY,-0.04632991428622904
2026-09-21,PCE,-43.892592453330664
2026-09-21,PCH,-2.4824939741903576
2026-09-21,PCN,0.0
2026-09-21,PCS,2.1601351084572125
2026-09-21,PDC,0.07985415879061755
2026-09-21,PDD,-5.661924825670046
2026-09-21,PDE,-0.7642024038633667
2026-09-21,PDF,-2.805253825621371
2026-09-21,PDG,-39.15368506617409
2026-09-21,PDH,-1.14556570807499
2026-09-21,PDR,0.0
2026-09-21,PDS,-0.0003193052343930488
2026-09-21,PEA,-0.2354771106512723
2026-09-21,PFO,1.1626480708570972
2026-09-21,PFS,-4.415281075997177
2026-09-21,PGD,-0.1291835507542091
2026-09-21,PGE,-0.0002491479198070415
2026-09-21,PGH,-7.458230259994621e-06
2026-09-21,PGS,-5.401754688843096
2026-09-21,PHB,-10.916129404603314
2026-09-21,PHE,-53.762261055054886
2026-09-21,PHF,4.453280887119523
2026-09-21,PHI,8.418000968004858
2026-09-21,PHK,-3.0726120482021635
2026-09-21,PHN,1.8184882050382551
2026-09-21,PHS,0.0
2026-09-21,PHY,-0.0007910232032184078
2026-09-21,PID,-3.593034650076525
2026-09-21,PIL,-19.280908382666297
2026-09-21,PIP,-80.8031405506957
2026-09-21,PIR,-17.8719372102044
2026-09-21,PIS,25.70473570213128
2026-09-21,PJL,3.1778981025719646
2026-09-21,PJP,-0.012484454080935676
2026-09-21,PK1,103.62753385862544
2026-09-21,PKD,-85.78688256985909
2026-09-21,PKF,-2.929621629391723
2026-09-21,PKH,-0.002973853907782801
2026-09-21,PKL,13.226460582163732
2026-09-21,PKM,-30.71200577759065
2026-09-21,PKN,-49.809899790487464
2026-09-21,PKP,-14.809466503618998
2026-09-21,PKR,-0.43199791007120253
2026-09-21,PKT,-38.92440001049554
2026-09-21,PKU,-24.90835693981729
2026-09-21,PKV,-12.057624387382274
2026-09-21,PKZ,-1.0085294035897314
2026-09-21,PLA,21.809931567250075
2026-09-21,PLR,-33.55440518585381
2026-09-21,PLS,0.0
2026-09-21,PMG,0.0
2026-09-21,PMH,-0.008164103167504074
2026-09-21,PMP,-24.287349109638413
2026-09-21,PNU,-83.55561700445254
2026-09-21,PO7,-21.791300478837567
2026-09-21,PO8,-96.21203099478325
2026-09-21,PO9,4.075042533568788
2026-09-21,POB,-9.342292442358048e-07
2026-09-21,POD,-4.5147712653963294
2026-09-21,POF,-7.445304969102948e-07
2026-09-21,POH,0.0
2026-09-21,POI,-1.9633275678931708e-07
2026-09-21,POS,-14.10743048407716
2026-09-21,POU,0.585076552572154
2026-09-21,PP1,-5.102289263006896
2026-09-21,PPB,-0.4899967952544075
2026-09-21,PPD,-2.4191353122826236
2026-09-21,PPE,-3.1160992376524432
2026-09-21,PPF,0.0
2026-09-21,PPG,-29.38501146074413
2026-09-21,PPH,-24.51109908617966
2026-09-21,PPI,-53.21099966931412
2026-09-21,PPJ,-34.15808977542583
2026-09-21,PPK,-7.317059487158928
2026-09-21,PPM,-7.836340598234365
2026-09-21,PPN,-15.443424275691974
2026-09-21,PPO,-1.5800636161845432e-05
2026-09-21,PPP,-52.83172701539771
2026-09-21,PPS,-15.186441105411467
2026-09-21,PPT,-31.10909855415203
2026-09-21,PPU,-5.82112197383175e-06
2026-09-21,PPV,-75.14817907466677
2026-09-21,PPZ,-16.787947594437938
2026-09-21,PRD,32.05243194509585
2026-09-21,PRF,0.0
2026-09-21,PRH,-2.929303593268131
2026-09-21,PRR,-62.577050099342436
2026-09-21,PRU,-30.225089877680787
2026-09-21,PRV,-46.852982729893625
2026-09-21,PRY,-85.69698691177305
2026-09-21,PSD,0.0
2026-09-21,PSE,-43.5213964120761
2026-09-21,PSG,-14.369118903484402
2026-09-21,PSH,12.029183466805938
2026-09-21,PSL,-9.97731548683625
2026-09-21,PSO,0.0
2026-09-21,PSR,0.30191454729329315
2026-09-21,PSS,-47.13759596738863
2026-09-21,PST,-2.1645260100743312e-05
2026-09-21,PTC,0.3365367070196516
2026-09-21,PTE,0.028760596923237142
2026-09-21,PTF,8.515820639855763
2026-09-21,PTG,0.0
2026-09-21,PTL,-29.900872264745832
2026-09-21,PTN,36.115697704216956
2026-09-21,PTO,-49.335805584052366
2026-09-21,PTP,46.7295716192274
2026-09-21,PTS,13.793975723981905
2026-09-21,PUA,0.0
2026-09-21,PUC,526.1582495496439
2026-09-21,PUH,28.543672748621606
2026-09-21,PUK,-63.25685118513347
2026-09-21,PUR,0.3120866669012558
2026-09-21,PUT,0.0
2026-09-21,PUV,0.0
2026-09-21,PVK,6.3269656630788065
2026-09-21,PYB,-48.57320620422847
2026-09-21,PYD,12.772879491326137
2026-09-21,PYF,-1.6593233102702634
2026-09-21,PYH,32.43581407653595
2026-09-21,PYI,-20.242905777030522
2026-09-21,PYL,0.0
2026-09-21,PYR,-13.133091825554915
2026-09-21,PYS,-5.440174410857692
2026-09-21,RAF,-47.747326541448764
2026-09-21,RAI,0.0
2026-09-21,RAN,0.0
2026-09-21,RAV,-0.0035541566584198635
2026-09-21,RAY,0.0
2026-09-21,RBA,-5.399038885252427
2026-09-21,RBB,53.12795856784176
2026-09-21,RBE,0.0
2026-09-21,RBF,-48.21537163724374
2026-09-21,RBH,-6.309459197724514
2026-09-21,RBI,-11.897183344560682
2026-09-21,RBK,-25.388057591429845
2026-09-21,RBL,-28.880153426089667
2026-09-21,RBN,-10.966794518712263
2026-09-21,RBP,-66.45375895746388
2026-09-21,RBR,-34.86345563175693
2026-09-21,RBT,11.174945225145848
2026-09-21,RBV,18.679635453583607
2026-09-21,RCL,0.0
2026-09-21,RCS,0.0
2026-09-21,RCV,-1.6257934905379257
2026-09-21,RD1,-0.7251442608426891
2026-09-21,RDF,-23.90978478715386
2026-09-21,RDH,0.012198134963907599
2026-09-21,RDK,0.0
2026-09-21,RDS,0.0
2026-09-21,RDT,6.600678836886992
2026-09-21,RDZ,-0.0008990167221144572
2026-09-21,RE6,-85.13225083235773
2026-09-21,RE7,0.0
2026-09-21,RE8,-43.474904402789036
2026-09-21,RFM,208.97819805670622
2026-09-21,RGD,-11.058466452796631
2026-09-21,RGH,-7.611263022597287
2026-09-21,RHD,0.0
2026-09-21,RHI,39.07281223564107
2026-09-21,RHS,-9.215816633748911
2026-09-21,RIA,-42.90922144946785
2026-09-21,RIH,-27.11081896384001
2026-09-21,RIK,-29.65642787156205
2026-09-21,RJG,-35.09418598948614
2026-09-21,RKC,-7.683467737371255
2026-09-21,RKH,-3.1843452454763423
2026-09-21,RKL,0.0
2026-09-21,RKS,0.6864591842036744
2026-09-21,RKV,-18.388132600416185
2026-09-21,RLH,-0.176293750473775
2026-09-21,RO1,-42.91135946465543
2026-09-21,ROD,-7.038602560829582
2026-09-21,ROF,-3.940018896809704
2026-09-21,ROY,0.0
2026-09-21,RPC,3.5478708675653383
2026-09-21,RPD,-16.869271044982934
2026-09-21,RPG,5.139109927496477
2026-09-21,RPI,3.7522858400120778
2026-09-21,RPK,-13.431851284017096
2026-09-21,RPL,-2.596994051849378
2026-09-21,RPM,-1.92811941440989
2026-09-21,RPN,0.0
2026-09-21,RPO,0.0
2026-09-21,RPP,-16.114004359734135
2026-09-21,RPS,-1.5795079359605466
2026-09-21,RPT,-1.231896863476083
2026-09-21,RPU,0.0
2026-09-21,RPX,0.4831809351557455
2026-09-21,RRA,-33.99104247700236
2026-09-21,RRP,-56.07213380712779
2026-09-21,RS1,0.42541145734538405
2026-09-21,RSF,3.713664629968308
2026-09-21,RSK,-28.209968277852145
2026-09-21,RSY,0.0
2026-09-21,RSZ,-2.607959953783081
2026-09-21,RTA,0.0
2026-09-21,RTB,-8.66027565525718
2026-09-21,RTD,-19.571916203186003
2026-09-21,RTG,-9.846002255468669
2026-09-21,RTH,-21.693248035069896
2026-09-21,RTI,10.335432611586349
2026-09-21,RTP,-15.397915295643493
2026-09-21,RUH,0.21497474881532072
2026-09-21,RUT,-18.470188712051243
2026-09-21,RVI,100.59050631440796
2026-09-21,RVS,-1.4892707454365222
2026-09-21,RYA,-0.0008837926948052202
2026-09-21,RYB,-0.0684547065385676
2026-09-21,RYD,0.0
2026-09-21,RYF,-7.662077015655319
2026-09-21,RYU,1.9243804784532421
2026-09-21,RZR,0.0
2026-09-21,SAP,-14.137967615542602
2026-09-21,SAR,0.0
2026-09-21,SAS,-3.631931751890749
2026-09-21,SAT,0.0
2026-09-21,SBH,-20.999549269417013
2026-09-21,SBI,0.0
2026-09-21,SBR,0.0
2026-09-21,SBS,0.0
2026-09-21,SCZ,24.460926265528045
2026-09-21,SD1,7.177657575498804
2026-09-21,SDA,0.023981287616603838
2026-09-21,SEH,-0.0014028811615777433
2026-09-21,SER,-0.3619462132872773
2026-09-21,SFA,0.022393420715501617
2026-09-21,SFS,-0.5849184311313727
2026-09-21,SGK,0.21113370157922104
2026-09-21,SGT,-15.055681972369396
2026-09-21,SHC,15.610221710635
2026-09-21,SHE,-8.711629517294563
2026-09-21,SHI,-2.191440943555875e-07
2026-09-21,SHU,-35.94187840916957
2026-09-21,SIA,-70.45775677714359
2026-09-21,SIS,14.973319629281612
2026-09-21,SJP,0.0
2026-09-21,SKL,-2.8029935858722115
2026-09-21,SKO,-16.059444303557775
2026-09-21,SKS,0.0
2026-09-21,SKT,-12.61691218730609
2026-09-21,SKZ,80.84069242591819
2026-09-21,SLF,-10.882493655591349
2026-09-21,SLG,-3.4341805331426523
2026-09-21,SLR,0.0
2026-09-21,SLS,0.15940755841613113
2026-09-21,SMP,0.0
2026-09-21,SNY,-18.073439361668513
2026-09-21,SOS,13.065335393276204
2026-09-21,SPA,3.1196299999883137
2026-09-21,SPD,0.0
2026-09-21,SPE,2.59007044774959
2026-09-21,SPN,-6.000201576032899
2026-09-21,SPP,-53.92273581125726
2026-09-21,SPR,-0.7122931751398828
2026-09-21,SPT,-3.815125159439281
2026-09-21,SRA,-19.61315300558215
2026-09-21,SRE,0.0
2026-09-21,SRL,-66.55482133100915
2026-09-21,SRO,0.0
2026-09-21,SSD,0.0
2026-09-21,SSE,0.16119229112909003
2026-09-21,SSF,0.0
2026-09-21,SSK,-8.684057050318627
2026-09-21,SSN,0.0
2026-09-21,SSO,0.0
2026-09-21,SSS,-10.983416006190952
2026-09-21,SST,0.0
2026-09-21,ST1,-3.71715187601624
2026-09-21,STI,-106.3472129625564
2026-09-21,STM,0.15528785097591358
2026-09-21,STS,0.0
2026-09-21,STZ,-2.3666164549834474
2026-09-21,SUA,-7.85368292545191
2026-09-21,SUB,-2.054074306111871
2026-09-21,SUC,-0.21267494089078293
2026-09-21,SUR,2.2842775362664582
2026-09-21,SVB,-13.103859247891814
2026-09-21,SVS,0.0
2026-09-21,SVY,-23.65154679435384
2026-09-21,SYF,0.0
2026-09-21,SYL,0.0
2026-09-21,SYR,0.0
2026-09-21,SYS,0.0
2026-09-21,T3B,27.812363127587368
2026-09-21,TAL,-8.51823039870202
2026-09-21,TAO,0.0
2026-09-21,TAR,3.000721332987162
2026-09-21,TAU,2.09054058261983
2026-09-21,TAZ,0.0
2026-09-21,TB9,-0.2841330764461354
2026-09-21,TBP,-9.517206932643735
2026-09-21,TBT,21.817912556574296
2026-09-21,TBV,-0.9226576749699766
2026-09-21,TCA,-2.2516923350528817
2026-09-21,TCB,-15.478312583033457
2026-09-21,TCC,-13.832720132975359
2026-09-21,TCD,-2.550918371633658
2026-09-21,TCF,-5.881344382678404
2026-09-21,TCG,0.0
2026-09-21,TCH,0.5317708223639908
2026-09-21,TCI,0.0
2026-09-21,TCS,-0.2239807265632669
2026-09-21,TDG,-10.63561606352248
2026-09-21,TDP,-57.53411723066233
2026-09-21,TE3,-1.3943634436046937
2026-09-21,TE4,36.2553574361261
2026-09-21,TEJ,-5.886832938651758
2026-09-21,TFE,1.105297089807168
2026-09-21,TFF,-3.4411499734574567
2026-09-21,TFU,-59.06071925276674
2026-09-21,TGA,-3.147405938410934
2026-09-21,TGE,-6.855452190933575
2026-09-21,TGN,-14.925992704589893
2026-09-21,TGR,-3.855555863915245
2026-09-21,TGT,42.65279297155271
2026-09-21,TGV,0.0
2026-09-21,TGZ,0.01812603498213035
2026-09-21,THD,-1.9286955175457938
2026-09-21,THF,140.20498611794434
2026-09-21,THG,-0.8052904351035551
2026-09-21,THH,0.0
2026-09-21,THO,0.0
2026-09-21,THS,0.0
2026-09-21,THT,-21.22640916405936
2026-09-21,THV,-72.68670984714237
2026-09-21,TI1,-13.054229658670552
2026-09-21,TI2,-5.580148748469596
2026-09-21,TI3,-2.59139414881857
2026-09-21,TI4,-3.749721859845078
2026-09-21,TI6,18.92878439168838
2026-09-21,TI7,-2.9756162317159536
2026-09-21,TIE,20.561260456538925
2026-09-21,TIL,-14.992982790534773
2026-09-21,TIP,34.010746757272834
2026-09-21,TIV,67.86608666218643
2026-09-21,TJB,0.0
2026-09-21,TJF,-0.7392629002934513
2026-09-21,TJI,-16.93307139098687
2026-09-21,TJL,0.0
2026-09-21,TJT,-5.538614484954873
2026-09-21,TKF,-0.8005544895554745
2026-09-21,TKH,0.0
2026-09-21,TKK,-1.173480572550136
2026-09-21,TKM,-2.9858229700940306
2026-09-21,TLC,120.07910440054812
2026-09-21,TLE,-2.7133335490316073
2026-09-21,TLH,-2.0633430123342262
2026-09-21,TLK,-12.839603302267077
2026-09-21,TLT,0.0
2026-09-21,TLU,-18.35250293721628
2026-09-21,TLV,-10.460177026600347
2026-09-21,TLY,-26.822005768279368
2026-09-21,TLZ,6.429175544391931
2026-09-21,TMC,-25.048315383987973
2026-09-21,TMG,1.029360840760149
2026-09-21,TMM,33.023745567429295
2026-09-21,TMR,-1.0936574979221836
2026-09-21,TMS,3.960158126241939
2026-09-21,TMU,-5.856585766828718
2026-09-21,TMV,-47.53979979948141
2026-09-21,TMZ,3.95394376564877
2026-09-21,TNB,-13.88854557744554
2026-09-21,TND,-8.096004240542287
2026-09-21,TNF,0.0
2026-09-21,TNH,98.07287723485382
2026-09-21,TNI,16.602431362800292
2026-09-21,TNK,1.4569150073646266
2026-09-21,TNS,-0.4561144261639516
2026-09-21,TO8,0.0
2026-09-21,TOK,-2.4232543082720857
2026-09-21,TOT,-5.966072427782903
2026-09-21,TP1,0.0
2026-09-21,TP2,6.941637373528797
2026-09-21,TPC,-5.564673711412198
2026-09-21,TPE,-1.3984168090766813
2026-09-21,TPF,2.012083331384429
2026-09-21,TPJ,3.7244365921646523
2026-09-21,TPL,-0.4189262392558908
2026-09-21,TPO,0.0
2026-09-21,TPP,0.6718522775694259
2026-09-21,TPR,0.0
2026-09-21,TPV,-0.7061009056604413
2026-09-21,TPZ,7.582363800781083
2026-09-21,TRJ,-20.961186668014093
2026-09-21,TRN,0.0
2026-09-21,TRO,-14.30351292095493
2026-09-21,TRR,7.017568186865221
2026-09-21,TRU,-29.210395364138808
2026-09-21,TSI,-0.661340712282334
2026-09-21,TSP,0.051575806089313316
2026-09-21,TTA,-1.4468973147567963
2026-09-21,TTE,-6.888878181583219
2026-09-21,TTL,-0.6068208831241592
2026-09-21,TTP,0.0
2026-09-21,TTS,0.0
2026-09-21,TTV,-26.04493608020409
2026-09-21,TTZ,0.0
2026-09-21,TUA,-2.846029551301155
2026-09-21,TVE,8.180876882200543
2026-09-21,TVN,-3.8776786088806627
2026-09-21,TYH,-14.373017077938977
2026-09-21,TZC,-1.179043805542477
2026-09-21,TZD,1.0988012062416461
2026-09-21,TZH,2.4500702795988096
2026-09-21,TZL,-7.858898742144917
2026-09-21,TZP,-0.09905917372960472
2026-09-21,TZT,5.866277130155423
2026-09-21,TZV,-16.008596544090928
2026-09-21,UAB,0.0
2026-09-21,UAP,0.0
2026-09-21,UCN,0.8938878883607279
2026-09-21,UCP,-51.15232817355607
2026-09-21,UFH,0.0
2026-09-21,UHL,0.0
2026-09-21,UHS,0.0
2026-09-21,ULH,-1.0581351302974984
2026-09-21,ULL,0.0
2026-09-21,UNT,-47.32208814970123
2026-09-21,UP1,0.5178978787699695
2026-09-21,UP2,-11.674548519068088
2026-09-21,UPD,-4.85720886407019
2026-09-21,UPH,-43.68495114284139
2026-09-21,UPP,-4.9637689303992145
2026-09-21,UPS,0.0
2026-09-21,URA,-11.91499748740828
2026-09-21,URC,-5.163835920615926
2026-09-21,URD,0.9532949688005838
2026-09-21,URG,0.0
2026-09-21,URM,-21.878291982583594
2026-09-21,URS,0.0
2026-09-21,URV,0.0
2026-09-21,USS,0.0
2026-09-21,UST,0.0
2026-09-21,USY,-5.907870301667239
2026-09-21,UYH,-2.2114119291142367
2026-09-21,UZY,18.10291296796892
2026-09-21,VAY,15.97003640489721
2026-09-21,VCD,-17.88116691782639
2026-09-21,VCG,0.0
2026-09-21,VCY,-3.701230077430718
2026-09-21,VFK,96.45779381954985
2026-09-21,VFO,104.72706392980659
2026-09-21,VFS,0.0
2026-09-21,VHK,438.27053374376607
2026-09-21,VHS,15.385355182733171
2026-09-21,VK6,0.13756023471491338
2026-09-21,VKI,243.80802687784717
2026-09-21,VKK,132.1977149954603
2026-09-21,VKR,3239.3318256213183
2026-09-21,VKT,29.945853825634455
2026-09-21,VKV,2051.7553698841857
2026-09-21,VLT,18.205523627319764
2026-09-21,VMV,3.2298854870114737
2026-09-21,VNK,-8.197830154010486
2026-09-21,VPA,-43.8822158088701
2026-09-21,VPD,208.93528157288324
2026-09-21,VPE,253.07083275527802
2026-09-21,VPH,1129.3511053688603
2026-09-21,VPP,-23.586294401049816
2026-09-21,VPS,-30.902294828535975
2026-09-21,VRK,-2.6175025996937893
2026-09-21,VTF,0.0
2026-09-21,VTL,33.73508422337711
2026-09-21,YA1,-65.24451821348882
2026-09-21,YAC,-1.546683758438858
2026-09-21,YAE,21.174771837465613
2026-09-21,YAK,-0.5469674805845514
2026-09-21,YAN,-0.6501128588704395
2026-09-21,YAR,0.0
2026-09-21,YAS,-4.4974804750506285
2026-09-21,YAY,-2.1061052574862376
2026-09-21,YBE,-1.7349545336492669
2026-09-21,YBH,-2.198678755412566
2026-09-21,YBJ,0.0
2026-09-21,YBP,-0.7018320170146093
2026-09-21,YBR,1.3275779482761878
2026-09-21,YBS,5.852558654804142
2026-09-21,YCG,0.0
2026-09-21,YCH,-0.8657788478124246
2026-09-21,YCK,-2.10349331596498
2026-09-21,YCL,-13.159456282124529
2026-09-21,YCP,0.8214839677545334
2026-09-21,YCY,46.04187520063802
2026-09-21,YDH,36.35170689199336
2026-09-21,YDI,-0.7491595556417653
2026-09-21,YDK,-0.332805034318919
2026-09-21,YDL,0.0
2026-09-21,YDM,0.0
2026-09-21,YDP,9.78110436917254
2026-09-21,YDZ,-2.822706611861187
2026-09-21,YEF,17.612332800595855
2026-09-21,YFV,0.1856724563218172
2026-09-21,YGM,1.8520633328090237
2026-09-21,YHB,-5.8397093283013985
2026-09-21,YHI,-2.657230607668782
2026-09-21,YHK,-5.879470239545885
2026-09-21,YHP,-2.5887185758642755
2026-09-21,YHS,-12.663352511451423
2026-09-21,YHT,32.421368084472476
2026-09-21,YHY,0.0
2026-09-21,YHZ,-7.87659320002565
2026-09-21,YIK,-86.45968961175777
2026-09-21,YIS,-14.249417781609509
2026-09-21,YIT,-14.903788111787957
2026-09-21,YIV,0.0
2026-09-21,YJA,0.0
2026-09-21,YJH,-4.4702376530628385
2026-09-21,YJK,-4.458602732335063
2026-09-21,YJU,0.0
2026-09-21,YJY,1.6449865914707595
2026-09-21,YKS,18.931005274555922
2026-09-21,YKT,-2.946343737238933
2026-09-21,YLB,-6.442375644279637
2026-09-21,YLC,2.144334754322779
2026-09-21,YLE,1.8061980251103333
2026-09-21,YLO,-3.531694234366636
2026-09-21,YLR,0.0
2026-09-21,YLY,5.045521881335194
2026-09-21,YLZ,-164.2971977755207
2026-09-21,YMD,-2.168358072208717
2026-09-21,YMH,-1.086745433930147
2026-09-21,YMP,32.795576992946835
2026-09-21,YNF,442.36363447626843
2026-09-21,YNK,-0.0012991187200988125
2026-09-21,YNL,0.0
2026-09-21,YOA,-0.38165372487583626
2026-09-21,YOS,-39.969060771970774
2026-09-21,YOT,21.104092154503583
2026-09-21,YOZ,2.375779985367627
2026-09-21,YP1,0.0
2026-09-21,YP2,0.0
2026-09-21,YP4,-0.30378749685728307
2026-09-21,YPC,-2.035195660601613
2026-09-21,YPD,-3.5361814553125646
2026-09-21,YPF,5.757889022501898
2026-09-21,YPI,-3.491032494979316
2026-09-21,YPK,-0.045904728628288316
2026-09-21,YPL,-1.5467797546490418
2026-09-21,YPN,16.115204844847533
2026-09-21,YPP,0.0
2026-09-21,YPR,-0.4944806082009363
2026-09-21,YPT,21.919810765926798
2026-09-21,YPU,2.2318345117310447
2026-09-21,YPV,-2.3134329486700214
2026-09-21,YRZ,0.0
2026-09-21,YSA,23.3724061235326
2026-09-21,YSH,-1.4347926464101297
2026-09-21,YSL,-0.9165088650166433
2026-09-21,YSO,16.68920885376706
2026-09-21,YSU,1.02489948989356
2026-09-21,YTD,0.23479019554159566
2026-09-21,YTJ,0.0
2026-09-21,YTO,0.0
2026-09-21,YTR,0.0
2026-09-21,YTV,8.238893068549611
2026-09-21,YTY,8.364558681444992
2026-09-21,YUB,-6.19482435840343
2026-09-21,YUD,-1.107958131411596
2026-09-21,YUI,0.0
2026-09-21,YUK,-0.010665315395257027
2026-09-21,YUN,-0.12864255668799648
2026-09-21,YUY,0.0
2026-09-21,YVB,38.576081182716266
2026-09-21,YVD,-40.27613603468702
2026-09-21,YVF,0.0
2026-09-21,YVG,-0.39111637820568745
2026-09-21,YVO,31.25140642201386
2026-09-21,YVS,0.0
2026-09-21,YZC,-1.74609895051769
2026-09-21,YZF,0.0
2026-09-21,YZG,-3.7377122435975623
2026-09-21,YZH,-12.020578066977986
2026-09-21,YZK,-8.365382044788067
2026-09-21,YZL,-2.280594440952713
2026-09-21,YZT,66.03804420388151
2026-09-21,ZA2,-13.499086346339038
2026-09-21,ZAD,-10.782544319045705
2026-09-21,ZAV,-0.1055323508195517
2026-09-21,ZAY,-26.864099027772443
2026-09-21,ZBD,0.2789088083722937
2026-09-21,ZBI,12.533065663884912
2026-09-21,ZBJ,-31.21060133796425
2026-09-21,ZBN,-0.1312907922057317
2026-09-21,ZBO,0.8032727584465783
2026-09-21,ZBZ,0.0
2026-09-21,ZCA,0.0
2026-09-21,ZCB,0.0
2026-09-21,ZCC,0.0
2026-09-21,ZCD,-1.8259972148080574
2026-09-21,ZCE,0.0
2026-09-21,ZCG,-7.220400557379339
2026-09-21,ZCH,80.0584416964288
2026-09-21,ZCK,4.80305963668969
2026-09-21,ZCN,0.7925283127365474
2026-09-21,ZDD,0.15233722502964134
2026-09-21,ZDK,0.0
2026-09-21,ZDZ,-0.948705353651182
2026-09-21,ZFB,-5.17970158653346
2026-09-21,ZHH,0.03794201288757257
2026-09-21,ZIH,-4.911678379892313
2026-09-21,ZJB,-0.4113852893794714
2026-09-21,ZJH,0.0
2026-09-21,ZJI,-0.7564750895077862
2026-09-21,ZJL,-2.5430777908233395
2026-09-21,ZJT,0.0
2026-09-21,ZJV,-0.3955071364090515
2026-09-21,ZK1,-9.033142948443272
2026-09-21,ZK2,-17.170007390560365
2026-09-21,ZLB,1.336402683555251
2026-09-21,ZLG,0.0
2026-09-21,ZLH,4.318623137155907
2026-09-21,ZMT,1.5119984302232186
2026-09-21,ZMU,2.130636749790954
2026-09-21,ZMY,-1.1665882647067103
2026-09-21,ZOS,0.0
2026-09-21,ZP1,0.0
2026-09-21,ZP2,0.0
2026-09-21,ZP3,0.0
2026-09-21,ZP6,-15.408382973105853
2026-09-21,ZP7,0.0
2026-09-21,ZP8,-10.36131781377859
2026-09-21,ZP9,18.62171068236317
2026-09-21,ZPA,7.340728152401309
2026-09-21,ZPC,0.5225988577775261
2026-09-21,ZPE,4.751810939201763
2026-09-21,ZPF,-1.6157986290827253
2026-09-21,ZPG,0.9978128185769084
2026-09-21,ZPH,-17.767785380031413
2026-09-21,ZPJ,-8.535366744088446
2026-09-21,ZPK,41.44314913053923
2026-09-21,ZPN,-1.4497389756546077
2026-09-21,ZPO,95.99715475063593
2026-09-21,ZPR,44.111289697867065
2026-09-21,ZR2,0.0
2026-09-21,ZR3,0.47361299382104377
2026-09-21,ZSB,-28.329347733093297
2026-09-21,ZSF,1.7319980858072421
2026-09-21,ZSG,0.029795303667079873
2026-09-21,ZSN,118.14255776475025
2026-09-21,ZTF,0.0
2026-09-21,ZTG,16.705072230063887
2026-09-21,ZTV,10129.355457774314
2026-09-21,ZUD,339.19627354382015
2026-09-21,ZUE,-55.51802837201446
2026-09-21,ZUS,-0.509897655907469
2026-09-21,ZVB,-0.24787390365801615
2026-09-21,ZVO,0.20878727019161075
2026-09-21,ZYC,0.03328996101194528
2026-09-21,ZYD,0.0
2026-09-21,ZZL,0.0
2026-09-21,DPP,-73.90120931562289
2026-09-21,LFD,-96.56128245231305
2026-09-21,DP6,-0.012495277430574114
